<Anims>
 <anim name="idle" root="crystal_lamp" numframes="1000" framerate="40">
  <frame idx="0" w="185" h="375" x="6.286972" y="-111.342102">
   <element name="symbol0" layername="timeline_0" frame="0" z_index="1" m_a="0.971419" m_b="0.000000" m_c="0.000000" m_d="0.971008" m_tx="6.286972" m_ty="-111.342102"/>
  </frame>
  <frame idx="25" w="185" h="375" x="6.286972" y="-111.342102">
   <element name="symbol0" layername="timeline_0" frame="0" z_index="1" m_a="0.971419" m_b="0.000000" m_c="0.000000" m_d="0.971008" m_tx="6.286972" m_ty="-111.342102"/>
  </frame>
  <frame idx="50" w="185" h="375" x="6.286972" y="-111.342102">
   <element name="symbol0" layername="timeline_0" frame="0" z_index="1" m_a="0.971419" m_b="0.000000" m_c="0.000000" m_d="0.971008" m_tx="6.286972" m_ty="-111.342102"/>
  </frame>
  <frame idx="75" w="185" h="375" x="6.286972" y="-111.342102">
   <element name="symbol0" layername="timeline_0" frame="0" z_index="1" m_a="0.971419" m_b="0.000000" m_c="0.000000" m_d="0.971008" m_tx="6.286972" m_ty="-111.342102"/>
  </frame>
  <frame idx="100" w="185" h="375" x="6.286972" y="-111.342102">
   <element name="symbol0" layername="timeline_0" frame="0" z_index="1" m_a="0.971419" m_b="0.000000" m_c="0.000000" m_d="0.971008" m_tx="6.286972" m_ty="-111.342102"/>
  </frame>
  <frame idx="125" w="185" h="375" x="6.286972" y="-111.342102">
   <element name="symbol0" layername="timeline_0" frame="0" z_index="1" m_a="0.971419" m_b="0.000000" m_c="0.000000" m_d="0.971008" m_tx="6.286972" m_ty="-111.342102"/>
  </frame>
  <frame idx="150" w="185" h="375" x="6.286972" y="-111.342102">
   <element name="symbol0" layername="timeline_0" frame="0" z_index="1" m_a="0.971419" m_b="0.000000" m_c="0.000000" m_d="0.971008" m_tx="6.286972" m_ty="-111.342102"/>
  </frame>
  <frame idx="175" w="185" h="375" x="6.286972" y="-111.342102">
   <element name="symbol0" layername="timeline_0" frame="0" z_index="1" m_a="0.971419" m_b="0.000000" m_c="0.000000" m_d="0.971008" m_tx="6.286972" m_ty="-111.342102"/>
  </frame>
  <frame idx="200" w="185" h="375" x="6.286972" y="-111.342102">
   <element name="symbol0" layername="timeline_0" frame="0" z_index="1" m_a="0.971419" m_b="0.000000" m_c="0.000000" m_d="0.971008" m_tx="6.286972" m_ty="-111.342102"/>
  </frame>
  <frame idx="225" w="185" h="375" x="6.286972" y="-111.342102">
   <element name="symbol0" layername="timeline_0" frame="0" z_index="1" m_a="0.971419" m_b="0.000000" m_c="0.000000" m_d="0.971008" m_tx="6.286972" m_ty="-111.342102"/>
  </frame>
  <frame idx="250" w="185" h="375" x="6.286972" y="-111.342102">
   <element name="symbol0" layername="timeline_0" frame="0" z_index="1" m_a="0.971419" m_b="0.000000" m_c="0.000000" m_d="0.971008" m_tx="6.286972" m_ty="-111.342102"/>
  </frame>
  <frame idx="275" w="185" h="375" x="6.286972" y="-111.342102">
   <element name="symbol0" layername="timeline_0" frame="0" z_index="1" m_a="0.971419" m_b="0.000000" m_c="0.000000" m_d="0.971008" m_tx="6.286972" m_ty="-111.342102"/>
  </frame>
  <frame idx="300" w="185" h="375" x="6.286972" y="-111.342102">
   <element name="symbol0" layername="timeline_0" frame="0" z_index="1" m_a="0.971419" m_b="0.000000" m_c="0.000000" m_d="0.971008" m_tx="6.286972" m_ty="-111.342102"/>
  </frame>
  <frame idx="325" w="185" h="375" x="6.286972" y="-111.342102">
   <element name="symbol0" layername="timeline_0" frame="0" z_index="1" m_a="0.971419" m_b="0.000000" m_c="0.000000" m_d="0.971008" m_tx="6.286972" m_ty="-111.342102"/>
  </frame>
  <frame idx="350" w="185" h="375" x="6.286972" y="-111.342102">
   <element name="symbol0" layername="timeline_0" frame="0" z_index="1" m_a="0.971419" m_b="0.000000" m_c="0.000000" m_d="0.971008" m_tx="6.286972" m_ty="-111.342102"/>
  </frame>
  <frame idx="375" w="185" h="375" x="6.286972" y="-111.342102">
   <element name="symbol0" layername="timeline_0" frame="0" z_index="1" m_a="0.971419" m_b="0.000000" m_c="0.000000" m_d="0.971008" m_tx="6.286972" m_ty="-111.342102"/>
  </frame>
  <frame idx="400" w="185" h="375" x="6.286972" y="-111.342102">
   <element name="symbol0" layername="timeline_0" frame="0" z_index="1" m_a="0.971419" m_b="0.000000" m_c="0.000000" m_d="0.971008" m_tx="6.286972" m_ty="-111.342102"/>
  </frame>
  <frame idx="425" w="185" h="375" x="6.286972" y="-111.342102">
   <element name="symbol0" layername="timeline_0" frame="0" z_index="1" m_a="0.971419" m_b="0.000000" m_c="0.000000" m_d="0.971008" m_tx="6.286972" m_ty="-111.342102"/>
  </frame>
  <frame idx="450" w="185" h="375" x="6.286972" y="-111.342102">
   <element name="symbol0" layername="timeline_0" frame="0" z_index="1" m_a="0.971419" m_b="0.000000" m_c="0.000000" m_d="0.971008" m_tx="6.286972" m_ty="-111.342102"/>
  </frame>
  <frame idx="475" w="185" h="375" x="6.286972" y="-111.342102">
   <element name="symbol0" layername="timeline_0" frame="0" z_index="1" m_a="0.971419" m_b="0.000000" m_c="0.000000" m_d="0.971008" m_tx="6.286972" m_ty="-111.342102"/>
  </frame>
  <frame idx="500" w="185" h="375" x="6.286972" y="-111.342102">
   <element name="symbol0" layername="timeline_0" frame="0" z_index="1" m_a="0.971419" m_b="0.000000" m_c="0.000000" m_d="0.971008" m_tx="6.286972" m_ty="-111.342102"/>
  </frame>
  <frame idx="525" w="185" h="375" x="6.286972" y="-111.342102">
   <element name="symbol0" layername="timeline_0" frame="0" z_index="1" m_a="0.971419" m_b="0.000000" m_c="0.000000" m_d="0.971008" m_tx="6.286972" m_ty="-111.342102"/>
  </frame>
  <frame idx="550" w="185" h="375" x="6.286972" y="-111.342102">
   <element name="symbol0" layername="timeline_0" frame="0" z_index="1" m_a="0.971419" m_b="0.000000" m_c="0.000000" m_d="0.971008" m_tx="6.286972" m_ty="-111.342102"/>
  </frame>
  <frame idx="575" w="185" h="375" x="6.286972" y="-111.342102">
   <element name="symbol0" layername="timeline_0" frame="0" z_index="1" m_a="0.971419" m_b="0.000000" m_c="0.000000" m_d="0.971008" m_tx="6.286972" m_ty="-111.342102"/>
  </frame>
  <frame idx="600" w="185" h="375" x="6.286972" y="-111.342102">
   <element name="symbol0" layername="timeline_0" frame="0" z_index="1" m_a="0.971419" m_b="0.000000" m_c="0.000000" m_d="0.971008" m_tx="6.286972" m_ty="-111.342102"/>
  </frame>
  <frame idx="625" w="185" h="375" x="6.286972" y="-111.342102">
   <element name="symbol0" layername="timeline_0" frame="0" z_index="1" m_a="0.971419" m_b="0.000000" m_c="0.000000" m_d="0.971008" m_tx="6.286972" m_ty="-111.342102"/>
  </frame>
  <frame idx="650" w="185" h="375" x="6.286972" y="-111.342102">
   <element name="symbol0" layername="timeline_0" frame="0" z_index="1" m_a="0.971419" m_b="0.000000" m_c="0.000000" m_d="0.971008" m_tx="6.286972" m_ty="-111.342102"/>
  </frame>
  <frame idx="675" w="185" h="375" x="6.286972" y="-111.342102">
   <element name="symbol0" layername="timeline_0" frame="0" z_index="1" m_a="0.971419" m_b="0.000000" m_c="0.000000" m_d="0.971008" m_tx="6.286972" m_ty="-111.342102"/>
  </frame>
  <frame idx="700" w="185" h="375" x="6.286972" y="-111.342102">
   <element name="symbol0" layername="timeline_0" frame="0" z_index="1" m_a="0.971419" m_b="0.000000" m_c="0.000000" m_d="0.971008" m_tx="6.286972" m_ty="-111.342102"/>
  </frame>
  <frame idx="725" w="185" h="375" x="6.286972" y="-111.342102">
   <element name="symbol0" layername="timeline_0" frame="0" z_index="1" m_a="0.971419" m_b="0.000000" m_c="0.000000" m_d="0.971008" m_tx="6.286972" m_ty="-111.342102"/>
  </frame>
  <frame idx="750" w="185" h="375" x="6.286972" y="-111.342102">
   <element name="symbol0" layername="timeline_0" frame="0" z_index="1" m_a="0.971419" m_b="0.000000" m_c="0.000000" m_d="0.971008" m_tx="6.286972" m_ty="-111.342102"/>
  </frame>
  <frame idx="775" w="185" h="375" x="6.286972" y="-111.342102">
   <element name="symbol0" layername="timeline_0" frame="0" z_index="1" m_a="0.971419" m_b="0.000000" m_c="0.000000" m_d="0.971008" m_tx="6.286972" m_ty="-111.342102"/>
  </frame>
  <frame idx="800" w="185" h="375" x="6.286972" y="-111.342102">
   <element name="symbol0" layername="timeline_0" frame="0" z_index="1" m_a="0.971419" m_b="0.000000" m_c="0.000000" m_d="0.971008" m_tx="6.286972" m_ty="-111.342102"/>
  </frame>
  <frame idx="825" w="185" h="375" x="6.286972" y="-111.342102">
   <element name="symbol0" layername="timeline_0" frame="0" z_index="1" m_a="0.971419" m_b="0.000000" m_c="0.000000" m_d="0.971008" m_tx="6.286972" m_ty="-111.342102"/>
  </frame>
  <frame idx="850" w="185" h="375" x="6.286972" y="-111.342102">
   <element name="symbol0" layername="timeline_0" frame="0" z_index="1" m_a="0.971419" m_b="0.000000" m_c="0.000000" m_d="0.971008" m_tx="6.286972" m_ty="-111.342102"/>
  </frame>
  <frame idx="875" w="185" h="375" x="6.286972" y="-111.342102">
   <element name="symbol0" layername="timeline_0" frame="0" z_index="1" m_a="0.971419" m_b="0.000000" m_c="0.000000" m_d="0.971008" m_tx="6.286972" m_ty="-111.342102"/>
  </frame>
  <frame idx="900" w="185" h="375" x="6.286972" y="-111.342102">
   <element name="symbol0" layername="timeline_0" frame="0" z_index="1" m_a="0.971419" m_b="0.000000" m_c="0.000000" m_d="0.971008" m_tx="6.286972" m_ty="-111.342102"/>
  </frame>
  <frame idx="925" w="185" h="375" x="6.286972" y="-111.342102">
   <element name="symbol0" layername="timeline_0" frame="0" z_index="1" m_a="0.971419" m_b="0.000000" m_c="0.000000" m_d="0.971008" m_tx="6.286972" m_ty="-111.342102"/>
  </frame>
  <frame idx="950" w="185" h="375" x="6.286972" y="-111.342102">
   <element name="symbol0" layername="timeline_0" frame="0" z_index="1" m_a="0.971419" m_b="0.000000" m_c="0.000000" m_d="0.971008" m_tx="6.286972" m_ty="-111.342102"/>
  </frame>
  <frame idx="975" w="185" h="375" x="6.286972" y="-111.342102">
   <element name="symbol0" layername="timeline_0" frame="0" z_index="1" m_a="0.971419" m_b="0.000000" m_c="0.000000" m_d="0.971008" m_tx="6.286972" m_ty="-111.342102"/>
  </frame>
 </anim>
</Anims>
