<Anims>
 <anim name="idle" root="chest_sky" numframes="1000" framerate="40">
  <frame idx="0" w="126" h="183" x="2.784946" y="-35.526878">
   <element name="symbol0" layername="timeline_0" frame="0" z_index="1" m_a="1.000000" m_b="0.000000" m_c="0.000000" m_d="1.000000" m_tx="2.784946" m_ty="-35.526878"/>
  </frame>
  <frame idx="25" w="126" h="183" x="2.784946" y="-35.526878">
   <element name="symbol0" layername="timeline_0" frame="0" z_index="1" m_a="1.000000" m_b="0.000000" m_c="0.000000" m_d="1.000000" m_tx="2.784946" m_ty="-35.526878"/>
  </frame>
  <frame idx="50" w="126" h="183" x="2.784946" y="-35.526878"/>
  <frame idx="75" w="126" h="183" x="2.784946" y="-35.526878"/>
  <frame idx="100" w="126" h="183" x="2.784946" y="-35.526878"/>
  <frame idx="125" w="126" h="183" x="2.784946" y="-35.526878"/>
  <frame idx="150" w="126" h="183" x="2.784946" y="-35.526878"/>
  <frame idx="175" w="126" h="183" x="2.784946" y="-35.526878"/>
  <frame idx="200" w="126" h="183" x="2.784946" y="-35.526878"/>
  <frame idx="225" w="126" h="183" x="2.784946" y="-35.526878"/>
  <frame idx="250" w="126" h="183" x="2.784946" y="-35.526878"/>
  <frame idx="275" w="126" h="183" x="2.784946" y="-35.526878"/>
  <frame idx="300" w="126" h="183" x="2.784946" y="-35.526878"/>
  <frame idx="325" w="126" h="183" x="2.784946" y="-35.526878"/>
  <frame idx="350" w="126" h="183" x="2.784946" y="-35.526878"/>
  <frame idx="375" w="126" h="183" x="2.784946" y="-35.526878"/>
  <frame idx="400" w="126" h="183" x="2.784946" y="-35.526878"/>
  <frame idx="425" w="126" h="183" x="2.784946" y="-35.526878"/>
  <frame idx="450" w="126" h="183" x="2.784946" y="-35.526878"/>
  <frame idx="475" w="126" h="183" x="2.784946" y="-35.526878"/>
  <frame idx="500" w="126" h="183" x="2.784946" y="-35.526878"/>
  <frame idx="525" w="126" h="183" x="2.784946" y="-35.526878"/>
  <frame idx="550" w="126" h="183" x="2.784946" y="-35.526878"/>
  <frame idx="575" w="126" h="183" x="2.784946" y="-35.526878"/>
  <frame idx="600" w="126" h="183" x="2.784946" y="-35.526878"/>
  <frame idx="625" w="126" h="183" x="2.784946" y="-35.526878"/>
  <frame idx="650" w="126" h="183" x="2.784946" y="-35.526878"/>
  <frame idx="675" w="126" h="183" x="2.784946" y="-35.526878"/>
  <frame idx="700" w="126" h="183" x="2.784946" y="-35.526878"/>
  <frame idx="725" w="126" h="183" x="2.784946" y="-35.526878"/>
  <frame idx="750" w="126" h="183" x="2.784946" y="-35.526878"/>
  <frame idx="775" w="126" h="183" x="2.784946" y="-35.526878"/>
  <frame idx="800" w="126" h="183" x="2.784946" y="-35.526878"/>
  <frame idx="825" w="126" h="183" x="2.784946" y="-35.526878"/>
  <frame idx="850" w="126" h="183" x="2.784946" y="-35.526878"/>
  <frame idx="875" w="126" h="183" x="2.784946" y="-35.526878"/>
  <frame idx="900" w="126" h="183" x="2.784946" y="-35.526878"/>
  <frame idx="925" w="126" h="183" x="2.784946" y="-35.526878"/>
  <frame idx="950" w="126" h="183" x="2.784946" y="-35.526878"/>
  <frame idx="975" w="126" h="183" x="2.784946" y="-35.526878"/>
 </anim>
</Anims>
