<Anims>
 <anim name="idle" root="cauldron" numframes="1000" framerate="40">
  <frame idx="0" w="315" h="379" x="2.292206" y="-61.222305">
   <element name="symbol0" layername="timeline_0" frame="0" z_index="1" m_a="2.070876" m_b="0.000000" m_c="0.000000" m_d="2.075335" m_tx="2.292206" m_ty="-61.222305"/>
  </frame>
  <frame idx="25" w="315" h="379" x="2.292206" y="-61.222305">
   <element name="symbol0" layername="timeline_0" frame="0" z_index="1" m_a="2.070876" m_b="0.000000" m_c="0.000000" m_d="2.075335" m_tx="2.292206" m_ty="-61.222305"/>
  </frame>
  <frame idx="50" w="315" h="379" x="2.292206" y="-61.222305"/>
  <frame idx="75" w="315" h="379" x="2.292206" y="-61.222305"/>
  <frame idx="100" w="315" h="379" x="2.292206" y="-61.222305"/>
  <frame idx="125" w="315" h="379" x="2.292206" y="-61.222305"/>
  <frame idx="150" w="315" h="379" x="2.292206" y="-61.222305"/>
  <frame idx="175" w="315" h="379" x="2.292206" y="-61.222305"/>
  <frame idx="200" w="315" h="379" x="2.292206" y="-61.222305"/>
  <frame idx="225" w="315" h="379" x="2.292206" y="-61.222305"/>
  <frame idx="250" w="315" h="379" x="2.292206" y="-61.222305"/>
  <frame idx="275" w="315" h="379" x="2.292206" y="-61.222305"/>
  <frame idx="300" w="315" h="379" x="2.292206" y="-61.222305"/>
  <frame idx="325" w="315" h="379" x="2.292206" y="-61.222305"/>
  <frame idx="350" w="315" h="379" x="2.292206" y="-61.222305"/>
  <frame idx="375" w="315" h="379" x="2.292206" y="-61.222305"/>
  <frame idx="400" w="315" h="379" x="2.292206" y="-61.222305"/>
  <frame idx="425" w="315" h="379" x="2.292206" y="-61.222305"/>
  <frame idx="450" w="315" h="379" x="2.292206" y="-61.222305"/>
  <frame idx="475" w="315" h="379" x="2.292206" y="-61.222305"/>
  <frame idx="500" w="315" h="379" x="2.292206" y="-61.222305"/>
  <frame idx="525" w="315" h="379" x="2.292206" y="-61.222305"/>
  <frame idx="550" w="315" h="379" x="2.292206" y="-61.222305"/>
  <frame idx="575" w="315" h="379" x="2.292206" y="-61.222305"/>
  <frame idx="600" w="315" h="379" x="2.292206" y="-61.222305"/>
  <frame idx="625" w="315" h="379" x="2.292206" y="-61.222305"/>
  <frame idx="650" w="315" h="379" x="2.292206" y="-61.222305"/>
  <frame idx="675" w="315" h="379" x="2.292206" y="-61.222305"/>
  <frame idx="700" w="315" h="379" x="2.292206" y="-61.222305"/>
  <frame idx="725" w="315" h="379" x="2.292206" y="-61.222305"/>
  <frame idx="750" w="315" h="379" x="2.292206" y="-61.222305"/>
  <frame idx="775" w="315" h="379" x="2.292206" y="-61.222305"/>
  <frame idx="800" w="315" h="379" x="2.292206" y="-61.222305"/>
  <frame idx="825" w="315" h="379" x="2.292206" y="-61.222305"/>
  <frame idx="850" w="315" h="379" x="2.292206" y="-61.222305"/>
  <frame idx="875" w="315" h="379" x="2.292206" y="-61.222305"/>
  <frame idx="900" w="315" h="379" x="2.292206" y="-61.222305"/>
  <frame idx="925" w="315" h="379" x="2.292206" y="-61.222305"/>
  <frame idx="950" w="315" h="379" x="2.292206" y="-61.222305"/>
  <frame idx="975" w="315" h="379" x="2.292206" y="-61.222305"/>
 </anim>
</Anims>
