<Anims>
 <anim name="idle" root="golden_rose" numframes="1000" framerate="40">
  <frame idx="0" w="225" h="503" x="-25.071426" y="-302.571442">
   <element name="symbol0" layername="timeline_0" frame="0" z_index="3" m_a="1.000000" m_b="0.000000" m_c="0.000000" m_d="1.000000" m_tx="-7.071426" m_ty="-76.571426"/>
   <element name="symbol0" layername="timeline_1" frame="1" z_index="2" m_a="1.000000" m_b="0.000000" m_c="0.000000" m_d="1.000000" m_tx="-25.071426" m_ty="-210.571442"/>
   <element name="symbol0" layername="timeline_2" frame="2" z_index="1" m_a="1.000000" m_b="0.000000" m_c="0.000000" m_d="1.000000" m_tx="-0.071426" m_ty="-302.571442"/>
  </frame>
  <frame idx="25" w="225" h="505" x="-24.680664" y="-302.473267">
   <element name="symbol0" layername="timeline_0" frame="0" z_index="3" m_a="1.000000" m_b="0.000589" m_c="-0.000589" m_d="1.001080" m_tx="-6.866821" m_ty="-76.621788"/>
   <element name="symbol0" layername="timeline_1" frame="1" z_index="2" m_a="0.999994" m_b="0.003407" m_c="-0.003407" m_d="0.999994" m_tx="-24.680664" m_ty="-210.662048"/>
   <element name="symbol0" layername="timeline_2" frame="2" z_index="1" m_a="0.999990" m_b="0.004447" m_c="-0.004447" m_d="0.999990" m_tx="0.683388" m_ty="-302.473267"/>
  </frame>
  <frame idx="50" w="224" h="506" x="-24.291054" y="-302.377075">
   <element name="symbol0" layername="timeline_0" frame="0" z_index="3" m_a="0.999999" m_b="0.001177" m_c="-0.001180" m_d="1.002160" m_tx="-6.662384" m_ty="-76.672195"/>
   <element name="symbol0" layername="timeline_1" frame="1" z_index="2" m_a="0.999977" m_b="0.006814" m_c="-0.006814" m_d="0.999977" m_tx="-24.291054" m_ty="-210.753815"/>
   <element name="symbol0" layername="timeline_2" frame="2" z_index="1" m_a="0.999960" m_b="0.008894" m_c="-0.008894" m_d="0.999960" m_tx="1.436241" m_ty="-302.377075"/>
  </frame>
  <frame idx="75" w="224" h="508" x="-23.902596" y="-302.282837">
   <element name="symbol0" layername="timeline_0" frame="0" z_index="3" m_a="0.999998" m_b="0.001766" m_c="-0.001772" m_d="1.003239" m_tx="-6.458099" m_ty="-76.722626"/>
   <element name="symbol0" layername="timeline_1" frame="1" z_index="2" m_a="0.999948" m_b="0.010221" m_c="-0.010221" m_d="0.999948" m_tx="-23.902596" m_ty="-210.846741"/>
   <element name="symbol0" layername="timeline_2" frame="2" z_index="1" m_a="0.999911" m_b="0.013341" m_c="-0.013341" m_d="0.999911" m_tx="2.187134" m_ty="-302.282837"/>
  </frame>
  <frame idx="100" w="223" h="509" x="-23.515289" y="-302.190643">
   <element name="symbol0" layername="timeline_0" frame="0" z_index="3" m_a="0.999997" m_b="0.002355" m_c="-0.002365" m_d="1.004318" m_tx="-6.253990" m_ty="-76.773102"/>
   <element name="symbol0" layername="timeline_1" frame="1" z_index="2" m_a="0.999907" m_b="0.013628" m_c="-0.013628" m_d="0.999907" m_tx="-23.515289" m_ty="-210.940857"/>
   <element name="symbol0" layername="timeline_2" frame="2" z_index="1" m_a="0.999842" m_b="0.017788" m_c="-0.017788" m_d="0.999842" m_tx="2.936066" m_ty="-302.190643"/>
  </frame>
  <frame idx="125" w="223" h="511" x="-23.129135" y="-302.100464">
   <element name="symbol0" layername="timeline_0" frame="0" z_index="3" m_a="0.999996" m_b="0.002944" m_c="-0.002960" m_d="1.005397" m_tx="-6.050034" m_ty="-76.823593"/>
   <element name="symbol0" layername="timeline_1" frame="1" z_index="2" m_a="0.999855" m_b="0.017034" m_c="-0.017034" m_d="0.999855" m_tx="-23.129135" m_ty="-211.036163"/>
   <element name="symbol0" layername="timeline_2" frame="2" z_index="1" m_a="0.999753" m_b="0.022235" m_c="-0.022235" m_d="0.999753" m_tx="3.683052" m_ty="-302.100464"/>
  </frame>
  <frame idx="150" w="222" h="512" x="-22.744110" y="-302.012299">
   <element name="symbol0" layername="timeline_0" frame="0" z_index="3" m_a="0.999994" m_b="0.003532" m_c="-0.003555" m_d="1.006475" m_tx="-5.846237" m_ty="-76.874146"/>
   <element name="symbol0" layername="timeline_1" frame="1" z_index="2" m_a="0.999791" m_b="0.020441" m_c="-0.020441" m_d="0.999791" m_tx="-22.744110" m_ty="-211.132629"/>
   <element name="symbol0" layername="timeline_2" frame="2" z_index="1" m_a="0.999644" m_b="0.026681" m_c="-0.026681" m_d="0.999644" m_tx="4.428123" m_ty="-302.012299"/>
  </frame>
  <frame idx="175" w="222" h="514" x="-22.360229" y="-301.926147">
   <element name="symbol0" layername="timeline_0" frame="0" z_index="3" m_a="0.999992" m_b="0.004121" m_c="-0.004152" m_d="1.007553" m_tx="-5.642601" m_ty="-76.924721"/>
   <element name="symbol0" layername="timeline_1" frame="1" z_index="2" m_a="0.999716" m_b="0.023847" m_c="-0.023847" m_d="0.999716" m_tx="-22.360229" m_ty="-211.230270"/>
   <element name="symbol0" layername="timeline_2" frame="2" z_index="1" m_a="0.999515" m_b="0.031126" m_c="-0.031126" m_d="0.999515" m_tx="5.171257" m_ty="-301.926147"/>
  </frame>
  <frame idx="200" w="221" h="515" x="-21.977493" y="-301.842041">
   <element name="symbol0" layername="timeline_0" frame="0" z_index="3" m_a="0.999989" m_b="0.004710" m_c="-0.004751" m_d="1.008631" m_tx="-5.439133" m_ty="-76.975319"/>
   <element name="symbol0" layername="timeline_1" frame="1" z_index="2" m_a="0.999629" m_b="0.027253" m_c="-0.027253" m_d="0.999629" m_tx="-21.977493" m_ty="-211.329102"/>
   <element name="symbol0" layername="timeline_2" frame="2" z_index="1" m_a="0.999367" m_b="0.035571" m_c="-0.035571" m_d="0.999367" m_tx="5.912476" m_ty="-301.842041"/>
  </frame>
  <frame idx="225" w="221" h="517" x="-21.595863" y="-301.760010">
   <element name="symbol0" layername="timeline_0" frame="0" z_index="3" m_a="0.999986" m_b="0.005299" m_c="-0.005350" m_d="1.009708" m_tx="-5.235825" m_ty="-77.025963"/>
   <element name="symbol0" layername="timeline_1" frame="1" z_index="2" m_a="0.999530" m_b="0.030659" m_c="-0.030659" m_d="0.999530" m_tx="-21.595863" m_ty="-211.429138"/>
   <element name="symbol0" layername="timeline_2" frame="2" z_index="1" m_a="0.999199" m_b="0.040015" m_c="-0.040015" m_d="0.999199" m_tx="6.651794" m_ty="-301.760010"/>
  </frame>
  <frame idx="250" w="220" h="518" x="-21.215363" y="-301.679993">
   <element name="symbol0" layername="timeline_0" frame="0" z_index="3" m_a="0.999983" m_b="0.005887" m_c="-0.005951" m_d="1.010785" m_tx="-5.032677" m_ty="-77.076653"/>
   <element name="symbol0" layername="timeline_1" frame="1" z_index="2" m_a="0.999420" m_b="0.034064" m_c="-0.034064" m_d="0.999420" m_tx="-21.215363" m_ty="-211.530365"/>
   <element name="symbol0" layername="timeline_2" frame="2" z_index="1" m_a="0.999011" m_b="0.044458" m_c="-0.044458" m_d="0.999011" m_tx="7.389214" m_ty="-301.679993"/>
  </frame>
  <frame idx="275" w="219" h="520" x="-20.835991" y="-301.602051">
   <element name="symbol0" layername="timeline_0" frame="0" z_index="3" m_a="0.999979" m_b="0.006476" m_c="-0.006553" m_d="1.011861" m_tx="-4.829697" m_ty="-77.127373"/>
   <element name="symbol0" layername="timeline_1" frame="1" z_index="2" m_a="0.999298" m_b="0.037469" m_c="-0.037469" m_d="0.999298" m_tx="-20.835991" m_ty="-211.632782"/>
   <element name="symbol0" layername="timeline_2" frame="2" z_index="1" m_a="0.998804" m_b="0.048901" m_c="-0.048901" m_d="0.998804" m_tx="8.124748" m_ty="-301.602051"/>
  </frame>
  <frame idx="300" w="219" h="521" x="-20.457733" y="-301.526215">
   <element name="symbol0" layername="timeline_0" frame="0" z_index="3" m_a="0.999975" m_b="0.007065" m_c="-0.007156" m_d="1.012937" m_tx="-4.626869" m_ty="-77.178116"/>
   <element name="symbol0" layername="timeline_1" frame="1" z_index="2" m_a="0.999164" m_b="0.040873" m_c="-0.040873" m_d="0.999164" m_tx="-20.457733" m_ty="-211.736404"/>
   <element name="symbol0" layername="timeline_2" frame="2" z_index="1" m_a="0.998576" m_b="0.053342" m_c="-0.053342" m_d="0.998576" m_tx="8.858391" m_ty="-301.526215"/>
  </frame>
  <frame idx="325" w="218" h="523" x="-20.080589" y="-301.452423">
   <element name="symbol0" layername="timeline_0" frame="0" z_index="3" m_a="0.999971" m_b="0.007654" m_c="-0.007761" m_d="1.014013" m_tx="-4.424210" m_ty="-77.228912"/>
   <element name="symbol0" layername="timeline_1" frame="1" z_index="2" m_a="0.999019" m_b="0.044277" m_c="-0.044277" m_d="0.999019" m_tx="-20.080589" m_ty="-211.841278"/>
   <element name="symbol0" layername="timeline_2" frame="2" z_index="1" m_a="0.998329" m_b="0.057782" m_c="-0.057782" m_d="0.998329" m_tx="9.590187" m_ty="-301.452423"/>
  </frame>
  <frame idx="350" w="218" h="524" x="-19.704552" y="-301.380737">
   <element name="symbol0" layername="timeline_0" frame="0" z_index="3" m_a="0.999966" m_b="0.008242" m_c="-0.008367" m_d="1.015089" m_tx="-4.221710" m_ty="-77.279739"/>
   <element name="symbol0" layername="timeline_1" frame="1" z_index="2" m_a="0.998863" m_b="0.047681" m_c="-0.047681" m_d="0.998863" m_tx="-19.704552" m_ty="-211.947327"/>
   <element name="symbol0" layername="timeline_2" frame="2" z_index="1" m_a="0.998062" m_b="0.062222" m_c="-0.062222" m_d="0.998062" m_tx="10.320107" m_ty="-301.380737"/>
  </frame>
  <frame idx="375" w="217" h="526" x="-19.329605" y="-301.311157">
   <element name="symbol0" layername="timeline_0" frame="0" z_index="3" m_a="0.999961" m_b="0.008831" m_c="-0.008974" m_d="1.016164" m_tx="-4.019371" m_ty="-77.330597"/>
   <element name="symbol0" layername="timeline_1" frame="1" z_index="2" m_a="0.998694" m_b="0.051084" m_c="-0.051084" m_d="0.998694" m_tx="-19.329605" m_ty="-212.054581"/>
   <element name="symbol0" layername="timeline_2" frame="2" z_index="1" m_a="0.997776" m_b="0.066660" m_c="-0.066660" m_d="0.997776" m_tx="11.048172" m_ty="-301.311157"/>
  </frame>
  <frame idx="400" w="217" h="527" x="-18.955772" y="-301.243652">
   <element name="symbol0" layername="timeline_0" frame="0" z_index="3" m_a="0.999956" m_b="0.009420" m_c="-0.009583" m_d="1.017238" m_tx="-3.817192" m_ty="-77.381493"/>
   <element name="symbol0" layername="timeline_1" frame="1" z_index="2" m_a="0.998515" m_b="0.054486" m_c="-0.054486" m_d="0.998515" m_tx="-18.955772" m_ty="-212.163055"/>
   <element name="symbol0" layername="timeline_2" frame="2" z_index="1" m_a="0.997469" m_b="0.071096" m_c="-0.071096" m_d="0.997469" m_tx="11.774399" m_ty="-301.243652"/>
  </frame>
  <frame idx="425" w="216" h="529" x="-18.713074" y="-301.235168">
   <element name="symbol0" layername="timeline_0" frame="0" z_index="3" m_a="0.999950" m_b="0.010008" m_c="-0.010192" m_d="1.018313" m_tx="-3.745125" m_ty="-77.489418"/>
   <element name="symbol0" layername="timeline_1" frame="1" z_index="2" m_a="0.998323" m_b="0.057888" m_c="-0.057888" m_d="0.998323" m_tx="-18.713074" m_ty="-212.329651"/>
   <element name="symbol0" layername="timeline_2" frame="2" z_index="1" m_a="0.997143" m_b="0.075532" m_c="-0.075532" m_d="0.997143" m_tx="12.368752" m_ty="-301.235168"/>
  </frame>
  <frame idx="450" w="215" h="530" x="-18.482727" y="-301.233856">
   <element name="symbol0" layername="timeline_0" frame="0" z_index="3" m_a="0.999944" m_b="0.010597" m_c="-0.010803" m_d="1.019387" m_tx="-3.684593" m_ty="-77.602249"/>
   <element name="symbol0" layername="timeline_1" frame="1" z_index="2" m_a="0.998120" m_b="0.061289" m_c="-0.061289" m_d="0.998120" m_tx="-18.482727" m_ty="-212.502472"/>
   <element name="symbol0" layername="timeline_2" frame="2" z_index="1" m_a="0.996798" m_b="0.079965" m_c="-0.079965" m_d="0.996798" m_tx="12.950096" m_ty="-301.233856"/>
  </frame>
  <frame idx="475" w="215" h="531" x="-18.253418" y="-301.234619">
   <element name="symbol0" layername="timeline_0" frame="0" z_index="3" m_a="0.999937" m_b="0.011186" m_c="-0.011416" m_d="1.020460" m_tx="-3.624275" m_ty="-77.715096"/>
   <element name="symbol0" layername="timeline_1" frame="1" z_index="2" m_a="0.997905" m_b="0.064689" m_c="-0.064689" m_d="0.997905" m_tx="-18.253418" m_ty="-212.676559"/>
   <element name="symbol0" layername="timeline_2" frame="2" z_index="1" m_a="0.996432" m_b="0.084398" m_c="-0.084398" m_d="0.996432" m_tx="13.529526" m_ty="-301.234619"/>
  </frame>
  <frame idx="500" w="214" h="533" x="-18.025238" y="-301.237457">
   <element name="symbol0" layername="timeline_0" frame="0" z_index="3" m_a="0.999931" m_b="0.011775" m_c="-0.012029" m_d="1.021533" m_tx="-3.564018" m_ty="-77.828056"/>
   <element name="symbol0" layername="timeline_1" frame="1" z_index="2" m_a="0.997679" m_b="0.068088" m_c="-0.068088" m_d="0.997679" m_tx="-18.025238" m_ty="-212.851852"/>
   <element name="symbol0" layername="timeline_2" frame="2" z_index="1" m_a="0.996047" m_b="0.088828" m_c="-0.088828" m_d="0.996047" m_tx="14.107170" m_ty="-301.237457"/>
  </frame>
  <frame idx="525" w="213" h="534" x="-17.798141" y="-301.242493">
   <element name="symbol0" layername="timeline_0" frame="0" z_index="3" m_a="0.999924" m_b="0.012363" m_c="-0.012644" m_d="1.022606" m_tx="-3.503967" m_ty="-77.941010"/>
   <element name="symbol0" layername="timeline_1" frame="1" z_index="2" m_a="0.997442" m_b="0.071487" m_c="-0.071487" m_d="0.997442" m_tx="-17.798141" m_ty="-213.028336"/>
   <element name="symbol0" layername="timeline_2" frame="2" z_index="1" m_a="0.995642" m_b="0.093257" m_c="-0.093257" m_d="0.995642" m_tx="14.682999" m_ty="-301.242493"/>
  </frame>
  <frame idx="550" w="213" h="536" x="-17.572166" y="-301.249756">
   <element name="symbol0" layername="timeline_0" frame="0" z_index="3" m_a="0.999916" m_b="0.012952" m_c="-0.013260" m_d="1.023679" m_tx="-3.444023" m_ty="-78.054039"/>
   <element name="symbol0" layername="timeline_1" frame="1" z_index="2" m_a="0.997192" m_b="0.074885" m_c="-0.074885" m_d="0.997192" m_tx="-17.572166" m_ty="-213.206055"/>
   <element name="symbol0" layername="timeline_2" frame="2" z_index="1" m_a="0.995218" m_b="0.097684" m_c="-0.097684" m_d="0.995218" m_tx="15.257156" m_ty="-301.249756"/>
  </frame>
  <frame idx="575" w="212" h="537" x="-17.347214" y="-301.259094">
   <element name="symbol0" layername="timeline_0" frame="0" z_index="3" m_a="0.999908" m_b="0.013540" m_c="-0.013877" m_d="1.024751" m_tx="-3.384254" m_ty="-78.167122"/>
   <element name="symbol0" layername="timeline_1" frame="1" z_index="2" m_a="0.996931" m_b="0.078282" m_c="-0.078282" m_d="0.996931" m_tx="-17.347214" m_ty="-213.385071"/>
   <element name="symbol0" layername="timeline_2" frame="2" z_index="1" m_a="0.994773" m_b="0.102109" m_c="-0.102109" m_d="0.994773" m_tx="15.829430" m_ty="-301.259094"/>
  </frame>
  <frame idx="600" w="212" h="537" x="-17.457001" y="-301.300812">
   <element name="symbol0" layername="timeline_0" frame="0" z_index="3" m_a="0.999910" m_b="0.013389" m_c="-0.013717" m_d="1.024473" m_tx="-3.451462" m_ty="-78.182144"/>
   <element name="symbol0" layername="timeline_1" frame="1" z_index="2" m_a="0.997000" m_b="0.077402" m_c="-0.077402" m_d="0.997000" m_tx="-17.457001" m_ty="-213.383026"/>
   <element name="symbol0" layername="timeline_2" frame="2" z_index="1" m_a="0.994890" m_b="0.100963" m_c="-0.100963" m_d="0.994890" m_tx="15.629616" m_ty="-301.300812"/>
  </frame>
  <frame idx="625" w="213" h="535" x="-17.876778" y="-301.374329">
   <element name="symbol0" layername="timeline_0" frame="0" z_index="3" m_a="0.999921" m_b="0.012552" m_c="-0.012841" m_d="1.022949" m_tx="-3.635796" m_ty="-78.106903"/>
   <element name="symbol0" layername="timeline_1" frame="1" z_index="2" m_a="0.997363" m_b="0.072573" m_c="-0.072573" m_d="0.997363" m_tx="-17.876778" m_ty="-213.214783"/>
   <element name="symbol0" layername="timeline_2" frame="2" z_index="1" m_a="0.995508" m_b="0.094673" m_c="-0.094673" m_d="0.995508" m_tx="14.715691" m_ty="-301.374329"/>
  </frame>
  <frame idx="650" w="214" h="533" x="-18.298668" y="-301.452271">
   <element name="symbol0" layername="timeline_0" frame="0" z_index="3" m_a="0.999931" m_b="0.011715" m_c="-0.011967" m_d="1.021424" m_tx="-3.820450" m_ty="-78.031723"/>
   <element name="symbol0" layername="timeline_1" frame="1" z_index="2" m_a="0.997703" m_b="0.067742" m_c="-0.067742" m_d="0.997703" m_tx="-18.298668" m_ty="-213.049149"/>
   <element name="symbol0" layername="timeline_2" frame="2" z_index="1" m_a="0.996087" m_b="0.088378" m_c="-0.088378" m_d="0.996087" m_tx="13.798233" m_ty="-301.452271"/>
  </frame>
  <frame idx="675" w="215" h="531" x="-18.722839" y="-301.534424">
   <element name="symbol0" layername="timeline_0" frame="0" z_index="3" m_a="0.999941" m_b="0.010878" m_c="-0.011095" m_d="1.019898" m_tx="-4.005447" m_ty="-77.956635"/>
   <element name="symbol0" layername="timeline_1" frame="1" z_index="2" m_a="0.998019" m_b="0.062911" m_c="-0.062911" m_d="0.998019" m_tx="-18.722839" m_ty="-212.885895"/>
   <element name="symbol0" layername="timeline_2" frame="2" z_index="1" m_a="0.996626" m_b="0.082080" m_c="-0.082080" m_d="0.996626" m_tx="12.877045" m_ty="-301.534424"/>
  </frame>
  <frame idx="700" w="216" h="529" x="-19.149101" y="-301.620972">
   <element name="symbol0" layername="timeline_0" frame="0" z_index="3" m_a="0.999950" m_b="0.010041" m_c="-0.010226" m_d="1.018372" m_tx="-4.190758" m_ty="-77.881607"/>
   <element name="symbol0" layername="timeline_1" frame="1" z_index="2" m_a="0.998312" m_b="0.058077" m_c="-0.058077" m_d="0.998312" m_tx="-19.149101" m_ty="-212.725235"/>
   <element name="symbol0" layername="timeline_2" frame="2" z_index="1" m_a="0.997125" m_b="0.075779" m_c="-0.075779" m_d="0.997125" m_tx="11.952240" m_ty="-301.620972"/>
  </frame>
  <frame idx="725" w="217" h="527" x="-19.577637" y="-301.711823">
   <element name="symbol0" layername="timeline_0" frame="0" z_index="3" m_a="0.999958" m_b="0.009205" m_c="-0.009360" m_d="1.016845" m_tx="-4.376396" m_ty="-77.806656"/>
   <element name="symbol0" layername="timeline_1" frame="1" z_index="2" m_a="0.998582" m_b="0.053242" m_c="-0.053242" m_d="0.998582" m_tx="-19.577637" m_ty="-212.566986"/>
   <element name="symbol0" layername="timeline_2" frame="2" z_index="1" m_a="0.997584" m_b="0.069474" m_c="-0.069474" m_d="0.997584" m_tx="11.023811" m_ty="-301.711823"/>
  </frame>
  <frame idx="750" w="218" h="525" x="-20.008324" y="-301.806946">
   <element name="symbol0" layername="timeline_0" frame="0" z_index="3" m_a="0.999965" m_b="0.008368" m_c="-0.008496" m_d="1.015317" m_tx="-4.562363" m_ty="-77.731758"/>
   <element name="symbol0" layername="timeline_1" frame="1" z_index="2" m_a="0.998828" m_b="0.048406" m_c="-0.048406" m_d="0.998828" m_tx="-20.008324" m_ty="-212.411285"/>
   <element name="symbol0" layername="timeline_2" frame="2" z_index="1" m_a="0.998003" m_b="0.063167" m_c="-0.063167" m_d="0.998003" m_tx="10.091621" m_ty="-301.806946"/>
  </frame>
  <frame idx="775" w="218" h="523" x="-20.441292" y="-301.906189">
   <element name="symbol0" layername="timeline_0" frame="0" z_index="3" m_a="0.999972" m_b="0.007531" m_c="-0.007635" m_d="1.013789" m_tx="-4.748711" m_ty="-77.656921"/>
   <element name="symbol0" layername="timeline_1" frame="1" z_index="2" m_a="0.999050" m_b="0.043568" m_c="-0.043568" m_d="0.999050" m_tx="-20.441292" m_ty="-212.257935"/>
   <element name="symbol0" layername="timeline_2" frame="2" z_index="1" m_a="0.998382" m_b="0.056858" m_c="-0.056858" m_d="0.998382" m_tx="9.155647" m_ty="-301.906189"/>
  </frame>
  <frame idx="800" w="219" h="521" x="-20.876442" y="-302.009796">
   <element name="symbol0" layername="timeline_0" frame="0" z_index="3" m_a="0.999978" m_b="0.006695" m_c="-0.006777" m_d="1.012260" m_tx="-4.935326" m_ty="-77.582184"/>
   <element name="symbol0" layername="timeline_1" frame="1" z_index="2" m_a="0.999250" m_b="0.038730" m_c="-0.038730" m_d="0.999250" m_tx="-20.876442" m_ty="-212.107117"/>
   <element name="symbol0" layername="timeline_2" frame="2" z_index="1" m_a="0.998722" m_b="0.050546" m_c="-0.050546" m_d="0.998722" m_tx="8.216019" m_ty="-302.009796"/>
  </frame>
  <frame idx="825" w="220" h="519" x="-21.313911" y="-302.117462">
   <element name="symbol0" layername="timeline_0" frame="0" z_index="3" m_a="0.999983" m_b="0.005858" m_c="-0.005921" m_d="1.010730" m_tx="-5.122269" m_ty="-77.507545"/>
   <element name="symbol0" layername="timeline_1" frame="1" z_index="2" m_a="0.999426" m_b="0.033891" m_c="-0.033891" m_d="0.999426" m_tx="-21.313911" m_ty="-211.958679"/>
   <element name="symbol0" layername="timeline_2" frame="2" z_index="1" m_a="0.999021" m_b="0.044233" m_c="-0.044233" m_d="0.999021" m_tx="7.272499" m_ty="-302.117462"/>
  </frame>
  <frame idx="850" w="221" h="516" x="-21.753586" y="-302.229370">
   <element name="symbol0" layername="timeline_0" frame="0" z_index="3" m_a="0.999987" m_b="0.005021" m_c="-0.005067" m_d="1.009199" m_tx="-5.309540" m_ty="-77.432945"/>
   <element name="symbol0" layername="timeline_1" frame="1" z_index="2" m_a="0.999578" m_b="0.029050" m_c="-0.029050" m_d="0.999578" m_tx="-21.753586" m_ty="-211.812714"/>
   <element name="symbol0" layername="timeline_2" frame="2" z_index="1" m_a="0.999281" m_b="0.037916" m_c="-0.037916" m_d="0.999281" m_tx="6.325256" m_ty="-302.229370"/>
  </frame>
  <frame idx="875" w="222" h="514" x="-22.195633" y="-302.345459">
   <element name="symbol0" layername="timeline_0" frame="0" z_index="3" m_a="0.999991" m_b="0.004184" m_c="-0.004216" m_d="1.007668" m_tx="-5.497139" m_ty="-77.358452"/>
   <element name="symbol0" layername="timeline_1" frame="1" z_index="2" m_a="0.999707" m_b="0.024210" m_c="-0.024210" m_d="0.999707" m_tx="-22.195633" m_ty="-211.669067"/>
   <element name="symbol0" layername="timeline_2" frame="2" z_index="1" m_a="0.999501" m_b="0.031599" m_c="-0.031599" m_d="0.999501" m_tx="5.374130" m_ty="-302.345459"/>
  </frame>
  <frame idx="900" w="222" h="512" x="-22.639923" y="-302.465546">
   <element name="symbol0" layername="timeline_0" frame="0" z_index="3" m_a="0.999994" m_b="0.003347" m_c="-0.003367" m_d="1.006136" m_tx="-5.685013" m_ty="-77.284073"/>
   <element name="symbol0" layername="timeline_1" frame="1" z_index="2" m_a="0.999812" m_b="0.019369" m_c="-0.019369" m_d="0.999812" m_tx="-22.639923" m_ty="-211.527863"/>
   <element name="symbol0" layername="timeline_2" frame="2" z_index="1" m_a="0.999680" m_b="0.025281" m_c="-0.025281" m_d="0.999680" m_tx="4.419083" m_ty="-302.465546"/>
  </frame>
  <frame idx="925" w="223" h="510" x="-23.086464" y="-302.589874">
   <element name="symbol0" layername="timeline_0" frame="0" z_index="3" m_a="0.999997" m_b="0.002510" m_c="-0.002522" m_d="1.004603" m_tx="-5.873314" m_ty="-77.209641"/>
   <element name="symbol0" layername="timeline_1" frame="1" z_index="2" m_a="0.999894" m_b="0.014527" m_c="-0.014527" m_d="0.999894" m_tx="-23.086464" m_ty="-211.389099"/>
   <element name="symbol0" layername="timeline_2" frame="2" z_index="1" m_a="0.999820" m_b="0.018962" m_c="-0.018962" m_d="0.999820" m_tx="3.460243" m_ty="-302.589874"/>
  </frame>
  <frame idx="950" w="224" h="508" x="-23.535362" y="-302.718201">
   <element name="symbol0" layername="timeline_0" frame="0" z_index="3" m_a="0.999999" m_b="0.001674" m_c="-0.001679" m_d="1.003069" m_tx="-6.061897" m_ty="-77.135353"/>
   <element name="symbol0" layername="timeline_1" frame="1" z_index="2" m_a="0.999953" m_b="0.009685" m_c="-0.009685" m_d="0.999953" m_tx="-23.535362" m_ty="-211.252655"/>
   <element name="symbol0" layername="timeline_2" frame="2" z_index="1" m_a="0.999920" m_b="0.012641" m_c="-0.012641" m_d="0.999920" m_tx="2.497429" m_ty="-302.718201"/>
  </frame>
  <frame idx="975" w="225" h="506" x="-24.274765" y="-302.660919">
   <element name="symbol0" layername="timeline_0" frame="0" z_index="3" m_a="1.000000" m_b="0.000837" m_c="-0.000838" m_d="1.001535" m_tx="-6.539040" m_ty="-76.871437"/>
   <element name="symbol0" layername="timeline_1" frame="1" z_index="2" m_a="0.999988" m_b="0.004843" m_c="-0.004843" m_d="0.999988" m_tx="-24.274765" m_ty="-210.928970"/>
   <element name="symbol0" layername="timeline_2" frame="2" z_index="1" m_a="0.999980" m_b="0.006320" m_c="-0.006320" m_d="0.999980" m_tx="1.242493" m_ty="-302.660919"/>
  </frame>
 </anim>
</Anims>
