<Anims>
 <anim name="wiggle" root="wigglebox" numframes="1000" framerate="40">
  <frame idx="0" w="256" h="256" x="0.000000" y="0.000000">
   <element name="symbol0" layername="timeline_0" frame="0" z_index="1" m_a="1.000000" m_b="0.000000" m_c="0.000000" m_d="1.000000" m_tx="-0.294695" m_ty="-128.390976"/>
  </frame>
  <frame idx="25" w="256" h="256" x="0.000000" y="0.000000">
   <element name="symbol0" layername="timeline_0" frame="0" z_index="1" m_a="0.998395" m_b="-0.056642" m_c="0.056642" m_d="0.998395" m_tx="-9.546014" m_ty="-135.057449"/>
  </frame>
  <frame idx="50" w="256" h="256" x="0.000000" y="0.000000">
   <element name="symbol0" layername="timeline_0" frame="0" z_index="1" m_a="0.993583" m_b="-0.113103" m_c="0.113103" m_d="0.993583" m_tx="-18.774052" m_ty="-141.313583"/>
  </frame>
  <frame idx="75" w="256" h="256" x="0.000000" y="0.000000">
   <element name="symbol0" layername="timeline_0" frame="0" z_index="1" m_a="0.985582" m_b="-0.169200" m_c="0.169200" m_d="0.985582" m_tx="-27.955608" m_ty="-147.161346"/>
  </frame>
  <frame idx="100" w="256" h="256" x="0.000000" y="0.000000">
   <element name="symbol0" layername="timeline_0" frame="0" z_index="1" m_a="0.974416" m_b="-0.224754" m_c="0.224754" m_d="0.974416" m_tx="-37.067619" m_ty="-152.604050"/>
  </frame>
  <frame idx="125" w="256" h="256" x="0.000000" y="0.000000">
   <element name="symbol0" layername="timeline_0" frame="0" z_index="1" m_a="0.960121" m_b="-0.279586" m_c="0.279586" m_d="0.960121" m_tx="-46.087261" m_ty="-157.646271"/>
  </frame>
  <frame idx="150" w="256" h="256" x="0.000000" y="0.000000">
   <element name="symbol0" layername="timeline_0" frame="0" z_index="1" m_a="0.942743" m_b="-0.333521" m_c="0.333521" m_d="0.942743" m_tx="-54.991993" m_ty="-162.293884"/>
  </frame>
  <frame idx="175" w="256" h="256" x="0.000000" y="0.000000">
   <element name="symbol0" layername="timeline_0" frame="0" z_index="1" m_a="0.922338" m_b="-0.386384" m_c="0.386384" m_d="0.922338" m_tx="-63.759640" m_ty="-166.554016"/>
  </frame>
  <frame idx="200" w="256" h="256" x="0.000000" y="0.000000">
   <element name="symbol0" layername="timeline_0" frame="0" z_index="1" m_a="0.898971" m_b="-0.438007" m_c="0.438007" m_d="0.898971" m_tx="-72.368492" m_ty="-170.435089"/>
  </frame>
  <frame idx="225" w="256" h="256" x="0.000000" y="0.000000">
   <element name="symbol0" layername="timeline_0" frame="0" z_index="1" m_a="0.872719" m_b="-0.488224" m_c="0.488224" m_d="0.872719" m_tx="-80.797318" m_ty="-173.946686"/>
  </frame>
  <frame idx="250" w="256" h="256" x="0.000000" y="0.000000">
   <element name="symbol0" layername="timeline_0" frame="0" z_index="1" m_a="0.843663" m_b="-0.536873" m_c="0.536873" m_d="0.843663" m_tx="-89.025497" m_ty="-177.099579"/>
  </frame>
  <frame idx="275" w="256" h="256" x="0.000000" y="0.000000">
   <element name="symbol0" layername="timeline_0" frame="0" z_index="1" m_a="0.872719" m_b="-0.488224" m_c="0.488224" m_d="0.872719" m_tx="-80.797318" m_ty="-173.946686"/>
  </frame>
  <frame idx="300" w="256" h="256" x="0.000000" y="0.000000">
   <element name="symbol0" layername="timeline_0" frame="0" z_index="1" m_a="0.898971" m_b="-0.438007" m_c="0.438007" m_d="0.898971" m_tx="-72.368492" m_ty="-170.435089"/>
  </frame>
  <frame idx="325" w="256" h="256" x="0.000000" y="0.000000">
   <element name="symbol0" layername="timeline_0" frame="0" z_index="1" m_a="0.922338" m_b="-0.386384" m_c="0.386384" m_d="0.922338" m_tx="-63.759640" m_ty="-166.554016"/>
  </frame>
  <frame idx="350" w="256" h="256" x="0.000000" y="0.000000">
   <element name="symbol0" layername="timeline_0" frame="0" z_index="1" m_a="0.942743" m_b="-0.333521" m_c="0.333521" m_d="0.942743" m_tx="-54.991989" m_ty="-162.293884"/>
  </frame>
  <frame idx="375" w="256" h="256" x="0.000000" y="0.000000">
   <element name="symbol0" layername="timeline_0" frame="0" z_index="1" m_a="0.960121" m_b="-0.279586" m_c="0.279586" m_d="0.960121" m_tx="-46.087261" m_ty="-157.646271"/>
  </frame>
  <frame idx="400" w="256" h="256" x="0.000000" y="0.000000">
   <element name="symbol0" layername="timeline_0" frame="0" z_index="1" m_a="0.974416" m_b="-0.224754" m_c="0.224754" m_d="0.974416" m_tx="-37.067616" m_ty="-152.604050"/>
  </frame>
  <frame idx="425" w="256" h="256" x="0.000000" y="0.000000">
   <element name="symbol0" layername="timeline_0" frame="0" z_index="1" m_a="0.985582" m_b="-0.169200" m_c="0.169200" m_d="0.985582" m_tx="-27.955608" m_ty="-147.161346"/>
  </frame>
  <frame idx="450" w="256" h="256" x="0.000000" y="0.000000">
   <element name="symbol0" layername="timeline_0" frame="0" z_index="1" m_a="0.993583" m_b="-0.113103" m_c="0.113103" m_d="0.993583" m_tx="-18.774052" m_ty="-141.313583"/>
  </frame>
  <frame idx="475" w="256" h="256" x="0.000000" y="0.000000">
   <element name="symbol0" layername="timeline_0" frame="0" z_index="1" m_a="0.998395" m_b="-0.056642" m_c="0.056642" m_d="0.998395" m_tx="-9.546017" m_ty="-135.057449"/>
  </frame>
  <frame idx="500" w="256" h="256" x="0.000000" y="0.000000">
   <element name="symbol0" layername="timeline_0" frame="0" z_index="1" m_a="1.000000" m_b="0.000000" m_c="0.000000" m_d="1.000000" m_tx="-0.294695" m_ty="-128.390976"/>
  </frame>
  <frame idx="525" w="256" h="256" x="0.000000" y="0.000000">
   <element name="symbol0" layername="timeline_0" frame="0" z_index="1" m_a="0.998077" m_b="0.061986" m_c="-0.061986" m_d="0.998077" m_tx="10.023733" m_ty="-135.584747"/>
  </frame>
  <frame idx="550" w="256" h="256" x="0.000000" y="0.000000">
   <element name="symbol0" layername="timeline_0" frame="0" z_index="1" m_a="0.992316" m_b="0.123733" m_c="-0.123733" m_d="0.992316" m_tx="20.311647" m_ty="-142.287186"/>
  </frame>
  <frame idx="575" w="256" h="256" x="0.000000" y="0.000000">
   <element name="symbol0" layername="timeline_0" frame="0" z_index="1" m_a="0.982738" m_b="0.185005" m_c="-0.185005" m_d="0.982738" m_tx="30.538651" m_ty="-148.501129"/>
  </frame>
  <frame idx="600" w="256" h="256" x="0.000000" y="0.000000">
   <element name="symbol0" layername="timeline_0" frame="0" z_index="1" m_a="0.969380" m_b="0.245565" m_c="-0.245565" m_d="0.969380" m_tx="40.674580" m_ty="-154.231277"/>
  </frame>
  <frame idx="625" w="256" h="256" x="0.000000" y="0.000000">
   <element name="symbol0" layername="timeline_0" frame="0" z_index="1" m_a="0.952295" m_b="0.305180" m_c="-0.305180" m_d="0.952295" m_tx="50.689621" m_ty="-159.484222"/>
  </frame>
  <frame idx="650" w="256" h="256" x="0.000000" y="0.000000">
   <element name="symbol0" layername="timeline_0" frame="0" z_index="1" m_a="0.931547" m_b="0.363622" m_c="-0.363622" m_d="0.931547" m_tx="60.554432" m_ty="-164.268402"/>
  </frame>
  <frame idx="675" w="256" h="256" x="0.000000" y="0.000000">
   <element name="symbol0" layername="timeline_0" frame="0" z_index="1" m_a="0.907216" m_b="0.420665" m_c="-0.420665" m_d="0.907216" m_tx="70.240234" m_ty="-168.593964"/>
  </frame>
  <frame idx="700" w="256" h="256" x="0.000000" y="0.000000">
   <element name="symbol0" layername="timeline_0" frame="0" z_index="1" m_a="0.879396" m_b="0.476091" m_c="-0.476091" m_d="0.879396" m_tx="79.718956" m_ty="-172.472946"/>
  </frame>
  <frame idx="725" w="256" h="256" x="0.000000" y="0.000000">
   <element name="symbol0" layername="timeline_0" frame="0" z_index="1" m_a="0.848194" m_b="0.529685" m_c="-0.529685" m_d="0.848194" m_tx="88.963303" m_ty="-175.919006"/>
  </frame>
  <frame idx="750" w="256" h="256" x="0.000000" y="0.000000">
   <element name="symbol0" layername="timeline_0" frame="0" z_index="1" m_a="0.813730" m_b="0.581243" m_c="-0.581243" m_d="0.813730" m_tx="97.946884" m_ty="-178.947540"/>
  </frame>
  <frame idx="775" w="256" h="256" x="0.000000" y="0.000000">
   <element name="symbol0" layername="timeline_0" frame="0" z_index="1" m_a="0.848194" m_b="0.529685" m_c="-0.529685" m_d="0.848194" m_tx="88.963272" m_ty="-175.919022"/>
  </frame>
  <frame idx="800" w="256" h="256" x="0.000000" y="0.000000">
   <element name="symbol0" layername="timeline_0" frame="0" z_index="1" m_a="0.879396" m_b="0.476091" m_c="-0.476091" m_d="0.879396" m_tx="79.718918" m_ty="-172.472961"/>
  </frame>
  <frame idx="825" w="256" h="256" x="0.000000" y="0.000000">
   <element name="symbol0" layername="timeline_0" frame="0" z_index="1" m_a="0.907216" m_b="0.420665" m_c="-0.420665" m_d="0.907216" m_tx="70.240196" m_ty="-168.593994"/>
  </frame>
  <frame idx="850" w="256" h="256" x="0.000000" y="0.000000">
   <element name="symbol0" layername="timeline_0" frame="0" z_index="1" m_a="0.931547" m_b="0.363622" m_c="-0.363622" m_d="0.931547" m_tx="60.554386" m_ty="-164.268402"/>
  </frame>
  <frame idx="875" w="256" h="256" x="0.000000" y="0.000000">
   <element name="symbol0" layername="timeline_0" frame="0" z_index="1" m_a="0.952295" m_b="0.305180" m_c="-0.305180" m_d="0.952295" m_tx="50.689568" m_ty="-159.484253"/>
  </frame>
  <frame idx="900" w="256" h="256" x="0.000000" y="0.000000">
   <element name="symbol0" layername="timeline_0" frame="0" z_index="1" m_a="0.969380" m_b="0.245565" m_c="-0.245565" m_d="0.969380" m_tx="40.674580" m_ty="-154.231277"/>
  </frame>
  <frame idx="925" w="256" h="256" x="0.000000" y="0.000000">
   <element name="symbol0" layername="timeline_0" frame="0" z_index="1" m_a="0.982738" m_b="0.185005" m_c="-0.185005" m_d="0.982738" m_tx="30.538643" m_ty="-148.501129"/>
  </frame>
  <frame idx="950" w="256" h="256" x="0.000000" y="0.000000">
   <element name="symbol0" layername="timeline_0" frame="0" z_index="1" m_a="0.992316" m_b="0.123733" m_c="-0.123733" m_d="0.992316" m_tx="20.311634" m_ty="-142.287186"/>
  </frame>
  <frame idx="975" w="256" h="256" x="0.000000" y="0.000000">
   <element name="symbol0" layername="timeline_0" frame="0" z_index="1" m_a="0.998077" m_b="0.061986" m_c="-0.061986" m_d="0.998077" m_tx="10.023717" m_ty="-135.584747"/>
  </frame>
 </anim>
</Anims>
