<Anims>
 <anim name="burnt" root="kettle" numframes="25" framerate="40">
  <frame idx="0" w="423" h="980" x="6.000427" y="-259.506104">
   <element name="burnt" layername="timeline_0" frame="0" z_index="36" m_a="1.000000" m_b="0.000000" m_c="0.000000" m_d="1.000000" m_tx="6.000427" m_ty="-259.506104"/>
  </frame>
 </anim>
 <anim name="cooking_loop" root="kettle" numframes="525" framerate="40">
  <frame idx="0" w="561" h="1180" x="7.665794" y="-565.049377">
   <element name="coals" layername="timeline_0" frame="1" z_index="36" m_a="1.125248" m_b="0.205060" m_c="-0.166228" m_d="0.912162" m_tx="25.247887" m_ty="-16.576035"/>
   <element name="wood" layername="timeline_1" frame="0" z_index="35" m_a="0.996676" m_b="0.039023" m_c="-0.039052" m_d="0.997430" m_tx="7.665794" m_ty="-203.111191"/>
   <element name="pot" layername="timeline_2" frame="0" z_index="34" m_a="1.199278" m_b="-0.027248" m_c="0.027248" m_d="1.199278" m_tx="31.252609" m_ty="-511.468292"/>
   <element name="lid" layername="timeline_3" frame="0" z_index="33" m_a="0.999093" m_b="-0.029670" m_c="0.029670" m_d="0.999093" m_tx="33.895119" m_ty="-565.049377"/>
  </frame>
  <frame idx="25" w="561" h="1181" x="7.665794" y="-566.161926">
   <element name="coals" layername="timeline_0" frame="1" z_index="36" m_a="1.125248" m_b="0.205060" m_c="-0.166228" m_d="0.912162" m_tx="25.247887" m_ty="-16.576035"/>
   <element name="wood" layername="timeline_1" frame="0" z_index="35" m_a="0.996676" m_b="0.039023" m_c="-0.039052" m_d="0.997430" m_tx="7.665794" m_ty="-203.111191"/>
   <element name="pot" layername="timeline_2" frame="0" z_index="34" m_a="1.199149" m_b="-0.032445" m_c="0.032445" m_d="1.199149" m_tx="31.233210" m_ty="-511.438324"/>
   <element name="lid" layername="timeline_3" frame="0" z_index="33" m_a="0.998004" m_b="-0.055256" m_c="0.055256" m_d="0.998004" m_tx="22.781179" m_ty="-566.161926"/>
  </frame>
  <frame idx="50" w="561" h="1181" x="7.665794" y="-566.232422">
   <element name="coals" layername="timeline_0" frame="1" z_index="36" m_a="1.125248" m_b="0.205060" m_c="-0.166228" m_d="0.912162" m_tx="25.247887" m_ty="-16.576035"/>
   <element name="wood" layername="timeline_1" frame="0" z_index="35" m_a="0.996676" m_b="0.039023" m_c="-0.039052" m_d="0.997430" m_tx="7.665794" m_ty="-203.111191"/>
   <element name="pot" layername="timeline_2" frame="0" z_index="34" m_a="1.199097" m_b="-0.034316" m_c="0.034316" m_d="1.199097" m_tx="31.226257" m_ty="-511.427490"/>
   <element name="lid" layername="timeline_3" frame="0" z_index="33" m_a="0.999372" m_b="-0.017942" m_c="0.017942" m_d="0.999372" m_tx="18.678465" m_ty="-566.232422"/>
  </frame>
  <frame idx="75" w="561" h="1181" x="7.665794" y="-566.053833">
   <element name="coals" layername="timeline_0" frame="1" z_index="36" m_a="1.125248" m_b="0.205060" m_c="-0.166228" m_d="0.912162" m_tx="25.247887" m_ty="-16.576035"/>
   <element name="wood" layername="timeline_1" frame="0" z_index="35" m_a="0.996676" m_b="0.039023" m_c="-0.039052" m_d="0.997430" m_tx="7.665794" m_ty="-203.111191"/>
   <element name="pot" layername="timeline_2" frame="0" z_index="34" m_a="1.199097" m_b="-0.034316" m_c="0.034316" m_d="1.199097" m_tx="31.226257" m_ty="-511.427490"/>
   <element name="lid" layername="timeline_3" frame="0" z_index="33" m_a="0.999505" m_b="0.007521" m_c="-0.007521" m_d="0.999505" m_tx="18.616999" m_ty="-566.053833"/>
  </frame>
  <frame idx="100" w="561" h="1182" x="7.665794" y="-567.147278">
   <element name="coals" layername="timeline_0" frame="1" z_index="36" m_a="1.125248" m_b="0.205060" m_c="-0.166228" m_d="0.912162" m_tx="25.247887" m_ty="-16.576035"/>
   <element name="wood" layername="timeline_1" frame="0" z_index="35" m_a="0.996676" m_b="0.039023" m_c="-0.039052" m_d="0.997430" m_tx="7.665794" m_ty="-203.111191"/>
   <element name="pot" layername="timeline_2" frame="0" z_index="34" m_a="1.199103" m_b="-0.034114" m_c="0.034114" m_d="1.199103" m_tx="31.263172" m_ty="-511.573303"/>
   <element name="lid" layername="timeline_3" frame="0" z_index="33" m_a="0.997399" m_b="-0.065274" m_c="0.065274" m_d="0.997399" m_tx="19.033806" m_ty="-567.147278"/>
  </frame>
  <frame idx="125" w="561" h="1196" x="7.665794" y="-581.760010">
   <element name="coals" layername="timeline_0" frame="1" z_index="36" m_a="1.125248" m_b="0.205060" m_c="-0.166228" m_d="0.912162" m_tx="25.247887" m_ty="-16.576035"/>
   <element name="wood" layername="timeline_1" frame="0" z_index="35" m_a="0.996676" m_b="0.039023" m_c="-0.039052" m_d="0.997430" m_tx="7.665794" m_ty="-203.111191"/>
   <element name="pot" layername="timeline_2" frame="0" z_index="34" m_a="1.199236" m_b="-0.029066" m_c="0.029066" m_d="1.199236" m_tx="32.186138" m_ty="-515.219116"/>
   <element name="lid" layername="timeline_3" frame="0" z_index="33" m_a="0.995860" m_b="-0.085616" m_c="0.085616" m_d="0.995860" m_tx="25.401987" m_ty="-581.760010"/>
  </frame>
  <frame idx="150" w="561" h="1210" x="7.665794" y="-595.714844">
   <element name="coals" layername="timeline_0" frame="1" z_index="36" m_a="1.125248" m_b="0.205060" m_c="-0.166228" m_d="0.912162" m_tx="25.247887" m_ty="-16.576035"/>
   <element name="wood" layername="timeline_1" frame="0" z_index="35" m_a="0.996676" m_b="0.039023" m_c="-0.039052" m_d="0.997430" m_tx="7.665794" m_ty="-203.111191"/>
   <element name="pot" layername="timeline_2" frame="0" z_index="34" m_a="1.199278" m_b="-0.027248" m_c="0.027248" m_d="1.199278" m_tx="32.518433" m_ty="-516.531555"/>
   <element name="lid" layername="timeline_3" frame="0" z_index="33" m_a="0.999307" m_b="-0.021240" m_c="0.021240" m_d="0.999307" m_tx="31.842979" m_ty="-595.714844"/>
  </frame>
  <frame idx="175" w="561" h="1217" x="7.665794" y="-602.958679">
   <element name="coals" layername="timeline_0" frame="1" z_index="36" m_a="1.125248" m_b="0.205060" m_c="-0.166228" m_d="0.912162" m_tx="25.247887" m_ty="-16.576035"/>
   <element name="wood" layername="timeline_1" frame="0" z_index="35" m_a="0.996676" m_b="0.039023" m_c="-0.039052" m_d="0.997430" m_tx="7.665794" m_ty="-203.111191"/>
   <element name="pot" layername="timeline_2" frame="0" z_index="34" m_a="1.199278" m_b="-0.027248" m_c="0.027248" m_d="1.199278" m_tx="32.211567" m_ty="-515.304138"/>
   <element name="lid" layername="timeline_3" frame="0" z_index="33" m_a="0.998937" m_b="0.034519" m_c="-0.034519" m_d="0.998937" m_tx="34.734055" m_ty="-602.958679"/>
  </frame>
  <frame idx="200" w="561" h="1211" x="7.665794" y="-596.694946">
   <element name="coals" layername="timeline_0" frame="1" z_index="36" m_a="1.125248" m_b="0.205060" m_c="-0.166228" m_d="0.912162" m_tx="25.247887" m_ty="-16.576035"/>
   <element name="wood" layername="timeline_1" frame="0" z_index="35" m_a="0.996676" m_b="0.039023" m_c="-0.039052" m_d="0.997430" m_tx="7.665794" m_ty="-203.111191"/>
   <element name="pot" layername="timeline_2" frame="0" z_index="34" m_a="1.199278" m_b="-0.027248" m_c="0.027248" m_d="1.199278" m_tx="31.252609" m_ty="-511.468292"/>
   <element name="lid" layername="timeline_3" frame="0" z_index="33" m_a="0.999093" m_b="-0.029670" m_c="0.029670" m_d="0.999093" m_tx="30.097652" m_ty="-596.694946"/>
  </frame>
  <frame idx="225" w="561" h="1201" x="7.665794" y="-586.456665">
   <element name="coals" layername="timeline_0" frame="1" z_index="36" m_a="1.125248" m_b="0.205060" m_c="-0.166228" m_d="0.912162" m_tx="25.247887" m_ty="-16.576035"/>
   <element name="wood" layername="timeline_1" frame="0" z_index="35" m_a="0.996676" m_b="0.039023" m_c="-0.039052" m_d="0.997430" m_tx="7.665794" m_ty="-203.111191"/>
   <element name="pot" layername="timeline_2" frame="0" z_index="34" m_a="1.199278" m_b="-0.027248" m_c="0.027248" m_d="1.199278" m_tx="31.252609" m_ty="-511.468292"/>
   <element name="lid" layername="timeline_3" frame="0" z_index="33" m_a="0.999093" m_b="-0.029670" m_c="0.029670" m_d="0.999093" m_tx="31.959156" m_ty="-586.456665"/>
  </frame>
  <frame idx="250" w="561" h="1189" x="7.665794" y="-574.178650">
   <element name="coals" layername="timeline_0" frame="1" z_index="36" m_a="1.125248" m_b="0.205060" m_c="-0.166228" m_d="0.912162" m_tx="25.247887" m_ty="-16.576035"/>
   <element name="wood" layername="timeline_1" frame="0" z_index="35" m_a="0.996676" m_b="0.039023" m_c="-0.039052" m_d="0.997430" m_tx="7.665794" m_ty="-203.111191"/>
   <element name="pot" layername="timeline_2" frame="0" z_index="34" m_a="1.199278" m_b="-0.027248" m_c="0.027248" m_d="1.199278" m_tx="31.252609" m_ty="-511.468292"/>
   <element name="lid" layername="timeline_3" frame="0" z_index="33" m_a="0.999093" m_b="-0.029670" m_c="0.029670" m_d="0.999093" m_tx="33.243031" m_ty="-574.178650"/>
  </frame>
  <frame idx="275" w="561" h="1180" x="7.665794" y="-565.049377">
   <element name="coals" layername="timeline_0" frame="1" z_index="36" m_a="1.125248" m_b="0.205060" m_c="-0.166228" m_d="0.912162" m_tx="25.247887" m_ty="-16.576035"/>
   <element name="wood" layername="timeline_1" frame="0" z_index="35" m_a="0.996676" m_b="0.039023" m_c="-0.039052" m_d="0.997430" m_tx="7.665794" m_ty="-203.111191"/>
   <element name="pot" layername="timeline_2" frame="0" z_index="34" m_a="1.199278" m_b="-0.027248" m_c="0.027248" m_d="1.199278" m_tx="31.252609" m_ty="-511.468292"/>
   <element name="lid" layername="timeline_3" frame="0" z_index="33" m_a="0.999093" m_b="-0.029670" m_c="0.029670" m_d="0.999093" m_tx="33.895119" m_ty="-565.049377"/>
  </frame>
  <frame idx="300" w="561" h="1180" x="7.665794" y="-565.049377">
   <element name="coals" layername="timeline_0" frame="1" z_index="36" m_a="1.125248" m_b="0.205060" m_c="-0.166228" m_d="0.912162" m_tx="25.247887" m_ty="-16.576035"/>
   <element name="wood" layername="timeline_1" frame="0" z_index="35" m_a="0.996676" m_b="0.039023" m_c="-0.039052" m_d="0.997430" m_tx="7.665794" m_ty="-203.111191"/>
   <element name="pot" layername="timeline_2" frame="0" z_index="34" m_a="1.199278" m_b="-0.027248" m_c="0.027248" m_d="1.199278" m_tx="31.252609" m_ty="-511.468292"/>
   <element name="lid" layername="timeline_3" frame="0" z_index="33" m_a="0.999093" m_b="-0.029670" m_c="0.029670" m_d="0.999093" m_tx="33.895119" m_ty="-565.049377"/>
  </frame>
  <frame idx="325" w="561" h="1179" x="7.665794" y="-564.929932">
   <element name="coals" layername="timeline_0" frame="1" z_index="36" m_a="1.125248" m_b="0.205060" m_c="-0.166228" m_d="0.912162" m_tx="25.247887" m_ty="-16.576035"/>
   <element name="wood" layername="timeline_1" frame="0" z_index="35" m_a="0.996676" m_b="0.039023" m_c="-0.039052" m_d="0.997430" m_tx="7.665794" m_ty="-203.111191"/>
   <element name="pot" layername="timeline_2" frame="0" z_index="34" m_a="1.199278" m_b="-0.027248" m_c="0.027248" m_d="1.199278" m_tx="31.252609" m_ty="-511.468292"/>
   <element name="lid" layername="timeline_3" frame="0" z_index="33" m_a="0.999452" m_b="-0.012729" m_c="0.012729" m_d="0.999452" m_tx="33.856125" m_ty="-564.929932"/>
  </frame>
  <frame idx="350" w="561" h="1179" x="7.665794" y="-564.965637">
   <element name="coals" layername="timeline_0" frame="1" z_index="36" m_a="1.125248" m_b="0.205060" m_c="-0.166228" m_d="0.912162" m_tx="25.247887" m_ty="-16.576035"/>
   <element name="wood" layername="timeline_1" frame="0" z_index="35" m_a="0.996676" m_b="0.039023" m_c="-0.039052" m_d="0.997430" m_tx="7.665794" m_ty="-203.111191"/>
   <element name="pot" layername="timeline_2" frame="0" z_index="34" m_a="1.199278" m_b="-0.027248" m_c="0.027248" m_d="1.199278" m_tx="31.252609" m_ty="-511.468292"/>
   <element name="lid" layername="timeline_3" frame="0" z_index="33" m_a="0.999374" m_b="-0.017801" m_c="0.017801" m_d="0.999374" m_tx="33.868011" m_ty="-564.965637"/>
  </frame>
  <frame idx="375" w="561" h="1180" x="7.665794" y="-565.276550">
   <element name="coals" layername="timeline_0" frame="1" z_index="36" m_a="1.125248" m_b="0.205060" m_c="-0.166228" m_d="0.912162" m_tx="25.247887" m_ty="-16.576035"/>
   <element name="wood" layername="timeline_1" frame="0" z_index="35" m_a="0.996676" m_b="0.039023" m_c="-0.039052" m_d="0.997430" m_tx="7.665794" m_ty="-203.111191"/>
   <element name="pot" layername="timeline_2" frame="0" z_index="34" m_a="1.199278" m_b="-0.027248" m_c="0.027248" m_d="1.199278" m_tx="31.252609" m_ty="-511.468292"/>
   <element name="lid" layername="timeline_3" frame="0" z_index="33" m_a="0.997632" m_b="-0.061609" m_c="0.061609" m_d="0.997632" m_tx="33.963165" m_ty="-565.276550"/>
  </frame>
  <frame idx="400" w="561" h="1180" x="7.665794" y="-565.998657">
   <element name="coals" layername="timeline_0" frame="1" z_index="36" m_a="1.125248" m_b="0.205060" m_c="-0.166228" m_d="0.912162" m_tx="25.247887" m_ty="-16.576035"/>
   <element name="wood" layername="timeline_1" frame="0" z_index="35" m_a="0.996676" m_b="0.039023" m_c="-0.039052" m_d="0.997430" m_tx="7.665794" m_ty="-203.111191"/>
   <element name="pot" layername="timeline_2" frame="0" z_index="34" m_a="1.199278" m_b="-0.027248" m_c="0.027248" m_d="1.199278" m_tx="31.252609" m_ty="-511.468292"/>
   <element name="lid" layername="timeline_3" frame="0" z_index="33" m_a="0.986503" m_b="-0.160867" m_c="0.160867" m_d="0.986503" m_tx="34.128479" m_ty="-565.998657"/>
  </frame>
  <frame idx="425" w="561" h="1180" x="7.665794" y="-565.998657">
   <element name="coals" layername="timeline_0" frame="1" z_index="36" m_a="1.125248" m_b="0.205060" m_c="-0.166228" m_d="0.912162" m_tx="25.247887" m_ty="-16.576035"/>
   <element name="wood" layername="timeline_1" frame="0" z_index="35" m_a="0.996676" m_b="0.039023" m_c="-0.039052" m_d="0.997430" m_tx="7.665794" m_ty="-203.111191"/>
   <element name="pot" layername="timeline_2" frame="0" z_index="34" m_a="1.199278" m_b="-0.027248" m_c="0.027248" m_d="1.199278" m_tx="31.252609" m_ty="-511.468292"/>
   <element name="lid" layername="timeline_3" frame="0" z_index="33" m_a="0.986503" m_b="-0.160867" m_c="0.160867" m_d="0.986503" m_tx="34.128479" m_ty="-565.998657"/>
  </frame>
  <frame idx="450" w="561" h="1180" x="7.665794" y="-565.056824">
   <element name="coals" layername="timeline_0" frame="1" z_index="36" m_a="1.125248" m_b="0.205060" m_c="-0.166228" m_d="0.912162" m_tx="25.247887" m_ty="-16.576035"/>
   <element name="wood" layername="timeline_1" frame="0" z_index="35" m_a="0.996676" m_b="0.039023" m_c="-0.039052" m_d="0.997430" m_tx="7.665794" m_ty="-203.111191"/>
   <element name="pot" layername="timeline_2" frame="0" z_index="34" m_a="1.199278" m_b="-0.027248" m_c="0.027248" m_d="1.199278" m_tx="31.252609" m_ty="-511.468292"/>
   <element name="lid" layername="timeline_3" frame="0" z_index="33" m_a="0.992758" m_b="-0.116181" m_c="0.116181" m_d="0.992758" m_tx="28.539177" m_ty="-565.056824"/>
  </frame>
  <frame idx="475" w="561" h="1183" x="7.665794" y="-568.412964">
   <element name="coals" layername="timeline_0" frame="1" z_index="36" m_a="1.125248" m_b="0.205060" m_c="-0.166228" m_d="0.912162" m_tx="25.247887" m_ty="-16.576035"/>
   <element name="wood" layername="timeline_1" frame="0" z_index="35" m_a="0.996676" m_b="0.039023" m_c="-0.039052" m_d="0.997430" m_tx="7.665794" m_ty="-203.111191"/>
   <element name="pot" layername="timeline_2" frame="0" z_index="34" m_a="1.199278" m_b="-0.027248" m_c="0.027248" m_d="1.199278" m_tx="31.252609" m_ty="-511.468292"/>
   <element name="lid" layername="timeline_3" frame="0" z_index="33" m_a="0.998975" m_b="-0.033398" m_c="0.033398" m_d="0.998975" m_tx="24.659092" m_ty="-568.412964"/>
  </frame>
  <frame idx="500" w="561" h="1197" x="7.665794" y="-582.035828">
   <element name="coals" layername="timeline_0" frame="1" z_index="36" m_a="1.125248" m_b="0.205060" m_c="-0.166228" m_d="0.912162" m_tx="25.247887" m_ty="-16.576035"/>
   <element name="wood" layername="timeline_1" frame="0" z_index="35" m_a="0.996676" m_b="0.039023" m_c="-0.039052" m_d="0.997430" m_tx="7.665794" m_ty="-203.111191"/>
   <element name="pot" layername="timeline_2" frame="0" z_index="34" m_a="1.199278" m_b="-0.027248" m_c="0.027248" m_d="1.199278" m_tx="31.252609" m_ty="-511.468292"/>
   <element name="lid" layername="timeline_3" frame="0" z_index="33" m_a="0.996625" m_b="0.076191" m_c="-0.076191" m_d="0.996625" m_tx="31.086794" m_ty="-582.035828"/>
  </frame>
 </anim>
 <anim name="cooking_pre_loop" root="kettle" numframes="750" framerate="40">
  <frame idx="0" w="561" h="1126" x="7.665794" y="-511.468292">
   <element name="coals" layername="timeline_0" frame="0" z_index="36" m_a="1.125248" m_b="0.205060" m_c="-0.166228" m_d="0.912162" m_tx="25.247887" m_ty="-16.576035"/>
   <element name="wood" layername="timeline_1" frame="0" z_index="35" m_a="0.996676" m_b="0.039023" m_c="-0.039052" m_d="0.997430" m_tx="7.665794" m_ty="-203.111191"/>
   <element name="pot" layername="timeline_2" frame="0" z_index="34" m_a="1.199278" m_b="-0.027248" m_c="0.027248" m_d="1.199278" m_tx="31.252609" m_ty="-511.468292"/>
  </frame>
  <frame idx="25" w="561" h="1126" x="7.665794" y="-511.468292">
   <element name="coals" layername="timeline_0" frame="0" z_index="36" m_a="1.125248" m_b="0.205060" m_c="-0.166228" m_d="0.912162" m_tx="25.247887" m_ty="-16.576035"/>
   <element name="wood" layername="timeline_1" frame="0" z_index="35" m_a="0.996676" m_b="0.039023" m_c="-0.039052" m_d="0.997430" m_tx="7.665794" m_ty="-203.111191"/>
   <element name="pot" layername="timeline_2" frame="0" z_index="34" m_a="1.199278" m_b="-0.027248" m_c="0.027248" m_d="1.199278" m_tx="31.252609" m_ty="-511.468292"/>
  </frame>
  <frame idx="50" w="561" h="818" x="7.665794" y="-203.111191">
   <element name="coals" layername="timeline_0" frame="0" z_index="36" m_a="1.125248" m_b="0.205060" m_c="-0.166228" m_d="0.912162" m_tx="25.247887" m_ty="-16.576035"/>
   <element name="wood" layername="timeline_1" frame="0" z_index="35" m_a="0.996676" m_b="0.039023" m_c="-0.039052" m_d="0.997430" m_tx="7.665794" m_ty="-203.111191"/>
  </frame>
  <frame idx="75" w="561" h="818" x="7.665794" y="-203.111191">
   <element name="coals" layername="timeline_0" frame="0" z_index="36" m_a="1.125248" m_b="0.205060" m_c="-0.166228" m_d="0.912162" m_tx="25.247887" m_ty="-16.576035"/>
   <element name="wood" layername="timeline_1" frame="0" z_index="35" m_a="0.996676" m_b="0.039023" m_c="-0.039052" m_d="0.997430" m_tx="7.665794" m_ty="-203.111191"/>
  </frame>
  <frame idx="100" w="561" h="818" x="7.665794" y="-203.111191">
   <element name="coals" layername="timeline_0" frame="0" z_index="36" m_a="1.125248" m_b="0.205060" m_c="-0.166228" m_d="0.912162" m_tx="25.247887" m_ty="-16.576035"/>
   <element name="wood" layername="timeline_1" frame="0" z_index="35" m_a="0.996676" m_b="0.039023" m_c="-0.039052" m_d="0.997430" m_tx="7.665794" m_ty="-203.111191"/>
  </frame>
  <frame idx="125" w="561" h="818" x="7.665794" y="-203.111191">
   <element name="coals" layername="timeline_0" frame="0" z_index="36" m_a="1.125248" m_b="0.205060" m_c="-0.166228" m_d="0.912162" m_tx="25.247887" m_ty="-16.576035"/>
   <element name="wood" layername="timeline_1" frame="0" z_index="35" m_a="0.996676" m_b="0.039023" m_c="-0.039052" m_d="0.997430" m_tx="7.665794" m_ty="-203.111191"/>
  </frame>
  <frame idx="150" w="561" h="818" x="7.665794" y="-203.111191">
   <element name="coals" layername="timeline_0" frame="0" z_index="36" m_a="1.125248" m_b="0.205060" m_c="-0.166228" m_d="0.912162" m_tx="25.247887" m_ty="-16.576035"/>
   <element name="wood" layername="timeline_1" frame="0" z_index="35" m_a="0.996676" m_b="0.039023" m_c="-0.039052" m_d="0.997430" m_tx="7.665794" m_ty="-203.111191"/>
  </frame>
  <frame idx="175" w="561" h="818" x="7.665794" y="-203.111191">
   <element name="coals" layername="timeline_0" frame="0" z_index="36" m_a="1.125248" m_b="0.205060" m_c="-0.166228" m_d="0.912162" m_tx="25.247887" m_ty="-16.576035"/>
   <element name="wood" layername="timeline_1" frame="0" z_index="35" m_a="0.996676" m_b="0.039023" m_c="-0.039052" m_d="0.997430" m_tx="7.665794" m_ty="-203.111191"/>
  </frame>
  <frame idx="200" w="561" h="818" x="7.665794" y="-203.111191">
   <element name="coals" layername="timeline_0" frame="0" z_index="36" m_a="1.125248" m_b="0.205060" m_c="-0.166228" m_d="0.912162" m_tx="25.247887" m_ty="-16.576035"/>
   <element name="wood" layername="timeline_1" frame="0" z_index="35" m_a="0.996676" m_b="0.039023" m_c="-0.039052" m_d="0.997430" m_tx="7.665794" m_ty="-203.111191"/>
  </frame>
  <frame idx="225" w="561" h="818" x="7.665794" y="-203.111191">
   <element name="coals" layername="timeline_0" frame="0" z_index="36" m_a="1.125248" m_b="0.205060" m_c="-0.166228" m_d="0.912162" m_tx="25.247887" m_ty="-16.576035"/>
   <element name="wood" layername="timeline_1" frame="0" z_index="35" m_a="0.996676" m_b="0.039023" m_c="-0.039052" m_d="0.997430" m_tx="7.665794" m_ty="-203.111191"/>
  </frame>
  <frame idx="250" w="561" h="818" x="7.665794" y="-203.111191">
   <element name="coals" layername="timeline_0" frame="0" z_index="36" m_a="1.125248" m_b="0.205060" m_c="-0.166228" m_d="0.912162" m_tx="25.247887" m_ty="-16.576035"/>
   <element name="wood" layername="timeline_1" frame="0" z_index="35" m_a="0.996676" m_b="0.039023" m_c="-0.039052" m_d="0.997430" m_tx="7.665794" m_ty="-203.111191"/>
  </frame>
  <frame idx="275" w="561" h="818" x="7.665794" y="-203.111191">
   <element name="coals" layername="timeline_0" frame="0" z_index="36" m_a="1.125248" m_b="0.205060" m_c="-0.166228" m_d="0.912162" m_tx="25.247887" m_ty="-16.576035"/>
   <element name="wood" layername="timeline_1" frame="0" z_index="35" m_a="0.996676" m_b="0.039023" m_c="-0.039052" m_d="0.997430" m_tx="7.665794" m_ty="-203.111191"/>
  </frame>
  <frame idx="300" w="561" h="818" x="7.665794" y="-203.111191">
   <element name="coals" layername="timeline_0" frame="0" z_index="36" m_a="1.125248" m_b="0.205060" m_c="-0.166228" m_d="0.912162" m_tx="25.247887" m_ty="-16.576035"/>
   <element name="wood" layername="timeline_1" frame="0" z_index="35" m_a="0.996676" m_b="0.039023" m_c="-0.039052" m_d="0.997430" m_tx="7.665794" m_ty="-203.111191"/>
  </frame>
  <frame idx="325" w="561" h="818" x="7.665794" y="-203.111191">
   <element name="coals" layername="timeline_0" frame="0" z_index="36" m_a="1.125248" m_b="0.205060" m_c="-0.166228" m_d="0.912162" m_tx="25.247887" m_ty="-16.576035"/>
   <element name="wood" layername="timeline_1" frame="0" z_index="35" m_a="0.996676" m_b="0.039023" m_c="-0.039052" m_d="0.997430" m_tx="7.665794" m_ty="-203.111191"/>
  </frame>
  <frame idx="350" w="561" h="818" x="7.665794" y="-203.111191">
   <element name="coals" layername="timeline_0" frame="0" z_index="36" m_a="1.125248" m_b="0.205060" m_c="-0.166228" m_d="0.912162" m_tx="25.247887" m_ty="-16.576035"/>
   <element name="wood" layername="timeline_1" frame="0" z_index="35" m_a="0.996676" m_b="0.039023" m_c="-0.039052" m_d="0.997430" m_tx="7.665794" m_ty="-203.111191"/>
  </frame>
  <frame idx="375" w="561" h="818" x="7.665794" y="-203.111191">
   <element name="coals" layername="timeline_0" frame="0" z_index="36" m_a="1.125248" m_b="0.205060" m_c="-0.166228" m_d="0.912162" m_tx="25.247887" m_ty="-16.576035"/>
   <element name="wood" layername="timeline_1" frame="0" z_index="35" m_a="0.996676" m_b="0.039023" m_c="-0.039052" m_d="0.997430" m_tx="7.665794" m_ty="-203.111191"/>
  </frame>
  <frame idx="400" w="561" h="818" x="7.665794" y="-203.111191">
   <element name="coals" layername="timeline_0" frame="0" z_index="36" m_a="1.125248" m_b="0.205060" m_c="-0.166228" m_d="0.912162" m_tx="25.247887" m_ty="-16.576035"/>
   <element name="wood" layername="timeline_1" frame="0" z_index="35" m_a="0.996676" m_b="0.039023" m_c="-0.039052" m_d="0.997430" m_tx="7.665794" m_ty="-203.111191"/>
  </frame>
  <frame idx="425" w="561" h="818" x="7.665794" y="-203.111191">
   <element name="coals" layername="timeline_0" frame="0" z_index="36" m_a="1.125248" m_b="0.205060" m_c="-0.166228" m_d="0.912162" m_tx="25.247887" m_ty="-16.576035"/>
   <element name="wood" layername="timeline_1" frame="0" z_index="35" m_a="0.996676" m_b="0.039023" m_c="-0.039052" m_d="0.997430" m_tx="7.665794" m_ty="-203.111191"/>
  </frame>
  <frame idx="450" w="561" h="818" x="7.665794" y="-203.111191">
   <element name="coals" layername="timeline_0" frame="0" z_index="36" m_a="1.125248" m_b="0.205060" m_c="-0.166228" m_d="0.912162" m_tx="25.247887" m_ty="-16.576035"/>
   <element name="wood" layername="timeline_1" frame="0" z_index="35" m_a="0.996676" m_b="0.039023" m_c="-0.039052" m_d="0.997430" m_tx="7.665794" m_ty="-203.111191"/>
  </frame>
  <frame idx="475" w="561" h="818" x="7.665794" y="-203.111191">
   <element name="coals" layername="timeline_0" frame="0" z_index="36" m_a="1.125248" m_b="0.205060" m_c="-0.166228" m_d="0.912162" m_tx="25.247887" m_ty="-16.576035"/>
   <element name="wood" layername="timeline_1" frame="0" z_index="35" m_a="0.996676" m_b="0.039023" m_c="-0.039052" m_d="0.997430" m_tx="7.665794" m_ty="-203.111191"/>
  </frame>
  <frame idx="500" w="561" h="818" x="7.665794" y="-203.111191">
   <element name="coals" layername="timeline_0" frame="0" z_index="36" m_a="1.125248" m_b="0.205060" m_c="-0.166228" m_d="0.912162" m_tx="25.247887" m_ty="-16.576035"/>
   <element name="wood" layername="timeline_1" frame="0" z_index="35" m_a="0.996676" m_b="0.039023" m_c="-0.039052" m_d="0.997430" m_tx="7.665794" m_ty="-203.111191"/>
  </frame>
  <frame idx="525" w="561" h="818" x="7.665794" y="-203.111191">
   <element name="coals" layername="timeline_0" frame="0" z_index="36" m_a="1.125248" m_b="0.205060" m_c="-0.166228" m_d="0.912162" m_tx="25.247887" m_ty="-16.576035"/>
   <element name="wood" layername="timeline_1" frame="0" z_index="35" m_a="0.996676" m_b="0.039023" m_c="-0.039052" m_d="0.997430" m_tx="7.665794" m_ty="-203.111191"/>
  </frame>
  <frame idx="550" w="561" h="818" x="7.665794" y="-203.111191">
   <element name="coals" layername="timeline_0" frame="0" z_index="36" m_a="1.125248" m_b="0.205060" m_c="-0.166228" m_d="0.912162" m_tx="25.247887" m_ty="-16.576035"/>
   <element name="wood" layername="timeline_1" frame="0" z_index="35" m_a="0.996676" m_b="0.039023" m_c="-0.039052" m_d="0.997430" m_tx="7.665794" m_ty="-203.111191"/>
  </frame>
  <frame idx="575" w="561" h="818" x="7.665794" y="-203.111191">
   <element name="coals" layername="timeline_0" frame="0" z_index="36" m_a="1.125248" m_b="0.205060" m_c="-0.166228" m_d="0.912162" m_tx="25.247887" m_ty="-16.576035"/>
   <element name="wood" layername="timeline_1" frame="0" z_index="35" m_a="0.996676" m_b="0.039023" m_c="-0.039052" m_d="0.997430" m_tx="7.665794" m_ty="-203.111191"/>
  </frame>
  <frame idx="600" w="561" h="818" x="7.665794" y="-203.111191">
   <element name="coals" layername="timeline_0" frame="0" z_index="36" m_a="1.125248" m_b="0.205060" m_c="-0.166228" m_d="0.912162" m_tx="25.247887" m_ty="-16.576035"/>
   <element name="wood" layername="timeline_1" frame="0" z_index="35" m_a="0.996676" m_b="0.039023" m_c="-0.039052" m_d="0.997430" m_tx="7.665794" m_ty="-203.111191"/>
  </frame>
  <frame idx="625" w="561" h="818" x="7.665794" y="-203.111191">
   <element name="coals" layername="timeline_0" frame="0" z_index="36" m_a="1.125248" m_b="0.205060" m_c="-0.166228" m_d="0.912162" m_tx="25.247887" m_ty="-16.576035"/>
   <element name="wood" layername="timeline_1" frame="0" z_index="35" m_a="0.996676" m_b="0.039023" m_c="-0.039052" m_d="0.997430" m_tx="7.665794" m_ty="-203.111191"/>
  </frame>
  <frame idx="650" w="561" h="818" x="7.665794" y="-203.111191">
   <element name="coals" layername="timeline_0" frame="0" z_index="36" m_a="1.125248" m_b="0.205060" m_c="-0.166228" m_d="0.912162" m_tx="25.247887" m_ty="-16.576035"/>
   <element name="wood" layername="timeline_1" frame="0" z_index="35" m_a="0.996676" m_b="0.039023" m_c="-0.039052" m_d="0.997430" m_tx="7.665794" m_ty="-203.111191"/>
  </frame>
  <frame idx="675" w="561" h="818" x="7.665794" y="-203.111191">
   <element name="coals" layername="timeline_0" frame="0" z_index="36" m_a="1.125248" m_b="0.205060" m_c="-0.166228" m_d="0.912162" m_tx="25.247887" m_ty="-16.576035"/>
   <element name="wood" layername="timeline_1" frame="0" z_index="35" m_a="0.996676" m_b="0.039023" m_c="-0.039052" m_d="0.997430" m_tx="7.665794" m_ty="-203.111191"/>
  </frame>
  <frame idx="700" w="561" h="818" x="7.665794" y="-203.111191">
   <element name="coals" layername="timeline_0" frame="0" z_index="36" m_a="1.125248" m_b="0.205060" m_c="-0.166228" m_d="0.912162" m_tx="25.247887" m_ty="-16.576035"/>
   <element name="wood" layername="timeline_1" frame="0" z_index="35" m_a="0.996676" m_b="0.039023" m_c="-0.039052" m_d="0.997430" m_tx="7.665794" m_ty="-203.111191"/>
  </frame>
  <frame idx="725" w="561" h="818" x="7.665794" y="-203.111191">
   <element name="coals" layername="timeline_0" frame="0" z_index="36" m_a="1.125248" m_b="0.205060" m_c="-0.166228" m_d="0.912162" m_tx="25.247887" m_ty="-16.576035"/>
   <element name="wood" layername="timeline_1" frame="0" z_index="35" m_a="0.996676" m_b="0.039023" m_c="-0.039052" m_d="0.997430" m_tx="7.665794" m_ty="-203.111191"/>
  </frame>
 </anim>
 <anim name="cooking_pst" root="kettle" numframes="250" framerate="40">
  <frame idx="0" w="561" h="1119" x="7.665794" y="-504.628326">
   <element name="coals" layername="timeline_0" frame="0" z_index="36" m_a="1.125248" m_b="0.205060" m_c="-0.166228" m_d="0.912162" m_tx="25.247887" m_ty="-16.576035"/>
   <element name="wood" layername="timeline_1" frame="0" z_index="35" m_a="0.996676" m_b="0.039023" m_c="-0.039052" m_d="0.997430" m_tx="7.665794" m_ty="-203.111191"/>
   <element name="pot" layername="timeline_2" frame="0" z_index="34" m_a="1.200000" m_b="0.000000" m_c="0.000000" m_d="1.200000" m_tx="26.414480" m_ty="-504.628326"/>
   <element name="pot" layername="timeline_3" frame="2" z_index="36" m_a="1.200000" m_b="0.000000" m_c="0.000000" m_d="1.200000" m_tx="43.626770" m_ty="-493.689880"/>
  </frame>
  <frame idx="25" w="561" h="1155" x="7.665794" y="-540.263611">
   <element name="coals" layername="timeline_0" frame="0" z_index="36" m_a="1.125248" m_b="0.205060" m_c="-0.166228" m_d="0.912162" m_tx="25.247887" m_ty="-16.576035"/>
   <element name="wood" layername="timeline_1" frame="0" z_index="35" m_a="0.996676" m_b="0.039023" m_c="-0.039052" m_d="0.997430" m_tx="7.665794" m_ty="-203.111191"/>
   <element name="pot" layername="timeline_2" frame="0" z_index="34" m_a="1.200000" m_b="0.000000" m_c="0.000000" m_d="1.200000" m_tx="26.414480" m_ty="-504.628326"/>
   <element name="pot" layername="timeline_3" frame="2" z_index="33" m_a="1.200000" m_b="0.000000" m_c="0.000000" m_d="1.200000" m_tx="43.626770" m_ty="-540.263611"/>
  </frame>
  <frame idx="50" w="561" h="1155" x="7.665794" y="-540.263611">
   <element name="coals" layername="timeline_0" frame="0" z_index="36" m_a="1.125248" m_b="0.205060" m_c="-0.166228" m_d="0.912162" m_tx="25.247887" m_ty="-16.576035"/>
   <element name="wood" layername="timeline_1" frame="0" z_index="35" m_a="0.996676" m_b="0.039023" m_c="-0.039052" m_d="0.997430" m_tx="7.665794" m_ty="-203.111191"/>
   <element name="pot" layername="timeline_2" frame="0" z_index="34" m_a="1.200000" m_b="0.000000" m_c="0.000000" m_d="1.200000" m_tx="26.414480" m_ty="-504.628326"/>
   <element name="pot" layername="timeline_3" frame="2" z_index="33" m_a="1.200000" m_b="0.000000" m_c="0.000000" m_d="1.200000" m_tx="43.626770" m_ty="-540.263611"/>
  </frame>
  <frame idx="75" w="561" h="1155" x="7.665794" y="-540.263611">
   <element name="coals" layername="timeline_0" frame="0" z_index="36" m_a="1.125248" m_b="0.205060" m_c="-0.166228" m_d="0.912162" m_tx="25.247887" m_ty="-16.576035"/>
   <element name="wood" layername="timeline_1" frame="0" z_index="35" m_a="0.996676" m_b="0.039023" m_c="-0.039052" m_d="0.997430" m_tx="7.665794" m_ty="-203.111191"/>
   <element name="pot" layername="timeline_2" frame="0" z_index="34" m_a="1.200000" m_b="0.000000" m_c="0.000000" m_d="1.200000" m_tx="26.414480" m_ty="-504.628326"/>
   <element name="pot" layername="timeline_3" frame="2" z_index="33" m_a="1.200000" m_b="0.000000" m_c="0.000000" m_d="1.200000" m_tx="43.626770" m_ty="-540.263611"/>
  </frame>
  <frame idx="100" w="561" h="1155" x="7.665794" y="-540.263611">
   <element name="coals" layername="timeline_0" frame="0" z_index="36" m_a="1.125248" m_b="0.205060" m_c="-0.166228" m_d="0.912162" m_tx="25.247887" m_ty="-16.576035"/>
   <element name="wood" layername="timeline_1" frame="0" z_index="35" m_a="0.996676" m_b="0.039023" m_c="-0.039052" m_d="0.997430" m_tx="7.665794" m_ty="-203.111191"/>
   <element name="pot" layername="timeline_2" frame="0" z_index="34" m_a="1.200000" m_b="0.000000" m_c="0.000000" m_d="1.200000" m_tx="26.414480" m_ty="-504.628326"/>
   <element name="pot" layername="timeline_3" frame="2" z_index="33" m_a="1.200000" m_b="0.000000" m_c="0.000000" m_d="1.200000" m_tx="43.626770" m_ty="-540.263611"/>
  </frame>
  <frame idx="125" w="561" h="1155" x="7.665794" y="-540.263611">
   <element name="coals" layername="timeline_0" frame="0" z_index="36" m_a="1.125248" m_b="0.205060" m_c="-0.166228" m_d="0.912162" m_tx="25.247887" m_ty="-16.576035"/>
   <element name="wood" layername="timeline_1" frame="0" z_index="35" m_a="0.996676" m_b="0.039023" m_c="-0.039052" m_d="0.997430" m_tx="7.665794" m_ty="-203.111191"/>
   <element name="pot" layername="timeline_2" frame="0" z_index="34" m_a="1.200000" m_b="0.000000" m_c="0.000000" m_d="1.200000" m_tx="26.414480" m_ty="-504.628326"/>
   <element name="pot" layername="timeline_3" frame="2" z_index="33" m_a="1.200000" m_b="0.000000" m_c="0.000000" m_d="1.200000" m_tx="43.626770" m_ty="-540.263611"/>
  </frame>
  <frame idx="150" w="561" h="1155" x="7.665794" y="-540.263611">
   <element name="coals" layername="timeline_0" frame="0" z_index="36" m_a="1.125248" m_b="0.205060" m_c="-0.166228" m_d="0.912162" m_tx="25.247887" m_ty="-16.576035"/>
   <element name="wood" layername="timeline_1" frame="0" z_index="35" m_a="0.996676" m_b="0.039023" m_c="-0.039052" m_d="0.997430" m_tx="7.665794" m_ty="-203.111191"/>
   <element name="pot" layername="timeline_2" frame="0" z_index="34" m_a="1.200000" m_b="0.000000" m_c="0.000000" m_d="1.200000" m_tx="26.414480" m_ty="-504.628326"/>
   <element name="pot" layername="timeline_3" frame="2" z_index="33" m_a="1.200000" m_b="0.000000" m_c="0.000000" m_d="1.200000" m_tx="43.626770" m_ty="-540.263611"/>
  </frame>
  <frame idx="175" w="561" h="1155" x="7.665794" y="-540.263611">
   <element name="coals" layername="timeline_0" frame="0" z_index="36" m_a="1.125248" m_b="0.205060" m_c="-0.166228" m_d="0.912162" m_tx="25.247887" m_ty="-16.576035"/>
   <element name="wood" layername="timeline_1" frame="0" z_index="35" m_a="0.996676" m_b="0.039023" m_c="-0.039052" m_d="0.997430" m_tx="7.665794" m_ty="-203.111191"/>
   <element name="pot" layername="timeline_2" frame="0" z_index="34" m_a="1.200000" m_b="0.000000" m_c="0.000000" m_d="1.200000" m_tx="26.414480" m_ty="-504.628326"/>
   <element name="pot" layername="timeline_3" frame="2" z_index="33" m_a="1.200000" m_b="0.000000" m_c="0.000000" m_d="1.200000" m_tx="43.626770" m_ty="-540.263611"/>
  </frame>
  <frame idx="200" w="561" h="1155" x="7.665794" y="-540.263611">
   <element name="coals" layername="timeline_0" frame="0" z_index="36" m_a="1.125248" m_b="0.205060" m_c="-0.166228" m_d="0.912162" m_tx="25.247887" m_ty="-16.576035"/>
   <element name="wood" layername="timeline_1" frame="0" z_index="35" m_a="0.996676" m_b="0.039023" m_c="-0.039052" m_d="0.997430" m_tx="7.665794" m_ty="-203.111191"/>
   <element name="pot" layername="timeline_2" frame="0" z_index="34" m_a="1.200000" m_b="0.000000" m_c="0.000000" m_d="1.200000" m_tx="26.414480" m_ty="-504.628326"/>
   <element name="pot" layername="timeline_3" frame="2" z_index="33" m_a="1.200000" m_b="0.000000" m_c="0.000000" m_d="1.200000" m_tx="43.626770" m_ty="-540.263611"/>
  </frame>
  <frame idx="225" w="561" h="1123" x="7.665794" y="-508.257568">
   <element name="coals" layername="timeline_0" frame="0" z_index="36" m_a="1.125248" m_b="0.205060" m_c="-0.166228" m_d="0.912162" m_tx="25.247887" m_ty="-16.576035"/>
   <element name="wood" layername="timeline_1" frame="0" z_index="35" m_a="0.996676" m_b="0.039023" m_c="-0.039052" m_d="0.997430" m_tx="7.665794" m_ty="-203.111191"/>
   <element name="pot" layername="timeline_2" frame="0" z_index="34" m_a="1.200000" m_b="0.000000" m_c="0.000000" m_d="1.200000" m_tx="26.414480" m_ty="-504.628326"/>
   <element name="pot" layername="timeline_3" frame="2" z_index="33" m_a="1.199530" m_b="-0.020038" m_c="0.020038" m_d="1.199530" m_tx="43.610161" m_ty="-508.257568"/>
  </frame>
 </anim>
 <anim name="hit_cooking" root="kettle" numframes="350" framerate="40">
  <frame idx="0" w="561" h="1180" x="7.665794" y="-565.049377">
   <element name="coals" layername="timeline_0" frame="1" z_index="36" m_a="1.125248" m_b="0.205060" m_c="-0.166228" m_d="0.912162" m_tx="25.247887" m_ty="-16.576035"/>
   <element name="wood" layername="timeline_1" frame="0" z_index="35" m_a="0.996676" m_b="0.039023" m_c="-0.039052" m_d="0.997430" m_tx="7.665794" m_ty="-203.111191"/>
   <element name="pot" layername="timeline_2" frame="0" z_index="34" m_a="1.199278" m_b="-0.027248" m_c="0.027248" m_d="1.199278" m_tx="31.252609" m_ty="-511.468292"/>
   <element name="lid" layername="timeline_3" frame="0" z_index="33" m_a="0.999093" m_b="-0.029670" m_c="0.029670" m_d="0.999093" m_tx="33.895119" m_ty="-565.049377"/>
  </frame>
  <frame idx="25" w="565" h="1013" x="7.578636" y="-515.251038">
   <element name="coals" layername="timeline_0" frame="1" z_index="36" m_a="1.125248" m_b="0.205060" m_c="-0.166228" m_d="0.912162" m_tx="25.247887" m_ty="-16.576035"/>
   <element name="wood" layername="timeline_1" frame="0" z_index="35" m_a="0.996676" m_b="0.039023" m_c="-0.031255" m_d="0.798274" m_tx="7.578636" m_ty="-206.692719"/>
   <element name="pot" layername="timeline_2" frame="0" z_index="34" m_a="1.199278" m_b="-0.027248" m_c="0.018391" m_d="0.809461" m_tx="30.331951" m_ty="-436.428528"/>
   <element name="lid" layername="timeline_3" frame="0" z_index="33" m_a="0.999093" m_b="-0.029670" m_c="0.019819" m_d="0.667395" m_tx="28.141418" m_ty="-515.251038"/>
  </frame>
  <frame idx="50" w="566" h="1074" x="15.531174" y="-597.535400">
   <element name="coals" layername="timeline_0" frame="1" z_index="36" m_a="1.125248" m_b="0.205060" m_c="-0.166228" m_d="0.912162" m_tx="32.803967" m_ty="-58.134476"/>
   <element name="wood" layername="timeline_1" frame="0" z_index="35" m_a="0.996676" m_b="0.039023" m_c="-0.029311" m_d="0.748631" m_tx="15.531174" m_ty="-169.454239"/>
   <element name="pot" layername="timeline_2" frame="0" z_index="34" m_a="1.199278" m_b="-0.027248" m_c="0.024415" m_d="1.074582" m_tx="29.796667" m_ty="-411.452972"/>
   <element name="lid" layername="timeline_3" frame="0" z_index="33" m_a="0.999093" m_b="-0.029670" m_c="0.022768" m_d="0.766703" m_tx="36.790447" m_ty="-597.535400"/>
  </frame>
  <frame idx="75" w="566" h="1194" x="21.359215" y="-688.583435">
   <element name="coals" layername="timeline_0" frame="1" z_index="36" m_a="1.125248" m_b="0.205060" m_c="-0.166228" m_d="0.912162" m_tx="37.054260" m_ty="-81.511101"/>
   <element name="wood" layername="timeline_1" frame="0" z_index="35" m_a="0.996676" m_b="0.039023" m_c="-0.030811" m_d="0.786942" m_tx="21.359215" m_ty="-133.855865"/>
   <element name="pot" layername="timeline_2" frame="0" z_index="34" m_a="1.199278" m_b="-0.027248" m_c="0.032517" m_d="1.431173" m_tx="38.709568" m_ty="-435.271149"/>
   <element name="lid" layername="timeline_3" frame="0" z_index="33" m_a="0.999093" m_b="-0.029670" m_c="0.029670" m_d="0.999093" m_tx="45.032471" m_ty="-688.583435"/>
  </frame>
  <frame idx="100" w="564" h="1164" x="13.062759" y="-640.374023">
   <element name="coals" layername="timeline_0" frame="1" z_index="36" m_a="1.125248" m_b="0.205060" m_c="-0.166228" m_d="0.912162" m_tx="25.247887" m_ty="-16.576035"/>
   <element name="wood" layername="timeline_1" frame="0" z_index="35" m_a="0.996676" m_b="0.039023" m_c="-0.032632" m_d="0.833438" m_tx="13.062759" m_ty="-150.535492"/>
   <element name="pot" layername="timeline_2" frame="0" z_index="34" m_a="1.199278" m_b="-0.027248" m_c="0.027248" m_d="1.199278" m_tx="37.746117" m_ty="-449.130615"/>
   <element name="lid" layername="timeline_3" frame="0" z_index="33" m_a="0.999093" m_b="-0.029670" m_c="0.029670" m_d="0.999093" m_tx="35.193821" m_ty="-640.374023"/>
  </frame>
  <frame idx="125" w="562" h="1176" x="9.094398" y="-584.988281">
   <element name="coals" layername="timeline_0" frame="1" z_index="36" m_a="1.125248" m_b="0.205060" m_c="-0.166228" m_d="0.912162" m_tx="25.247887" m_ty="-16.576035"/>
   <element name="wood" layername="timeline_1" frame="0" z_index="35" m_a="0.996676" m_b="0.039023" m_c="-0.037353" m_d="0.954020" m_tx="9.094398" m_ty="-189.194077"/>
   <element name="pot" layername="timeline_2" frame="0" z_index="34" m_a="1.199278" m_b="-0.027248" m_c="0.027248" m_d="1.199278" m_tx="32.971478" m_ty="-494.967133"/>
   <element name="lid" layername="timeline_3" frame="0" z_index="33" m_a="0.999093" m_b="-0.029670" m_c="0.029670" m_d="0.999093" m_tx="34.238892" m_ty="-584.988281"/>
  </frame>
  <frame idx="150" w="561" h="1216" x="7.665794" y="-601.917114">
   <element name="coals" layername="timeline_0" frame="1" z_index="36" m_a="1.125248" m_b="0.205060" m_c="-0.166228" m_d="0.912162" m_tx="23.358864" m_ty="-39.873947"/>
   <element name="wood" layername="timeline_1" frame="0" z_index="35" m_a="0.996676" m_b="0.039023" m_c="-0.039052" m_d="0.997430" m_tx="7.665794" m_ty="-218.853012"/>
   <element name="pot" layername="timeline_2" frame="0" z_index="34" m_a="1.197246" m_b="-0.074929" m_c="0.074929" m_d="1.197246" m_tx="27.301369" m_ty="-526.302002"/>
   <element name="lid" layername="timeline_3" frame="0" z_index="33" m_a="0.999477" m_b="0.010617" m_c="-0.010617" m_d="0.999477" m_tx="30.021046" m_ty="-601.917114"/>
  </frame>
  <frame idx="175" w="562" h="1217" x="6.424370" y="-645.131958">
   <element name="coals" layername="timeline_0" frame="1" z_index="36" m_a="1.125248" m_b="0.205060" m_c="-0.166228" m_d="0.912162" m_tx="21.036945" m_ty="-68.406021"/>
   <element name="wood" layername="timeline_1" frame="0" z_index="35" m_a="0.996676" m_b="0.039023" m_c="-0.036282" m_d="0.926670" m_tx="6.424370" m_ty="-232.913849"/>
   <element name="pot" layername="timeline_2" frame="0" z_index="34" m_a="1.195269" m_b="-0.101701" m_c="0.101701" m_d="1.195269" m_tx="24.139194" m_ty="-525.197876"/>
   <element name="lid" layername="timeline_3" frame="0" z_index="33" m_a="0.993713" m_b="0.107703" m_c="-0.107703" m_d="0.993713" m_tx="28.247322" m_ty="-645.131958"/>
  </frame>
  <frame idx="200" w="567" h="1096" x="2.544914" y="-657.817688">
   <element name="coals" layername="timeline_0" frame="1" z_index="36" m_a="1.125248" m_b="0.205060" m_c="-0.166228" m_d="0.912162" m_tx="20.053082" m_ty="-80.212402"/>
   <element name="wood" layername="timeline_1" frame="0" z_index="35" m_a="0.996676" m_b="0.039023" m_c="-0.027624" m_d="0.705547" m_tx="2.544914" m_ty="-224.586197"/>
   <element name="pot" layername="timeline_2" frame="0" z_index="34" m_a="1.199278" m_b="-0.027248" m_c="0.027248" m_d="1.199278" m_tx="27.356506" m_ty="-472.507233"/>
   <element name="lid" layername="timeline_3" frame="0" z_index="33" m_a="0.961072" m_b="0.274602" m_c="-0.274602" m_d="0.961072" m_tx="35.480759" m_ty="-657.817688"/>
  </frame>
  <frame idx="225" w="562" h="1158" x="6.310272" y="-589.576782">
   <element name="coals" layername="timeline_0" frame="1" z_index="36" m_a="1.125248" m_b="0.205060" m_c="-0.166228" m_d="0.912162" m_tx="23.872791" m_ty="-33.420956"/>
   <element name="wood" layername="timeline_1" frame="0" z_index="35" m_a="0.996676" m_b="0.039023" m_c="-0.036027" m_d="0.920167" m_tx="6.310272" m_ty="-208.795746"/>
   <element name="pot" layername="timeline_2" frame="0" z_index="34" m_a="1.199278" m_b="-0.027248" m_c="0.027248" m_d="1.199278" m_tx="30.221287" m_ty="-501.155060"/>
   <element name="lid" layername="timeline_3" frame="0" z_index="33" m_a="0.998190" m_b="0.051793" m_c="-0.051793" m_d="0.998190" m_tx="34.376732" m_ty="-589.576782"/>
  </frame>
  <frame idx="250" w="561" h="1180" x="7.665794" y="-565.049377">
   <element name="coals" layername="timeline_0" frame="1" z_index="36" m_a="1.125248" m_b="0.205060" m_c="-0.166228" m_d="0.912162" m_tx="25.247887" m_ty="-16.576035"/>
   <element name="wood" layername="timeline_1" frame="0" z_index="35" m_a="0.996676" m_b="0.039023" m_c="-0.039052" m_d="0.997430" m_tx="7.665794" m_ty="-203.111191"/>
   <element name="pot" layername="timeline_2" frame="0" z_index="34" m_a="1.199278" m_b="-0.027248" m_c="0.027248" m_d="1.199278" m_tx="31.252609" m_ty="-511.468292"/>
   <element name="lid" layername="timeline_3" frame="0" z_index="33" m_a="0.999093" m_b="-0.029670" m_c="0.029670" m_d="0.999093" m_tx="33.895119" m_ty="-565.049377"/>
  </frame>
  <frame idx="275" w="561" h="1180" x="7.665794" y="-565.049377">
   <element name="coals" layername="timeline_0" frame="1" z_index="36" m_a="1.125248" m_b="0.205060" m_c="-0.166228" m_d="0.912162" m_tx="25.247887" m_ty="-16.576035"/>
   <element name="wood" layername="timeline_1" frame="0" z_index="35" m_a="0.996676" m_b="0.039023" m_c="-0.039052" m_d="0.997430" m_tx="7.665794" m_ty="-203.111191"/>
   <element name="pot" layername="timeline_2" frame="0" z_index="34" m_a="1.199278" m_b="-0.027248" m_c="0.027248" m_d="1.199278" m_tx="31.252609" m_ty="-511.468292"/>
   <element name="lid" layername="timeline_3" frame="0" z_index="33" m_a="0.999093" m_b="-0.029670" m_c="0.029670" m_d="0.999093" m_tx="33.895119" m_ty="-565.049377"/>
  </frame>
  <frame idx="300" w="561" h="1180" x="7.665794" y="-565.049377">
   <element name="coals" layername="timeline_0" frame="1" z_index="36" m_a="1.125248" m_b="0.205060" m_c="-0.166228" m_d="0.912162" m_tx="25.247887" m_ty="-16.576035"/>
   <element name="wood" layername="timeline_1" frame="0" z_index="35" m_a="0.996676" m_b="0.039023" m_c="-0.039052" m_d="0.997430" m_tx="7.665794" m_ty="-203.111191"/>
   <element name="pot" layername="timeline_2" frame="0" z_index="34" m_a="1.199278" m_b="-0.027248" m_c="0.027248" m_d="1.199278" m_tx="31.252609" m_ty="-511.468292"/>
   <element name="lid" layername="timeline_3" frame="0" z_index="33" m_a="0.999093" m_b="-0.029670" m_c="0.029670" m_d="0.999093" m_tx="33.895119" m_ty="-565.049377"/>
  </frame>
  <frame idx="325" w="561" h="1180" x="7.665794" y="-565.049377">
   <element name="coals" layername="timeline_0" frame="1" z_index="36" m_a="1.125248" m_b="0.205060" m_c="-0.166228" m_d="0.912162" m_tx="25.247887" m_ty="-16.576035"/>
   <element name="wood" layername="timeline_1" frame="0" z_index="35" m_a="0.996676" m_b="0.039023" m_c="-0.039052" m_d="0.997430" m_tx="7.665794" m_ty="-203.111191"/>
   <element name="pot" layername="timeline_2" frame="0" z_index="34" m_a="1.199278" m_b="-0.027248" m_c="0.027248" m_d="1.199278" m_tx="31.252609" m_ty="-511.468292"/>
   <element name="lid" layername="timeline_3" frame="0" z_index="33" m_a="0.999093" m_b="-0.029670" m_c="0.029670" m_d="0.999093" m_tx="33.895119" m_ty="-565.049377"/>
  </frame>
 </anim>
 <anim name="hit_empty" root="kettle" numframes="350" framerate="40">
  <frame idx="0" w="561" h="1180" x="7.665794" y="-565.049377">
   <element name="coals" layername="timeline_0" frame="0" z_index="36" m_a="1.125248" m_b="0.205060" m_c="-0.166228" m_d="0.912162" m_tx="25.247887" m_ty="-16.576035"/>
   <element name="wood" layername="timeline_1" frame="0" z_index="35" m_a="0.996676" m_b="0.039023" m_c="-0.039052" m_d="0.997430" m_tx="7.665794" m_ty="-203.111191"/>
   <element name="pot" layername="timeline_2" frame="0" z_index="34" m_a="1.199278" m_b="-0.027248" m_c="0.027248" m_d="1.199278" m_tx="31.252609" m_ty="-511.468292"/>
   <element name="lid" layername="timeline_3" frame="0" z_index="33" m_a="0.999093" m_b="-0.029670" m_c="0.029670" m_d="0.999093" m_tx="33.895119" m_ty="-565.049377"/>
  </frame>
  <frame idx="25" w="565" h="1013" x="7.578636" y="-515.251038">
   <element name="coals" layername="timeline_0" frame="0" z_index="36" m_a="1.125248" m_b="0.205060" m_c="-0.166228" m_d="0.912162" m_tx="25.247887" m_ty="-16.576035"/>
   <element name="wood" layername="timeline_1" frame="0" z_index="35" m_a="0.996676" m_b="0.039023" m_c="-0.031255" m_d="0.798274" m_tx="7.578636" m_ty="-206.692719"/>
   <element name="pot" layername="timeline_2" frame="0" z_index="34" m_a="1.199278" m_b="-0.027248" m_c="0.018391" m_d="0.809461" m_tx="30.331951" m_ty="-436.428528"/>
   <element name="lid" layername="timeline_3" frame="0" z_index="33" m_a="0.999093" m_b="-0.029670" m_c="0.019819" m_d="0.667395" m_tx="28.141418" m_ty="-515.251038"/>
  </frame>
  <frame idx="50" w="566" h="1074" x="15.531174" y="-597.535400">
   <element name="coals" layername="timeline_0" frame="0" z_index="36" m_a="1.125248" m_b="0.205060" m_c="-0.166228" m_d="0.912162" m_tx="32.803967" m_ty="-58.134476"/>
   <element name="wood" layername="timeline_1" frame="0" z_index="35" m_a="0.996676" m_b="0.039023" m_c="-0.029311" m_d="0.748631" m_tx="15.531174" m_ty="-169.454239"/>
   <element name="pot" layername="timeline_2" frame="0" z_index="34" m_a="1.199278" m_b="-0.027248" m_c="0.024415" m_d="1.074582" m_tx="29.796667" m_ty="-411.452972"/>
   <element name="lid" layername="timeline_3" frame="0" z_index="33" m_a="0.999093" m_b="-0.029670" m_c="0.022768" m_d="0.766703" m_tx="36.790447" m_ty="-597.535400"/>
  </frame>
  <frame idx="75" w="566" h="1194" x="21.359215" y="-688.583435">
   <element name="coals" layername="timeline_0" frame="0" z_index="36" m_a="1.125248" m_b="0.205060" m_c="-0.166228" m_d="0.912162" m_tx="37.054260" m_ty="-81.511101"/>
   <element name="wood" layername="timeline_1" frame="0" z_index="35" m_a="0.996676" m_b="0.039023" m_c="-0.030811" m_d="0.786942" m_tx="21.359215" m_ty="-133.855865"/>
   <element name="pot" layername="timeline_2" frame="0" z_index="34" m_a="1.199278" m_b="-0.027248" m_c="0.032517" m_d="1.431173" m_tx="38.709568" m_ty="-435.271149"/>
   <element name="lid" layername="timeline_3" frame="0" z_index="33" m_a="0.999093" m_b="-0.029670" m_c="0.029670" m_d="0.999093" m_tx="45.032471" m_ty="-688.583435"/>
  </frame>
  <frame idx="100" w="564" h="1164" x="13.062759" y="-640.374023">
   <element name="coals" layername="timeline_0" frame="0" z_index="36" m_a="1.125248" m_b="0.205060" m_c="-0.166228" m_d="0.912162" m_tx="25.247887" m_ty="-16.576035"/>
   <element name="wood" layername="timeline_1" frame="0" z_index="35" m_a="0.996676" m_b="0.039023" m_c="-0.032632" m_d="0.833438" m_tx="13.062759" m_ty="-150.535492"/>
   <element name="pot" layername="timeline_2" frame="0" z_index="34" m_a="1.199278" m_b="-0.027248" m_c="0.027248" m_d="1.199278" m_tx="37.746117" m_ty="-449.130615"/>
   <element name="lid" layername="timeline_3" frame="0" z_index="33" m_a="0.999093" m_b="-0.029670" m_c="0.029670" m_d="0.999093" m_tx="35.193821" m_ty="-640.374023"/>
  </frame>
  <frame idx="125" w="562" h="1176" x="9.094398" y="-584.988281">
   <element name="coals" layername="timeline_0" frame="0" z_index="36" m_a="1.125248" m_b="0.205060" m_c="-0.166228" m_d="0.912162" m_tx="25.247887" m_ty="-16.576035"/>
   <element name="wood" layername="timeline_1" frame="0" z_index="35" m_a="0.996676" m_b="0.039023" m_c="-0.037353" m_d="0.954020" m_tx="9.094398" m_ty="-189.194077"/>
   <element name="pot" layername="timeline_2" frame="0" z_index="34" m_a="1.199278" m_b="-0.027248" m_c="0.027248" m_d="1.199278" m_tx="32.971478" m_ty="-494.967133"/>
   <element name="lid" layername="timeline_3" frame="0" z_index="33" m_a="0.999093" m_b="-0.029670" m_c="0.029670" m_d="0.999093" m_tx="34.238892" m_ty="-584.988281"/>
  </frame>
  <frame idx="150" w="561" h="1216" x="7.665794" y="-601.917114">
   <element name="coals" layername="timeline_0" frame="0" z_index="36" m_a="1.125248" m_b="0.205060" m_c="-0.166228" m_d="0.912162" m_tx="23.358864" m_ty="-39.873947"/>
   <element name="wood" layername="timeline_1" frame="0" z_index="35" m_a="0.996676" m_b="0.039023" m_c="-0.039052" m_d="0.997430" m_tx="7.665794" m_ty="-218.853012"/>
   <element name="pot" layername="timeline_2" frame="0" z_index="34" m_a="1.197246" m_b="-0.074929" m_c="0.074929" m_d="1.197246" m_tx="27.301369" m_ty="-526.302002"/>
   <element name="lid" layername="timeline_3" frame="0" z_index="33" m_a="0.999477" m_b="0.010617" m_c="-0.010617" m_d="0.999477" m_tx="30.021046" m_ty="-601.917114"/>
  </frame>
  <frame idx="175" w="562" h="1217" x="6.424370" y="-645.131958">
   <element name="coals" layername="timeline_0" frame="0" z_index="36" m_a="1.125248" m_b="0.205060" m_c="-0.166228" m_d="0.912162" m_tx="21.036945" m_ty="-68.406021"/>
   <element name="wood" layername="timeline_1" frame="0" z_index="33" m_a="0.996676" m_b="0.039023" m_c="-0.036282" m_d="0.926670" m_tx="6.424370" m_ty="-232.913849"/>
   <element name="pot" layername="timeline_2" frame="0" z_index="35" m_a="1.195269" m_b="-0.101701" m_c="0.101701" m_d="1.195269" m_tx="24.139194" m_ty="-525.197876"/>
   <element name="lid" layername="timeline_3" frame="0" z_index="34" m_a="0.993713" m_b="0.107703" m_c="-0.107703" m_d="0.993713" m_tx="28.247322" m_ty="-645.131958"/>
  </frame>
  <frame idx="200" w="567" h="1096" x="2.544914" y="-657.817688">
   <element name="coals" layername="timeline_0" frame="0" z_index="36" m_a="1.125248" m_b="0.205060" m_c="-0.166228" m_d="0.912162" m_tx="20.053082" m_ty="-80.212402"/>
   <element name="wood" layername="timeline_1" frame="0" z_index="35" m_a="0.996676" m_b="0.039023" m_c="-0.027624" m_d="0.705547" m_tx="2.544914" m_ty="-224.586197"/>
   <element name="pot" layername="timeline_2" frame="0" z_index="34" m_a="1.199278" m_b="-0.027248" m_c="0.027248" m_d="1.199278" m_tx="27.356506" m_ty="-472.507233"/>
   <element name="lid" layername="timeline_3" frame="0" z_index="33" m_a="0.961072" m_b="0.274602" m_c="-0.274602" m_d="0.961072" m_tx="35.480759" m_ty="-657.817688"/>
  </frame>
  <frame idx="225" w="562" h="1158" x="6.310272" y="-589.576782">
   <element name="coals" layername="timeline_0" frame="0" z_index="36" m_a="1.125248" m_b="0.205060" m_c="-0.166228" m_d="0.912162" m_tx="23.872791" m_ty="-33.420956"/>
   <element name="wood" layername="timeline_1" frame="0" z_index="35" m_a="0.996676" m_b="0.039023" m_c="-0.036027" m_d="0.920167" m_tx="6.310272" m_ty="-208.795746"/>
   <element name="pot" layername="timeline_2" frame="0" z_index="34" m_a="1.199278" m_b="-0.027248" m_c="0.027248" m_d="1.199278" m_tx="30.221287" m_ty="-501.155060"/>
   <element name="lid" layername="timeline_3" frame="0" z_index="33" m_a="0.998190" m_b="0.051793" m_c="-0.051793" m_d="0.998190" m_tx="34.376732" m_ty="-589.576782"/>
  </frame>
  <frame idx="250" w="561" h="1180" x="7.665794" y="-565.049377">
   <element name="coals" layername="timeline_0" frame="0" z_index="36" m_a="1.125248" m_b="0.205060" m_c="-0.166228" m_d="0.912162" m_tx="25.247887" m_ty="-16.576035"/>
   <element name="wood" layername="timeline_1" frame="0" z_index="35" m_a="0.996676" m_b="0.039023" m_c="-0.039052" m_d="0.997430" m_tx="7.665794" m_ty="-203.111191"/>
   <element name="pot" layername="timeline_2" frame="0" z_index="34" m_a="1.199278" m_b="-0.027248" m_c="0.027248" m_d="1.199278" m_tx="31.252609" m_ty="-511.468292"/>
   <element name="lid" layername="timeline_3" frame="0" z_index="33" m_a="0.999093" m_b="-0.029670" m_c="0.029670" m_d="0.999093" m_tx="33.895119" m_ty="-565.049377"/>
  </frame>
  <frame idx="275" w="561" h="1180" x="7.665794" y="-565.049377">
   <element name="coals" layername="timeline_0" frame="0" z_index="36" m_a="1.125248" m_b="0.205060" m_c="-0.166228" m_d="0.912162" m_tx="25.247887" m_ty="-16.576035"/>
   <element name="wood" layername="timeline_1" frame="0" z_index="35" m_a="0.996676" m_b="0.039023" m_c="-0.039052" m_d="0.997430" m_tx="7.665794" m_ty="-203.111191"/>
   <element name="pot" layername="timeline_2" frame="0" z_index="34" m_a="1.199278" m_b="-0.027248" m_c="0.027248" m_d="1.199278" m_tx="31.252609" m_ty="-511.468292"/>
   <element name="lid" layername="timeline_3" frame="0" z_index="33" m_a="0.999093" m_b="-0.029670" m_c="0.029670" m_d="0.999093" m_tx="33.895119" m_ty="-565.049377"/>
  </frame>
  <frame idx="300" w="561" h="1180" x="7.665794" y="-565.049377">
   <element name="coals" layername="timeline_0" frame="0" z_index="36" m_a="1.125248" m_b="0.205060" m_c="-0.166228" m_d="0.912162" m_tx="25.247887" m_ty="-16.576035"/>
   <element name="wood" layername="timeline_1" frame="0" z_index="35" m_a="0.996676" m_b="0.039023" m_c="-0.039052" m_d="0.997430" m_tx="7.665794" m_ty="-203.111191"/>
   <element name="pot" layername="timeline_2" frame="0" z_index="34" m_a="1.199278" m_b="-0.027248" m_c="0.027248" m_d="1.199278" m_tx="31.252609" m_ty="-511.468292"/>
   <element name="lid" layername="timeline_3" frame="0" z_index="33" m_a="0.999093" m_b="-0.029670" m_c="0.029670" m_d="0.999093" m_tx="33.895119" m_ty="-565.049377"/>
  </frame>
  <frame idx="325" w="561" h="1180" x="7.665794" y="-565.049377">
   <element name="coals" layername="timeline_0" frame="0" z_index="36" m_a="1.125248" m_b="0.205060" m_c="-0.166228" m_d="0.912162" m_tx="25.247887" m_ty="-16.576035"/>
   <element name="wood" layername="timeline_1" frame="0" z_index="35" m_a="0.996676" m_b="0.039023" m_c="-0.039052" m_d="0.997430" m_tx="7.665794" m_ty="-203.111191"/>
   <element name="pot" layername="timeline_2" frame="0" z_index="34" m_a="1.199278" m_b="-0.027248" m_c="0.027248" m_d="1.199278" m_tx="31.252609" m_ty="-511.468292"/>
   <element name="lid" layername="timeline_3" frame="0" z_index="33" m_a="0.999093" m_b="-0.029670" m_c="0.029670" m_d="0.999093" m_tx="33.895119" m_ty="-565.049377"/>
  </frame>
 </anim>
 <anim name="idle_empty" root="kettle" numframes="25" framerate="40">
  <frame idx="0" w="561" h="1180" x="7.665794" y="-565.049377">
   <element name="coals" layername="timeline_0" frame="0" z_index="36" m_a="1.125248" m_b="0.205060" m_c="-0.166228" m_d="0.912162" m_tx="25.247887" m_ty="-16.576035"/>
   <element name="wood" layername="timeline_1" frame="0" z_index="35" m_a="0.996676" m_b="0.039023" m_c="-0.039052" m_d="0.997430" m_tx="7.665794" m_ty="-203.111191"/>
   <element name="pot" layername="timeline_2" frame="0" z_index="34" m_a="1.199278" m_b="-0.027248" m_c="0.027248" m_d="1.199278" m_tx="31.252609" m_ty="-511.468292"/>
   <element name="lid" layername="timeline_3" frame="0" z_index="33" m_a="0.999093" m_b="-0.029670" m_c="0.029670" m_d="0.999093" m_tx="33.895119" m_ty="-565.049377"/>
  </frame>
 </anim>
 <anim name="idle_full" root="kettle" numframes="25" framerate="40">
  <frame idx="0" w="561" h="1123" x="7.665794" y="-508.798859">
   <element name="coals" layername="timeline_0" frame="0" z_index="36" m_a="1.125248" m_b="0.205060" m_c="-0.166228" m_d="0.912162" m_tx="25.247887" m_ty="-16.576035"/>
   <element name="wood" layername="timeline_1" frame="0" z_index="35" m_a="0.996676" m_b="0.039023" m_c="-0.039052" m_d="0.997430" m_tx="7.665794" m_ty="-203.111191"/>
   <element name="pot" layername="timeline_2" frame="0" z_index="34" m_a="1.200000" m_b="0.000000" m_c="0.000000" m_d="1.200000" m_tx="26.414480" m_ty="-504.628326"/>
   <element name="pot" layername="timeline_3" frame="2" z_index="33" m_a="1.200000" m_b="0.000000" m_c="0.000000" m_d="1.200000" m_tx="31.609285" m_ty="-508.798859"/>
  </frame>
 </anim>
 <anim name="place" root="kettle" numframes="700" framerate="40">
  <frame idx="0" w="371" h="83" x="6.283514" y="46.535469">
   <element name="coals" layername="timeline_0" frame="0" z_index="36" m_a="1.143780" m_b="0.000000" m_c="0.000000" m_d="0.927185" m_tx="6.283514" m_ty="46.535469"/>
  </frame>
  <frame idx="25" w="371" h="99" x="2.406794" y="26.182686">
   <element name="coals" layername="timeline_0" frame="0" z_index="36" m_a="1.143780" m_b="0.000000" m_c="0.000000" m_d="0.927185" m_tx="2.406794" m_ty="26.182686"/>
  </frame>
  <frame idx="50" w="380" h="190" x="-10.096130" y="5.829906">
   <element name="coals" layername="timeline_0" frame="0" z_index="36" m_a="1.143780" m_b="0.000000" m_c="0.000000" m_d="0.927185" m_tx="-1.469927" m_ty="5.829906"/>
   <element name="wood" layername="timeline_1" frame="0" z_index="35" m_a="0.490998" m_b="0.000000" m_c="0.000000" m_d="0.351446" m_tx="-10.096130" m_ty="39.337311"/>
  </frame>
  <frame idx="75" w="527" h="598" x="-4.106096" y="-100.630402">
   <element name="coals" layername="timeline_0" frame="0" z_index="36" m_a="1.143780" m_b="0.000000" m_c="0.000000" m_d="0.927185" m_tx="-4.106096" m_ty="-8.009987"/>
   <element name="wood" layername="timeline_2" frame="0" z_index="35" m_a="0.930236" m_b="0.036421" m_c="-0.032044" m_d="0.818443" m_tx="-3.283199" m_ty="-100.630402"/>
  </frame>
  <frame idx="100" w="552" h="1041" x="-4.106096" y="-248.323364">
   <element name="coals" layername="timeline_0" frame="0" z_index="36" m_a="1.143780" m_b="0.000000" m_c="0.000000" m_d="0.927185" m_tx="-4.106096" m_ty="-8.009987"/>
   <element name="wood" layername="timeline_2" frame="0" z_index="35" m_a="0.969158" m_b="0.037945" m_c="-0.050828" m_d="1.298194" m_tx="10.539673" m_ty="-248.323364"/>
  </frame>
  <frame idx="125" w="567" h="877" x="-4.106096" y="-215.079132">
   <element name="coals" layername="timeline_0" frame="0" z_index="36" m_a="1.143780" m_b="0.000000" m_c="0.000000" m_d="0.927185" m_tx="-4.106096" m_ty="-8.009987"/>
   <element name="wood" layername="timeline_2" frame="0" z_index="35" m_a="0.989392" m_b="0.038738" m_c="-0.042169" m_d="1.077044" m_tx="8.426521" m_ty="-215.079132"/>
  </frame>
  <frame idx="150" w="572" h="818" x="-4.106096" y="-203.111191">
   <element name="coals" layername="timeline_0" frame="0" z_index="36" m_a="1.143780" m_b="0.000000" m_c="0.000000" m_d="0.927185" m_tx="-4.106096" m_ty="-8.009987"/>
   <element name="wood" layername="timeline_2" frame="0" z_index="35" m_a="0.996676" m_b="0.039023" m_c="-0.039052" m_d="0.997430" m_tx="7.665794" m_ty="-203.111191"/>
  </frame>
  <frame idx="175" w="572" h="1078" x="-4.106096" y="-463.201630">
   <element name="coals" layername="timeline_0" frame="0" z_index="36" m_a="1.143780" m_b="0.000000" m_c="0.000000" m_d="0.927185" m_tx="-4.106096" m_ty="-8.009987"/>
   <element name="wood" layername="timeline_2" frame="0" z_index="35" m_a="0.996676" m_b="0.039023" m_c="-0.039052" m_d="0.997430" m_tx="7.665794" m_ty="-203.111191"/>
   <element name="pot" layername="timeline_4" frame="0" z_index="34" m_a="1.000222" m_b="0.000000" m_c="0.000000" m_d="0.558175" m_tx="26.791653" m_ty="-463.201630"/>
  </frame>
  <frame idx="200" w="572" h="818" x="-4.106096" y="-203.111191">
   <element name="coals" layername="timeline_0" frame="0" z_index="36" m_a="1.143780" m_b="0.000000" m_c="0.000000" m_d="0.927185" m_tx="-4.106096" m_ty="-8.009987"/>
   <element name="wood" layername="timeline_2" frame="0" z_index="35" m_a="0.996676" m_b="0.039023" m_c="-0.039052" m_d="0.997430" m_tx="7.665794" m_ty="-203.111191"/>
  </frame>
  <frame idx="225" w="572" h="818" x="-4.106096" y="-203.111191">
   <element name="coals" layername="timeline_0" frame="0" z_index="36" m_a="1.143780" m_b="0.000000" m_c="0.000000" m_d="0.927185" m_tx="-4.106096" m_ty="-8.009987"/>
   <element name="wood" layername="timeline_2" frame="0" z_index="35" m_a="0.996676" m_b="0.039023" m_c="-0.039052" m_d="0.997430" m_tx="7.665794" m_ty="-203.111191"/>
  </frame>
  <frame idx="250" w="572" h="1135" x="-4.106096" y="-520.253601">
   <element name="coals" layername="timeline_0" frame="0" z_index="36" m_a="1.143780" m_b="0.000000" m_c="0.000000" m_d="0.927185" m_tx="-4.106096" m_ty="-8.009987"/>
   <element name="wood" layername="timeline_2" frame="0" z_index="35" m_a="0.996676" m_b="0.039023" m_c="-0.039052" m_d="0.997430" m_tx="7.665794" m_ty="-203.111191"/>
   <element name="pot" layername="timeline_5" frame="0" z_index="34" m_a="1.230199" m_b="0.000000" m_c="0.000000" m_d="1.373055" m_tx="33.445004" m_ty="-520.253601"/>
  </frame>
  <frame idx="275" w="572" h="1115" x="-4.106096" y="-500.535095">
   <element name="coals" layername="timeline_0" frame="0" z_index="36" m_a="1.143780" m_b="0.000000" m_c="0.000000" m_d="0.927185" m_tx="-4.106096" m_ty="-8.009987"/>
   <element name="wood" layername="timeline_2" frame="0" z_index="35" m_a="0.996676" m_b="0.039023" m_c="-0.039052" m_d="0.997430" m_tx="7.665794" m_ty="-203.111191"/>
   <element name="pot" layername="timeline_5" frame="0" z_index="34" m_a="1.200000" m_b="0.000000" m_c="0.000000" m_d="1.098342" m_tx="31.609285" m_ty="-500.535095"/>
  </frame>
  <frame idx="300" w="572" h="1128" x="-4.106096" y="-513.719238">
   <element name="coals" layername="timeline_0" frame="0" z_index="36" m_a="1.143780" m_b="0.000000" m_c="0.000000" m_d="0.927185" m_tx="-4.106096" m_ty="-8.009987"/>
   <element name="wood" layername="timeline_2" frame="0" z_index="35" m_a="0.996676" m_b="0.039023" m_c="-0.039052" m_d="0.997430" m_tx="7.665794" m_ty="-203.111191"/>
   <element name="pot" layername="timeline_5" frame="0" z_index="34" m_a="1.200000" m_b="0.000000" m_c="0.000000" m_d="1.200000" m_tx="31.609285" m_ty="-513.719238"/>
  </frame>
  <frame idx="325" w="572" h="1128" x="-4.106096" y="-513.719238">
   <element name="coals" layername="timeline_0" frame="0" z_index="36" m_a="1.143780" m_b="0.000000" m_c="0.000000" m_d="0.927185" m_tx="-4.106096" m_ty="-8.009987"/>
   <element name="wood" layername="timeline_2" frame="0" z_index="35" m_a="0.996676" m_b="0.039023" m_c="-0.039052" m_d="0.997430" m_tx="7.665794" m_ty="-203.111191"/>
   <element name="pot" layername="timeline_5" frame="0" z_index="34" m_a="1.200000" m_b="0.000000" m_c="0.000000" m_d="1.200000" m_tx="31.609285" m_ty="-513.719238"/>
  </frame>
  <frame idx="350" w="572" h="1128" x="-4.106096" y="-513.719238">
   <element name="coals" layername="timeline_0" frame="0" z_index="36" m_a="1.143780" m_b="0.000000" m_c="0.000000" m_d="0.927185" m_tx="-4.106096" m_ty="-8.009987"/>
   <element name="wood" layername="timeline_2" frame="0" z_index="35" m_a="0.996676" m_b="0.039023" m_c="-0.039052" m_d="0.997430" m_tx="7.665794" m_ty="-203.111191"/>
   <element name="pot" layername="timeline_5" frame="0" z_index="34" m_a="1.200000" m_b="0.000000" m_c="0.000000" m_d="1.200000" m_tx="31.609285" m_ty="-513.719238"/>
  </frame>
  <frame idx="375" w="572" h="1162" x="-4.106096" y="-547.047607">
   <element name="coals" layername="timeline_0" frame="0" z_index="36" m_a="1.143780" m_b="0.000000" m_c="0.000000" m_d="0.927185" m_tx="-4.106096" m_ty="-8.009987"/>
   <element name="wood" layername="timeline_2" frame="0" z_index="35" m_a="0.996676" m_b="0.039023" m_c="-0.039052" m_d="0.997430" m_tx="7.665794" m_ty="-203.111191"/>
   <element name="pot" layername="timeline_5" frame="0" z_index="34" m_a="1.200000" m_b="0.000000" m_c="0.000000" m_d="1.200000" m_tx="31.609285" m_ty="-513.719238"/>
   <element name="lid" layername="timeline_6" frame="0" z_index="33" m_a="0.528924" m_b="0.000000" m_c="0.000000" m_d="0.409849" m_tx="15.391042" m_ty="-547.047607"/>
  </frame>
  <frame idx="400" w="572" h="1201" x="-4.106096" y="-586.491272">
   <element name="coals" layername="timeline_0" frame="0" z_index="36" m_a="1.143780" m_b="0.000000" m_c="0.000000" m_d="0.927185" m_tx="-4.106096" m_ty="-8.009987"/>
   <element name="wood" layername="timeline_2" frame="0" z_index="35" m_a="0.996676" m_b="0.039023" m_c="-0.039052" m_d="0.997430" m_tx="7.665794" m_ty="-203.111191"/>
   <element name="pot" layername="timeline_5" frame="0" z_index="34" m_a="1.200000" m_b="0.000000" m_c="0.000000" m_d="1.200000" m_tx="31.609285" m_ty="-513.719238"/>
   <element name="lid" layername="timeline_7" frame="0" z_index="33" m_a="0.906704" m_b="0.000000" m_c="0.000000" m_d="0.767669" m_tx="25.830864" m_ty="-586.491272"/>
  </frame>
  <frame idx="425" w="572" h="1250" x="-4.106096" y="-635.633789">
   <element name="coals" layername="timeline_0" frame="0" z_index="36" m_a="1.143780" m_b="0.000000" m_c="0.000000" m_d="0.927185" m_tx="-4.106096" m_ty="-8.009987"/>
   <element name="wood" layername="timeline_2" frame="0" z_index="35" m_a="0.996676" m_b="0.039023" m_c="-0.039052" m_d="0.997430" m_tx="7.665794" m_ty="-203.111191"/>
   <element name="pot" layername="timeline_5" frame="0" z_index="34" m_a="1.200000" m_b="0.000000" m_c="0.000000" m_d="1.200000" m_tx="31.609285" m_ty="-513.719238"/>
   <element name="lid" layername="timeline_7" frame="0" z_index="33" m_a="1.055681" m_b="0.000000" m_c="0.000000" m_d="0.944518" m_tx="25.487862" m_ty="-635.633789"/>
  </frame>
  <frame idx="450" w="572" h="1247" x="-4.106096" y="-632.096680">
   <element name="coals" layername="timeline_0" frame="0" z_index="36" m_a="1.143780" m_b="0.000000" m_c="0.000000" m_d="0.927185" m_tx="-4.106096" m_ty="-8.009987"/>
   <element name="wood" layername="timeline_2" frame="0" z_index="35" m_a="0.996676" m_b="0.039023" m_c="-0.039052" m_d="0.997430" m_tx="7.665794" m_ty="-203.111191"/>
   <element name="pot" layername="timeline_5" frame="0" z_index="34" m_a="1.200000" m_b="0.000000" m_c="0.000000" m_d="1.200000" m_tx="31.609285" m_ty="-513.719238"/>
   <element name="lid" layername="timeline_7" frame="0" z_index="33" m_a="1.002148" m_b="0.000000" m_c="0.000000" m_d="0.965779" m_tx="24.866955" m_ty="-632.096680"/>
  </frame>
  <frame idx="475" w="572" h="1223" x="-4.106096" y="-608.749939">
   <element name="coals" layername="timeline_0" frame="0" z_index="36" m_a="1.143780" m_b="0.000000" m_c="0.000000" m_d="0.927185" m_tx="-4.106096" m_ty="-8.009987"/>
   <element name="wood" layername="timeline_2" frame="0" z_index="35" m_a="0.996676" m_b="0.039023" m_c="-0.039052" m_d="0.997430" m_tx="7.665794" m_ty="-203.111191"/>
   <element name="pot" layername="timeline_5" frame="0" z_index="34" m_a="1.200000" m_b="0.000000" m_c="0.000000" m_d="1.200000" m_tx="31.609285" m_ty="-513.719238"/>
   <element name="lid" layername="timeline_7" frame="0" z_index="33" m_a="0.888917" m_b="0.000000" m_c="0.000000" m_d="0.915469" m_tx="24.389683" m_ty="-608.749939"/>
  </frame>
  <frame idx="500" w="572" h="1180" x="-4.106096" y="-565.049377">
   <element name="coals" layername="timeline_0" frame="0" z_index="36" m_a="1.143780" m_b="0.000000" m_c="0.000000" m_d="0.927185" m_tx="-4.106096" m_ty="-8.009987"/>
   <element name="wood" layername="timeline_2" frame="0" z_index="35" m_a="0.996676" m_b="0.039023" m_c="-0.039052" m_d="0.997430" m_tx="7.665794" m_ty="-203.111191"/>
   <element name="lid" layername="timeline_3" frame="0" z_index="33" m_a="0.999093" m_b="-0.029670" m_c="0.029670" m_d="0.999093" m_tx="33.895119" m_ty="-565.049377"/>
   <element name="pot" layername="timeline_5" frame="0" z_index="34" m_a="1.200000" m_b="0.000000" m_c="0.000000" m_d="1.200000" m_tx="31.609285" m_ty="-513.719238"/>
  </frame>
  <frame idx="525" w="572" h="1180" x="-4.106096" y="-565.049377">
   <element name="coals" layername="timeline_0" frame="0" z_index="36" m_a="1.143780" m_b="0.000000" m_c="0.000000" m_d="0.927185" m_tx="-4.106096" m_ty="-8.009987"/>
   <element name="wood" layername="timeline_2" frame="0" z_index="35" m_a="0.996676" m_b="0.039023" m_c="-0.039052" m_d="0.997430" m_tx="7.665794" m_ty="-203.111191"/>
   <element name="lid" layername="timeline_3" frame="0" z_index="33" m_a="0.999093" m_b="-0.029670" m_c="0.029670" m_d="0.999093" m_tx="33.895119" m_ty="-565.049377"/>
   <element name="pot" layername="timeline_5" frame="0" z_index="34" m_a="1.200000" m_b="0.000000" m_c="0.000000" m_d="1.200000" m_tx="31.609285" m_ty="-513.719238"/>
  </frame>
  <frame idx="550" w="572" h="1180" x="-4.106096" y="-565.049377">
   <element name="coals" layername="timeline_0" frame="0" z_index="36" m_a="1.143780" m_b="0.000000" m_c="0.000000" m_d="0.927185" m_tx="-4.106096" m_ty="-8.009987"/>
   <element name="wood" layername="timeline_2" frame="0" z_index="35" m_a="0.996676" m_b="0.039023" m_c="-0.039052" m_d="0.997430" m_tx="7.665794" m_ty="-203.111191"/>
   <element name="lid" layername="timeline_3" frame="0" z_index="33" m_a="0.999093" m_b="-0.029670" m_c="0.029670" m_d="0.999093" m_tx="33.895119" m_ty="-565.049377"/>
   <element name="pot" layername="timeline_5" frame="0" z_index="34" m_a="1.200000" m_b="0.000000" m_c="0.000000" m_d="1.200000" m_tx="31.609285" m_ty="-513.719238"/>
  </frame>
  <frame idx="575" w="572" h="1180" x="-4.106096" y="-565.049377">
   <element name="coals" layername="timeline_0" frame="0" z_index="36" m_a="1.143780" m_b="0.000000" m_c="0.000000" m_d="0.927185" m_tx="-4.106096" m_ty="-8.009987"/>
   <element name="wood" layername="timeline_2" frame="0" z_index="35" m_a="0.996676" m_b="0.039023" m_c="-0.039052" m_d="0.997430" m_tx="7.665794" m_ty="-203.111191"/>
   <element name="lid" layername="timeline_3" frame="0" z_index="33" m_a="0.999093" m_b="-0.029670" m_c="0.029670" m_d="0.999093" m_tx="33.895119" m_ty="-565.049377"/>
   <element name="pot" layername="timeline_5" frame="0" z_index="34" m_a="1.200000" m_b="0.000000" m_c="0.000000" m_d="1.200000" m_tx="31.609285" m_ty="-513.719238"/>
  </frame>
  <frame idx="600" w="572" h="1180" x="-4.106096" y="-565.049377">
   <element name="coals" layername="timeline_0" frame="0" z_index="36" m_a="1.143780" m_b="0.000000" m_c="0.000000" m_d="0.927185" m_tx="-4.106096" m_ty="-8.009987"/>
   <element name="wood" layername="timeline_2" frame="0" z_index="35" m_a="0.996676" m_b="0.039023" m_c="-0.039052" m_d="0.997430" m_tx="7.665794" m_ty="-203.111191"/>
   <element name="lid" layername="timeline_3" frame="0" z_index="33" m_a="0.999093" m_b="-0.029670" m_c="0.029670" m_d="0.999093" m_tx="33.895119" m_ty="-565.049377"/>
   <element name="pot" layername="timeline_5" frame="0" z_index="34" m_a="1.200000" m_b="0.000000" m_c="0.000000" m_d="1.200000" m_tx="31.609285" m_ty="-513.719238"/>
  </frame>
  <frame idx="625" w="572" h="1180" x="-4.106096" y="-565.049377">
   <element name="coals" layername="timeline_0" frame="0" z_index="36" m_a="1.143780" m_b="0.000000" m_c="0.000000" m_d="0.927185" m_tx="-4.106096" m_ty="-8.009987"/>
   <element name="wood" layername="timeline_2" frame="0" z_index="35" m_a="0.996676" m_b="0.039023" m_c="-0.039052" m_d="0.997430" m_tx="7.665794" m_ty="-203.111191"/>
   <element name="lid" layername="timeline_3" frame="0" z_index="33" m_a="0.999093" m_b="-0.029670" m_c="0.029670" m_d="0.999093" m_tx="33.895119" m_ty="-565.049377"/>
   <element name="pot" layername="timeline_5" frame="0" z_index="34" m_a="1.200000" m_b="0.000000" m_c="0.000000" m_d="1.200000" m_tx="31.609285" m_ty="-513.719238"/>
  </frame>
  <frame idx="650" w="572" h="1180" x="-4.106096" y="-565.049377">
   <element name="coals" layername="timeline_0" frame="0" z_index="36" m_a="1.143780" m_b="0.000000" m_c="0.000000" m_d="0.927185" m_tx="-4.106096" m_ty="-8.009987"/>
   <element name="wood" layername="timeline_2" frame="0" z_index="35" m_a="0.996676" m_b="0.039023" m_c="-0.039052" m_d="0.997430" m_tx="7.665794" m_ty="-203.111191"/>
   <element name="lid" layername="timeline_3" frame="0" z_index="33" m_a="0.999093" m_b="-0.029670" m_c="0.029670" m_d="0.999093" m_tx="33.895119" m_ty="-565.049377"/>
   <element name="pot" layername="timeline_5" frame="0" z_index="34" m_a="1.200000" m_b="0.000000" m_c="0.000000" m_d="1.200000" m_tx="31.609285" m_ty="-513.719238"/>
  </frame>
  <frame idx="675" w="572" h="1180" x="-4.106096" y="-565.049377">
   <element name="coals" layername="timeline_0" frame="0" z_index="36" m_a="1.143780" m_b="0.000000" m_c="0.000000" m_d="0.927185" m_tx="-4.106096" m_ty="-8.009987"/>
   <element name="wood" layername="timeline_2" frame="0" z_index="35" m_a="0.996676" m_b="0.039023" m_c="-0.039052" m_d="0.997430" m_tx="7.665794" m_ty="-203.111191"/>
   <element name="lid" layername="timeline_3" frame="0" z_index="33" m_a="0.999093" m_b="-0.029670" m_c="0.029670" m_d="0.999093" m_tx="33.895119" m_ty="-565.049377"/>
   <element name="pot" layername="timeline_5" frame="0" z_index="34" m_a="1.200000" m_b="0.000000" m_c="0.000000" m_d="1.200000" m_tx="31.609285" m_ty="-513.719238"/>
  </frame>
 </anim>
</Anims>
