<Anims>
 <anim name="idle_off" root="kettle" numframes="1000" framerate="40">
  <frame idx="0" w="429" h="1297" x="10.662308" y="-587.323547">
   <element name="symbol0" layername="timeline_0" frame="0" z_index="6" m_a="1.000000" m_b="0.000000" m_c="0.000000" m_d="1.000000" m_tx="10.662308" m_ty="-287.383972"/>
   <element name="symbol0" layername="timeline_1" frame="1" z_index="5" m_a="1.000000" m_b="0.000000" m_c="0.000000" m_d="1.000000" m_tx="46.088234" m_ty="-587.323547"/>
  </frame>
  <frame idx="25" w="429" h="1297" x="10.662308" y="-587.323547">
   <element name="symbol0" layername="timeline_0" frame="0" z_index="6" m_a="1.000000" m_b="0.000000" m_c="0.000000" m_d="1.000000" m_tx="10.662308" m_ty="-287.383972"/>
   <element name="symbol0" layername="timeline_1" frame="1" z_index="5" m_a="1.000000" m_b="0.000000" m_c="0.000000" m_d="1.000000" m_tx="46.088234" m_ty="-587.323547"/>
  </frame>
  <frame idx="50" w="429" h="1297" x="10.662308" y="-587.323547">
   <element name="symbol0" layername="timeline_0" frame="0" z_index="6" m_a="1.000000" m_b="0.000000" m_c="0.000000" m_d="1.000000" m_tx="10.662308" m_ty="-287.383972"/>
   <element name="symbol0" layername="timeline_1" frame="1" z_index="5" m_a="1.000000" m_b="0.000000" m_c="0.000000" m_d="1.000000" m_tx="46.088234" m_ty="-587.323547"/>
  </frame>
  <frame idx="75" w="429" h="1297" x="10.662308" y="-587.323547">
   <element name="symbol0" layername="timeline_0" frame="0" z_index="6" m_a="1.000000" m_b="0.000000" m_c="0.000000" m_d="1.000000" m_tx="10.662308" m_ty="-287.383972"/>
   <element name="symbol0" layername="timeline_1" frame="1" z_index="5" m_a="1.000000" m_b="0.000000" m_c="0.000000" m_d="1.000000" m_tx="46.088234" m_ty="-587.323547"/>
  </frame>
  <frame idx="100" w="429" h="1297" x="10.662308" y="-587.323547">
   <element name="symbol0" layername="timeline_0" frame="0" z_index="6" m_a="1.000000" m_b="0.000000" m_c="0.000000" m_d="1.000000" m_tx="10.662308" m_ty="-287.383972"/>
   <element name="symbol0" layername="timeline_1" frame="1" z_index="5" m_a="1.000000" m_b="0.000000" m_c="0.000000" m_d="1.000000" m_tx="46.088234" m_ty="-587.323547"/>
  </frame>
  <frame idx="125" w="429" h="1297" x="10.662308" y="-587.323547">
   <element name="symbol0" layername="timeline_0" frame="0" z_index="6" m_a="1.000000" m_b="0.000000" m_c="0.000000" m_d="1.000000" m_tx="10.662308" m_ty="-287.383972"/>
   <element name="symbol0" layername="timeline_1" frame="1" z_index="5" m_a="1.000000" m_b="0.000000" m_c="0.000000" m_d="1.000000" m_tx="46.088234" m_ty="-587.323547"/>
  </frame>
  <frame idx="150" w="429" h="1297" x="10.662308" y="-587.323547">
   <element name="symbol0" layername="timeline_0" frame="0" z_index="6" m_a="1.000000" m_b="0.000000" m_c="0.000000" m_d="1.000000" m_tx="10.662308" m_ty="-287.383972"/>
   <element name="symbol0" layername="timeline_1" frame="1" z_index="5" m_a="1.000000" m_b="0.000000" m_c="0.000000" m_d="1.000000" m_tx="46.088234" m_ty="-587.323547"/>
  </frame>
  <frame idx="175" w="429" h="1297" x="10.662308" y="-587.323547">
   <element name="symbol0" layername="timeline_0" frame="0" z_index="6" m_a="1.000000" m_b="0.000000" m_c="0.000000" m_d="1.000000" m_tx="10.662308" m_ty="-287.383972"/>
   <element name="symbol0" layername="timeline_1" frame="1" z_index="5" m_a="1.000000" m_b="0.000000" m_c="0.000000" m_d="1.000000" m_tx="46.088234" m_ty="-587.323547"/>
  </frame>
  <frame idx="200" w="429" h="1297" x="10.662308" y="-587.323547">
   <element name="symbol0" layername="timeline_0" frame="0" z_index="6" m_a="1.000000" m_b="0.000000" m_c="0.000000" m_d="1.000000" m_tx="10.662308" m_ty="-287.383972"/>
   <element name="symbol0" layername="timeline_1" frame="1" z_index="5" m_a="1.000000" m_b="0.000000" m_c="0.000000" m_d="1.000000" m_tx="46.088234" m_ty="-587.323547"/>
  </frame>
  <frame idx="225" w="429" h="1297" x="10.662308" y="-587.323547">
   <element name="symbol0" layername="timeline_0" frame="0" z_index="6" m_a="1.000000" m_b="0.000000" m_c="0.000000" m_d="1.000000" m_tx="10.662308" m_ty="-287.383972"/>
   <element name="symbol0" layername="timeline_1" frame="1" z_index="5" m_a="1.000000" m_b="0.000000" m_c="0.000000" m_d="1.000000" m_tx="46.088234" m_ty="-587.323547"/>
  </frame>
  <frame idx="250" w="429" h="1297" x="10.662308" y="-587.323547">
   <element name="symbol0" layername="timeline_0" frame="0" z_index="6" m_a="1.000000" m_b="0.000000" m_c="0.000000" m_d="1.000000" m_tx="10.662308" m_ty="-287.383972"/>
   <element name="symbol0" layername="timeline_1" frame="1" z_index="5" m_a="1.000000" m_b="0.000000" m_c="0.000000" m_d="1.000000" m_tx="46.088234" m_ty="-587.323547"/>
  </frame>
  <frame idx="275" w="429" h="1297" x="10.662308" y="-587.323547">
   <element name="symbol0" layername="timeline_0" frame="0" z_index="6" m_a="1.000000" m_b="0.000000" m_c="0.000000" m_d="1.000000" m_tx="10.662308" m_ty="-287.383972"/>
   <element name="symbol0" layername="timeline_1" frame="1" z_index="5" m_a="1.000000" m_b="0.000000" m_c="0.000000" m_d="1.000000" m_tx="46.088234" m_ty="-587.323547"/>
  </frame>
  <frame idx="300" w="429" h="1297" x="10.662308" y="-587.323547">
   <element name="symbol0" layername="timeline_0" frame="0" z_index="6" m_a="1.000000" m_b="0.000000" m_c="0.000000" m_d="1.000000" m_tx="10.662308" m_ty="-287.383972"/>
   <element name="symbol0" layername="timeline_1" frame="1" z_index="5" m_a="1.000000" m_b="0.000000" m_c="0.000000" m_d="1.000000" m_tx="46.088234" m_ty="-587.323547"/>
  </frame>
  <frame idx="325" w="429" h="1297" x="10.662308" y="-587.323547">
   <element name="symbol0" layername="timeline_0" frame="0" z_index="6" m_a="1.000000" m_b="0.000000" m_c="0.000000" m_d="1.000000" m_tx="10.662308" m_ty="-287.383972"/>
   <element name="symbol0" layername="timeline_1" frame="1" z_index="5" m_a="1.000000" m_b="0.000000" m_c="0.000000" m_d="1.000000" m_tx="46.088234" m_ty="-587.323547"/>
  </frame>
  <frame idx="350" w="429" h="1297" x="10.662308" y="-587.323547">
   <element name="symbol0" layername="timeline_0" frame="0" z_index="6" m_a="1.000000" m_b="0.000000" m_c="0.000000" m_d="1.000000" m_tx="10.662308" m_ty="-287.383972"/>
   <element name="symbol0" layername="timeline_1" frame="1" z_index="5" m_a="1.000000" m_b="0.000000" m_c="0.000000" m_d="1.000000" m_tx="46.088234" m_ty="-587.323547"/>
  </frame>
  <frame idx="375" w="429" h="1297" x="10.662308" y="-587.323547">
   <element name="symbol0" layername="timeline_0" frame="0" z_index="6" m_a="1.000000" m_b="0.000000" m_c="0.000000" m_d="1.000000" m_tx="10.662308" m_ty="-287.383972"/>
   <element name="symbol0" layername="timeline_1" frame="1" z_index="5" m_a="1.000000" m_b="0.000000" m_c="0.000000" m_d="1.000000" m_tx="46.088234" m_ty="-587.323547"/>
  </frame>
  <frame idx="400" w="429" h="1297" x="10.662308" y="-587.323547">
   <element name="symbol0" layername="timeline_0" frame="0" z_index="6" m_a="1.000000" m_b="0.000000" m_c="0.000000" m_d="1.000000" m_tx="10.662308" m_ty="-287.383972"/>
   <element name="symbol0" layername="timeline_1" frame="1" z_index="5" m_a="1.000000" m_b="0.000000" m_c="0.000000" m_d="1.000000" m_tx="46.088234" m_ty="-587.323547"/>
  </frame>
  <frame idx="425" w="429" h="1297" x="10.662308" y="-587.323547">
   <element name="symbol0" layername="timeline_0" frame="0" z_index="6" m_a="1.000000" m_b="0.000000" m_c="0.000000" m_d="1.000000" m_tx="10.662308" m_ty="-287.383972"/>
   <element name="symbol0" layername="timeline_1" frame="1" z_index="5" m_a="1.000000" m_b="0.000000" m_c="0.000000" m_d="1.000000" m_tx="46.088234" m_ty="-587.323547"/>
  </frame>
  <frame idx="450" w="429" h="1297" x="10.662308" y="-587.323547">
   <element name="symbol0" layername="timeline_0" frame="0" z_index="6" m_a="1.000000" m_b="0.000000" m_c="0.000000" m_d="1.000000" m_tx="10.662308" m_ty="-287.383972"/>
   <element name="symbol0" layername="timeline_1" frame="1" z_index="5" m_a="1.000000" m_b="0.000000" m_c="0.000000" m_d="1.000000" m_tx="46.088234" m_ty="-587.323547"/>
  </frame>
  <frame idx="475" w="429" h="1297" x="10.662308" y="-587.323547">
   <element name="symbol0" layername="timeline_0" frame="0" z_index="6" m_a="1.000000" m_b="0.000000" m_c="0.000000" m_d="1.000000" m_tx="10.662308" m_ty="-287.383972"/>
   <element name="symbol0" layername="timeline_1" frame="1" z_index="5" m_a="1.000000" m_b="0.000000" m_c="0.000000" m_d="1.000000" m_tx="46.088234" m_ty="-587.323547"/>
  </frame>
  <frame idx="500" w="429" h="1297" x="10.662308" y="-587.323547">
   <element name="symbol0" layername="timeline_0" frame="0" z_index="6" m_a="1.000000" m_b="0.000000" m_c="0.000000" m_d="1.000000" m_tx="10.662308" m_ty="-287.383972"/>
   <element name="symbol0" layername="timeline_1" frame="1" z_index="5" m_a="1.000000" m_b="0.000000" m_c="0.000000" m_d="1.000000" m_tx="46.088234" m_ty="-587.323547"/>
  </frame>
  <frame idx="525" w="429" h="1297" x="10.662308" y="-587.323547">
   <element name="symbol0" layername="timeline_0" frame="0" z_index="6" m_a="1.000000" m_b="0.000000" m_c="0.000000" m_d="1.000000" m_tx="10.662308" m_ty="-287.383972"/>
   <element name="symbol0" layername="timeline_1" frame="1" z_index="5" m_a="1.000000" m_b="0.000000" m_c="0.000000" m_d="1.000000" m_tx="46.088234" m_ty="-587.323547"/>
  </frame>
  <frame idx="550" w="429" h="1297" x="10.662308" y="-587.323547">
   <element name="symbol0" layername="timeline_0" frame="0" z_index="6" m_a="1.000000" m_b="0.000000" m_c="0.000000" m_d="1.000000" m_tx="10.662308" m_ty="-287.383972"/>
   <element name="symbol0" layername="timeline_1" frame="1" z_index="5" m_a="1.000000" m_b="0.000000" m_c="0.000000" m_d="1.000000" m_tx="46.088234" m_ty="-587.323547"/>
  </frame>
  <frame idx="575" w="429" h="1297" x="10.662308" y="-587.323547">
   <element name="symbol0" layername="timeline_0" frame="0" z_index="6" m_a="1.000000" m_b="0.000000" m_c="0.000000" m_d="1.000000" m_tx="10.662308" m_ty="-287.383972"/>
   <element name="symbol0" layername="timeline_1" frame="1" z_index="5" m_a="1.000000" m_b="0.000000" m_c="0.000000" m_d="1.000000" m_tx="46.088234" m_ty="-587.323547"/>
  </frame>
  <frame idx="600" w="429" h="1297" x="10.662308" y="-587.323547">
   <element name="symbol0" layername="timeline_0" frame="0" z_index="6" m_a="1.000000" m_b="0.000000" m_c="0.000000" m_d="1.000000" m_tx="10.662308" m_ty="-287.383972"/>
   <element name="symbol0" layername="timeline_1" frame="1" z_index="5" m_a="1.000000" m_b="0.000000" m_c="0.000000" m_d="1.000000" m_tx="46.088234" m_ty="-587.323547"/>
  </frame>
  <frame idx="625" w="429" h="1297" x="10.662308" y="-587.323547">
   <element name="symbol0" layername="timeline_0" frame="0" z_index="6" m_a="1.000000" m_b="0.000000" m_c="0.000000" m_d="1.000000" m_tx="10.662308" m_ty="-287.383972"/>
   <element name="symbol0" layername="timeline_1" frame="1" z_index="5" m_a="1.000000" m_b="0.000000" m_c="0.000000" m_d="1.000000" m_tx="46.088234" m_ty="-587.323547"/>
  </frame>
  <frame idx="650" w="429" h="1297" x="10.662308" y="-587.323547">
   <element name="symbol0" layername="timeline_0" frame="0" z_index="6" m_a="1.000000" m_b="0.000000" m_c="0.000000" m_d="1.000000" m_tx="10.662308" m_ty="-287.383972"/>
   <element name="symbol0" layername="timeline_1" frame="1" z_index="5" m_a="1.000000" m_b="0.000000" m_c="0.000000" m_d="1.000000" m_tx="46.088234" m_ty="-587.323547"/>
  </frame>
  <frame idx="675" w="429" h="1297" x="10.662308" y="-587.323547">
   <element name="symbol0" layername="timeline_0" frame="0" z_index="6" m_a="1.000000" m_b="0.000000" m_c="0.000000" m_d="1.000000" m_tx="10.662308" m_ty="-287.383972"/>
   <element name="symbol0" layername="timeline_1" frame="1" z_index="5" m_a="1.000000" m_b="0.000000" m_c="0.000000" m_d="1.000000" m_tx="46.088234" m_ty="-587.323547"/>
  </frame>
  <frame idx="700" w="429" h="1297" x="10.662308" y="-587.323547">
   <element name="symbol0" layername="timeline_0" frame="0" z_index="6" m_a="1.000000" m_b="0.000000" m_c="0.000000" m_d="1.000000" m_tx="10.662308" m_ty="-287.383972"/>
   <element name="symbol0" layername="timeline_1" frame="1" z_index="5" m_a="1.000000" m_b="0.000000" m_c="0.000000" m_d="1.000000" m_tx="46.088234" m_ty="-587.323547"/>
  </frame>
  <frame idx="725" w="429" h="1297" x="10.662308" y="-587.323547">
   <element name="symbol0" layername="timeline_0" frame="0" z_index="6" m_a="1.000000" m_b="0.000000" m_c="0.000000" m_d="1.000000" m_tx="10.662308" m_ty="-287.383972"/>
   <element name="symbol0" layername="timeline_1" frame="1" z_index="5" m_a="1.000000" m_b="0.000000" m_c="0.000000" m_d="1.000000" m_tx="46.088234" m_ty="-587.323547"/>
  </frame>
  <frame idx="750" w="429" h="1297" x="10.662308" y="-587.323547">
   <element name="symbol0" layername="timeline_0" frame="0" z_index="6" m_a="1.000000" m_b="0.000000" m_c="0.000000" m_d="1.000000" m_tx="10.662308" m_ty="-287.383972"/>
   <element name="symbol0" layername="timeline_1" frame="1" z_index="5" m_a="1.000000" m_b="0.000000" m_c="0.000000" m_d="1.000000" m_tx="46.088234" m_ty="-587.323547"/>
  </frame>
  <frame idx="775" w="429" h="1297" x="10.662308" y="-587.323547">
   <element name="symbol0" layername="timeline_0" frame="0" z_index="6" m_a="1.000000" m_b="0.000000" m_c="0.000000" m_d="1.000000" m_tx="10.662308" m_ty="-287.383972"/>
   <element name="symbol0" layername="timeline_1" frame="1" z_index="5" m_a="1.000000" m_b="0.000000" m_c="0.000000" m_d="1.000000" m_tx="46.088234" m_ty="-587.323547"/>
  </frame>
  <frame idx="800" w="429" h="1297" x="10.662308" y="-587.323547">
   <element name="symbol0" layername="timeline_0" frame="0" z_index="6" m_a="1.000000" m_b="0.000000" m_c="0.000000" m_d="1.000000" m_tx="10.662308" m_ty="-287.383972"/>
   <element name="symbol0" layername="timeline_1" frame="1" z_index="5" m_a="1.000000" m_b="0.000000" m_c="0.000000" m_d="1.000000" m_tx="46.088234" m_ty="-587.323547"/>
  </frame>
  <frame idx="825" w="429" h="1297" x="10.662308" y="-587.323547">
   <element name="symbol0" layername="timeline_0" frame="0" z_index="6" m_a="1.000000" m_b="0.000000" m_c="0.000000" m_d="1.000000" m_tx="10.662308" m_ty="-287.383972"/>
   <element name="symbol0" layername="timeline_1" frame="1" z_index="5" m_a="1.000000" m_b="0.000000" m_c="0.000000" m_d="1.000000" m_tx="46.088234" m_ty="-587.323547"/>
  </frame>
  <frame idx="850" w="429" h="1297" x="10.662308" y="-587.323547">
   <element name="symbol0" layername="timeline_0" frame="0" z_index="6" m_a="1.000000" m_b="0.000000" m_c="0.000000" m_d="1.000000" m_tx="10.662308" m_ty="-287.383972"/>
   <element name="symbol0" layername="timeline_1" frame="1" z_index="5" m_a="1.000000" m_b="0.000000" m_c="0.000000" m_d="1.000000" m_tx="46.088234" m_ty="-587.323547"/>
  </frame>
  <frame idx="875" w="429" h="1297" x="10.662308" y="-587.323547">
   <element name="symbol0" layername="timeline_0" frame="0" z_index="6" m_a="1.000000" m_b="0.000000" m_c="0.000000" m_d="1.000000" m_tx="10.662308" m_ty="-287.383972"/>
   <element name="symbol0" layername="timeline_1" frame="1" z_index="5" m_a="1.000000" m_b="0.000000" m_c="0.000000" m_d="1.000000" m_tx="46.088234" m_ty="-587.323547"/>
  </frame>
  <frame idx="900" w="429" h="1297" x="10.662308" y="-587.323547">
   <element name="symbol0" layername="timeline_0" frame="0" z_index="6" m_a="1.000000" m_b="0.000000" m_c="0.000000" m_d="1.000000" m_tx="10.662308" m_ty="-287.383972"/>
   <element name="symbol0" layername="timeline_1" frame="1" z_index="5" m_a="1.000000" m_b="0.000000" m_c="0.000000" m_d="1.000000" m_tx="46.088234" m_ty="-587.323547"/>
  </frame>
  <frame idx="925" w="429" h="1297" x="10.662308" y="-587.323547">
   <element name="symbol0" layername="timeline_0" frame="0" z_index="6" m_a="1.000000" m_b="0.000000" m_c="0.000000" m_d="1.000000" m_tx="10.662308" m_ty="-287.383972"/>
   <element name="symbol0" layername="timeline_1" frame="1" z_index="5" m_a="1.000000" m_b="0.000000" m_c="0.000000" m_d="1.000000" m_tx="46.088234" m_ty="-587.323547"/>
  </frame>
  <frame idx="950" w="429" h="1297" x="10.662308" y="-587.323547">
   <element name="symbol0" layername="timeline_0" frame="0" z_index="6" m_a="1.000000" m_b="0.000000" m_c="0.000000" m_d="1.000000" m_tx="10.662308" m_ty="-287.383972"/>
   <element name="symbol0" layername="timeline_1" frame="1" z_index="5" m_a="1.000000" m_b="0.000000" m_c="0.000000" m_d="1.000000" m_tx="46.088234" m_ty="-587.323547"/>
  </frame>
  <frame idx="975" w="429" h="1297" x="10.662308" y="-587.323547">
   <element name="symbol0" layername="timeline_0" frame="0" z_index="6" m_a="1.000000" m_b="0.000000" m_c="0.000000" m_d="1.000000" m_tx="10.662308" m_ty="-287.383972"/>
   <element name="symbol0" layername="timeline_1" frame="1" z_index="5" m_a="1.000000" m_b="0.000000" m_c="0.000000" m_d="1.000000" m_tx="46.088234" m_ty="-587.323547"/>
  </frame>
 </anim>
 <anim name="idle_on" root="kettle" numframes="1000" framerate="40">
  <frame idx="0" w="429" h="1297" x="10.662308" y="-587.323547">
   <element name="symbol0" layername="timeline_0" frame="0" z_index="6" m_a="1.000000" m_b="0.000000" m_c="0.000000" m_d="1.000000" m_tx="10.662308" m_ty="-287.383972"/>
   <element name="symbol0" layername="timeline_1" frame="1" z_index="5" m_a="1.000000" m_b="0.000000" m_c="0.000000" m_d="1.000000" m_tx="46.088234" m_ty="-587.323547"/>
  </frame>
  <frame idx="25" w="481" h="1230" x="-41.231297" y="-519.522583">
   <element name="symbol0" layername="timeline_0" frame="0" z_index="6" m_a="1.000000" m_b="0.000000" m_c="0.000000" m_d="1.000000" m_tx="10.662308" m_ty="-287.383972"/>
   <element name="symbol0" layername="timeline_1" frame="1" z_index="5" m_a="0.707090" m_b="0.707124" m_c="-0.707124" m_d="0.707090" m_tx="-41.231297" m_ty="-519.522583"/>
  </frame>
  <frame idx="50" w="734" h="1243" x="-293.929596" y="-533.326904">
   <element name="symbol0" layername="timeline_0" frame="0" z_index="6" m_a="1.000000" m_b="0.000000" m_c="0.000000" m_d="1.000000" m_tx="10.662308" m_ty="-287.383972"/>
   <element name="symbol0" layername="timeline_1" frame="1" z_index="5" m_a="-0.000047" m_b="1.000000" m_c="-1.000000" m_d="-0.000047" m_tx="-150.917709" m_ty="-533.326904"/>
  </frame>
  <frame idx="75" w="937" h="1331" x="-497.320007" y="-620.649658">
   <element name="symbol0" layername="timeline_0" frame="0" z_index="6" m_a="1.000000" m_b="0.000000" m_c="0.000000" m_d="1.000000" m_tx="10.662308" m_ty="-287.383972"/>
   <element name="symbol0" layername="timeline_1" frame="1" z_index="5" m_a="-0.707157" m_b="0.707057" m_c="-0.707057" m_d="-0.707157" m_tx="-218.714508" m_ty="-620.649658"/>
  </frame>
  <frame idx="100" w="896" h="1440" x="-455.891449" y="-730.335449">
   <element name="symbol0" layername="timeline_0" frame="0" z_index="6" m_a="1.000000" m_b="0.000000" m_c="0.000000" m_d="1.000000" m_tx="10.662308" m_ty="-287.383972"/>
   <element name="symbol0" layername="timeline_1" frame="1" z_index="5" m_a="-1.000000" m_b="-0.000095" m_c="0.000095" m_d="-1.000000" m_tx="-204.904999" m_ty="-730.335449"/>
  </frame>
  <frame idx="125" w="634" h="1508" x="-193.913483" y="-798.128113">
   <element name="symbol0" layername="timeline_0" frame="0" z_index="6" m_a="1.000000" m_b="0.000000" m_c="0.000000" m_d="1.000000" m_tx="10.662308" m_ty="-287.383972"/>
   <element name="symbol0" layername="timeline_1" frame="1" z_index="5" m_a="-0.707023" m_b="-0.707191" m_c="0.707191" m_d="-0.707023" m_tx="-117.579002" m_ty="-798.128113"/>
  </frame>
  <frame idx="150" w="448" h="1494" x="-7.893929" y="-784.313354">
   <element name="symbol0" layername="timeline_0" frame="0" z_index="6" m_a="1.000000" m_b="0.000000" m_c="0.000000" m_d="1.000000" m_tx="10.662308" m_ty="-287.383972"/>
   <element name="symbol0" layername="timeline_1" frame="1" z_index="5" m_a="0.000142" m_b="-1.000000" m_c="1.000000" m_d="0.000142" m_tx="-7.893929" m_ty="-784.313354"/>
  </frame>
  <frame idx="175" w="429" h="1407" x="10.662308" y="-696.984192">
   <element name="symbol0" layername="timeline_0" frame="0" z_index="6" m_a="1.000000" m_b="0.000000" m_c="0.000000" m_d="1.000000" m_tx="10.662308" m_ty="-287.383972"/>
   <element name="symbol0" layername="timeline_1" frame="1" z_index="5" m_a="0.707224" m_b="-0.706990" m_c="0.706990" m_d="0.707224" m_tx="59.894600" m_ty="-696.984192"/>
  </frame>
  <frame idx="200" w="429" h="1323" x="10.662308" y="-612.397034">
   <element name="symbol0" layername="timeline_0" frame="0" z_index="6" m_a="1.000000" m_b="0.000000" m_c="0.000000" m_d="1.000000" m_tx="10.662308" m_ty="-287.383972"/>
   <element name="symbol0" layername="timeline_1" frame="1" z_index="5" m_a="0.982075" m_b="-0.188489" m_c="0.188489" m_d="0.982075" m_tx="57.315651" m_ty="-612.397034"/>
  </frame>
  <frame idx="225" w="429" h="1435" x="10.662308" y="-725.268738">
   <element name="symbol0" layername="timeline_0" frame="0" z_index="6" m_a="1.000000" m_b="0.000000" m_c="0.000000" m_d="1.000000" m_tx="10.662308" m_ty="-287.383972"/>
   <element name="symbol0" layername="timeline_1" frame="1" z_index="5" m_a="0.552050" m_b="-0.833811" m_c="0.833811" m_d="0.552050" m_tx="49.487999" m_ty="-725.268738"/>
  </frame>
  <frame idx="250" w="476" h="1509" x="-35.855057" y="-798.948669">
   <element name="symbol0" layername="timeline_0" frame="0" z_index="6" m_a="1.000000" m_b="0.000000" m_c="0.000000" m_d="1.000000" m_tx="10.662308" m_ty="-287.383972"/>
   <element name="symbol0" layername="timeline_1" frame="1" z_index="5" m_a="-0.209957" m_b="-0.977711" m_c="0.977711" m_d="-0.209957" m_tx="-35.855057" m_ty="-798.948669"/>
  </frame>
  <frame idx="275" w="724" h="1500" x="-283.350830" y="-789.812378">
   <element name="symbol0" layername="timeline_0" frame="0" z_index="6" m_a="1.000000" m_b="0.000000" m_c="0.000000" m_d="1.000000" m_tx="10.662308" m_ty="-287.383972"/>
   <element name="symbol0" layername="timeline_1" frame="1" z_index="5" m_a="-0.845704" m_b="-0.533652" m_c="0.533652" m_d="-0.845704" m_tx="-147.391449" m_ty="-789.812378"/>
  </frame>
  <frame idx="300" w="935" h="1414" x="-495.318909" y="-704.037659">
   <element name="symbol0" layername="timeline_0" frame="0" z_index="6" m_a="1.000000" m_b="0.000000" m_c="0.000000" m_d="1.000000" m_tx="10.662308" m_ty="-287.383972"/>
   <element name="symbol0" layername="timeline_1" frame="1" z_index="5" m_a="-0.972877" m_b="0.231324" m_c="-0.231324" m_d="-0.972877" m_tx="-218.047485" m_ty="-704.037659"/>
  </frame>
  <frame idx="325" w="897" h="1304" x="-457.176208" y="-593.890137">
   <element name="symbol0" layername="timeline_0" frame="0" z_index="6" m_a="1.000000" m_b="0.000000" m_c="0.000000" m_d="1.000000" m_tx="10.662308" m_ty="-287.383972"/>
   <element name="symbol0" layername="timeline_1" frame="1" z_index="5" m_a="-0.514999" m_b="0.857191" m_c="-0.857191" m_d="-0.514999" m_tx="-205.333252" m_ty="-593.890137"/>
  </frame>
  <frame idx="350" w="632" h="1236" x="-191.860245" y="-526.291992">
   <element name="symbol0" layername="timeline_0" frame="0" z_index="6" m_a="1.000000" m_b="0.000000" m_c="0.000000" m_d="1.000000" m_tx="10.662308" m_ty="-287.383972"/>
   <element name="symbol0" layername="timeline_1" frame="1" z_index="5" m_a="0.252580" m_b="0.967576" m_c="-0.967576" m_d="0.252580" m_tx="-116.894592" m_ty="-526.291992"/>
  </frame>
  <frame idx="375" w="446" h="1253" x="-5.915283" y="-542.578003">
   <element name="symbol0" layername="timeline_0" frame="0" z_index="6" m_a="1.000000" m_b="0.000000" m_c="0.000000" m_d="1.000000" m_tx="10.662308" m_ty="-287.383972"/>
   <element name="symbol0" layername="timeline_1" frame="1" z_index="5" m_a="0.868267" m_b="0.496098" m_c="-0.496098" m_d="0.868267" m_tx="-5.915283" m_ty="-542.578003"/>
  </frame>
  <frame idx="400" w="429" h="1273" x="10.662308" y="-562.835205">
   <element name="symbol0" layername="timeline_0" frame="0" z_index="6" m_a="1.000000" m_b="0.000000" m_c="0.000000" m_d="1.000000" m_tx="10.662308" m_ty="-287.383972"/>
   <element name="symbol0" layername="timeline_1" frame="1" z_index="5" m_a="0.958204" m_b="0.286086" m_c="-0.286086" m_d="0.958204" m_tx="20.121605" m_ty="-562.835205"/>
  </frame>
  <frame idx="425" w="528" h="1232" x="-87.757454" y="-521.731567">
   <element name="symbol0" layername="timeline_0" frame="0" z_index="6" m_a="1.000000" m_b="0.000000" m_c="0.000000" m_d="1.000000" m_tx="10.662308" m_ty="-287.383972"/>
   <element name="symbol0" layername="timeline_1" frame="1" z_index="5" m_a="0.480230" m_b="0.877143" m_c="-0.877143" m_d="0.480230" m_tx="-82.863678" m_ty="-521.731567"/>
  </frame>
  <frame idx="450" w="831" h="1274" x="-390.994141" y="-564.073669">
   <element name="symbol0" layername="timeline_0" frame="0" z_index="6" m_a="1.000000" m_b="0.000000" m_c="0.000000" m_d="1.000000" m_tx="10.662308" m_ty="-287.383972"/>
   <element name="symbol0" layername="timeline_1" frame="1" z_index="5" m_a="-0.275226" m_b="0.961380" m_c="-0.961380" m_d="-0.275226" m_tx="-184.435226" m_ty="-564.073669"/>
  </frame>
  <frame idx="475" w="955" h="1375" x="-515.203613" y="-664.759705">
   <element name="symbol0" layername="timeline_0" frame="0" z_index="6" m_a="1.000000" m_b="0.000000" m_c="0.000000" m_d="1.000000" m_tx="10.662308" m_ty="-287.383972"/>
   <element name="symbol0" layername="timeline_1" frame="1" z_index="5" m_a="-0.871653" m_b="0.490124" m_c="-0.490124" m_d="-0.871653" m_tx="-226.331055" m_ty="-664.759705"/>
  </frame>
  <frame idx="500" w="829" h="1475" x="-389.043793" y="-764.976135">
   <element name="symbol0" layername="timeline_0" frame="0" z_index="6" m_a="1.000000" m_b="0.000000" m_c="0.000000" m_d="1.000000" m_tx="10.662308" m_ty="-287.383972"/>
   <element name="symbol0" layername="timeline_1" frame="1" z_index="5" m_a="-0.964432" m_b="-0.264330" m_c="0.264330" m_d="-0.964432" m_tx="-184.770447" m_ty="-764.976135"/>
  </frame>
  <frame idx="525" w="526" h="1516" x="-85.837692" y="-806.180786">
   <element name="symbol0" layername="timeline_0" frame="0" z_index="6" m_a="1.000000" m_b="0.000000" m_c="0.000000" m_d="1.000000" m_tx="10.662308" m_ty="-287.383972"/>
   <element name="symbol0" layername="timeline_1" frame="1" z_index="5" m_a="-0.499955" m_b="-0.866051" m_c="0.866051" m_d="-0.499955" m_tx="-84.194397" m_ty="-806.180786"/>
  </frame>
  <frame idx="550" w="429" h="1474" x="10.662308" y="-763.929138">
   <element name="symbol0" layername="timeline_0" frame="0" z_index="6" m_a="1.000000" m_b="0.000000" m_c="0.000000" m_d="1.000000" m_tx="10.662308" m_ty="-287.383972"/>
   <element name="symbol0" layername="timeline_1" frame="1" z_index="5" m_a="0.253400" m_b="-0.967362" m_c="0.967362" m_d="0.253400" m_tx="16.856308" m_ty="-763.929138"/>
  </frame>
  <frame idx="575" w="429" h="1372" x="10.662308" y="-661.998047">
   <element name="symbol0" layername="timeline_0" frame="0" z_index="6" m_a="1.000000" m_b="0.000000" m_c="0.000000" m_d="1.000000" m_tx="10.662308" m_ty="-287.383972"/>
   <element name="symbol0" layername="timeline_1" frame="1" z_index="5" m_a="0.860339" m_b="-0.509722" m_c="0.509722" m_d="0.860339" m_tx="59.566971" m_ty="-661.998047"/>
  </frame>
  <frame idx="600" w="429" h="1350" x="10.662308" y="-640.050659">
   <element name="symbol0" layername="timeline_0" frame="0" z_index="6" m_a="1.000000" m_b="0.000000" m_c="0.000000" m_d="1.000000" m_tx="10.662308" m_ty="-287.383972"/>
   <element name="symbol0" layername="timeline_1" frame="1" z_index="5" m_a="0.927975" m_b="-0.372643" m_c="0.372643" m_d="0.927975" m_tx="58.708298" m_ty="-640.050659"/>
  </frame>
  <frame idx="625" w="429" h="1459" x="10.662308" y="-749.053711">
   <element name="symbol0" layername="timeline_0" frame="0" z_index="6" m_a="1.000000" m_b="0.000000" m_c="0.000000" m_d="1.000000" m_tx="10.662308" m_ty="-287.383972"/>
   <element name="symbol0" layername="timeline_1" frame="1" z_index="5" m_a="0.391119" m_b="-0.920340" m_c="0.920340" m_d="0.391119" m_tx="32.737297" m_ty="-749.053711"/>
  </frame>
  <frame idx="650" w="501" h="1517" x="-60.810318" y="-806.568298">
   <element name="symbol0" layername="timeline_0" frame="0" z_index="6" m_a="1.000000" m_b="0.000000" m_c="0.000000" m_d="1.000000" m_tx="10.662308" m_ty="-287.383972"/>
   <element name="symbol0" layername="timeline_1" frame="1" z_index="5" m_a="-0.375788" m_b="-0.926706" m_c="0.926706" m_d="-0.375788" m_tx="-60.810318" m_ty="-806.568298"/>
  </frame>
  <frame idx="675" w="782" h="1490" x="-341.444763" y="-779.871948">
   <element name="symbol0" layername="timeline_0" frame="0" z_index="6" m_a="1.000000" m_b="0.000000" m_c="0.000000" m_d="1.000000" m_tx="10.662308" m_ty="-287.383972"/>
   <element name="symbol0" layername="timeline_1" frame="1" z_index="5" m_a="-0.921661" m_b="-0.387996" m_c="0.387996" m_d="-0.921661" m_tx="-165.591156" m_ty="-779.871948"/>
  </frame>
  <frame idx="700" w="945" h="1396" x="-505.123322" y="-685.773987">
   <element name="symbol0" layername="timeline_0" frame="0" z_index="6" m_a="1.000000" m_b="0.000000" m_c="0.000000" m_d="1.000000" m_tx="10.662308" m_ty="-287.383972"/>
   <element name="symbol0" layername="timeline_1" frame="1" z_index="5" m_a="-0.925426" m_b="0.378929" m_c="-0.378929" m_d="-0.925426" m_tx="-218.654633" m_ty="-685.773987"/>
  </frame>
  <frame idx="725" w="856" h="1291" x="-416.056213" y="-580.728394">
   <element name="symbol0" layername="timeline_0" frame="0" z_index="6" m_a="1.000000" m_b="0.000000" m_c="0.000000" m_d="1.000000" m_tx="10.662308" m_ty="-287.383972"/>
   <element name="symbol0" layername="timeline_1" frame="1" z_index="5" m_a="-0.384867" m_b="0.922972" m_c="-0.922972" m_d="-0.384867" m_tx="-187.469574" m_ty="-580.728394"/>
  </frame>
  <frame idx="750" w="565" h="1238" x="-125.311569" y="-527.628601">
   <element name="symbol0" layername="timeline_0" frame="0" z_index="6" m_a="1.000000" m_b="0.000000" m_c="0.000000" m_d="1.000000" m_tx="10.662308" m_ty="-287.383972"/>
   <element name="symbol0" layername="timeline_1" frame="1" z_index="5" m_a="0.382065" m_b="0.924135" m_c="-0.924135" m_d="0.382065" m_tx="-89.058655" m_ty="-527.628601"/>
  </frame>
  <frame idx="775" w="429" h="1269" x="10.662308" y="-558.813965">
   <element name="symbol0" layername="timeline_0" frame="0" z_index="6" m_a="1.000000" m_b="0.000000" m_c="0.000000" m_d="1.000000" m_tx="10.662308" m_ty="-287.383972"/>
   <element name="symbol0" layername="timeline_1" frame="1" z_index="5" m_a="0.924272" m_b="0.381734" m_c="-0.381734" m_d="0.924272" m_tx="20.014008" m_ty="-558.813965"/>
  </frame>
  <frame idx="800" w="429" h="1302" x="10.662308" y="-592.251892">
   <element name="symbol0" layername="timeline_0" frame="0" z_index="6" m_a="1.000000" m_b="0.000000" m_c="0.000000" m_d="1.000000" m_tx="10.662308" m_ty="-287.383972"/>
   <element name="symbol0" layername="timeline_1" frame="1" z_index="5" m_a="0.997447" m_b="0.071413" m_c="-0.071413" m_d="0.997447" m_tx="51.472237" m_ty="-592.251892"/>
  </frame>
  <frame idx="825" w="429" h="1302" x="10.662308" y="-591.614319">
   <element name="symbol0" layername="timeline_0" frame="0" z_index="6" m_a="1.000000" m_b="0.000000" m_c="0.000000" m_d="1.000000" m_tx="10.662308" m_ty="-287.383972"/>
   <element name="symbol0" layername="timeline_1" frame="1" z_index="5" m_a="0.998045" m_b="0.062499" m_c="-0.062499" m_d="0.998045" m_tx="50.833344" m_ty="-591.614319"/>
  </frame>
  <frame idx="850" w="429" h="1301" x="10.662308" y="-590.983093">
   <element name="symbol0" layername="timeline_0" frame="0" z_index="6" m_a="1.000000" m_b="0.000000" m_c="0.000000" m_d="1.000000" m_tx="10.662308" m_ty="-287.383972"/>
   <element name="symbol0" layername="timeline_1" frame="1" z_index="5" m_a="0.998564" m_b="0.053580" m_c="-0.053580" m_d="0.998564" m_tx="50.184814" m_ty="-590.983093"/>
  </frame>
  <frame idx="875" w="429" h="1301" x="10.662308" y="-590.358093">
   <element name="symbol0" layername="timeline_0" frame="0" z_index="6" m_a="1.000000" m_b="0.000000" m_c="0.000000" m_d="1.000000" m_tx="10.662308" m_ty="-287.383972"/>
   <element name="symbol0" layername="timeline_1" frame="1" z_index="5" m_a="0.999002" m_b="0.044657" m_c="-0.044657" m_d="0.999002" m_tx="49.526627" m_ty="-590.358093"/>
  </frame>
  <frame idx="900" w="429" h="1300" x="10.662308" y="-589.739319">
   <element name="symbol0" layername="timeline_0" frame="0" z_index="6" m_a="1.000000" m_b="0.000000" m_c="0.000000" m_d="1.000000" m_tx="10.662308" m_ty="-287.383972"/>
   <element name="symbol0" layername="timeline_1" frame="1" z_index="5" m_a="0.999362" m_b="0.035729" m_c="-0.035729" m_d="0.999362" m_tx="48.858719" m_ty="-589.739319"/>
  </frame>
  <frame idx="925" w="429" h="1299" x="10.662308" y="-589.126465">
   <element name="symbol0" layername="timeline_0" frame="0" z_index="6" m_a="1.000000" m_b="0.000000" m_c="0.000000" m_d="1.000000" m_tx="10.662308" m_ty="-287.383972"/>
   <element name="symbol0" layername="timeline_1" frame="1" z_index="5" m_a="0.999641" m_b="0.026800" m_c="-0.026800" m_d="0.999641" m_tx="48.180901" m_ty="-589.126465"/>
  </frame>
  <frame idx="950" w="429" h="1299" x="10.662308" y="-588.519592">
   <element name="symbol0" layername="timeline_0" frame="0" z_index="6" m_a="1.000000" m_b="0.000000" m_c="0.000000" m_d="1.000000" m_tx="10.662308" m_ty="-287.383972"/>
   <element name="symbol0" layername="timeline_1" frame="1" z_index="5" m_a="0.999840" m_b="0.017868" m_c="-0.017868" m_d="0.999840" m_tx="47.493263" m_ty="-588.519592"/>
  </frame>
  <frame idx="975" w="429" h="1298" x="10.662308" y="-587.918701">
   <element name="symbol0" layername="timeline_0" frame="0" z_index="6" m_a="1.000000" m_b="0.000000" m_c="0.000000" m_d="1.000000" m_tx="10.662308" m_ty="-287.383972"/>
   <element name="symbol0" layername="timeline_1" frame="1" z_index="5" m_a="0.999960" m_b="0.008934" m_c="-0.008934" m_d="0.999960" m_tx="46.795769" m_ty="-587.918701"/>
  </frame>
 </anim>
 <anim name="idle_open" root="kettle" numframes="1000" framerate="40">
  <frame idx="0" w="476" h="1373" x="-36.023788" y="-662.367554">
   <element name="symbol0" layername="timeline_0" frame="0" z_index="6" m_a="1.000000" m_b="0.000000" m_c="0.000000" m_d="1.000000" m_tx="10.662308" m_ty="-287.383972"/>
   <element name="symbol0" layername="timeline_1" frame="1" z_index="5" m_a="0.341448" m_b="-0.939901" m_c="0.939901" m_d="0.341448" m_tx="-36.023788" m_ty="-662.367554"/>
  </frame>
  <frame idx="25" w="476" h="1373" x="-36.023788" y="-662.367554">
   <element name="symbol0" layername="timeline_0" frame="0" z_index="6" m_a="1.000000" m_b="0.000000" m_c="0.000000" m_d="1.000000" m_tx="10.662308" m_ty="-287.383972"/>
   <element name="symbol0" layername="timeline_1" frame="1" z_index="5" m_a="0.341448" m_b="-0.939901" m_c="0.939901" m_d="0.341448" m_tx="-36.023788" m_ty="-662.367554"/>
  </frame>
  <frame idx="50" w="476" h="1373" x="-36.023788" y="-662.367554">
   <element name="symbol0" layername="timeline_0" frame="0" z_index="6" m_a="1.000000" m_b="0.000000" m_c="0.000000" m_d="1.000000" m_tx="10.662308" m_ty="-287.383972"/>
   <element name="symbol0" layername="timeline_1" frame="1" z_index="5" m_a="0.341448" m_b="-0.939901" m_c="0.939901" m_d="0.341448" m_tx="-36.023788" m_ty="-662.367554"/>
  </frame>
  <frame idx="75" w="476" h="1373" x="-36.023788" y="-662.367554">
   <element name="symbol0" layername="timeline_0" frame="0" z_index="6" m_a="1.000000" m_b="0.000000" m_c="0.000000" m_d="1.000000" m_tx="10.662308" m_ty="-287.383972"/>
   <element name="symbol0" layername="timeline_1" frame="1" z_index="5" m_a="0.341448" m_b="-0.939901" m_c="0.939901" m_d="0.341448" m_tx="-36.023788" m_ty="-662.367554"/>
  </frame>
  <frame idx="100" w="476" h="1373" x="-36.023788" y="-662.367554">
   <element name="symbol0" layername="timeline_0" frame="0" z_index="6" m_a="1.000000" m_b="0.000000" m_c="0.000000" m_d="1.000000" m_tx="10.662308" m_ty="-287.383972"/>
   <element name="symbol0" layername="timeline_1" frame="1" z_index="5" m_a="0.341448" m_b="-0.939901" m_c="0.939901" m_d="0.341448" m_tx="-36.023788" m_ty="-662.367554"/>
  </frame>
  <frame idx="125" w="476" h="1373" x="-36.023788" y="-662.367554">
   <element name="symbol0" layername="timeline_0" frame="0" z_index="6" m_a="1.000000" m_b="0.000000" m_c="0.000000" m_d="1.000000" m_tx="10.662308" m_ty="-287.383972"/>
   <element name="symbol0" layername="timeline_1" frame="1" z_index="5" m_a="0.341448" m_b="-0.939901" m_c="0.939901" m_d="0.341448" m_tx="-36.023788" m_ty="-662.367554"/>
  </frame>
  <frame idx="150" w="476" h="1373" x="-36.023788" y="-662.367554">
   <element name="symbol0" layername="timeline_0" frame="0" z_index="6" m_a="1.000000" m_b="0.000000" m_c="0.000000" m_d="1.000000" m_tx="10.662308" m_ty="-287.383972"/>
   <element name="symbol0" layername="timeline_1" frame="1" z_index="5" m_a="0.341448" m_b="-0.939901" m_c="0.939901" m_d="0.341448" m_tx="-36.023788" m_ty="-662.367554"/>
  </frame>
  <frame idx="175" w="476" h="1373" x="-36.023788" y="-662.367554">
   <element name="symbol0" layername="timeline_0" frame="0" z_index="6" m_a="1.000000" m_b="0.000000" m_c="0.000000" m_d="1.000000" m_tx="10.662308" m_ty="-287.383972"/>
   <element name="symbol0" layername="timeline_1" frame="1" z_index="5" m_a="0.341448" m_b="-0.939901" m_c="0.939901" m_d="0.341448" m_tx="-36.023788" m_ty="-662.367554"/>
  </frame>
  <frame idx="200" w="476" h="1373" x="-36.023788" y="-662.367554">
   <element name="symbol0" layername="timeline_0" frame="0" z_index="6" m_a="1.000000" m_b="0.000000" m_c="0.000000" m_d="1.000000" m_tx="10.662308" m_ty="-287.383972"/>
   <element name="symbol0" layername="timeline_1" frame="1" z_index="5" m_a="0.341448" m_b="-0.939901" m_c="0.939901" m_d="0.341448" m_tx="-36.023788" m_ty="-662.367554"/>
  </frame>
  <frame idx="225" w="476" h="1373" x="-36.023788" y="-662.367554">
   <element name="symbol0" layername="timeline_0" frame="0" z_index="6" m_a="1.000000" m_b="0.000000" m_c="0.000000" m_d="1.000000" m_tx="10.662308" m_ty="-287.383972"/>
   <element name="symbol0" layername="timeline_1" frame="1" z_index="5" m_a="0.341448" m_b="-0.939901" m_c="0.939901" m_d="0.341448" m_tx="-36.023788" m_ty="-662.367554"/>
  </frame>
  <frame idx="250" w="476" h="1373" x="-36.023788" y="-662.367554">
   <element name="symbol0" layername="timeline_0" frame="0" z_index="6" m_a="1.000000" m_b="0.000000" m_c="0.000000" m_d="1.000000" m_tx="10.662308" m_ty="-287.383972"/>
   <element name="symbol0" layername="timeline_1" frame="1" z_index="5" m_a="0.341448" m_b="-0.939901" m_c="0.939901" m_d="0.341448" m_tx="-36.023788" m_ty="-662.367554"/>
  </frame>
  <frame idx="275" w="476" h="1373" x="-36.023788" y="-662.367554">
   <element name="symbol0" layername="timeline_0" frame="0" z_index="6" m_a="1.000000" m_b="0.000000" m_c="0.000000" m_d="1.000000" m_tx="10.662308" m_ty="-287.383972"/>
   <element name="symbol0" layername="timeline_1" frame="1" z_index="5" m_a="0.341448" m_b="-0.939901" m_c="0.939901" m_d="0.341448" m_tx="-36.023788" m_ty="-662.367554"/>
  </frame>
  <frame idx="300" w="476" h="1373" x="-36.023788" y="-662.367554">
   <element name="symbol0" layername="timeline_0" frame="0" z_index="6" m_a="1.000000" m_b="0.000000" m_c="0.000000" m_d="1.000000" m_tx="10.662308" m_ty="-287.383972"/>
   <element name="symbol0" layername="timeline_1" frame="1" z_index="5" m_a="0.341448" m_b="-0.939901" m_c="0.939901" m_d="0.341448" m_tx="-36.023788" m_ty="-662.367554"/>
  </frame>
  <frame idx="325" w="476" h="1373" x="-36.023788" y="-662.367554">
   <element name="symbol0" layername="timeline_0" frame="0" z_index="6" m_a="1.000000" m_b="0.000000" m_c="0.000000" m_d="1.000000" m_tx="10.662308" m_ty="-287.383972"/>
   <element name="symbol0" layername="timeline_1" frame="1" z_index="5" m_a="0.341448" m_b="-0.939901" m_c="0.939901" m_d="0.341448" m_tx="-36.023788" m_ty="-662.367554"/>
  </frame>
  <frame idx="350" w="476" h="1373" x="-36.023788" y="-662.367554">
   <element name="symbol0" layername="timeline_0" frame="0" z_index="6" m_a="1.000000" m_b="0.000000" m_c="0.000000" m_d="1.000000" m_tx="10.662308" m_ty="-287.383972"/>
   <element name="symbol0" layername="timeline_1" frame="1" z_index="5" m_a="0.341448" m_b="-0.939901" m_c="0.939901" m_d="0.341448" m_tx="-36.023788" m_ty="-662.367554"/>
  </frame>
  <frame idx="375" w="476" h="1373" x="-36.023788" y="-662.367554">
   <element name="symbol0" layername="timeline_0" frame="0" z_index="6" m_a="1.000000" m_b="0.000000" m_c="0.000000" m_d="1.000000" m_tx="10.662308" m_ty="-287.383972"/>
   <element name="symbol0" layername="timeline_1" frame="1" z_index="5" m_a="0.341448" m_b="-0.939901" m_c="0.939901" m_d="0.341448" m_tx="-36.023788" m_ty="-662.367554"/>
  </frame>
  <frame idx="400" w="476" h="1373" x="-36.023788" y="-662.367554">
   <element name="symbol0" layername="timeline_0" frame="0" z_index="6" m_a="1.000000" m_b="0.000000" m_c="0.000000" m_d="1.000000" m_tx="10.662308" m_ty="-287.383972"/>
   <element name="symbol0" layername="timeline_1" frame="1" z_index="5" m_a="0.341448" m_b="-0.939901" m_c="0.939901" m_d="0.341448" m_tx="-36.023788" m_ty="-662.367554"/>
  </frame>
  <frame idx="425" w="476" h="1373" x="-36.023788" y="-662.367554">
   <element name="symbol0" layername="timeline_0" frame="0" z_index="6" m_a="1.000000" m_b="0.000000" m_c="0.000000" m_d="1.000000" m_tx="10.662308" m_ty="-287.383972"/>
   <element name="symbol0" layername="timeline_1" frame="1" z_index="5" m_a="0.341448" m_b="-0.939901" m_c="0.939901" m_d="0.341448" m_tx="-36.023788" m_ty="-662.367554"/>
  </frame>
  <frame idx="450" w="476" h="1373" x="-36.023788" y="-662.367554">
   <element name="symbol0" layername="timeline_0" frame="0" z_index="6" m_a="1.000000" m_b="0.000000" m_c="0.000000" m_d="1.000000" m_tx="10.662308" m_ty="-287.383972"/>
   <element name="symbol0" layername="timeline_1" frame="1" z_index="5" m_a="0.341448" m_b="-0.939901" m_c="0.939901" m_d="0.341448" m_tx="-36.023788" m_ty="-662.367554"/>
  </frame>
  <frame idx="475" w="476" h="1373" x="-36.023788" y="-662.367554">
   <element name="symbol0" layername="timeline_0" frame="0" z_index="6" m_a="1.000000" m_b="0.000000" m_c="0.000000" m_d="1.000000" m_tx="10.662308" m_ty="-287.383972"/>
   <element name="symbol0" layername="timeline_1" frame="1" z_index="5" m_a="0.341448" m_b="-0.939901" m_c="0.939901" m_d="0.341448" m_tx="-36.023788" m_ty="-662.367554"/>
  </frame>
  <frame idx="500" w="476" h="1373" x="-36.023788" y="-662.367554">
   <element name="symbol0" layername="timeline_0" frame="0" z_index="6" m_a="1.000000" m_b="0.000000" m_c="0.000000" m_d="1.000000" m_tx="10.662308" m_ty="-287.383972"/>
   <element name="symbol0" layername="timeline_1" frame="1" z_index="5" m_a="0.341448" m_b="-0.939901" m_c="0.939901" m_d="0.341448" m_tx="-36.023788" m_ty="-662.367554"/>
  </frame>
  <frame idx="525" w="476" h="1373" x="-36.023788" y="-662.367554">
   <element name="symbol0" layername="timeline_0" frame="0" z_index="6" m_a="1.000000" m_b="0.000000" m_c="0.000000" m_d="1.000000" m_tx="10.662308" m_ty="-287.383972"/>
   <element name="symbol0" layername="timeline_1" frame="1" z_index="5" m_a="0.341448" m_b="-0.939901" m_c="0.939901" m_d="0.341448" m_tx="-36.023788" m_ty="-662.367554"/>
  </frame>
  <frame idx="550" w="476" h="1373" x="-36.023788" y="-662.367554">
   <element name="symbol0" layername="timeline_0" frame="0" z_index="6" m_a="1.000000" m_b="0.000000" m_c="0.000000" m_d="1.000000" m_tx="10.662308" m_ty="-287.383972"/>
   <element name="symbol0" layername="timeline_1" frame="1" z_index="5" m_a="0.341448" m_b="-0.939901" m_c="0.939901" m_d="0.341448" m_tx="-36.023788" m_ty="-662.367554"/>
  </frame>
  <frame idx="575" w="476" h="1373" x="-36.023788" y="-662.367554">
   <element name="symbol0" layername="timeline_0" frame="0" z_index="6" m_a="1.000000" m_b="0.000000" m_c="0.000000" m_d="1.000000" m_tx="10.662308" m_ty="-287.383972"/>
   <element name="symbol0" layername="timeline_1" frame="1" z_index="5" m_a="0.341448" m_b="-0.939901" m_c="0.939901" m_d="0.341448" m_tx="-36.023788" m_ty="-662.367554"/>
  </frame>
  <frame idx="600" w="476" h="1373" x="-36.023788" y="-662.367554">
   <element name="symbol0" layername="timeline_0" frame="0" z_index="6" m_a="1.000000" m_b="0.000000" m_c="0.000000" m_d="1.000000" m_tx="10.662308" m_ty="-287.383972"/>
   <element name="symbol0" layername="timeline_1" frame="1" z_index="5" m_a="0.341448" m_b="-0.939901" m_c="0.939901" m_d="0.341448" m_tx="-36.023788" m_ty="-662.367554"/>
  </frame>
  <frame idx="625" w="476" h="1373" x="-36.023788" y="-662.367554">
   <element name="symbol0" layername="timeline_0" frame="0" z_index="6" m_a="1.000000" m_b="0.000000" m_c="0.000000" m_d="1.000000" m_tx="10.662308" m_ty="-287.383972"/>
   <element name="symbol0" layername="timeline_1" frame="1" z_index="5" m_a="0.341448" m_b="-0.939901" m_c="0.939901" m_d="0.341448" m_tx="-36.023788" m_ty="-662.367554"/>
  </frame>
  <frame idx="650" w="476" h="1373" x="-36.023788" y="-662.367554">
   <element name="symbol0" layername="timeline_0" frame="0" z_index="6" m_a="1.000000" m_b="0.000000" m_c="0.000000" m_d="1.000000" m_tx="10.662308" m_ty="-287.383972"/>
   <element name="symbol0" layername="timeline_1" frame="1" z_index="5" m_a="0.341448" m_b="-0.939901" m_c="0.939901" m_d="0.341448" m_tx="-36.023788" m_ty="-662.367554"/>
  </frame>
  <frame idx="675" w="476" h="1373" x="-36.023788" y="-662.367554">
   <element name="symbol0" layername="timeline_0" frame="0" z_index="6" m_a="1.000000" m_b="0.000000" m_c="0.000000" m_d="1.000000" m_tx="10.662308" m_ty="-287.383972"/>
   <element name="symbol0" layername="timeline_1" frame="1" z_index="5" m_a="0.341448" m_b="-0.939901" m_c="0.939901" m_d="0.341448" m_tx="-36.023788" m_ty="-662.367554"/>
  </frame>
  <frame idx="700" w="476" h="1373" x="-36.023788" y="-662.367554">
   <element name="symbol0" layername="timeline_0" frame="0" z_index="6" m_a="1.000000" m_b="0.000000" m_c="0.000000" m_d="1.000000" m_tx="10.662308" m_ty="-287.383972"/>
   <element name="symbol0" layername="timeline_1" frame="1" z_index="5" m_a="0.341448" m_b="-0.939901" m_c="0.939901" m_d="0.341448" m_tx="-36.023788" m_ty="-662.367554"/>
  </frame>
  <frame idx="725" w="476" h="1373" x="-36.023788" y="-662.367554">
   <element name="symbol0" layername="timeline_0" frame="0" z_index="6" m_a="1.000000" m_b="0.000000" m_c="0.000000" m_d="1.000000" m_tx="10.662308" m_ty="-287.383972"/>
   <element name="symbol0" layername="timeline_1" frame="1" z_index="5" m_a="0.341448" m_b="-0.939901" m_c="0.939901" m_d="0.341448" m_tx="-36.023788" m_ty="-662.367554"/>
  </frame>
  <frame idx="750" w="476" h="1373" x="-36.023788" y="-662.367554">
   <element name="symbol0" layername="timeline_0" frame="0" z_index="6" m_a="1.000000" m_b="0.000000" m_c="0.000000" m_d="1.000000" m_tx="10.662308" m_ty="-287.383972"/>
   <element name="symbol0" layername="timeline_1" frame="1" z_index="5" m_a="0.341448" m_b="-0.939901" m_c="0.939901" m_d="0.341448" m_tx="-36.023788" m_ty="-662.367554"/>
  </frame>
  <frame idx="775" w="476" h="1373" x="-36.023788" y="-662.367554">
   <element name="symbol0" layername="timeline_0" frame="0" z_index="6" m_a="1.000000" m_b="0.000000" m_c="0.000000" m_d="1.000000" m_tx="10.662308" m_ty="-287.383972"/>
   <element name="symbol0" layername="timeline_1" frame="1" z_index="5" m_a="0.341448" m_b="-0.939901" m_c="0.939901" m_d="0.341448" m_tx="-36.023788" m_ty="-662.367554"/>
  </frame>
  <frame idx="800" w="476" h="1373" x="-36.023788" y="-662.367554">
   <element name="symbol0" layername="timeline_0" frame="0" z_index="6" m_a="1.000000" m_b="0.000000" m_c="0.000000" m_d="1.000000" m_tx="10.662308" m_ty="-287.383972"/>
   <element name="symbol0" layername="timeline_1" frame="1" z_index="5" m_a="0.341448" m_b="-0.939901" m_c="0.939901" m_d="0.341448" m_tx="-36.023788" m_ty="-662.367554"/>
  </frame>
  <frame idx="825" w="476" h="1373" x="-36.023788" y="-662.367554">
   <element name="symbol0" layername="timeline_0" frame="0" z_index="6" m_a="1.000000" m_b="0.000000" m_c="0.000000" m_d="1.000000" m_tx="10.662308" m_ty="-287.383972"/>
   <element name="symbol0" layername="timeline_1" frame="1" z_index="5" m_a="0.341448" m_b="-0.939901" m_c="0.939901" m_d="0.341448" m_tx="-36.023788" m_ty="-662.367554"/>
  </frame>
  <frame idx="850" w="476" h="1373" x="-36.023788" y="-662.367554">
   <element name="symbol0" layername="timeline_0" frame="0" z_index="6" m_a="1.000000" m_b="0.000000" m_c="0.000000" m_d="1.000000" m_tx="10.662308" m_ty="-287.383972"/>
   <element name="symbol0" layername="timeline_1" frame="1" z_index="5" m_a="0.341448" m_b="-0.939901" m_c="0.939901" m_d="0.341448" m_tx="-36.023788" m_ty="-662.367554"/>
  </frame>
  <frame idx="875" w="476" h="1373" x="-36.023788" y="-662.367554">
   <element name="symbol0" layername="timeline_0" frame="0" z_index="6" m_a="1.000000" m_b="0.000000" m_c="0.000000" m_d="1.000000" m_tx="10.662308" m_ty="-287.383972"/>
   <element name="symbol0" layername="timeline_1" frame="1" z_index="5" m_a="0.341448" m_b="-0.939901" m_c="0.939901" m_d="0.341448" m_tx="-36.023788" m_ty="-662.367554"/>
  </frame>
  <frame idx="900" w="476" h="1373" x="-36.023788" y="-662.367554">
   <element name="symbol0" layername="timeline_0" frame="0" z_index="6" m_a="1.000000" m_b="0.000000" m_c="0.000000" m_d="1.000000" m_tx="10.662308" m_ty="-287.383972"/>
   <element name="symbol0" layername="timeline_1" frame="1" z_index="5" m_a="0.341448" m_b="-0.939901" m_c="0.939901" m_d="0.341448" m_tx="-36.023788" m_ty="-662.367554"/>
  </frame>
  <frame idx="925" w="476" h="1373" x="-36.023788" y="-662.367554">
   <element name="symbol0" layername="timeline_0" frame="0" z_index="6" m_a="1.000000" m_b="0.000000" m_c="0.000000" m_d="1.000000" m_tx="10.662308" m_ty="-287.383972"/>
   <element name="symbol0" layername="timeline_1" frame="1" z_index="5" m_a="0.341448" m_b="-0.939901" m_c="0.939901" m_d="0.341448" m_tx="-36.023788" m_ty="-662.367554"/>
  </frame>
  <frame idx="950" w="476" h="1373" x="-36.023788" y="-662.367554">
   <element name="symbol0" layername="timeline_0" frame="0" z_index="6" m_a="1.000000" m_b="0.000000" m_c="0.000000" m_d="1.000000" m_tx="10.662308" m_ty="-287.383972"/>
   <element name="symbol0" layername="timeline_1" frame="1" z_index="5" m_a="0.341448" m_b="-0.939901" m_c="0.939901" m_d="0.341448" m_tx="-36.023788" m_ty="-662.367554"/>
  </frame>
  <frame idx="975" w="476" h="1373" x="-36.023788" y="-662.367554">
   <element name="symbol0" layername="timeline_0" frame="0" z_index="6" m_a="1.000000" m_b="0.000000" m_c="0.000000" m_d="1.000000" m_tx="10.662308" m_ty="-287.383972"/>
   <element name="symbol0" layername="timeline_1" frame="1" z_index="5" m_a="0.341448" m_b="-0.939901" m_c="0.939901" m_d="0.341448" m_tx="-36.023788" m_ty="-662.367554"/>
  </frame>
 </anim>
</Anims>
