<Anims>
 <anim name="idle_off" root="kettle" numframes="1000" framerate="40">
  <frame idx="0" w="290" h="541" x="-5.000000" y="-144.000000">
   <element name="symbol0" layername="timeline_0" frame="0" z_index="9" m_a="1.000000" m_b="0.000000" m_c="0.000000" m_d="1.000000" m_tx="-3.000000" m_ty="-144.000000"/>
   <element name="symbol0" layername="timeline_1" frame="1" z_index="8" m_a="1.000000" m_b="0.000000" m_c="0.000000" m_d="1.000000" m_tx="-3.000000" m_ty="-144.000000"/>
   <element name="symbol0" layername="timeline_2" frame="2" z_index="7" m_a="1.000000" m_b="0.000000" m_c="0.000000" m_d="1.000000" m_tx="-5.000000" m_ty="-138.000000"/>
  </frame>
  <frame idx="25" w="290" h="541" x="-5.000000" y="-144.000000">
   <element name="symbol0" layername="timeline_0" frame="0" z_index="9" m_a="1.000000" m_b="0.000000" m_c="0.000000" m_d="1.000000" m_tx="-3.000000" m_ty="-144.000000"/>
   <element name="symbol0" layername="timeline_1" frame="1" z_index="8" m_a="1.000000" m_b="0.000000" m_c="0.000000" m_d="1.000000" m_tx="-3.000000" m_ty="-144.000000"/>
   <element name="symbol0" layername="timeline_2" frame="2" z_index="7" m_a="1.000000" m_b="0.000000" m_c="0.000000" m_d="1.000000" m_tx="-5.000000" m_ty="-138.000000"/>
  </frame>
  <frame idx="50" w="290" h="541" x="-5.000000" y="-144.000000">
   <element name="symbol0" layername="timeline_0" frame="0" z_index="9" m_a="1.000000" m_b="0.000000" m_c="0.000000" m_d="1.000000" m_tx="-3.000000" m_ty="-144.000000"/>
   <element name="symbol0" layername="timeline_1" frame="1" z_index="8" m_a="1.000000" m_b="0.000000" m_c="0.000000" m_d="1.000000" m_tx="-3.000000" m_ty="-144.000000"/>
   <element name="symbol0" layername="timeline_2" frame="2" z_index="7" m_a="1.000000" m_b="0.000000" m_c="0.000000" m_d="1.000000" m_tx="-5.000000" m_ty="-138.000000"/>
  </frame>
  <frame idx="75" w="290" h="541" x="-5.000000" y="-144.000000">
   <element name="symbol0" layername="timeline_0" frame="0" z_index="9" m_a="1.000000" m_b="0.000000" m_c="0.000000" m_d="1.000000" m_tx="-3.000000" m_ty="-144.000000"/>
   <element name="symbol0" layername="timeline_1" frame="1" z_index="8" m_a="1.000000" m_b="0.000000" m_c="0.000000" m_d="1.000000" m_tx="-3.000000" m_ty="-144.000000"/>
   <element name="symbol0" layername="timeline_2" frame="2" z_index="7" m_a="1.000000" m_b="0.000000" m_c="0.000000" m_d="1.000000" m_tx="-5.000000" m_ty="-138.000000"/>
  </frame>
  <frame idx="100" w="290" h="541" x="-5.000000" y="-144.000000">
   <element name="symbol0" layername="timeline_0" frame="0" z_index="9" m_a="1.000000" m_b="0.000000" m_c="0.000000" m_d="1.000000" m_tx="-3.000000" m_ty="-144.000000"/>
   <element name="symbol0" layername="timeline_1" frame="1" z_index="8" m_a="1.000000" m_b="0.000000" m_c="0.000000" m_d="1.000000" m_tx="-3.000000" m_ty="-144.000000"/>
   <element name="symbol0" layername="timeline_2" frame="2" z_index="7" m_a="1.000000" m_b="0.000000" m_c="0.000000" m_d="1.000000" m_tx="-5.000000" m_ty="-138.000000"/>
  </frame>
  <frame idx="125" w="290" h="541" x="-5.000000" y="-144.000000">
   <element name="symbol0" layername="timeline_0" frame="0" z_index="9" m_a="1.000000" m_b="0.000000" m_c="0.000000" m_d="1.000000" m_tx="-3.000000" m_ty="-144.000000"/>
   <element name="symbol0" layername="timeline_1" frame="1" z_index="8" m_a="1.000000" m_b="0.000000" m_c="0.000000" m_d="1.000000" m_tx="-3.000000" m_ty="-144.000000"/>
   <element name="symbol0" layername="timeline_2" frame="2" z_index="7" m_a="1.000000" m_b="0.000000" m_c="0.000000" m_d="1.000000" m_tx="-5.000000" m_ty="-138.000000"/>
  </frame>
  <frame idx="150" w="290" h="541" x="-5.000000" y="-144.000000">
   <element name="symbol0" layername="timeline_0" frame="0" z_index="9" m_a="1.000000" m_b="0.000000" m_c="0.000000" m_d="1.000000" m_tx="-3.000000" m_ty="-144.000000"/>
   <element name="symbol0" layername="timeline_1" frame="1" z_index="8" m_a="1.000000" m_b="0.000000" m_c="0.000000" m_d="1.000000" m_tx="-3.000000" m_ty="-144.000000"/>
   <element name="symbol0" layername="timeline_2" frame="2" z_index="7" m_a="1.000000" m_b="0.000000" m_c="0.000000" m_d="1.000000" m_tx="-5.000000" m_ty="-138.000000"/>
  </frame>
  <frame idx="175" w="290" h="541" x="-5.000000" y="-144.000000">
   <element name="symbol0" layername="timeline_0" frame="0" z_index="9" m_a="1.000000" m_b="0.000000" m_c="0.000000" m_d="1.000000" m_tx="-3.000000" m_ty="-144.000000"/>
   <element name="symbol0" layername="timeline_1" frame="1" z_index="8" m_a="1.000000" m_b="0.000000" m_c="0.000000" m_d="1.000000" m_tx="-3.000000" m_ty="-144.000000"/>
   <element name="symbol0" layername="timeline_2" frame="2" z_index="7" m_a="1.000000" m_b="0.000000" m_c="0.000000" m_d="1.000000" m_tx="-5.000000" m_ty="-138.000000"/>
  </frame>
  <frame idx="200" w="290" h="541" x="-5.000000" y="-144.000000">
   <element name="symbol0" layername="timeline_0" frame="0" z_index="9" m_a="1.000000" m_b="0.000000" m_c="0.000000" m_d="1.000000" m_tx="-3.000000" m_ty="-144.000000"/>
   <element name="symbol0" layername="timeline_1" frame="1" z_index="8" m_a="1.000000" m_b="0.000000" m_c="0.000000" m_d="1.000000" m_tx="-3.000000" m_ty="-144.000000"/>
   <element name="symbol0" layername="timeline_2" frame="2" z_index="7" m_a="1.000000" m_b="0.000000" m_c="0.000000" m_d="1.000000" m_tx="-5.000000" m_ty="-138.000000"/>
  </frame>
  <frame idx="225" w="290" h="541" x="-5.000000" y="-144.000000">
   <element name="symbol0" layername="timeline_0" frame="0" z_index="9" m_a="1.000000" m_b="0.000000" m_c="0.000000" m_d="1.000000" m_tx="-3.000000" m_ty="-144.000000"/>
   <element name="symbol0" layername="timeline_1" frame="1" z_index="8" m_a="1.000000" m_b="0.000000" m_c="0.000000" m_d="1.000000" m_tx="-3.000000" m_ty="-144.000000"/>
   <element name="symbol0" layername="timeline_2" frame="2" z_index="7" m_a="1.000000" m_b="0.000000" m_c="0.000000" m_d="1.000000" m_tx="-5.000000" m_ty="-138.000000"/>
  </frame>
  <frame idx="250" w="290" h="541" x="-5.000000" y="-144.000000">
   <element name="symbol0" layername="timeline_0" frame="0" z_index="9" m_a="1.000000" m_b="0.000000" m_c="0.000000" m_d="1.000000" m_tx="-3.000000" m_ty="-144.000000"/>
   <element name="symbol0" layername="timeline_1" frame="1" z_index="8" m_a="1.000000" m_b="0.000000" m_c="0.000000" m_d="1.000000" m_tx="-3.000000" m_ty="-144.000000"/>
   <element name="symbol0" layername="timeline_2" frame="2" z_index="7" m_a="1.000000" m_b="0.000000" m_c="0.000000" m_d="1.000000" m_tx="-5.000000" m_ty="-138.000000"/>
  </frame>
  <frame idx="275" w="290" h="541" x="-5.000000" y="-144.000000">
   <element name="symbol0" layername="timeline_0" frame="0" z_index="9" m_a="1.000000" m_b="0.000000" m_c="0.000000" m_d="1.000000" m_tx="-3.000000" m_ty="-144.000000"/>
   <element name="symbol0" layername="timeline_1" frame="1" z_index="8" m_a="1.000000" m_b="0.000000" m_c="0.000000" m_d="1.000000" m_tx="-3.000000" m_ty="-144.000000"/>
   <element name="symbol0" layername="timeline_2" frame="2" z_index="7" m_a="1.000000" m_b="0.000000" m_c="0.000000" m_d="1.000000" m_tx="-5.000000" m_ty="-138.000000"/>
  </frame>
  <frame idx="300" w="290" h="541" x="-5.000000" y="-144.000000">
   <element name="symbol0" layername="timeline_0" frame="0" z_index="9" m_a="1.000000" m_b="0.000000" m_c="0.000000" m_d="1.000000" m_tx="-3.000000" m_ty="-144.000000"/>
   <element name="symbol0" layername="timeline_1" frame="1" z_index="8" m_a="1.000000" m_b="0.000000" m_c="0.000000" m_d="1.000000" m_tx="-3.000000" m_ty="-144.000000"/>
   <element name="symbol0" layername="timeline_2" frame="2" z_index="7" m_a="1.000000" m_b="0.000000" m_c="0.000000" m_d="1.000000" m_tx="-5.000000" m_ty="-138.000000"/>
  </frame>
  <frame idx="325" w="290" h="541" x="-5.000000" y="-144.000000">
   <element name="symbol0" layername="timeline_0" frame="0" z_index="9" m_a="1.000000" m_b="0.000000" m_c="0.000000" m_d="1.000000" m_tx="-3.000000" m_ty="-144.000000"/>
   <element name="symbol0" layername="timeline_1" frame="1" z_index="8" m_a="1.000000" m_b="0.000000" m_c="0.000000" m_d="1.000000" m_tx="-3.000000" m_ty="-144.000000"/>
   <element name="symbol0" layername="timeline_2" frame="2" z_index="7" m_a="1.000000" m_b="0.000000" m_c="0.000000" m_d="1.000000" m_tx="-5.000000" m_ty="-138.000000"/>
  </frame>
  <frame idx="350" w="290" h="541" x="-5.000000" y="-144.000000">
   <element name="symbol0" layername="timeline_0" frame="0" z_index="9" m_a="1.000000" m_b="0.000000" m_c="0.000000" m_d="1.000000" m_tx="-3.000000" m_ty="-144.000000"/>
   <element name="symbol0" layername="timeline_1" frame="1" z_index="8" m_a="1.000000" m_b="0.000000" m_c="0.000000" m_d="1.000000" m_tx="-3.000000" m_ty="-144.000000"/>
   <element name="symbol0" layername="timeline_2" frame="2" z_index="7" m_a="1.000000" m_b="0.000000" m_c="0.000000" m_d="1.000000" m_tx="-5.000000" m_ty="-138.000000"/>
  </frame>
  <frame idx="375" w="290" h="541" x="-5.000000" y="-144.000000">
   <element name="symbol0" layername="timeline_0" frame="0" z_index="9" m_a="1.000000" m_b="0.000000" m_c="0.000000" m_d="1.000000" m_tx="-3.000000" m_ty="-144.000000"/>
   <element name="symbol0" layername="timeline_1" frame="1" z_index="8" m_a="1.000000" m_b="0.000000" m_c="0.000000" m_d="1.000000" m_tx="-3.000000" m_ty="-144.000000"/>
   <element name="symbol0" layername="timeline_2" frame="2" z_index="7" m_a="1.000000" m_b="0.000000" m_c="0.000000" m_d="1.000000" m_tx="-5.000000" m_ty="-138.000000"/>
  </frame>
  <frame idx="400" w="290" h="541" x="-5.000000" y="-144.000000">
   <element name="symbol0" layername="timeline_0" frame="0" z_index="9" m_a="1.000000" m_b="0.000000" m_c="0.000000" m_d="1.000000" m_tx="-3.000000" m_ty="-144.000000"/>
   <element name="symbol0" layername="timeline_1" frame="1" z_index="8" m_a="1.000000" m_b="0.000000" m_c="0.000000" m_d="1.000000" m_tx="-3.000000" m_ty="-144.000000"/>
   <element name="symbol0" layername="timeline_2" frame="2" z_index="7" m_a="1.000000" m_b="0.000000" m_c="0.000000" m_d="1.000000" m_tx="-5.000000" m_ty="-138.000000"/>
  </frame>
  <frame idx="425" w="290" h="541" x="-5.000000" y="-144.000000">
   <element name="symbol0" layername="timeline_0" frame="0" z_index="9" m_a="1.000000" m_b="0.000000" m_c="0.000000" m_d="1.000000" m_tx="-3.000000" m_ty="-144.000000"/>
   <element name="symbol0" layername="timeline_1" frame="1" z_index="8" m_a="1.000000" m_b="0.000000" m_c="0.000000" m_d="1.000000" m_tx="-3.000000" m_ty="-144.000000"/>
   <element name="symbol0" layername="timeline_2" frame="2" z_index="7" m_a="1.000000" m_b="0.000000" m_c="0.000000" m_d="1.000000" m_tx="-5.000000" m_ty="-138.000000"/>
  </frame>
  <frame idx="450" w="290" h="541" x="-5.000000" y="-144.000000">
   <element name="symbol0" layername="timeline_0" frame="0" z_index="9" m_a="1.000000" m_b="0.000000" m_c="0.000000" m_d="1.000000" m_tx="-3.000000" m_ty="-144.000000"/>
   <element name="symbol0" layername="timeline_1" frame="1" z_index="8" m_a="1.000000" m_b="0.000000" m_c="0.000000" m_d="1.000000" m_tx="-3.000000" m_ty="-144.000000"/>
   <element name="symbol0" layername="timeline_2" frame="2" z_index="7" m_a="1.000000" m_b="0.000000" m_c="0.000000" m_d="1.000000" m_tx="-5.000000" m_ty="-138.000000"/>
  </frame>
  <frame idx="475" w="290" h="541" x="-5.000000" y="-144.000000">
   <element name="symbol0" layername="timeline_0" frame="0" z_index="9" m_a="1.000000" m_b="0.000000" m_c="0.000000" m_d="1.000000" m_tx="-3.000000" m_ty="-144.000000"/>
   <element name="symbol0" layername="timeline_1" frame="1" z_index="8" m_a="1.000000" m_b="0.000000" m_c="0.000000" m_d="1.000000" m_tx="-3.000000" m_ty="-144.000000"/>
   <element name="symbol0" layername="timeline_2" frame="2" z_index="7" m_a="1.000000" m_b="0.000000" m_c="0.000000" m_d="1.000000" m_tx="-5.000000" m_ty="-138.000000"/>
  </frame>
  <frame idx="500" w="290" h="541" x="-5.000000" y="-144.000000">
   <element name="symbol0" layername="timeline_0" frame="0" z_index="9" m_a="1.000000" m_b="0.000000" m_c="0.000000" m_d="1.000000" m_tx="-3.000000" m_ty="-144.000000"/>
   <element name="symbol0" layername="timeline_1" frame="1" z_index="8" m_a="1.000000" m_b="0.000000" m_c="0.000000" m_d="1.000000" m_tx="-3.000000" m_ty="-144.000000"/>
   <element name="symbol0" layername="timeline_2" frame="2" z_index="7" m_a="1.000000" m_b="0.000000" m_c="0.000000" m_d="1.000000" m_tx="-5.000000" m_ty="-138.000000"/>
  </frame>
  <frame idx="525" w="290" h="541" x="-5.000000" y="-144.000000">
   <element name="symbol0" layername="timeline_0" frame="0" z_index="9" m_a="1.000000" m_b="0.000000" m_c="0.000000" m_d="1.000000" m_tx="-3.000000" m_ty="-144.000000"/>
   <element name="symbol0" layername="timeline_1" frame="1" z_index="8" m_a="1.000000" m_b="0.000000" m_c="0.000000" m_d="1.000000" m_tx="-3.000000" m_ty="-144.000000"/>
   <element name="symbol0" layername="timeline_2" frame="2" z_index="7" m_a="1.000000" m_b="0.000000" m_c="0.000000" m_d="1.000000" m_tx="-5.000000" m_ty="-138.000000"/>
  </frame>
  <frame idx="550" w="290" h="541" x="-5.000000" y="-144.000000">
   <element name="symbol0" layername="timeline_0" frame="0" z_index="9" m_a="1.000000" m_b="0.000000" m_c="0.000000" m_d="1.000000" m_tx="-3.000000" m_ty="-144.000000"/>
   <element name="symbol0" layername="timeline_1" frame="1" z_index="8" m_a="1.000000" m_b="0.000000" m_c="0.000000" m_d="1.000000" m_tx="-3.000000" m_ty="-144.000000"/>
   <element name="symbol0" layername="timeline_2" frame="2" z_index="7" m_a="1.000000" m_b="0.000000" m_c="0.000000" m_d="1.000000" m_tx="-5.000000" m_ty="-138.000000"/>
  </frame>
  <frame idx="575" w="290" h="541" x="-5.000000" y="-144.000000">
   <element name="symbol0" layername="timeline_0" frame="0" z_index="9" m_a="1.000000" m_b="0.000000" m_c="0.000000" m_d="1.000000" m_tx="-3.000000" m_ty="-144.000000"/>
   <element name="symbol0" layername="timeline_1" frame="1" z_index="8" m_a="1.000000" m_b="0.000000" m_c="0.000000" m_d="1.000000" m_tx="-3.000000" m_ty="-144.000000"/>
   <element name="symbol0" layername="timeline_2" frame="2" z_index="7" m_a="1.000000" m_b="0.000000" m_c="0.000000" m_d="1.000000" m_tx="-5.000000" m_ty="-138.000000"/>
  </frame>
  <frame idx="600" w="290" h="541" x="-5.000000" y="-144.000000">
   <element name="symbol0" layername="timeline_0" frame="0" z_index="9" m_a="1.000000" m_b="0.000000" m_c="0.000000" m_d="1.000000" m_tx="-3.000000" m_ty="-144.000000"/>
   <element name="symbol0" layername="timeline_1" frame="1" z_index="8" m_a="1.000000" m_b="0.000000" m_c="0.000000" m_d="1.000000" m_tx="-3.000000" m_ty="-144.000000"/>
   <element name="symbol0" layername="timeline_2" frame="2" z_index="7" m_a="1.000000" m_b="0.000000" m_c="0.000000" m_d="1.000000" m_tx="-5.000000" m_ty="-138.000000"/>
  </frame>
  <frame idx="625" w="290" h="541" x="-5.000000" y="-144.000000">
   <element name="symbol0" layername="timeline_0" frame="0" z_index="9" m_a="1.000000" m_b="0.000000" m_c="0.000000" m_d="1.000000" m_tx="-3.000000" m_ty="-144.000000"/>
   <element name="symbol0" layername="timeline_1" frame="1" z_index="8" m_a="1.000000" m_b="0.000000" m_c="0.000000" m_d="1.000000" m_tx="-3.000000" m_ty="-144.000000"/>
   <element name="symbol0" layername="timeline_2" frame="2" z_index="7" m_a="1.000000" m_b="0.000000" m_c="0.000000" m_d="1.000000" m_tx="-5.000000" m_ty="-138.000000"/>
  </frame>
  <frame idx="650" w="290" h="541" x="-5.000000" y="-144.000000">
   <element name="symbol0" layername="timeline_0" frame="0" z_index="9" m_a="1.000000" m_b="0.000000" m_c="0.000000" m_d="1.000000" m_tx="-3.000000" m_ty="-144.000000"/>
   <element name="symbol0" layername="timeline_1" frame="1" z_index="8" m_a="1.000000" m_b="0.000000" m_c="0.000000" m_d="1.000000" m_tx="-3.000000" m_ty="-144.000000"/>
   <element name="symbol0" layername="timeline_2" frame="2" z_index="7" m_a="1.000000" m_b="0.000000" m_c="0.000000" m_d="1.000000" m_tx="-5.000000" m_ty="-138.000000"/>
  </frame>
  <frame idx="675" w="290" h="541" x="-5.000000" y="-144.000000">
   <element name="symbol0" layername="timeline_0" frame="0" z_index="9" m_a="1.000000" m_b="0.000000" m_c="0.000000" m_d="1.000000" m_tx="-3.000000" m_ty="-144.000000"/>
   <element name="symbol0" layername="timeline_1" frame="1" z_index="8" m_a="1.000000" m_b="0.000000" m_c="0.000000" m_d="1.000000" m_tx="-3.000000" m_ty="-144.000000"/>
   <element name="symbol0" layername="timeline_2" frame="2" z_index="7" m_a="1.000000" m_b="0.000000" m_c="0.000000" m_d="1.000000" m_tx="-5.000000" m_ty="-138.000000"/>
  </frame>
  <frame idx="700" w="290" h="541" x="-5.000000" y="-144.000000">
   <element name="symbol0" layername="timeline_0" frame="0" z_index="9" m_a="1.000000" m_b="0.000000" m_c="0.000000" m_d="1.000000" m_tx="-3.000000" m_ty="-144.000000"/>
   <element name="symbol0" layername="timeline_1" frame="1" z_index="8" m_a="1.000000" m_b="0.000000" m_c="0.000000" m_d="1.000000" m_tx="-3.000000" m_ty="-144.000000"/>
   <element name="symbol0" layername="timeline_2" frame="2" z_index="7" m_a="1.000000" m_b="0.000000" m_c="0.000000" m_d="1.000000" m_tx="-5.000000" m_ty="-138.000000"/>
  </frame>
  <frame idx="725" w="290" h="541" x="-5.000000" y="-144.000000">
   <element name="symbol0" layername="timeline_0" frame="0" z_index="9" m_a="1.000000" m_b="0.000000" m_c="0.000000" m_d="1.000000" m_tx="-3.000000" m_ty="-144.000000"/>
   <element name="symbol0" layername="timeline_1" frame="1" z_index="8" m_a="1.000000" m_b="0.000000" m_c="0.000000" m_d="1.000000" m_tx="-3.000000" m_ty="-144.000000"/>
   <element name="symbol0" layername="timeline_2" frame="2" z_index="7" m_a="1.000000" m_b="0.000000" m_c="0.000000" m_d="1.000000" m_tx="-5.000000" m_ty="-138.000000"/>
  </frame>
  <frame idx="750" w="290" h="541" x="-5.000000" y="-144.000000">
   <element name="symbol0" layername="timeline_0" frame="0" z_index="9" m_a="1.000000" m_b="0.000000" m_c="0.000000" m_d="1.000000" m_tx="-3.000000" m_ty="-144.000000"/>
   <element name="symbol0" layername="timeline_1" frame="1" z_index="8" m_a="1.000000" m_b="0.000000" m_c="0.000000" m_d="1.000000" m_tx="-3.000000" m_ty="-144.000000"/>
   <element name="symbol0" layername="timeline_2" frame="2" z_index="7" m_a="1.000000" m_b="0.000000" m_c="0.000000" m_d="1.000000" m_tx="-5.000000" m_ty="-138.000000"/>
  </frame>
  <frame idx="775" w="290" h="541" x="-5.000000" y="-144.000000">
   <element name="symbol0" layername="timeline_0" frame="0" z_index="9" m_a="1.000000" m_b="0.000000" m_c="0.000000" m_d="1.000000" m_tx="-3.000000" m_ty="-144.000000"/>
   <element name="symbol0" layername="timeline_1" frame="1" z_index="8" m_a="1.000000" m_b="0.000000" m_c="0.000000" m_d="1.000000" m_tx="-3.000000" m_ty="-144.000000"/>
   <element name="symbol0" layername="timeline_2" frame="2" z_index="7" m_a="1.000000" m_b="0.000000" m_c="0.000000" m_d="1.000000" m_tx="-5.000000" m_ty="-138.000000"/>
  </frame>
  <frame idx="800" w="290" h="541" x="-5.000000" y="-144.000000">
   <element name="symbol0" layername="timeline_0" frame="0" z_index="9" m_a="1.000000" m_b="0.000000" m_c="0.000000" m_d="1.000000" m_tx="-3.000000" m_ty="-144.000000"/>
   <element name="symbol0" layername="timeline_1" frame="1" z_index="8" m_a="1.000000" m_b="0.000000" m_c="0.000000" m_d="1.000000" m_tx="-3.000000" m_ty="-144.000000"/>
   <element name="symbol0" layername="timeline_2" frame="2" z_index="7" m_a="1.000000" m_b="0.000000" m_c="0.000000" m_d="1.000000" m_tx="-5.000000" m_ty="-138.000000"/>
  </frame>
  <frame idx="825" w="290" h="541" x="-5.000000" y="-144.000000">
   <element name="symbol0" layername="timeline_0" frame="0" z_index="9" m_a="1.000000" m_b="0.000000" m_c="0.000000" m_d="1.000000" m_tx="-3.000000" m_ty="-144.000000"/>
   <element name="symbol0" layername="timeline_1" frame="1" z_index="8" m_a="1.000000" m_b="0.000000" m_c="0.000000" m_d="1.000000" m_tx="-3.000000" m_ty="-144.000000"/>
   <element name="symbol0" layername="timeline_2" frame="2" z_index="7" m_a="1.000000" m_b="0.000000" m_c="0.000000" m_d="1.000000" m_tx="-5.000000" m_ty="-138.000000"/>
  </frame>
  <frame idx="850" w="290" h="541" x="-5.000000" y="-144.000000">
   <element name="symbol0" layername="timeline_0" frame="0" z_index="9" m_a="1.000000" m_b="0.000000" m_c="0.000000" m_d="1.000000" m_tx="-3.000000" m_ty="-144.000000"/>
   <element name="symbol0" layername="timeline_1" frame="1" z_index="8" m_a="1.000000" m_b="0.000000" m_c="0.000000" m_d="1.000000" m_tx="-3.000000" m_ty="-144.000000"/>
   <element name="symbol0" layername="timeline_2" frame="2" z_index="7" m_a="1.000000" m_b="0.000000" m_c="0.000000" m_d="1.000000" m_tx="-5.000000" m_ty="-138.000000"/>
  </frame>
  <frame idx="875" w="290" h="541" x="-5.000000" y="-144.000000">
   <element name="symbol0" layername="timeline_0" frame="0" z_index="9" m_a="1.000000" m_b="0.000000" m_c="0.000000" m_d="1.000000" m_tx="-3.000000" m_ty="-144.000000"/>
   <element name="symbol0" layername="timeline_1" frame="1" z_index="8" m_a="1.000000" m_b="0.000000" m_c="0.000000" m_d="1.000000" m_tx="-3.000000" m_ty="-144.000000"/>
   <element name="symbol0" layername="timeline_2" frame="2" z_index="7" m_a="1.000000" m_b="0.000000" m_c="0.000000" m_d="1.000000" m_tx="-5.000000" m_ty="-138.000000"/>
  </frame>
  <frame idx="900" w="290" h="541" x="-5.000000" y="-144.000000">
   <element name="symbol0" layername="timeline_0" frame="0" z_index="9" m_a="1.000000" m_b="0.000000" m_c="0.000000" m_d="1.000000" m_tx="-3.000000" m_ty="-144.000000"/>
   <element name="symbol0" layername="timeline_1" frame="1" z_index="8" m_a="1.000000" m_b="0.000000" m_c="0.000000" m_d="1.000000" m_tx="-3.000000" m_ty="-144.000000"/>
   <element name="symbol0" layername="timeline_2" frame="2" z_index="7" m_a="1.000000" m_b="0.000000" m_c="0.000000" m_d="1.000000" m_tx="-5.000000" m_ty="-138.000000"/>
  </frame>
  <frame idx="925" w="290" h="541" x="-5.000000" y="-144.000000">
   <element name="symbol0" layername="timeline_0" frame="0" z_index="9" m_a="1.000000" m_b="0.000000" m_c="0.000000" m_d="1.000000" m_tx="-3.000000" m_ty="-144.000000"/>
   <element name="symbol0" layername="timeline_1" frame="1" z_index="8" m_a="1.000000" m_b="0.000000" m_c="0.000000" m_d="1.000000" m_tx="-3.000000" m_ty="-144.000000"/>
   <element name="symbol0" layername="timeline_2" frame="2" z_index="7" m_a="1.000000" m_b="0.000000" m_c="0.000000" m_d="1.000000" m_tx="-5.000000" m_ty="-138.000000"/>
  </frame>
  <frame idx="950" w="290" h="541" x="-5.000000" y="-144.000000">
   <element name="symbol0" layername="timeline_0" frame="0" z_index="9" m_a="1.000000" m_b="0.000000" m_c="0.000000" m_d="1.000000" m_tx="-3.000000" m_ty="-144.000000"/>
   <element name="symbol0" layername="timeline_1" frame="1" z_index="8" m_a="1.000000" m_b="0.000000" m_c="0.000000" m_d="1.000000" m_tx="-3.000000" m_ty="-144.000000"/>
   <element name="symbol0" layername="timeline_2" frame="2" z_index="7" m_a="1.000000" m_b="0.000000" m_c="0.000000" m_d="1.000000" m_tx="-5.000000" m_ty="-138.000000"/>
  </frame>
  <frame idx="975" w="290" h="541" x="-5.000000" y="-144.000000">
   <element name="symbol0" layername="timeline_0" frame="0" z_index="9" m_a="1.000000" m_b="0.000000" m_c="0.000000" m_d="1.000000" m_tx="-3.000000" m_ty="-144.000000"/>
   <element name="symbol0" layername="timeline_1" frame="1" z_index="8" m_a="1.000000" m_b="0.000000" m_c="0.000000" m_d="1.000000" m_tx="-3.000000" m_ty="-144.000000"/>
   <element name="symbol0" layername="timeline_2" frame="2" z_index="7" m_a="1.000000" m_b="0.000000" m_c="0.000000" m_d="1.000000" m_tx="-5.000000" m_ty="-138.000000"/>
  </frame>
 </anim>
 <anim name="idle_on" root="kettle" numframes="1000" framerate="40">
  <frame idx="0" w="290" h="541" x="-5.000000" y="-144.000000">
   <element name="symbol0" layername="timeline_0" frame="0" z_index="9" m_a="1.000000" m_b="0.000000" m_c="0.000000" m_d="1.000000" m_tx="-3.000000" m_ty="-144.000000"/>
   <element name="symbol0" layername="timeline_1" frame="1" z_index="8" m_a="1.000000" m_b="0.000000" m_c="0.000000" m_d="1.000000" m_tx="-3.000000" m_ty="-144.000000"/>
   <element name="symbol0" layername="timeline_2" frame="2" z_index="7" m_a="1.000000" m_b="0.000000" m_c="0.000000" m_d="1.000000" m_tx="-5.000000" m_ty="-138.000000"/>
  </frame>
  <frame idx="25" w="290" h="542" x="-5.000000" y="-144.337830">
   <element name="symbol0" layername="timeline_0" frame="0" z_index="9" m_a="1.000000" m_b="0.000000" m_c="0.000000" m_d="1.000000" m_tx="-3.000000" m_ty="-144.000000"/>
   <element name="symbol0" layername="timeline_1" frame="1" z_index="8" m_a="1.000000" m_b="0.000000" m_c="0.000000" m_d="1.000000" m_tx="-3.000000" m_ty="-144.337830"/>
   <element name="symbol0" layername="timeline_2" frame="2" z_index="7" m_a="1.000000" m_b="0.000000" m_c="0.000000" m_d="1.000000" m_tx="-5.000000" m_ty="-138.000000"/>
  </frame>
  <frame idx="50" w="290" h="542" x="-5.000000" y="-144.675690">
   <element name="symbol0" layername="timeline_0" frame="0" z_index="9" m_a="1.000000" m_b="0.000000" m_c="0.000000" m_d="1.000000" m_tx="-3.000000" m_ty="-144.000000"/>
   <element name="symbol0" layername="timeline_1" frame="1" z_index="8" m_a="1.000000" m_b="0.000000" m_c="0.000000" m_d="1.000000" m_tx="-3.000000" m_ty="-144.675690"/>
   <element name="symbol0" layername="timeline_2" frame="2" z_index="7" m_a="1.000000" m_b="0.000000" m_c="0.000000" m_d="1.000000" m_tx="-5.000000" m_ty="-138.000000"/>
  </frame>
  <frame idx="75" w="290" h="543" x="-5.000000" y="-145.013519">
   <element name="symbol0" layername="timeline_0" frame="0" z_index="9" m_a="1.000000" m_b="0.000000" m_c="0.000000" m_d="1.000000" m_tx="-3.000000" m_ty="-144.000000"/>
   <element name="symbol0" layername="timeline_1" frame="1" z_index="8" m_a="1.000000" m_b="0.000000" m_c="0.000000" m_d="1.000000" m_tx="-3.000000" m_ty="-145.013519"/>
   <element name="symbol0" layername="timeline_2" frame="2" z_index="7" m_a="1.000000" m_b="0.000000" m_c="0.000000" m_d="1.000000" m_tx="-5.000000" m_ty="-138.000000"/>
  </frame>
  <frame idx="100" w="290" h="543" x="-5.000000" y="-145.351349">
   <element name="symbol0" layername="timeline_0" frame="0" z_index="9" m_a="1.000000" m_b="0.000000" m_c="0.000000" m_d="1.000000" m_tx="-3.000000" m_ty="-144.000000"/>
   <element name="symbol0" layername="timeline_1" frame="1" z_index="8" m_a="1.000000" m_b="0.000000" m_c="0.000000" m_d="1.000000" m_tx="-3.000000" m_ty="-145.351349"/>
   <element name="symbol0" layername="timeline_2" frame="2" z_index="7" m_a="1.000000" m_b="0.000000" m_c="0.000000" m_d="1.000000" m_tx="-5.000000" m_ty="-138.000000"/>
  </frame>
  <frame idx="125" w="290" h="543" x="-5.000000" y="-145.689178">
   <element name="symbol0" layername="timeline_0" frame="0" z_index="9" m_a="1.000000" m_b="0.000000" m_c="0.000000" m_d="1.000000" m_tx="-3.000000" m_ty="-144.000000"/>
   <element name="symbol0" layername="timeline_1" frame="1" z_index="8" m_a="1.000000" m_b="0.000000" m_c="0.000000" m_d="1.000000" m_tx="-3.000000" m_ty="-145.689178"/>
   <element name="symbol0" layername="timeline_2" frame="2" z_index="7" m_a="1.000000" m_b="0.000000" m_c="0.000000" m_d="1.000000" m_tx="-5.000000" m_ty="-138.000000"/>
  </frame>
  <frame idx="150" w="290" h="543" x="-5.000000" y="-145.968292">
   <element name="symbol0" layername="timeline_0" frame="0" z_index="9" m_a="1.000000" m_b="0.000000" m_c="0.000000" m_d="1.000000" m_tx="-3.000000" m_ty="-144.000000"/>
   <element name="symbol0" layername="timeline_1" frame="1" z_index="8" m_a="1.000000" m_b="0.000000" m_c="0.000000" m_d="1.000000" m_tx="-3.000000" m_ty="-145.968292"/>
   <element name="symbol0" layername="timeline_2" frame="2" z_index="7" m_a="1.000000" m_b="0.000000" m_c="0.000000" m_d="1.000000" m_tx="-5.000000" m_ty="-138.000000"/>
  </frame>
  <frame idx="175" w="290" h="543" x="-5.000000" y="-145.571747">
   <element name="symbol0" layername="timeline_0" frame="0" z_index="9" m_a="1.000000" m_b="0.000000" m_c="0.000000" m_d="1.000000" m_tx="-3.000000" m_ty="-144.000000"/>
   <element name="symbol0" layername="timeline_1" frame="1" z_index="8" m_a="1.000000" m_b="0.000000" m_c="0.000000" m_d="1.000000" m_tx="-3.000000" m_ty="-145.571747"/>
   <element name="symbol0" layername="timeline_2" frame="2" z_index="7" m_a="1.000000" m_b="0.000000" m_c="0.000000" m_d="1.000000" m_tx="-5.000000" m_ty="-138.000000"/>
  </frame>
  <frame idx="200" w="290" h="543" x="-5.000000" y="-145.175232">
   <element name="symbol0" layername="timeline_0" frame="0" z_index="9" m_a="1.000000" m_b="0.000000" m_c="0.000000" m_d="1.000000" m_tx="-3.000000" m_ty="-144.000000"/>
   <element name="symbol0" layername="timeline_1" frame="1" z_index="8" m_a="1.000000" m_b="0.000000" m_c="0.000000" m_d="1.000000" m_tx="-3.000000" m_ty="-145.175232"/>
   <element name="symbol0" layername="timeline_2" frame="2" z_index="7" m_a="1.000000" m_b="0.000000" m_c="0.000000" m_d="1.000000" m_tx="-5.000000" m_ty="-138.000000"/>
  </frame>
  <frame idx="225" w="290" h="542" x="-5.000000" y="-144.778717">
   <element name="symbol0" layername="timeline_0" frame="0" z_index="9" m_a="1.000000" m_b="0.000000" m_c="0.000000" m_d="1.000000" m_tx="-3.000000" m_ty="-144.000000"/>
   <element name="symbol0" layername="timeline_1" frame="1" z_index="8" m_a="1.000000" m_b="0.000000" m_c="0.000000" m_d="1.000000" m_tx="-3.000000" m_ty="-144.778717"/>
   <element name="symbol0" layername="timeline_2" frame="2" z_index="7" m_a="1.000000" m_b="0.000000" m_c="0.000000" m_d="1.000000" m_tx="-5.000000" m_ty="-138.000000"/>
  </frame>
  <frame idx="250" w="290" h="542" x="-5.000000" y="-144.382202">
   <element name="symbol0" layername="timeline_0" frame="0" z_index="9" m_a="1.000000" m_b="0.000000" m_c="0.000000" m_d="1.000000" m_tx="-3.000000" m_ty="-144.000000"/>
   <element name="symbol0" layername="timeline_1" frame="1" z_index="8" m_a="1.000000" m_b="0.000000" m_c="0.000000" m_d="1.000000" m_tx="-3.000000" m_ty="-144.382202"/>
   <element name="symbol0" layername="timeline_2" frame="2" z_index="7" m_a="1.000000" m_b="0.000000" m_c="0.000000" m_d="1.000000" m_tx="-5.000000" m_ty="-138.000000"/>
  </frame>
  <frame idx="275" w="290" h="541" x="-5.000000" y="-144.000000">
   <element name="symbol0" layername="timeline_0" frame="0" z_index="9" m_a="1.000000" m_b="0.000000" m_c="0.000000" m_d="1.000000" m_tx="-3.000000" m_ty="-144.000000"/>
   <element name="symbol0" layername="timeline_1" frame="1" z_index="8" m_a="1.000000" m_b="0.000000" m_c="0.000000" m_d="1.000000" m_tx="-3.000000" m_ty="-143.985657"/>
   <element name="symbol0" layername="timeline_2" frame="2" z_index="7" m_a="1.000000" m_b="0.000000" m_c="0.000000" m_d="1.000000" m_tx="-5.000000" m_ty="-138.000000"/>
  </frame>
  <frame idx="300" w="290" h="541" x="-5.000000" y="-144.000000">
   <element name="symbol0" layername="timeline_0" frame="0" z_index="9" m_a="1.000000" m_b="0.000000" m_c="0.000000" m_d="1.000000" m_tx="-3.000000" m_ty="-144.000000"/>
   <element name="symbol0" layername="timeline_1" frame="1" z_index="8" m_a="1.000000" m_b="0.000000" m_c="0.000000" m_d="1.000000" m_tx="-3.000000" m_ty="-143.738464"/>
   <element name="symbol0" layername="timeline_2" frame="2" z_index="7" m_a="1.000000" m_b="0.000000" m_c="0.000000" m_d="1.000000" m_tx="-5.000000" m_ty="-138.000000"/>
  </frame>
  <frame idx="325" w="290" h="542" x="-5.000000" y="-144.275299">
   <element name="symbol0" layername="timeline_0" frame="0" z_index="9" m_a="1.000000" m_b="0.000000" m_c="0.000000" m_d="1.000000" m_tx="-3.000000" m_ty="-144.000000"/>
   <element name="symbol0" layername="timeline_1" frame="1" z_index="8" m_a="1.000000" m_b="0.000000" m_c="0.000000" m_d="1.000000" m_tx="-3.000000" m_ty="-144.275299"/>
   <element name="symbol0" layername="timeline_2" frame="2" z_index="7" m_a="1.000000" m_b="0.000000" m_c="0.000000" m_d="1.000000" m_tx="-5.000000" m_ty="-138.000000"/>
  </frame>
  <frame idx="350" w="290" h="542" x="-5.000000" y="-144.812103">
   <element name="symbol0" layername="timeline_0" frame="0" z_index="9" m_a="1.000000" m_b="0.000000" m_c="0.000000" m_d="1.000000" m_tx="-3.000000" m_ty="-144.000000"/>
   <element name="symbol0" layername="timeline_1" frame="1" z_index="8" m_a="1.000000" m_b="0.000000" m_c="0.000000" m_d="1.000000" m_tx="-3.000000" m_ty="-144.812103"/>
   <element name="symbol0" layername="timeline_2" frame="2" z_index="7" m_a="1.000000" m_b="0.000000" m_c="0.000000" m_d="1.000000" m_tx="-5.000000" m_ty="-138.000000"/>
  </frame>
  <frame idx="375" w="290" h="543" x="-5.000000" y="-145.348907">
   <element name="symbol0" layername="timeline_0" frame="0" z_index="9" m_a="1.000000" m_b="0.000000" m_c="0.000000" m_d="1.000000" m_tx="-3.000000" m_ty="-144.000000"/>
   <element name="symbol0" layername="timeline_1" frame="1" z_index="8" m_a="1.000000" m_b="0.000000" m_c="0.000000" m_d="1.000000" m_tx="-3.000000" m_ty="-145.348907"/>
   <element name="symbol0" layername="timeline_2" frame="2" z_index="7" m_a="1.000000" m_b="0.000000" m_c="0.000000" m_d="1.000000" m_tx="-5.000000" m_ty="-138.000000"/>
  </frame>
  <frame idx="400" w="290" h="543" x="-5.000000" y="-145.885712">
   <element name="symbol0" layername="timeline_0" frame="0" z_index="9" m_a="1.000000" m_b="0.000000" m_c="0.000000" m_d="1.000000" m_tx="-3.000000" m_ty="-144.000000"/>
   <element name="symbol0" layername="timeline_1" frame="1" z_index="8" m_a="1.000000" m_b="0.000000" m_c="0.000000" m_d="1.000000" m_tx="-3.000000" m_ty="-145.885712"/>
   <element name="symbol0" layername="timeline_2" frame="2" z_index="7" m_a="1.000000" m_b="0.000000" m_c="0.000000" m_d="1.000000" m_tx="-5.000000" m_ty="-138.000000"/>
  </frame>
  <frame idx="425" w="290" h="544" x="-5.000000" y="-146.422516">
   <element name="symbol0" layername="timeline_0" frame="0" z_index="9" m_a="1.000000" m_b="0.000000" m_c="0.000000" m_d="1.000000" m_tx="-3.000000" m_ty="-144.000000"/>
   <element name="symbol0" layername="timeline_1" frame="1" z_index="8" m_a="1.000000" m_b="0.000000" m_c="0.000000" m_d="1.000000" m_tx="-3.000000" m_ty="-146.422516"/>
   <element name="symbol0" layername="timeline_2" frame="2" z_index="7" m_a="1.000000" m_b="0.000000" m_c="0.000000" m_d="1.000000" m_tx="-5.000000" m_ty="-138.000000"/>
  </frame>
  <frame idx="450" w="290" h="544" x="-5.000000" y="-146.448273">
   <element name="symbol0" layername="timeline_0" frame="0" z_index="9" m_a="1.000000" m_b="0.000000" m_c="0.000000" m_d="1.000000" m_tx="-3.000000" m_ty="-144.000000"/>
   <element name="symbol0" layername="timeline_1" frame="1" z_index="8" m_a="1.000000" m_b="0.000000" m_c="0.000000" m_d="1.000000" m_tx="-3.000000" m_ty="-146.448273"/>
   <element name="symbol0" layername="timeline_2" frame="2" z_index="7" m_a="1.000000" m_b="0.000000" m_c="0.000000" m_d="1.000000" m_tx="-5.000000" m_ty="-138.000000"/>
  </frame>
  <frame idx="475" w="290" h="543" x="-5.000000" y="-145.823578">
   <element name="symbol0" layername="timeline_0" frame="0" z_index="9" m_a="1.000000" m_b="0.000000" m_c="0.000000" m_d="1.000000" m_tx="-3.000000" m_ty="-144.000000"/>
   <element name="symbol0" layername="timeline_1" frame="1" z_index="8" m_a="1.000000" m_b="0.000000" m_c="0.000000" m_d="1.000000" m_tx="-3.000000" m_ty="-145.823578"/>
   <element name="symbol0" layername="timeline_2" frame="2" z_index="7" m_a="1.000000" m_b="0.000000" m_c="0.000000" m_d="1.000000" m_tx="-5.000000" m_ty="-138.000000"/>
  </frame>
  <frame idx="500" w="290" h="543" x="-5.000000" y="-145.198853">
   <element name="symbol0" layername="timeline_0" frame="0" z_index="9" m_a="1.000000" m_b="0.000000" m_c="0.000000" m_d="1.000000" m_tx="-3.000000" m_ty="-144.000000"/>
   <element name="symbol0" layername="timeline_1" frame="1" z_index="8" m_a="1.000000" m_b="0.000000" m_c="0.000000" m_d="1.000000" m_tx="-3.000000" m_ty="-145.198853"/>
   <element name="symbol0" layername="timeline_2" frame="2" z_index="7" m_a="1.000000" m_b="0.000000" m_c="0.000000" m_d="1.000000" m_tx="-5.000000" m_ty="-138.000000"/>
  </frame>
  <frame idx="525" w="290" h="542" x="-5.000000" y="-144.574158">
   <element name="symbol0" layername="timeline_0" frame="0" z_index="9" m_a="1.000000" m_b="0.000000" m_c="0.000000" m_d="1.000000" m_tx="-3.000000" m_ty="-144.000000"/>
   <element name="symbol0" layername="timeline_1" frame="1" z_index="8" m_a="1.000000" m_b="0.000000" m_c="0.000000" m_d="1.000000" m_tx="-3.000000" m_ty="-144.574158"/>
   <element name="symbol0" layername="timeline_2" frame="2" z_index="7" m_a="1.000000" m_b="0.000000" m_c="0.000000" m_d="1.000000" m_tx="-5.000000" m_ty="-138.000000"/>
  </frame>
  <frame idx="550" w="290" h="541" x="-5.000000" y="-144.000000">
   <element name="symbol0" layername="timeline_0" frame="0" z_index="9" m_a="1.000000" m_b="0.000000" m_c="0.000000" m_d="1.000000" m_tx="-3.000000" m_ty="-144.000000"/>
   <element name="symbol0" layername="timeline_1" frame="1" z_index="8" m_a="1.000000" m_b="0.000000" m_c="0.000000" m_d="1.000000" m_tx="-3.000000" m_ty="-143.949432"/>
   <element name="symbol0" layername="timeline_2" frame="2" z_index="7" m_a="1.000000" m_b="0.000000" m_c="0.000000" m_d="1.000000" m_tx="-5.000000" m_ty="-138.000000"/>
  </frame>
  <frame idx="575" w="290" h="541" x="-5.000000" y="-144.000000">
   <element name="symbol0" layername="timeline_0" frame="0" z_index="9" m_a="1.000000" m_b="0.000000" m_c="0.000000" m_d="1.000000" m_tx="-3.000000" m_ty="-144.000000"/>
   <element name="symbol0" layername="timeline_1" frame="1" z_index="8" m_a="1.000000" m_b="0.000000" m_c="0.000000" m_d="1.000000" m_tx="-3.000000" m_ty="-143.324738"/>
   <element name="symbol0" layername="timeline_2" frame="2" z_index="7" m_a="1.000000" m_b="0.000000" m_c="0.000000" m_d="1.000000" m_tx="-5.000000" m_ty="-138.000000"/>
  </frame>
  <frame idx="600" w="290" h="541" x="-5.000000" y="-144.000000">
   <element name="symbol0" layername="timeline_0" frame="0" z_index="9" m_a="1.000000" m_b="0.000000" m_c="0.000000" m_d="1.000000" m_tx="-3.000000" m_ty="-144.000000"/>
   <element name="symbol0" layername="timeline_1" frame="1" z_index="8" m_a="1.000000" m_b="0.000000" m_c="0.000000" m_d="1.000000" m_tx="-3.000000" m_ty="-143.270630"/>
   <element name="symbol0" layername="timeline_2" frame="2" z_index="7" m_a="1.000000" m_b="0.000000" m_c="0.000000" m_d="1.000000" m_tx="-5.000000" m_ty="-138.000000"/>
  </frame>
  <frame idx="625" w="290" h="541" x="-5.000000" y="-144.000000">
   <element name="symbol0" layername="timeline_0" frame="0" z_index="9" m_a="1.000000" m_b="0.000000" m_c="0.000000" m_d="1.000000" m_tx="-3.000000" m_ty="-144.000000"/>
   <element name="symbol0" layername="timeline_1" frame="1" z_index="8" m_a="1.000000" m_b="0.000000" m_c="0.000000" m_d="1.000000" m_tx="-3.000000" m_ty="-143.834656"/>
   <element name="symbol0" layername="timeline_2" frame="2" z_index="7" m_a="1.000000" m_b="0.000000" m_c="0.000000" m_d="1.000000" m_tx="-5.000000" m_ty="-138.000000"/>
  </frame>
  <frame idx="650" w="290" h="542" x="-5.000000" y="-144.398712">
   <element name="symbol0" layername="timeline_0" frame="0" z_index="9" m_a="1.000000" m_b="0.000000" m_c="0.000000" m_d="1.000000" m_tx="-3.000000" m_ty="-144.000000"/>
   <element name="symbol0" layername="timeline_1" frame="1" z_index="8" m_a="1.000000" m_b="0.000000" m_c="0.000000" m_d="1.000000" m_tx="-3.000000" m_ty="-144.398712"/>
   <element name="symbol0" layername="timeline_2" frame="2" z_index="7" m_a="1.000000" m_b="0.000000" m_c="0.000000" m_d="1.000000" m_tx="-5.000000" m_ty="-138.000000"/>
  </frame>
  <frame idx="675" w="290" h="542" x="-5.000000" y="-144.962738">
   <element name="symbol0" layername="timeline_0" frame="0" z_index="9" m_a="1.000000" m_b="0.000000" m_c="0.000000" m_d="1.000000" m_tx="-3.000000" m_ty="-144.000000"/>
   <element name="symbol0" layername="timeline_1" frame="1" z_index="8" m_a="1.000000" m_b="0.000000" m_c="0.000000" m_d="1.000000" m_tx="-3.000000" m_ty="-144.962738"/>
   <element name="symbol0" layername="timeline_2" frame="2" z_index="7" m_a="1.000000" m_b="0.000000" m_c="0.000000" m_d="1.000000" m_tx="-5.000000" m_ty="-138.000000"/>
  </frame>
  <frame idx="700" w="290" h="543" x="-5.000000" y="-145.526794">
   <element name="symbol0" layername="timeline_0" frame="0" z_index="9" m_a="1.000000" m_b="0.000000" m_c="0.000000" m_d="1.000000" m_tx="-3.000000" m_ty="-144.000000"/>
   <element name="symbol0" layername="timeline_1" frame="1" z_index="8" m_a="1.000000" m_b="0.000000" m_c="0.000000" m_d="1.000000" m_tx="-3.000000" m_ty="-145.526794"/>
   <element name="symbol0" layername="timeline_2" frame="2" z_index="7" m_a="1.000000" m_b="0.000000" m_c="0.000000" m_d="1.000000" m_tx="-5.000000" m_ty="-138.000000"/>
  </frame>
  <frame idx="725" w="290" h="544" x="-5.000000" y="-146.090820">
   <element name="symbol0" layername="timeline_0" frame="0" z_index="9" m_a="1.000000" m_b="0.000000" m_c="0.000000" m_d="1.000000" m_tx="-3.000000" m_ty="-144.000000"/>
   <element name="symbol0" layername="timeline_1" frame="1" z_index="8" m_a="1.000000" m_b="0.000000" m_c="0.000000" m_d="1.000000" m_tx="-3.000000" m_ty="-146.090820"/>
   <element name="symbol0" layername="timeline_2" frame="2" z_index="7" m_a="1.000000" m_b="0.000000" m_c="0.000000" m_d="1.000000" m_tx="-5.000000" m_ty="-138.000000"/>
  </frame>
  <frame idx="750" w="290" h="543" x="-5.000000" y="-145.973999">
   <element name="symbol0" layername="timeline_0" frame="0" z_index="9" m_a="1.000000" m_b="0.000000" m_c="0.000000" m_d="1.000000" m_tx="-3.000000" m_ty="-144.000000"/>
   <element name="symbol0" layername="timeline_1" frame="1" z_index="8" m_a="1.000000" m_b="0.000000" m_c="0.000000" m_d="1.000000" m_tx="-3.000000" m_ty="-145.973999"/>
   <element name="symbol0" layername="timeline_2" frame="2" z_index="7" m_a="1.000000" m_b="0.000000" m_c="0.000000" m_d="1.000000" m_tx="-5.000000" m_ty="-138.000000"/>
  </frame>
  <frame idx="775" w="290" h="543" x="-5.000000" y="-145.228699">
   <element name="symbol0" layername="timeline_0" frame="0" z_index="9" m_a="1.000000" m_b="0.000000" m_c="0.000000" m_d="1.000000" m_tx="-3.000000" m_ty="-144.000000"/>
   <element name="symbol0" layername="timeline_1" frame="1" z_index="8" m_a="1.000000" m_b="0.000000" m_c="0.000000" m_d="1.000000" m_tx="-3.000000" m_ty="-145.228699"/>
   <element name="symbol0" layername="timeline_2" frame="2" z_index="7" m_a="1.000000" m_b="0.000000" m_c="0.000000" m_d="1.000000" m_tx="-5.000000" m_ty="-138.000000"/>
  </frame>
  <frame idx="800" w="290" h="542" x="-5.000000" y="-144.483368">
   <element name="symbol0" layername="timeline_0" frame="0" z_index="9" m_a="1.000000" m_b="0.000000" m_c="0.000000" m_d="1.000000" m_tx="-3.000000" m_ty="-144.000000"/>
   <element name="symbol0" layername="timeline_1" frame="1" z_index="8" m_a="1.000000" m_b="0.000000" m_c="0.000000" m_d="1.000000" m_tx="-3.000000" m_ty="-144.483368"/>
   <element name="symbol0" layername="timeline_2" frame="2" z_index="7" m_a="1.000000" m_b="0.000000" m_c="0.000000" m_d="1.000000" m_tx="-5.000000" m_ty="-138.000000"/>
  </frame>
  <frame idx="825" w="290" h="541" x="-5.000000" y="-144.000000">
   <element name="symbol0" layername="timeline_0" frame="0" z_index="9" m_a="1.000000" m_b="0.000000" m_c="0.000000" m_d="1.000000" m_tx="-3.000000" m_ty="-144.000000"/>
   <element name="symbol0" layername="timeline_1" frame="1" z_index="8" m_a="1.000000" m_b="0.000000" m_c="0.000000" m_d="1.000000" m_tx="-3.000000" m_ty="-143.738068"/>
   <element name="symbol0" layername="timeline_2" frame="2" z_index="7" m_a="1.000000" m_b="0.000000" m_c="0.000000" m_d="1.000000" m_tx="-5.000000" m_ty="-138.000000"/>
  </frame>
  <frame idx="850" w="290" h="541" x="-5.000000" y="-144.000000">
   <element name="symbol0" layername="timeline_0" frame="0" z_index="9" m_a="1.000000" m_b="0.000000" m_c="0.000000" m_d="1.000000" m_tx="-3.000000" m_ty="-144.000000"/>
   <element name="symbol0" layername="timeline_1" frame="1" z_index="8" m_a="1.000000" m_b="0.000000" m_c="0.000000" m_d="1.000000" m_tx="-3.000000" m_ty="-142.992737"/>
   <element name="symbol0" layername="timeline_2" frame="2" z_index="7" m_a="1.000000" m_b="0.000000" m_c="0.000000" m_d="1.000000" m_tx="-5.000000" m_ty="-138.000000"/>
  </frame>
  <frame idx="875" w="290" h="541" x="-5.000000" y="-144.000000">
   <element name="symbol0" layername="timeline_0" frame="0" z_index="9" m_a="1.000000" m_b="0.000000" m_c="0.000000" m_d="1.000000" m_tx="-3.000000" m_ty="-144.000000"/>
   <element name="symbol0" layername="timeline_1" frame="1" z_index="8" m_a="1.000000" m_b="0.000000" m_c="0.000000" m_d="1.000000" m_tx="-3.000000" m_ty="-142.247406"/>
   <element name="symbol0" layername="timeline_2" frame="2" z_index="7" m_a="1.000000" m_b="0.000000" m_c="0.000000" m_d="1.000000" m_tx="-5.000000" m_ty="-138.000000"/>
  </frame>
  <frame idx="900" w="290" h="541" x="-5.000000" y="-144.000000">
   <element name="symbol0" layername="timeline_0" frame="0" z_index="9" m_a="1.000000" m_b="0.000000" m_c="0.000000" m_d="1.000000" m_tx="-3.000000" m_ty="-144.000000"/>
   <element name="symbol0" layername="timeline_1" frame="1" z_index="8" m_a="1.000000" m_b="0.000000" m_c="0.000000" m_d="1.000000" m_tx="-3.000000" m_ty="-142.376923"/>
   <element name="symbol0" layername="timeline_2" frame="2" z_index="7" m_a="1.000000" m_b="0.000000" m_c="0.000000" m_d="1.000000" m_tx="-5.000000" m_ty="-138.000000"/>
  </frame>
  <frame idx="925" w="290" h="541" x="-5.000000" y="-144.000000">
   <element name="symbol0" layername="timeline_0" frame="0" z_index="9" m_a="1.000000" m_b="0.000000" m_c="0.000000" m_d="1.000000" m_tx="-3.000000" m_ty="-144.000000"/>
   <element name="symbol0" layername="timeline_1" frame="1" z_index="8" m_a="1.000000" m_b="0.000000" m_c="0.000000" m_d="1.000000" m_tx="-3.000000" m_ty="-142.782684"/>
   <element name="symbol0" layername="timeline_2" frame="2" z_index="7" m_a="1.000000" m_b="0.000000" m_c="0.000000" m_d="1.000000" m_tx="-5.000000" m_ty="-138.000000"/>
  </frame>
  <frame idx="950" w="290" h="541" x="-5.000000" y="-144.000000">
   <element name="symbol0" layername="timeline_0" frame="0" z_index="9" m_a="1.000000" m_b="0.000000" m_c="0.000000" m_d="1.000000" m_tx="-3.000000" m_ty="-144.000000"/>
   <element name="symbol0" layername="timeline_1" frame="1" z_index="8" m_a="1.000000" m_b="0.000000" m_c="0.000000" m_d="1.000000" m_tx="-3.000000" m_ty="-143.188477"/>
   <element name="symbol0" layername="timeline_2" frame="2" z_index="7" m_a="1.000000" m_b="0.000000" m_c="0.000000" m_d="1.000000" m_tx="-5.000000" m_ty="-138.000000"/>
  </frame>
  <frame idx="975" w="290" h="541" x="-5.000000" y="-144.000000">
   <element name="symbol0" layername="timeline_0" frame="0" z_index="9" m_a="1.000000" m_b="0.000000" m_c="0.000000" m_d="1.000000" m_tx="-3.000000" m_ty="-144.000000"/>
   <element name="symbol0" layername="timeline_1" frame="1" z_index="8" m_a="1.000000" m_b="0.000000" m_c="0.000000" m_d="1.000000" m_tx="-3.000000" m_ty="-143.594238"/>
   <element name="symbol0" layername="timeline_2" frame="2" z_index="7" m_a="1.000000" m_b="0.000000" m_c="0.000000" m_d="1.000000" m_tx="-5.000000" m_ty="-138.000000"/>
  </frame>
 </anim>
 <anim name="idle_open" root="kettle" numframes="1000" framerate="40">
  <frame idx="0" w="675" h="622" x="-389.822662" y="-224.975647">
   <element name="symbol0" layername="timeline_0" frame="0" z_index="9" m_a="1.000000" m_b="0.000000" m_c="0.000000" m_d="1.000000" m_tx="-3.000000" m_ty="-144.000000"/>
   <element name="symbol0" layername="timeline_1" frame="1" z_index="8" m_a="0.053226" m_b="0.998582" m_c="-0.998582" m_d="0.053226" m_tx="-5.718674" m_ty="-224.975647"/>
   <element name="symbol0" layername="timeline_2" frame="2" z_index="7" m_a="1.000000" m_b="0.000000" m_c="0.000000" m_d="1.000000" m_tx="-5.000000" m_ty="-138.000000"/>
  </frame>
  <frame idx="25" w="675" h="622" x="-389.822662" y="-224.975647">
   <element name="symbol0" layername="timeline_0" frame="0" z_index="9" m_a="1.000000" m_b="0.000000" m_c="0.000000" m_d="1.000000" m_tx="-3.000000" m_ty="-144.000000"/>
   <element name="symbol0" layername="timeline_1" frame="1" z_index="8" m_a="0.053226" m_b="0.998582" m_c="-0.998582" m_d="0.053226" m_tx="-5.718674" m_ty="-224.975647"/>
   <element name="symbol0" layername="timeline_2" frame="2" z_index="7" m_a="1.000000" m_b="0.000000" m_c="0.000000" m_d="1.000000" m_tx="-5.000000" m_ty="-138.000000"/>
  </frame>
  <frame idx="50" w="675" h="622" x="-389.822662" y="-224.975647">
   <element name="symbol0" layername="timeline_0" frame="0" z_index="9" m_a="1.000000" m_b="0.000000" m_c="0.000000" m_d="1.000000" m_tx="-3.000000" m_ty="-144.000000"/>
   <element name="symbol0" layername="timeline_1" frame="1" z_index="8" m_a="0.053226" m_b="0.998582" m_c="-0.998582" m_d="0.053226" m_tx="-5.718674" m_ty="-224.975647"/>
   <element name="symbol0" layername="timeline_2" frame="2" z_index="7" m_a="1.000000" m_b="0.000000" m_c="0.000000" m_d="1.000000" m_tx="-5.000000" m_ty="-138.000000"/>
  </frame>
  <frame idx="75" w="675" h="622" x="-389.822662" y="-224.975647">
   <element name="symbol0" layername="timeline_0" frame="0" z_index="9" m_a="1.000000" m_b="0.000000" m_c="0.000000" m_d="1.000000" m_tx="-3.000000" m_ty="-144.000000"/>
   <element name="symbol0" layername="timeline_1" frame="1" z_index="8" m_a="0.053226" m_b="0.998582" m_c="-0.998582" m_d="0.053226" m_tx="-5.718674" m_ty="-224.975647"/>
   <element name="symbol0" layername="timeline_2" frame="2" z_index="7" m_a="1.000000" m_b="0.000000" m_c="0.000000" m_d="1.000000" m_tx="-5.000000" m_ty="-138.000000"/>
  </frame>
  <frame idx="100" w="675" h="622" x="-389.822662" y="-224.975647">
   <element name="symbol0" layername="timeline_0" frame="0" z_index="9" m_a="1.000000" m_b="0.000000" m_c="0.000000" m_d="1.000000" m_tx="-3.000000" m_ty="-144.000000"/>
   <element name="symbol0" layername="timeline_1" frame="1" z_index="8" m_a="0.053226" m_b="0.998582" m_c="-0.998582" m_d="0.053226" m_tx="-5.718674" m_ty="-224.975647"/>
   <element name="symbol0" layername="timeline_2" frame="2" z_index="7" m_a="1.000000" m_b="0.000000" m_c="0.000000" m_d="1.000000" m_tx="-5.000000" m_ty="-138.000000"/>
  </frame>
  <frame idx="125" w="675" h="622" x="-389.822662" y="-224.975647">
   <element name="symbol0" layername="timeline_0" frame="0" z_index="9" m_a="1.000000" m_b="0.000000" m_c="0.000000" m_d="1.000000" m_tx="-3.000000" m_ty="-144.000000"/>
   <element name="symbol0" layername="timeline_1" frame="1" z_index="8" m_a="0.053226" m_b="0.998582" m_c="-0.998582" m_d="0.053226" m_tx="-5.718674" m_ty="-224.975647"/>
   <element name="symbol0" layername="timeline_2" frame="2" z_index="7" m_a="1.000000" m_b="0.000000" m_c="0.000000" m_d="1.000000" m_tx="-5.000000" m_ty="-138.000000"/>
  </frame>
  <frame idx="150" w="675" h="622" x="-389.822662" y="-224.975647">
   <element name="symbol0" layername="timeline_0" frame="0" z_index="9" m_a="1.000000" m_b="0.000000" m_c="0.000000" m_d="1.000000" m_tx="-3.000000" m_ty="-144.000000"/>
   <element name="symbol0" layername="timeline_1" frame="1" z_index="8" m_a="0.053226" m_b="0.998582" m_c="-0.998582" m_d="0.053226" m_tx="-5.718674" m_ty="-224.975647"/>
   <element name="symbol0" layername="timeline_2" frame="2" z_index="7" m_a="1.000000" m_b="0.000000" m_c="0.000000" m_d="1.000000" m_tx="-5.000000" m_ty="-138.000000"/>
  </frame>
  <frame idx="175" w="675" h="622" x="-389.822662" y="-224.975647">
   <element name="symbol0" layername="timeline_0" frame="0" z_index="9" m_a="1.000000" m_b="0.000000" m_c="0.000000" m_d="1.000000" m_tx="-3.000000" m_ty="-144.000000"/>
   <element name="symbol0" layername="timeline_1" frame="1" z_index="8" m_a="0.053226" m_b="0.998582" m_c="-0.998582" m_d="0.053226" m_tx="-5.718674" m_ty="-224.975647"/>
   <element name="symbol0" layername="timeline_2" frame="2" z_index="7" m_a="1.000000" m_b="0.000000" m_c="0.000000" m_d="1.000000" m_tx="-5.000000" m_ty="-138.000000"/>
  </frame>
  <frame idx="200" w="675" h="622" x="-389.822662" y="-224.975647">
   <element name="symbol0" layername="timeline_0" frame="0" z_index="9" m_a="1.000000" m_b="0.000000" m_c="0.000000" m_d="1.000000" m_tx="-3.000000" m_ty="-144.000000"/>
   <element name="symbol0" layername="timeline_1" frame="1" z_index="8" m_a="0.053226" m_b="0.998582" m_c="-0.998582" m_d="0.053226" m_tx="-5.718674" m_ty="-224.975647"/>
   <element name="symbol0" layername="timeline_2" frame="2" z_index="7" m_a="1.000000" m_b="0.000000" m_c="0.000000" m_d="1.000000" m_tx="-5.000000" m_ty="-138.000000"/>
  </frame>
  <frame idx="225" w="675" h="622" x="-389.822662" y="-224.975647">
   <element name="symbol0" layername="timeline_0" frame="0" z_index="9" m_a="1.000000" m_b="0.000000" m_c="0.000000" m_d="1.000000" m_tx="-3.000000" m_ty="-144.000000"/>
   <element name="symbol0" layername="timeline_1" frame="1" z_index="8" m_a="0.053226" m_b="0.998582" m_c="-0.998582" m_d="0.053226" m_tx="-5.718674" m_ty="-224.975647"/>
   <element name="symbol0" layername="timeline_2" frame="2" z_index="7" m_a="1.000000" m_b="0.000000" m_c="0.000000" m_d="1.000000" m_tx="-5.000000" m_ty="-138.000000"/>
  </frame>
  <frame idx="250" w="675" h="622" x="-389.822662" y="-224.975647">
   <element name="symbol0" layername="timeline_0" frame="0" z_index="9" m_a="1.000000" m_b="0.000000" m_c="0.000000" m_d="1.000000" m_tx="-3.000000" m_ty="-144.000000"/>
   <element name="symbol0" layername="timeline_1" frame="1" z_index="8" m_a="0.053226" m_b="0.998582" m_c="-0.998582" m_d="0.053226" m_tx="-5.718674" m_ty="-224.975647"/>
   <element name="symbol0" layername="timeline_2" frame="2" z_index="7" m_a="1.000000" m_b="0.000000" m_c="0.000000" m_d="1.000000" m_tx="-5.000000" m_ty="-138.000000"/>
  </frame>
  <frame idx="275" w="675" h="622" x="-389.822662" y="-224.975647">
   <element name="symbol0" layername="timeline_0" frame="0" z_index="9" m_a="1.000000" m_b="0.000000" m_c="0.000000" m_d="1.000000" m_tx="-3.000000" m_ty="-144.000000"/>
   <element name="symbol0" layername="timeline_1" frame="1" z_index="8" m_a="0.053226" m_b="0.998582" m_c="-0.998582" m_d="0.053226" m_tx="-5.718674" m_ty="-224.975647"/>
   <element name="symbol0" layername="timeline_2" frame="2" z_index="7" m_a="1.000000" m_b="0.000000" m_c="0.000000" m_d="1.000000" m_tx="-5.000000" m_ty="-138.000000"/>
  </frame>
  <frame idx="300" w="675" h="622" x="-389.822662" y="-224.975647">
   <element name="symbol0" layername="timeline_0" frame="0" z_index="9" m_a="1.000000" m_b="0.000000" m_c="0.000000" m_d="1.000000" m_tx="-3.000000" m_ty="-144.000000"/>
   <element name="symbol0" layername="timeline_1" frame="1" z_index="8" m_a="0.053226" m_b="0.998582" m_c="-0.998582" m_d="0.053226" m_tx="-5.718674" m_ty="-224.975647"/>
   <element name="symbol0" layername="timeline_2" frame="2" z_index="7" m_a="1.000000" m_b="0.000000" m_c="0.000000" m_d="1.000000" m_tx="-5.000000" m_ty="-138.000000"/>
  </frame>
  <frame idx="325" w="675" h="622" x="-389.822662" y="-224.975647">
   <element name="symbol0" layername="timeline_0" frame="0" z_index="9" m_a="1.000000" m_b="0.000000" m_c="0.000000" m_d="1.000000" m_tx="-3.000000" m_ty="-144.000000"/>
   <element name="symbol0" layername="timeline_1" frame="1" z_index="8" m_a="0.053226" m_b="0.998582" m_c="-0.998582" m_d="0.053226" m_tx="-5.718674" m_ty="-224.975647"/>
   <element name="symbol0" layername="timeline_2" frame="2" z_index="7" m_a="1.000000" m_b="0.000000" m_c="0.000000" m_d="1.000000" m_tx="-5.000000" m_ty="-138.000000"/>
  </frame>
  <frame idx="350" w="675" h="622" x="-389.822662" y="-224.975647">
   <element name="symbol0" layername="timeline_0" frame="0" z_index="9" m_a="1.000000" m_b="0.000000" m_c="0.000000" m_d="1.000000" m_tx="-3.000000" m_ty="-144.000000"/>
   <element name="symbol0" layername="timeline_1" frame="1" z_index="8" m_a="0.053226" m_b="0.998582" m_c="-0.998582" m_d="0.053226" m_tx="-5.718674" m_ty="-224.975647"/>
   <element name="symbol0" layername="timeline_2" frame="2" z_index="7" m_a="1.000000" m_b="0.000000" m_c="0.000000" m_d="1.000000" m_tx="-5.000000" m_ty="-138.000000"/>
  </frame>
  <frame idx="375" w="675" h="622" x="-389.822662" y="-224.975647">
   <element name="symbol0" layername="timeline_0" frame="0" z_index="9" m_a="1.000000" m_b="0.000000" m_c="0.000000" m_d="1.000000" m_tx="-3.000000" m_ty="-144.000000"/>
   <element name="symbol0" layername="timeline_1" frame="1" z_index="8" m_a="0.053226" m_b="0.998582" m_c="-0.998582" m_d="0.053226" m_tx="-5.718674" m_ty="-224.975647"/>
   <element name="symbol0" layername="timeline_2" frame="2" z_index="7" m_a="1.000000" m_b="0.000000" m_c="0.000000" m_d="1.000000" m_tx="-5.000000" m_ty="-138.000000"/>
  </frame>
  <frame idx="400" w="675" h="622" x="-389.822662" y="-224.975647">
   <element name="symbol0" layername="timeline_0" frame="0" z_index="9" m_a="1.000000" m_b="0.000000" m_c="0.000000" m_d="1.000000" m_tx="-3.000000" m_ty="-144.000000"/>
   <element name="symbol0" layername="timeline_1" frame="1" z_index="8" m_a="0.053226" m_b="0.998582" m_c="-0.998582" m_d="0.053226" m_tx="-5.718674" m_ty="-224.975647"/>
   <element name="symbol0" layername="timeline_2" frame="2" z_index="7" m_a="1.000000" m_b="0.000000" m_c="0.000000" m_d="1.000000" m_tx="-5.000000" m_ty="-138.000000"/>
  </frame>
  <frame idx="425" w="675" h="622" x="-389.822662" y="-224.975647">
   <element name="symbol0" layername="timeline_0" frame="0" z_index="9" m_a="1.000000" m_b="0.000000" m_c="0.000000" m_d="1.000000" m_tx="-3.000000" m_ty="-144.000000"/>
   <element name="symbol0" layername="timeline_1" frame="1" z_index="8" m_a="0.053226" m_b="0.998582" m_c="-0.998582" m_d="0.053226" m_tx="-5.718674" m_ty="-224.975647"/>
   <element name="symbol0" layername="timeline_2" frame="2" z_index="7" m_a="1.000000" m_b="0.000000" m_c="0.000000" m_d="1.000000" m_tx="-5.000000" m_ty="-138.000000"/>
  </frame>
  <frame idx="450" w="675" h="622" x="-389.822662" y="-224.975647">
   <element name="symbol0" layername="timeline_0" frame="0" z_index="9" m_a="1.000000" m_b="0.000000" m_c="0.000000" m_d="1.000000" m_tx="-3.000000" m_ty="-144.000000"/>
   <element name="symbol0" layername="timeline_1" frame="1" z_index="8" m_a="0.053226" m_b="0.998582" m_c="-0.998582" m_d="0.053226" m_tx="-5.718674" m_ty="-224.975647"/>
   <element name="symbol0" layername="timeline_2" frame="2" z_index="7" m_a="1.000000" m_b="0.000000" m_c="0.000000" m_d="1.000000" m_tx="-5.000000" m_ty="-138.000000"/>
  </frame>
  <frame idx="475" w="675" h="622" x="-389.822662" y="-224.975647">
   <element name="symbol0" layername="timeline_0" frame="0" z_index="9" m_a="1.000000" m_b="0.000000" m_c="0.000000" m_d="1.000000" m_tx="-3.000000" m_ty="-144.000000"/>
   <element name="symbol0" layername="timeline_1" frame="1" z_index="8" m_a="0.053226" m_b="0.998582" m_c="-0.998582" m_d="0.053226" m_tx="-5.718674" m_ty="-224.975647"/>
   <element name="symbol0" layername="timeline_2" frame="2" z_index="7" m_a="1.000000" m_b="0.000000" m_c="0.000000" m_d="1.000000" m_tx="-5.000000" m_ty="-138.000000"/>
  </frame>
  <frame idx="500" w="675" h="622" x="-389.822662" y="-224.975647">
   <element name="symbol0" layername="timeline_0" frame="0" z_index="9" m_a="1.000000" m_b="0.000000" m_c="0.000000" m_d="1.000000" m_tx="-3.000000" m_ty="-144.000000"/>
   <element name="symbol0" layername="timeline_1" frame="1" z_index="8" m_a="0.053226" m_b="0.998582" m_c="-0.998582" m_d="0.053226" m_tx="-5.718674" m_ty="-224.975647"/>
   <element name="symbol0" layername="timeline_2" frame="2" z_index="7" m_a="1.000000" m_b="0.000000" m_c="0.000000" m_d="1.000000" m_tx="-5.000000" m_ty="-138.000000"/>
  </frame>
  <frame idx="525" w="675" h="622" x="-389.822662" y="-224.975647">
   <element name="symbol0" layername="timeline_0" frame="0" z_index="9" m_a="1.000000" m_b="0.000000" m_c="0.000000" m_d="1.000000" m_tx="-3.000000" m_ty="-144.000000"/>
   <element name="symbol0" layername="timeline_1" frame="1" z_index="8" m_a="0.053226" m_b="0.998582" m_c="-0.998582" m_d="0.053226" m_tx="-5.718674" m_ty="-224.975647"/>
   <element name="symbol0" layername="timeline_2" frame="2" z_index="7" m_a="1.000000" m_b="0.000000" m_c="0.000000" m_d="1.000000" m_tx="-5.000000" m_ty="-138.000000"/>
  </frame>
  <frame idx="550" w="675" h="622" x="-389.822662" y="-224.975647">
   <element name="symbol0" layername="timeline_0" frame="0" z_index="9" m_a="1.000000" m_b="0.000000" m_c="0.000000" m_d="1.000000" m_tx="-3.000000" m_ty="-144.000000"/>
   <element name="symbol0" layername="timeline_1" frame="1" z_index="8" m_a="0.053226" m_b="0.998582" m_c="-0.998582" m_d="0.053226" m_tx="-5.718674" m_ty="-224.975647"/>
   <element name="symbol0" layername="timeline_2" frame="2" z_index="7" m_a="1.000000" m_b="0.000000" m_c="0.000000" m_d="1.000000" m_tx="-5.000000" m_ty="-138.000000"/>
  </frame>
  <frame idx="575" w="675" h="622" x="-389.822662" y="-224.975647">
   <element name="symbol0" layername="timeline_0" frame="0" z_index="9" m_a="1.000000" m_b="0.000000" m_c="0.000000" m_d="1.000000" m_tx="-3.000000" m_ty="-144.000000"/>
   <element name="symbol0" layername="timeline_1" frame="1" z_index="8" m_a="0.053226" m_b="0.998582" m_c="-0.998582" m_d="0.053226" m_tx="-5.718674" m_ty="-224.975647"/>
   <element name="symbol0" layername="timeline_2" frame="2" z_index="7" m_a="1.000000" m_b="0.000000" m_c="0.000000" m_d="1.000000" m_tx="-5.000000" m_ty="-138.000000"/>
  </frame>
  <frame idx="600" w="675" h="622" x="-389.822662" y="-224.975647">
   <element name="symbol0" layername="timeline_0" frame="0" z_index="9" m_a="1.000000" m_b="0.000000" m_c="0.000000" m_d="1.000000" m_tx="-3.000000" m_ty="-144.000000"/>
   <element name="symbol0" layername="timeline_1" frame="1" z_index="8" m_a="0.053226" m_b="0.998582" m_c="-0.998582" m_d="0.053226" m_tx="-5.718674" m_ty="-224.975647"/>
   <element name="symbol0" layername="timeline_2" frame="2" z_index="7" m_a="1.000000" m_b="0.000000" m_c="0.000000" m_d="1.000000" m_tx="-5.000000" m_ty="-138.000000"/>
  </frame>
  <frame idx="625" w="675" h="622" x="-389.822662" y="-224.975647">
   <element name="symbol0" layername="timeline_0" frame="0" z_index="9" m_a="1.000000" m_b="0.000000" m_c="0.000000" m_d="1.000000" m_tx="-3.000000" m_ty="-144.000000"/>
   <element name="symbol0" layername="timeline_1" frame="1" z_index="8" m_a="0.053226" m_b="0.998582" m_c="-0.998582" m_d="0.053226" m_tx="-5.718674" m_ty="-224.975647"/>
   <element name="symbol0" layername="timeline_2" frame="2" z_index="7" m_a="1.000000" m_b="0.000000" m_c="0.000000" m_d="1.000000" m_tx="-5.000000" m_ty="-138.000000"/>
  </frame>
  <frame idx="650" w="675" h="622" x="-389.822662" y="-224.975647">
   <element name="symbol0" layername="timeline_0" frame="0" z_index="9" m_a="1.000000" m_b="0.000000" m_c="0.000000" m_d="1.000000" m_tx="-3.000000" m_ty="-144.000000"/>
   <element name="symbol0" layername="timeline_1" frame="1" z_index="8" m_a="0.053226" m_b="0.998582" m_c="-0.998582" m_d="0.053226" m_tx="-5.718674" m_ty="-224.975647"/>
   <element name="symbol0" layername="timeline_2" frame="2" z_index="7" m_a="1.000000" m_b="0.000000" m_c="0.000000" m_d="1.000000" m_tx="-5.000000" m_ty="-138.000000"/>
  </frame>
  <frame idx="675" w="675" h="622" x="-389.822662" y="-224.975647">
   <element name="symbol0" layername="timeline_0" frame="0" z_index="9" m_a="1.000000" m_b="0.000000" m_c="0.000000" m_d="1.000000" m_tx="-3.000000" m_ty="-144.000000"/>
   <element name="symbol0" layername="timeline_1" frame="1" z_index="8" m_a="0.053226" m_b="0.998582" m_c="-0.998582" m_d="0.053226" m_tx="-5.718674" m_ty="-224.975647"/>
   <element name="symbol0" layername="timeline_2" frame="2" z_index="7" m_a="1.000000" m_b="0.000000" m_c="0.000000" m_d="1.000000" m_tx="-5.000000" m_ty="-138.000000"/>
  </frame>
  <frame idx="700" w="675" h="622" x="-389.822662" y="-224.975647">
   <element name="symbol0" layername="timeline_0" frame="0" z_index="9" m_a="1.000000" m_b="0.000000" m_c="0.000000" m_d="1.000000" m_tx="-3.000000" m_ty="-144.000000"/>
   <element name="symbol0" layername="timeline_1" frame="1" z_index="8" m_a="0.053226" m_b="0.998582" m_c="-0.998582" m_d="0.053226" m_tx="-5.718674" m_ty="-224.975647"/>
   <element name="symbol0" layername="timeline_2" frame="2" z_index="7" m_a="1.000000" m_b="0.000000" m_c="0.000000" m_d="1.000000" m_tx="-5.000000" m_ty="-138.000000"/>
  </frame>
  <frame idx="725" w="675" h="622" x="-389.822662" y="-224.975647">
   <element name="symbol0" layername="timeline_0" frame="0" z_index="9" m_a="1.000000" m_b="0.000000" m_c="0.000000" m_d="1.000000" m_tx="-3.000000" m_ty="-144.000000"/>
   <element name="symbol0" layername="timeline_1" frame="1" z_index="8" m_a="0.053226" m_b="0.998582" m_c="-0.998582" m_d="0.053226" m_tx="-5.718674" m_ty="-224.975647"/>
   <element name="symbol0" layername="timeline_2" frame="2" z_index="7" m_a="1.000000" m_b="0.000000" m_c="0.000000" m_d="1.000000" m_tx="-5.000000" m_ty="-138.000000"/>
  </frame>
  <frame idx="750" w="675" h="622" x="-389.822662" y="-224.975647">
   <element name="symbol0" layername="timeline_0" frame="0" z_index="9" m_a="1.000000" m_b="0.000000" m_c="0.000000" m_d="1.000000" m_tx="-3.000000" m_ty="-144.000000"/>
   <element name="symbol0" layername="timeline_1" frame="1" z_index="8" m_a="0.053226" m_b="0.998582" m_c="-0.998582" m_d="0.053226" m_tx="-5.718674" m_ty="-224.975647"/>
   <element name="symbol0" layername="timeline_2" frame="2" z_index="7" m_a="1.000000" m_b="0.000000" m_c="0.000000" m_d="1.000000" m_tx="-5.000000" m_ty="-138.000000"/>
  </frame>
  <frame idx="775" w="675" h="622" x="-389.822662" y="-224.975647">
   <element name="symbol0" layername="timeline_0" frame="0" z_index="9" m_a="1.000000" m_b="0.000000" m_c="0.000000" m_d="1.000000" m_tx="-3.000000" m_ty="-144.000000"/>
   <element name="symbol0" layername="timeline_1" frame="1" z_index="8" m_a="0.053226" m_b="0.998582" m_c="-0.998582" m_d="0.053226" m_tx="-5.718674" m_ty="-224.975647"/>
   <element name="symbol0" layername="timeline_2" frame="2" z_index="7" m_a="1.000000" m_b="0.000000" m_c="0.000000" m_d="1.000000" m_tx="-5.000000" m_ty="-138.000000"/>
  </frame>
  <frame idx="800" w="675" h="622" x="-389.822662" y="-224.975647">
   <element name="symbol0" layername="timeline_0" frame="0" z_index="9" m_a="1.000000" m_b="0.000000" m_c="0.000000" m_d="1.000000" m_tx="-3.000000" m_ty="-144.000000"/>
   <element name="symbol0" layername="timeline_1" frame="1" z_index="8" m_a="0.053226" m_b="0.998582" m_c="-0.998582" m_d="0.053226" m_tx="-5.718674" m_ty="-224.975647"/>
   <element name="symbol0" layername="timeline_2" frame="2" z_index="7" m_a="1.000000" m_b="0.000000" m_c="0.000000" m_d="1.000000" m_tx="-5.000000" m_ty="-138.000000"/>
  </frame>
  <frame idx="825" w="675" h="622" x="-389.822662" y="-224.975647">
   <element name="symbol0" layername="timeline_0" frame="0" z_index="9" m_a="1.000000" m_b="0.000000" m_c="0.000000" m_d="1.000000" m_tx="-3.000000" m_ty="-144.000000"/>
   <element name="symbol0" layername="timeline_1" frame="1" z_index="8" m_a="0.053226" m_b="0.998582" m_c="-0.998582" m_d="0.053226" m_tx="-5.718674" m_ty="-224.975647"/>
   <element name="symbol0" layername="timeline_2" frame="2" z_index="7" m_a="1.000000" m_b="0.000000" m_c="0.000000" m_d="1.000000" m_tx="-5.000000" m_ty="-138.000000"/>
  </frame>
  <frame idx="850" w="675" h="622" x="-389.822662" y="-224.975647">
   <element name="symbol0" layername="timeline_0" frame="0" z_index="9" m_a="1.000000" m_b="0.000000" m_c="0.000000" m_d="1.000000" m_tx="-3.000000" m_ty="-144.000000"/>
   <element name="symbol0" layername="timeline_1" frame="1" z_index="8" m_a="0.053226" m_b="0.998582" m_c="-0.998582" m_d="0.053226" m_tx="-5.718674" m_ty="-224.975647"/>
   <element name="symbol0" layername="timeline_2" frame="2" z_index="7" m_a="1.000000" m_b="0.000000" m_c="0.000000" m_d="1.000000" m_tx="-5.000000" m_ty="-138.000000"/>
  </frame>
  <frame idx="875" w="675" h="622" x="-389.822662" y="-224.975647">
   <element name="symbol0" layername="timeline_0" frame="0" z_index="9" m_a="1.000000" m_b="0.000000" m_c="0.000000" m_d="1.000000" m_tx="-3.000000" m_ty="-144.000000"/>
   <element name="symbol0" layername="timeline_1" frame="1" z_index="8" m_a="0.053226" m_b="0.998582" m_c="-0.998582" m_d="0.053226" m_tx="-5.718674" m_ty="-224.975647"/>
   <element name="symbol0" layername="timeline_2" frame="2" z_index="7" m_a="1.000000" m_b="0.000000" m_c="0.000000" m_d="1.000000" m_tx="-5.000000" m_ty="-138.000000"/>
  </frame>
  <frame idx="900" w="675" h="622" x="-389.822662" y="-224.975647">
   <element name="symbol0" layername="timeline_0" frame="0" z_index="9" m_a="1.000000" m_b="0.000000" m_c="0.000000" m_d="1.000000" m_tx="-3.000000" m_ty="-144.000000"/>
   <element name="symbol0" layername="timeline_1" frame="1" z_index="8" m_a="0.053226" m_b="0.998582" m_c="-0.998582" m_d="0.053226" m_tx="-5.718674" m_ty="-224.975647"/>
   <element name="symbol0" layername="timeline_2" frame="2" z_index="7" m_a="1.000000" m_b="0.000000" m_c="0.000000" m_d="1.000000" m_tx="-5.000000" m_ty="-138.000000"/>
  </frame>
  <frame idx="925" w="675" h="622" x="-389.822662" y="-224.975647">
   <element name="symbol0" layername="timeline_0" frame="0" z_index="9" m_a="1.000000" m_b="0.000000" m_c="0.000000" m_d="1.000000" m_tx="-3.000000" m_ty="-144.000000"/>
   <element name="symbol0" layername="timeline_1" frame="1" z_index="8" m_a="0.053226" m_b="0.998582" m_c="-0.998582" m_d="0.053226" m_tx="-5.718674" m_ty="-224.975647"/>
   <element name="symbol0" layername="timeline_2" frame="2" z_index="7" m_a="1.000000" m_b="0.000000" m_c="0.000000" m_d="1.000000" m_tx="-5.000000" m_ty="-138.000000"/>
  </frame>
  <frame idx="950" w="675" h="622" x="-389.822662" y="-224.975647">
   <element name="symbol0" layername="timeline_0" frame="0" z_index="9" m_a="1.000000" m_b="0.000000" m_c="0.000000" m_d="1.000000" m_tx="-3.000000" m_ty="-144.000000"/>
   <element name="symbol0" layername="timeline_1" frame="1" z_index="8" m_a="0.053226" m_b="0.998582" m_c="-0.998582" m_d="0.053226" m_tx="-5.718674" m_ty="-224.975647"/>
   <element name="symbol0" layername="timeline_2" frame="2" z_index="7" m_a="1.000000" m_b="0.000000" m_c="0.000000" m_d="1.000000" m_tx="-5.000000" m_ty="-138.000000"/>
  </frame>
  <frame idx="975" w="675" h="622" x="-389.822662" y="-224.975647">
   <element name="symbol0" layername="timeline_0" frame="0" z_index="9" m_a="1.000000" m_b="0.000000" m_c="0.000000" m_d="1.000000" m_tx="-3.000000" m_ty="-144.000000"/>
   <element name="symbol0" layername="timeline_1" frame="1" z_index="8" m_a="0.053226" m_b="0.998582" m_c="-0.998582" m_d="0.053226" m_tx="-5.718674" m_ty="-224.975647"/>
   <element name="symbol0" layername="timeline_2" frame="2" z_index="7" m_a="1.000000" m_b="0.000000" m_c="0.000000" m_d="1.000000" m_tx="-5.000000" m_ty="-138.000000"/>
  </frame>
 </anim>
</Anims>
