<Anims>
 <anim name="idle_1" root="gustflower" numframes="1000" framerate="40">
  <frame idx="0" w="330" h="975" x="-39.545456" y="-258.526001">
   <element name="symbol0" layername="timeline_0" frame="0" z_index="2" m_a="1.000000" m_b="0.000000" m_c="0.000000" m_d="1.000000" m_tx="-39.545456" m_ty="-258.526001"/>
  </frame>
  <frame idx="25" w="330" h="975" x="-39.545456" y="-258.526001">
   <element name="symbol0" layername="timeline_0" frame="0" z_index="2" m_a="1.000000" m_b="0.000000" m_c="0.000000" m_d="1.000000" m_tx="-39.545456" m_ty="-258.526001"/>
  </frame>
  <frame idx="50" w="330" h="975" x="-39.545456" y="-258.526001">
   <element name="symbol0" layername="timeline_0" frame="0" z_index="2" m_a="1.000000" m_b="0.000000" m_c="0.000000" m_d="1.000000" m_tx="-39.545456" m_ty="-258.526001"/>
  </frame>
  <frame idx="75" w="330" h="975" x="-39.545456" y="-258.526001">
   <element name="symbol0" layername="timeline_0" frame="0" z_index="2" m_a="1.000000" m_b="0.000000" m_c="0.000000" m_d="1.000000" m_tx="-39.545456" m_ty="-258.526001"/>
  </frame>
  <frame idx="100" w="330" h="975" x="-39.545456" y="-258.526001">
   <element name="symbol0" layername="timeline_0" frame="0" z_index="2" m_a="1.000000" m_b="0.000000" m_c="0.000000" m_d="1.000000" m_tx="-39.545456" m_ty="-258.526001"/>
  </frame>
  <frame idx="125" w="330" h="975" x="-39.545456" y="-258.526001">
   <element name="symbol0" layername="timeline_0" frame="0" z_index="2" m_a="1.000000" m_b="0.000000" m_c="0.000000" m_d="1.000000" m_tx="-39.545456" m_ty="-258.526001"/>
  </frame>
  <frame idx="150" w="330" h="975" x="-39.545456" y="-258.526001">
   <element name="symbol0" layername="timeline_0" frame="0" z_index="2" m_a="1.000000" m_b="0.000000" m_c="0.000000" m_d="1.000000" m_tx="-39.545456" m_ty="-258.526001"/>
  </frame>
  <frame idx="175" w="330" h="975" x="-39.545456" y="-258.526001">
   <element name="symbol0" layername="timeline_0" frame="0" z_index="2" m_a="1.000000" m_b="0.000000" m_c="0.000000" m_d="1.000000" m_tx="-39.545456" m_ty="-258.526001"/>
  </frame>
  <frame idx="200" w="330" h="975" x="-39.545456" y="-258.526001">
   <element name="symbol0" layername="timeline_0" frame="0" z_index="2" m_a="1.000000" m_b="0.000000" m_c="0.000000" m_d="1.000000" m_tx="-39.545456" m_ty="-258.526001"/>
  </frame>
  <frame idx="225" w="330" h="975" x="-39.545456" y="-258.526001">
   <element name="symbol0" layername="timeline_0" frame="0" z_index="2" m_a="1.000000" m_b="0.000000" m_c="0.000000" m_d="1.000000" m_tx="-39.545456" m_ty="-258.526001"/>
  </frame>
  <frame idx="250" w="330" h="975" x="-39.545456" y="-258.526001">
   <element name="symbol0" layername="timeline_0" frame="0" z_index="2" m_a="1.000000" m_b="0.000000" m_c="0.000000" m_d="1.000000" m_tx="-39.545456" m_ty="-258.526001"/>
  </frame>
  <frame idx="275" w="330" h="975" x="-39.545456" y="-258.526001">
   <element name="symbol0" layername="timeline_0" frame="0" z_index="2" m_a="1.000000" m_b="0.000000" m_c="0.000000" m_d="1.000000" m_tx="-39.545456" m_ty="-258.526001"/>
  </frame>
  <frame idx="300" w="330" h="975" x="-39.545456" y="-258.526001">
   <element name="symbol0" layername="timeline_0" frame="0" z_index="2" m_a="1.000000" m_b="0.000000" m_c="0.000000" m_d="1.000000" m_tx="-39.545456" m_ty="-258.526001"/>
  </frame>
  <frame idx="325" w="330" h="975" x="-39.545456" y="-258.526001">
   <element name="symbol0" layername="timeline_0" frame="0" z_index="2" m_a="1.000000" m_b="0.000000" m_c="0.000000" m_d="1.000000" m_tx="-39.545456" m_ty="-258.526001"/>
  </frame>
  <frame idx="350" w="330" h="975" x="-39.545456" y="-258.526001">
   <element name="symbol0" layername="timeline_0" frame="0" z_index="2" m_a="1.000000" m_b="0.000000" m_c="0.000000" m_d="1.000000" m_tx="-39.545456" m_ty="-258.526001"/>
  </frame>
  <frame idx="375" w="330" h="975" x="-39.545456" y="-258.526001">
   <element name="symbol0" layername="timeline_0" frame="0" z_index="2" m_a="1.000000" m_b="0.000000" m_c="0.000000" m_d="1.000000" m_tx="-39.545456" m_ty="-258.526001"/>
  </frame>
  <frame idx="400" w="330" h="975" x="-39.545456" y="-258.526001">
   <element name="symbol0" layername="timeline_0" frame="0" z_index="2" m_a="1.000000" m_b="0.000000" m_c="0.000000" m_d="1.000000" m_tx="-39.545456" m_ty="-258.526001"/>
  </frame>
  <frame idx="425" w="330" h="975" x="-39.545456" y="-258.526001">
   <element name="symbol0" layername="timeline_0" frame="0" z_index="2" m_a="1.000000" m_b="0.000000" m_c="0.000000" m_d="1.000000" m_tx="-39.545456" m_ty="-258.526001"/>
  </frame>
  <frame idx="450" w="330" h="975" x="-39.545456" y="-258.526001">
   <element name="symbol0" layername="timeline_0" frame="0" z_index="2" m_a="1.000000" m_b="0.000000" m_c="0.000000" m_d="1.000000" m_tx="-39.545456" m_ty="-258.526001"/>
  </frame>
  <frame idx="475" w="330" h="975" x="-39.545456" y="-258.526001">
   <element name="symbol0" layername="timeline_0" frame="0" z_index="2" m_a="1.000000" m_b="0.000000" m_c="0.000000" m_d="1.000000" m_tx="-39.545456" m_ty="-258.526001"/>
  </frame>
  <frame idx="500" w="330" h="975" x="-39.545456" y="-258.526001">
   <element name="symbol0" layername="timeline_0" frame="0" z_index="2" m_a="1.000000" m_b="0.000000" m_c="0.000000" m_d="1.000000" m_tx="-39.545456" m_ty="-258.526001"/>
  </frame>
  <frame idx="525" w="330" h="975" x="-39.545456" y="-258.526001">
   <element name="symbol0" layername="timeline_0" frame="0" z_index="2" m_a="1.000000" m_b="0.000000" m_c="0.000000" m_d="1.000000" m_tx="-39.545456" m_ty="-258.526001"/>
  </frame>
  <frame idx="550" w="330" h="975" x="-39.545456" y="-258.526001">
   <element name="symbol0" layername="timeline_0" frame="0" z_index="2" m_a="1.000000" m_b="0.000000" m_c="0.000000" m_d="1.000000" m_tx="-39.545456" m_ty="-258.526001"/>
  </frame>
  <frame idx="575" w="330" h="975" x="-39.545456" y="-258.526001">
   <element name="symbol0" layername="timeline_0" frame="0" z_index="2" m_a="1.000000" m_b="0.000000" m_c="0.000000" m_d="1.000000" m_tx="-39.545456" m_ty="-258.526001"/>
  </frame>
  <frame idx="600" w="330" h="975" x="-39.545456" y="-258.526001">
   <element name="symbol0" layername="timeline_0" frame="0" z_index="2" m_a="1.000000" m_b="0.000000" m_c="0.000000" m_d="1.000000" m_tx="-39.545456" m_ty="-258.526001"/>
  </frame>
  <frame idx="625" w="330" h="975" x="-39.545456" y="-258.526001">
   <element name="symbol0" layername="timeline_0" frame="0" z_index="2" m_a="1.000000" m_b="0.000000" m_c="0.000000" m_d="1.000000" m_tx="-39.545456" m_ty="-258.526001"/>
  </frame>
  <frame idx="650" w="330" h="975" x="-39.545456" y="-258.526001">
   <element name="symbol0" layername="timeline_0" frame="0" z_index="2" m_a="1.000000" m_b="0.000000" m_c="0.000000" m_d="1.000000" m_tx="-39.545456" m_ty="-258.526001"/>
  </frame>
  <frame idx="675" w="330" h="975" x="-39.545456" y="-258.526001">
   <element name="symbol0" layername="timeline_0" frame="0" z_index="2" m_a="1.000000" m_b="0.000000" m_c="0.000000" m_d="1.000000" m_tx="-39.545456" m_ty="-258.526001"/>
  </frame>
  <frame idx="700" w="330" h="975" x="-39.545456" y="-258.526001">
   <element name="symbol0" layername="timeline_0" frame="0" z_index="2" m_a="1.000000" m_b="0.000000" m_c="0.000000" m_d="1.000000" m_tx="-39.545456" m_ty="-258.526001"/>
  </frame>
  <frame idx="725" w="330" h="975" x="-39.545456" y="-258.526001">
   <element name="symbol0" layername="timeline_0" frame="0" z_index="2" m_a="1.000000" m_b="0.000000" m_c="0.000000" m_d="1.000000" m_tx="-39.545456" m_ty="-258.526001"/>
  </frame>
  <frame idx="750" w="330" h="975" x="-39.545456" y="-258.526001">
   <element name="symbol0" layername="timeline_0" frame="0" z_index="2" m_a="1.000000" m_b="0.000000" m_c="0.000000" m_d="1.000000" m_tx="-39.545456" m_ty="-258.526001"/>
  </frame>
  <frame idx="775" w="330" h="975" x="-39.545456" y="-258.526001">
   <element name="symbol0" layername="timeline_0" frame="0" z_index="2" m_a="1.000000" m_b="0.000000" m_c="0.000000" m_d="1.000000" m_tx="-39.545456" m_ty="-258.526001"/>
  </frame>
  <frame idx="800" w="330" h="975" x="-39.545456" y="-258.526001">
   <element name="symbol0" layername="timeline_0" frame="0" z_index="2" m_a="1.000000" m_b="0.000000" m_c="0.000000" m_d="1.000000" m_tx="-39.545456" m_ty="-258.526001"/>
  </frame>
  <frame idx="825" w="330" h="975" x="-39.545456" y="-258.526001">
   <element name="symbol0" layername="timeline_0" frame="0" z_index="2" m_a="1.000000" m_b="0.000000" m_c="0.000000" m_d="1.000000" m_tx="-39.545456" m_ty="-258.526001"/>
  </frame>
  <frame idx="850" w="330" h="975" x="-39.545456" y="-258.526001">
   <element name="symbol0" layername="timeline_0" frame="0" z_index="2" m_a="1.000000" m_b="0.000000" m_c="0.000000" m_d="1.000000" m_tx="-39.545456" m_ty="-258.526001"/>
  </frame>
  <frame idx="875" w="330" h="975" x="-39.545456" y="-258.526001">
   <element name="symbol0" layername="timeline_0" frame="0" z_index="2" m_a="1.000000" m_b="0.000000" m_c="0.000000" m_d="1.000000" m_tx="-39.545456" m_ty="-258.526001"/>
  </frame>
  <frame idx="900" w="330" h="975" x="-39.545456" y="-258.526001">
   <element name="symbol0" layername="timeline_0" frame="0" z_index="2" m_a="1.000000" m_b="0.000000" m_c="0.000000" m_d="1.000000" m_tx="-39.545456" m_ty="-258.526001"/>
  </frame>
  <frame idx="925" w="330" h="975" x="-39.545456" y="-258.526001">
   <element name="symbol0" layername="timeline_0" frame="0" z_index="2" m_a="1.000000" m_b="0.000000" m_c="0.000000" m_d="1.000000" m_tx="-39.545456" m_ty="-258.526001"/>
  </frame>
  <frame idx="950" w="330" h="975" x="-39.545456" y="-258.526001">
   <element name="symbol0" layername="timeline_0" frame="0" z_index="2" m_a="1.000000" m_b="0.000000" m_c="0.000000" m_d="1.000000" m_tx="-39.545456" m_ty="-258.526001"/>
  </frame>
  <frame idx="975" w="330" h="975" x="-39.545456" y="-258.526001">
   <element name="symbol0" layername="timeline_0" frame="0" z_index="2" m_a="1.000000" m_b="0.000000" m_c="0.000000" m_d="1.000000" m_tx="-39.545456" m_ty="-258.526001"/>
  </frame>
 </anim>
 <anim name="idle_2" root="gustflower" numframes="1000" framerate="40">
  <frame idx="0" w="539" h="1171" x="141.425140" y="-273.231873">
   <element name="symbol0" layername="timeline_0" frame="1" z_index="2" m_a="1.000000" m_b="0.000000" m_c="0.000000" m_d="1.000000" m_tx="141.425140" m_ty="-273.231873"/>
  </frame>
  <frame idx="25" w="539" h="1171" x="141.425140" y="-273.231873">
   <element name="symbol0" layername="timeline_0" frame="1" z_index="2" m_a="1.000000" m_b="0.000000" m_c="0.000000" m_d="1.000000" m_tx="141.425140" m_ty="-273.231873"/>
  </frame>
  <frame idx="50" w="539" h="1171" x="141.425140" y="-273.231873">
   <element name="symbol0" layername="timeline_0" frame="1" z_index="2" m_a="1.000000" m_b="0.000000" m_c="0.000000" m_d="1.000000" m_tx="141.425140" m_ty="-273.231873"/>
  </frame>
  <frame idx="75" w="539" h="1171" x="141.425140" y="-273.231873">
   <element name="symbol0" layername="timeline_0" frame="1" z_index="2" m_a="1.000000" m_b="0.000000" m_c="0.000000" m_d="1.000000" m_tx="141.425140" m_ty="-273.231873"/>
  </frame>
  <frame idx="100" w="539" h="1171" x="141.425140" y="-273.231873">
   <element name="symbol0" layername="timeline_0" frame="1" z_index="2" m_a="1.000000" m_b="0.000000" m_c="0.000000" m_d="1.000000" m_tx="141.425140" m_ty="-273.231873"/>
  </frame>
  <frame idx="125" w="539" h="1171" x="141.425140" y="-273.231873">
   <element name="symbol0" layername="timeline_0" frame="1" z_index="2" m_a="1.000000" m_b="0.000000" m_c="0.000000" m_d="1.000000" m_tx="141.425140" m_ty="-273.231873"/>
  </frame>
  <frame idx="150" w="539" h="1171" x="141.425140" y="-273.231873">
   <element name="symbol0" layername="timeline_0" frame="1" z_index="2" m_a="1.000000" m_b="0.000000" m_c="0.000000" m_d="1.000000" m_tx="141.425140" m_ty="-273.231873"/>
  </frame>
  <frame idx="175" w="539" h="1171" x="141.425140" y="-273.231873">
   <element name="symbol0" layername="timeline_0" frame="1" z_index="2" m_a="1.000000" m_b="0.000000" m_c="0.000000" m_d="1.000000" m_tx="141.425140" m_ty="-273.231873"/>
  </frame>
  <frame idx="200" w="539" h="1171" x="141.425140" y="-273.231873">
   <element name="symbol0" layername="timeline_0" frame="1" z_index="2" m_a="1.000000" m_b="0.000000" m_c="0.000000" m_d="1.000000" m_tx="141.425140" m_ty="-273.231873"/>
  </frame>
  <frame idx="225" w="539" h="1171" x="141.425140" y="-273.231873">
   <element name="symbol0" layername="timeline_0" frame="1" z_index="2" m_a="1.000000" m_b="0.000000" m_c="0.000000" m_d="1.000000" m_tx="141.425140" m_ty="-273.231873"/>
  </frame>
  <frame idx="250" w="539" h="1171" x="141.425140" y="-273.231873">
   <element name="symbol0" layername="timeline_0" frame="1" z_index="2" m_a="1.000000" m_b="0.000000" m_c="0.000000" m_d="1.000000" m_tx="141.425140" m_ty="-273.231873"/>
  </frame>
  <frame idx="275" w="539" h="1171" x="141.425140" y="-273.231873">
   <element name="symbol0" layername="timeline_0" frame="1" z_index="2" m_a="1.000000" m_b="0.000000" m_c="0.000000" m_d="1.000000" m_tx="141.425140" m_ty="-273.231873"/>
  </frame>
  <frame idx="300" w="539" h="1171" x="141.425140" y="-273.231873">
   <element name="symbol0" layername="timeline_0" frame="1" z_index="2" m_a="1.000000" m_b="0.000000" m_c="0.000000" m_d="1.000000" m_tx="141.425140" m_ty="-273.231873"/>
  </frame>
  <frame idx="325" w="539" h="1171" x="141.425140" y="-273.231873">
   <element name="symbol0" layername="timeline_0" frame="1" z_index="2" m_a="1.000000" m_b="0.000000" m_c="0.000000" m_d="1.000000" m_tx="141.425140" m_ty="-273.231873"/>
  </frame>
  <frame idx="350" w="539" h="1171" x="141.425140" y="-273.231873">
   <element name="symbol0" layername="timeline_0" frame="1" z_index="2" m_a="1.000000" m_b="0.000000" m_c="0.000000" m_d="1.000000" m_tx="141.425140" m_ty="-273.231873"/>
  </frame>
  <frame idx="375" w="539" h="1171" x="141.425140" y="-273.231873">
   <element name="symbol0" layername="timeline_0" frame="1" z_index="2" m_a="1.000000" m_b="0.000000" m_c="0.000000" m_d="1.000000" m_tx="141.425140" m_ty="-273.231873"/>
  </frame>
  <frame idx="400" w="539" h="1171" x="141.425140" y="-273.231873">
   <element name="symbol0" layername="timeline_0" frame="1" z_index="2" m_a="1.000000" m_b="0.000000" m_c="0.000000" m_d="1.000000" m_tx="141.425140" m_ty="-273.231873"/>
  </frame>
  <frame idx="425" w="539" h="1171" x="141.425140" y="-273.231873">
   <element name="symbol0" layername="timeline_0" frame="1" z_index="2" m_a="1.000000" m_b="0.000000" m_c="0.000000" m_d="1.000000" m_tx="141.425140" m_ty="-273.231873"/>
  </frame>
  <frame idx="450" w="539" h="1171" x="141.425140" y="-273.231873">
   <element name="symbol0" layername="timeline_0" frame="1" z_index="2" m_a="1.000000" m_b="0.000000" m_c="0.000000" m_d="1.000000" m_tx="141.425140" m_ty="-273.231873"/>
  </frame>
  <frame idx="475" w="539" h="1171" x="141.425140" y="-273.231873">
   <element name="symbol0" layername="timeline_0" frame="1" z_index="2" m_a="1.000000" m_b="0.000000" m_c="0.000000" m_d="1.000000" m_tx="141.425140" m_ty="-273.231873"/>
  </frame>
  <frame idx="500" w="539" h="1171" x="141.425140" y="-273.231873">
   <element name="symbol0" layername="timeline_0" frame="1" z_index="2" m_a="1.000000" m_b="0.000000" m_c="0.000000" m_d="1.000000" m_tx="141.425140" m_ty="-273.231873"/>
  </frame>
  <frame idx="525" w="539" h="1171" x="141.425140" y="-273.231873">
   <element name="symbol0" layername="timeline_0" frame="1" z_index="2" m_a="1.000000" m_b="0.000000" m_c="0.000000" m_d="1.000000" m_tx="141.425140" m_ty="-273.231873"/>
  </frame>
  <frame idx="550" w="539" h="1171" x="141.425140" y="-273.231873">
   <element name="symbol0" layername="timeline_0" frame="1" z_index="2" m_a="1.000000" m_b="0.000000" m_c="0.000000" m_d="1.000000" m_tx="141.425140" m_ty="-273.231873"/>
  </frame>
  <frame idx="575" w="539" h="1171" x="141.425140" y="-273.231873">
   <element name="symbol0" layername="timeline_0" frame="1" z_index="2" m_a="1.000000" m_b="0.000000" m_c="0.000000" m_d="1.000000" m_tx="141.425140" m_ty="-273.231873"/>
  </frame>
  <frame idx="600" w="539" h="1171" x="141.425140" y="-273.231873">
   <element name="symbol0" layername="timeline_0" frame="1" z_index="2" m_a="1.000000" m_b="0.000000" m_c="0.000000" m_d="1.000000" m_tx="141.425140" m_ty="-273.231873"/>
  </frame>
  <frame idx="625" w="539" h="1171" x="141.425140" y="-273.231873">
   <element name="symbol0" layername="timeline_0" frame="1" z_index="2" m_a="1.000000" m_b="0.000000" m_c="0.000000" m_d="1.000000" m_tx="141.425140" m_ty="-273.231873"/>
  </frame>
  <frame idx="650" w="539" h="1171" x="141.425140" y="-273.231873">
   <element name="symbol0" layername="timeline_0" frame="1" z_index="2" m_a="1.000000" m_b="0.000000" m_c="0.000000" m_d="1.000000" m_tx="141.425140" m_ty="-273.231873"/>
  </frame>
  <frame idx="675" w="539" h="1171" x="141.425140" y="-273.231873">
   <element name="symbol0" layername="timeline_0" frame="1" z_index="2" m_a="1.000000" m_b="0.000000" m_c="0.000000" m_d="1.000000" m_tx="141.425140" m_ty="-273.231873"/>
  </frame>
  <frame idx="700" w="539" h="1171" x="141.425140" y="-273.231873">
   <element name="symbol0" layername="timeline_0" frame="1" z_index="2" m_a="1.000000" m_b="0.000000" m_c="0.000000" m_d="1.000000" m_tx="141.425140" m_ty="-273.231873"/>
  </frame>
  <frame idx="725" w="539" h="1171" x="141.425140" y="-273.231873">
   <element name="symbol0" layername="timeline_0" frame="1" z_index="2" m_a="1.000000" m_b="0.000000" m_c="0.000000" m_d="1.000000" m_tx="141.425140" m_ty="-273.231873"/>
  </frame>
  <frame idx="750" w="539" h="1171" x="141.425140" y="-273.231873">
   <element name="symbol0" layername="timeline_0" frame="1" z_index="2" m_a="1.000000" m_b="0.000000" m_c="0.000000" m_d="1.000000" m_tx="141.425140" m_ty="-273.231873"/>
  </frame>
  <frame idx="775" w="539" h="1171" x="141.425140" y="-273.231873">
   <element name="symbol0" layername="timeline_0" frame="1" z_index="2" m_a="1.000000" m_b="0.000000" m_c="0.000000" m_d="1.000000" m_tx="141.425140" m_ty="-273.231873"/>
  </frame>
  <frame idx="800" w="539" h="1171" x="141.425140" y="-273.231873">
   <element name="symbol0" layername="timeline_0" frame="1" z_index="2" m_a="1.000000" m_b="0.000000" m_c="0.000000" m_d="1.000000" m_tx="141.425140" m_ty="-273.231873"/>
  </frame>
  <frame idx="825" w="539" h="1171" x="141.425140" y="-273.231873">
   <element name="symbol0" layername="timeline_0" frame="1" z_index="2" m_a="1.000000" m_b="0.000000" m_c="0.000000" m_d="1.000000" m_tx="141.425140" m_ty="-273.231873"/>
  </frame>
  <frame idx="850" w="539" h="1171" x="141.425140" y="-273.231873">
   <element name="symbol0" layername="timeline_0" frame="1" z_index="2" m_a="1.000000" m_b="0.000000" m_c="0.000000" m_d="1.000000" m_tx="141.425140" m_ty="-273.231873"/>
  </frame>
  <frame idx="875" w="539" h="1171" x="141.425140" y="-273.231873">
   <element name="symbol0" layername="timeline_0" frame="1" z_index="2" m_a="1.000000" m_b="0.000000" m_c="0.000000" m_d="1.000000" m_tx="141.425140" m_ty="-273.231873"/>
  </frame>
  <frame idx="900" w="539" h="1171" x="141.425140" y="-273.231873">
   <element name="symbol0" layername="timeline_0" frame="1" z_index="2" m_a="1.000000" m_b="0.000000" m_c="0.000000" m_d="1.000000" m_tx="141.425140" m_ty="-273.231873"/>
  </frame>
  <frame idx="925" w="539" h="1171" x="141.425140" y="-273.231873">
   <element name="symbol0" layername="timeline_0" frame="1" z_index="2" m_a="1.000000" m_b="0.000000" m_c="0.000000" m_d="1.000000" m_tx="141.425140" m_ty="-273.231873"/>
  </frame>
  <frame idx="950" w="539" h="1171" x="141.425140" y="-273.231873">
   <element name="symbol0" layername="timeline_0" frame="1" z_index="2" m_a="1.000000" m_b="0.000000" m_c="0.000000" m_d="1.000000" m_tx="141.425140" m_ty="-273.231873"/>
  </frame>
  <frame idx="975" w="539" h="1171" x="141.425140" y="-273.231873">
   <element name="symbol0" layername="timeline_0" frame="1" z_index="2" m_a="1.000000" m_b="0.000000" m_c="0.000000" m_d="1.000000" m_tx="141.425140" m_ty="-273.231873"/>
  </frame>
 </anim>
</Anims>
