<Anims>
 <anim name="sway" root="gustflower_charged" numframes="1000" framerate="40">
  <frame idx="0" w="524" h="1215" x="-31.000000" y="-522.000000">
   <element name="lessgustyflower" layername="timeline_0" frame="0" z_index="12" m_a="1.000000" m_b="0.000000" m_c="0.000000" m_d="1.000000" m_tx="-7.000000" m_ty="-53.000000"/>
   <element name="lessgustyflower" layername="timeline_1" frame="1" z_index="11" m_a="1.000000" m_b="0.000000" m_c="0.000000" m_d="1.000000" m_tx="-31.000000" m_ty="-290.000000"/>
   <element name="lessgustyflower" layername="timeline_2" frame="2" z_index="10" m_a="1.000000" m_b="0.000000" m_c="0.000000" m_d="1.000000" m_tx="-22.000000" m_ty="-522.000000"/>
  </frame>
  <frame idx="25" w="523" h="1217" x="-30.309509" y="-522.147888">
   <element name="lessgustyflower" layername="timeline_0" frame="0" z_index="12" m_a="1.001080" m_b="0.002123" m_c="-0.002122" m_d="1.000270" m_tx="-7.201523" m_ty="-53.253601"/>
   <element name="lessgustyflower" layername="timeline_1" frame="1" z_index="11" m_a="0.999992" m_b="0.003937" m_c="-0.003937" m_d="0.999992" m_tx="-30.309509" m_ty="-290.201569"/>
   <element name="lessgustyflower" layername="timeline_2" frame="2" z_index="10" m_a="1.000000" m_b="0.000000" m_c="0.000000" m_d="1.000000" m_tx="-20.816925" m_ty="-522.147888"/>
  </frame>
  <frame idx="50" w="521" h="1218" x="-29.622894" y="-522.295776">
   <element name="lessgustyflower" layername="timeline_0" frame="0" z_index="12" m_a="1.002156" m_b="0.004251" m_c="-0.004244" m_d="1.000536" m_tx="-7.404648" m_ty="-53.507660"/>
   <element name="lessgustyflower" layername="timeline_1" frame="1" z_index="11" m_a="0.999969" m_b="0.007874" m_c="-0.007874" m_d="0.999969" m_tx="-29.622894" m_ty="-290.408478"/>
   <element name="lessgustyflower" layername="timeline_2" frame="2" z_index="10" m_a="1.000000" m_b="0.000000" m_c="0.000000" m_d="1.000000" m_tx="-19.633850" m_ty="-522.295776"/>
  </frame>
  <frame idx="75" w="519" h="1219" x="-28.940094" y="-522.443665">
   <element name="lessgustyflower" layername="timeline_0" frame="0" z_index="12" m_a="1.003227" m_b="0.006383" m_c="-0.006368" m_d="1.000798" m_tx="-7.609238" m_ty="-53.762085"/>
   <element name="lessgustyflower" layername="timeline_1" frame="1" z_index="11" m_a="0.999930" m_b="0.011811" m_c="-0.011811" m_d="0.999930" m_tx="-28.940094" m_ty="-290.620941"/>
   <element name="lessgustyflower" layername="timeline_2" frame="2" z_index="10" m_a="1.000000" m_b="0.000000" m_c="0.000000" m_d="1.000000" m_tx="-18.450745" m_ty="-522.443665"/>
  </frame>
  <frame idx="100" w="517" h="1220" x="-28.261078" y="-522.591553">
   <element name="lessgustyflower" layername="timeline_0" frame="0" z_index="12" m_a="1.004294" m_b="0.008520" m_c="-0.008493" m_d="1.001055" m_tx="-7.815399" m_ty="-54.016968"/>
   <element name="lessgustyflower" layername="timeline_1" frame="1" z_index="11" m_a="0.999876" m_b="0.015748" m_c="-0.015748" m_d="0.999876" m_tx="-28.261078" m_ty="-290.838776"/>
   <element name="lessgustyflower" layername="timeline_2" frame="2" z_index="10" m_a="1.000000" m_b="0.000000" m_c="0.000000" m_d="1.000000" m_tx="-17.267670" m_ty="-522.591553"/>
  </frame>
  <frame idx="125" w="515" h="1221" x="-27.585922" y="-522.739441">
   <element name="lessgustyflower" layername="timeline_0" frame="0" z_index="12" m_a="1.005357" m_b="0.010662" m_c="-0.010619" m_d="1.001307" m_tx="-8.023041" m_ty="-54.272339"/>
   <element name="lessgustyflower" layername="timeline_1" frame="1" z_index="11" m_a="0.999806" m_b="0.019684" m_c="-0.019684" m_d="0.999806" m_tx="-27.585922" m_ty="-291.062195"/>
   <element name="lessgustyflower" layername="timeline_2" frame="2" z_index="10" m_a="1.000000" m_b="0.000000" m_c="0.000000" m_d="1.000000" m_tx="-16.084595" m_ty="-522.739441"/>
  </frame>
  <frame idx="150" w="513" h="1223" x="-26.914474" y="-522.887329">
   <element name="lessgustyflower" layername="timeline_0" frame="0" z_index="12" m_a="1.006414" m_b="0.012808" m_c="-0.012746" m_d="1.001555" m_tx="-8.232254" m_ty="-54.528137"/>
   <element name="lessgustyflower" layername="timeline_1" frame="1" z_index="11" m_a="0.999721" m_b="0.023620" m_c="-0.023620" m_d="0.999721" m_tx="-26.914474" m_ty="-291.291107"/>
   <element name="lessgustyflower" layername="timeline_2" frame="2" z_index="10" m_a="1.000000" m_b="0.000000" m_c="0.000000" m_d="1.000000" m_tx="-14.901520" m_ty="-522.887329"/>
  </frame>
  <frame idx="175" w="513" h="1224" x="-26.246796" y="-523.035217">
   <element name="lessgustyflower" layername="timeline_0" frame="0" z_index="12" m_a="1.007467" m_b="0.014959" m_c="-0.014874" m_d="1.001798" m_tx="-8.443008" m_ty="-54.784393"/>
   <element name="lessgustyflower" layername="timeline_1" frame="1" z_index="11" m_a="0.999620" m_b="0.027556" m_c="-0.027556" m_d="0.999620" m_tx="-26.246796" m_ty="-291.525452"/>
   <element name="lessgustyflower" layername="timeline_2" frame="2" z_index="10" m_a="1.000000" m_b="0.000000" m_c="0.000000" m_d="1.000000" m_tx="-13.718414" m_ty="-523.035217"/>
  </frame>
  <frame idx="200" w="514" h="1225" x="-25.582840" y="-523.183105">
   <element name="lessgustyflower" layername="timeline_0" frame="0" z_index="12" m_a="1.008516" m_b="0.017114" m_c="-0.017004" m_d="1.002037" m_tx="-8.655273" m_ty="-55.041046"/>
   <element name="lessgustyflower" layername="timeline_1" frame="1" z_index="11" m_a="0.999504" m_b="0.031491" m_c="-0.031491" m_d="0.999504" m_tx="-25.582840" m_ty="-291.765381"/>
   <element name="lessgustyflower" layername="timeline_2" frame="2" z_index="10" m_a="1.000000" m_b="0.000000" m_c="0.000000" m_d="1.000000" m_tx="-12.535339" m_ty="-523.183105"/>
  </frame>
  <frame idx="225" w="514" h="1226" x="-24.922577" y="-523.330994">
   <element name="lessgustyflower" layername="timeline_0" frame="0" z_index="12" m_a="1.009560" m_b="0.019273" m_c="-0.019134" m_d="1.002271" m_tx="-8.869049" m_ty="-55.298218"/>
   <element name="lessgustyflower" layername="timeline_1" frame="1" z_index="11" m_a="0.999372" m_b="0.035426" m_c="-0.035426" m_d="0.999372" m_tx="-24.922577" m_ty="-292.010895"/>
   <element name="lessgustyflower" layername="timeline_2" frame="2" z_index="10" m_a="1.000000" m_b="0.000000" m_c="0.000000" m_d="1.000000" m_tx="-11.352264" m_ty="-523.330994"/>
  </frame>
  <frame idx="250" w="515" h="1227" x="-24.266022" y="-523.478882">
   <element name="lessgustyflower" layername="timeline_0" frame="0" z_index="12" m_a="1.010599" m_b="0.021437" m_c="-0.021266" m_d="1.002501" m_tx="-9.084412" m_ty="-55.555817"/>
   <element name="lessgustyflower" layername="timeline_1" frame="1" z_index="11" m_a="0.999225" m_b="0.039361" m_c="-0.039361" m_d="0.999225" m_tx="-24.266022" m_ty="-292.261871"/>
   <element name="lessgustyflower" layername="timeline_2" frame="2" z_index="10" m_a="1.000000" m_b="0.000000" m_c="0.000000" m_d="1.000000" m_tx="-10.169189" m_ty="-523.478882"/>
  </frame>
  <frame idx="275" w="515" h="1229" x="-23.613083" y="-523.626770">
   <element name="lessgustyflower" layername="timeline_0" frame="0" z_index="12" m_a="1.011633" m_b="0.023606" m_c="-0.023398" m_d="1.002726" m_tx="-9.301239" m_ty="-55.813934"/>
   <element name="lessgustyflower" layername="timeline_1" frame="1" z_index="11" m_a="0.999062" m_b="0.043294" m_c="-0.043294" m_d="0.999062" m_tx="-23.613083" m_ty="-292.518524"/>
   <element name="lessgustyflower" layername="timeline_2" frame="2" z_index="10" m_a="1.000000" m_b="0.000000" m_c="0.000000" m_d="1.000000" m_tx="-8.986115" m_ty="-523.626770"/>
  </frame>
  <frame idx="300" w="516" h="1230" x="-22.963806" y="-523.774658">
   <element name="lessgustyflower" layername="timeline_0" frame="0" z_index="12" m_a="1.012663" m_b="0.025779" m_c="-0.025532" m_d="1.002947" m_tx="-9.519653" m_ty="-56.072479"/>
   <element name="lessgustyflower" layername="timeline_1" frame="1" z_index="11" m_a="0.998884" m_b="0.047227" m_c="-0.047227" m_d="0.998884" m_tx="-22.963806" m_ty="-292.780701"/>
   <element name="lessgustyflower" layername="timeline_2" frame="2" z_index="10" m_a="1.000000" m_b="0.000000" m_c="0.000000" m_d="1.000000" m_tx="-7.803009" m_ty="-523.774658"/>
  </frame>
  <frame idx="325" w="516" h="1231" x="-22.318130" y="-523.922485">
   <element name="lessgustyflower" layername="timeline_0" frame="0" z_index="12" m_a="1.013688" m_b="0.027957" m_c="-0.027666" m_d="1.003163" m_tx="-9.739578" m_ty="-56.331421"/>
   <element name="lessgustyflower" layername="timeline_1" frame="1" z_index="11" m_a="0.998690" m_b="0.051160" m_c="-0.051160" m_d="0.998690" m_tx="-22.318130" m_ty="-293.048492"/>
   <element name="lessgustyflower" layername="timeline_2" frame="2" z_index="10" m_a="1.000000" m_b="0.000000" m_c="0.000000" m_d="1.000000" m_tx="-6.619934" m_ty="-523.922485"/>
  </frame>
  <frame idx="350" w="517" h="1232" x="-21.676071" y="-524.070374">
   <element name="lessgustyflower" layername="timeline_0" frame="0" z_index="12" m_a="1.014709" m_b="0.030139" m_c="-0.029802" m_d="1.003375" m_tx="-9.961060" m_ty="-56.590912"/>
   <element name="lessgustyflower" layername="timeline_1" frame="1" z_index="11" m_a="0.998481" m_b="0.055091" m_c="-0.055091" m_d="0.998481" m_tx="-21.676071" m_ty="-293.321899"/>
   <element name="lessgustyflower" layername="timeline_2" frame="2" z_index="10" m_a="1.000000" m_b="0.000000" m_c="0.000000" m_d="1.000000" m_tx="-5.436859" m_ty="-524.070374"/>
  </frame>
  <frame idx="375" w="517" h="1233" x="-21.037552" y="-524.218262">
   <element name="lessgustyflower" layername="timeline_0" frame="0" z_index="12" m_a="1.015725" m_b="0.032325" m_c="-0.031939" m_d="1.003582" m_tx="-10.184036" m_ty="-56.850861"/>
   <element name="lessgustyflower" layername="timeline_1" frame="1" z_index="11" m_a="0.998257" m_b="0.059022" m_c="-0.059022" m_d="0.998257" m_tx="-21.037552" m_ty="-293.600922"/>
   <element name="lessgustyflower" layername="timeline_2" frame="2" z_index="10" m_a="1.000000" m_b="0.000000" m_c="0.000000" m_d="1.000000" m_tx="-4.253769" m_ty="-524.218262"/>
  </frame>
  <frame idx="400" w="518" h="1235" x="-20.402603" y="-524.366150">
   <element name="lessgustyflower" layername="timeline_0" frame="0" z_index="12" m_a="1.016736" m_b="0.034516" m_c="-0.034076" m_d="1.003784" m_tx="-10.408569" m_ty="-57.111359"/>
   <element name="lessgustyflower" layername="timeline_1" frame="1" z_index="11" m_a="0.998017" m_b="0.062952" m_c="-0.062952" m_d="0.998017" m_tx="-20.402603" m_ty="-293.885620"/>
   <element name="lessgustyflower" layername="timeline_2" frame="2" z_index="10" m_a="1.000000" m_b="0.000000" m_c="0.000000" m_d="1.000000" m_tx="-3.070694" m_ty="-524.366150"/>
  </frame>
  <frame idx="425" w="518" h="1237" x="-19.771179" y="-524.514038">
   <element name="lessgustyflower" layername="timeline_0" frame="0" z_index="12" m_a="1.017742" m_b="0.036712" m_c="-0.036215" m_d="1.003982" m_tx="-10.634613" m_ty="-57.372253"/>
   <element name="lessgustyflower" layername="timeline_1" frame="1" z_index="11" m_a="0.997761" m_b="0.066880" m_c="-0.066880" m_d="0.997761" m_tx="-19.771179" m_ty="-294.175995"/>
   <element name="lessgustyflower" layername="timeline_2" frame="2" z_index="10" m_a="1.000000" m_b="0.000000" m_c="0.000000" m_d="1.000000" m_tx="-1.887604" m_ty="-524.514038"/>
  </frame>
  <frame idx="450" w="519" h="1240" x="-19.143250" y="-524.661926">
   <element name="lessgustyflower" layername="timeline_0" frame="0" z_index="12" m_a="1.018744" m_b="0.038911" m_c="-0.038355" m_d="1.004176" m_tx="-10.862198" m_ty="-57.633667"/>
   <element name="lessgustyflower" layername="timeline_1" frame="1" z_index="11" m_a="0.997490" m_b="0.070808" m_c="-0.070808" m_d="0.997490" m_tx="-19.143250" m_ty="-294.471985"/>
   <element name="lessgustyflower" layername="timeline_2" frame="2" z_index="10" m_a="1.000000" m_b="0.000000" m_c="0.000000" m_d="1.000000" m_tx="-0.704529" m_ty="-524.661926"/>
  </frame>
  <frame idx="475" w="519" h="1242" x="-18.518799" y="-524.809814">
   <element name="lessgustyflower" layername="timeline_0" frame="0" z_index="12" m_a="1.019741" m_b="0.041116" m_c="-0.040496" m_d="1.004364" m_tx="-11.091354" m_ty="-57.895569"/>
   <element name="lessgustyflower" layername="timeline_1" frame="1" z_index="11" m_a="0.997203" m_b="0.074735" m_c="-0.074735" m_d="0.997203" m_tx="-18.518799" m_ty="-294.773682"/>
   <element name="lessgustyflower" layername="timeline_2" frame="2" z_index="10" m_a="1.000000" m_b="0.000000" m_c="0.000000" m_d="1.000000" m_tx="0.478546" m_ty="-524.809814"/>
  </frame>
  <frame idx="500" w="520" h="1243" x="-18.384491" y="-524.841736">
   <element name="lessgustyflower" layername="timeline_0" frame="0" z_index="12" m_a="1.019955" m_b="0.041591" m_c="-0.040957" m_d="1.004405" m_tx="-11.140884" m_ty="-57.952148"/>
   <element name="lessgustyflower" layername="timeline_1" frame="1" z_index="11" m_a="0.997140" m_b="0.075581" m_c="-0.075581" m_d="0.997140" m_tx="-18.384491" m_ty="-294.839600"/>
   <element name="lessgustyflower" layername="timeline_2" frame="2" z_index="10" m_a="1.000000" m_b="0.000000" m_c="0.000000" m_d="1.000000" m_tx="0.733719" m_ty="-524.841736"/>
  </frame>
  <frame idx="525" w="520" h="1243" x="-18.384491" y="-524.841736"/>
  <frame idx="550" w="520" h="1243" x="-18.384491" y="-524.841736"/>
  <frame idx="575" w="520" h="1243" x="-18.384491" y="-524.841736"/>
  <frame idx="600" w="520" h="1243" x="-18.384491" y="-524.841736"/>
  <frame idx="625" w="520" h="1243" x="-18.384491" y="-524.841736"/>
  <frame idx="650" w="520" h="1243" x="-18.384491" y="-524.841736"/>
  <frame idx="675" w="520" h="1243" x="-18.384491" y="-524.841736"/>
  <frame idx="700" w="520" h="1243" x="-18.384491" y="-524.841736"/>
  <frame idx="725" w="520" h="1243" x="-18.384491" y="-524.841736"/>
  <frame idx="750" w="520" h="1243" x="-18.384491" y="-524.841736"/>
  <frame idx="775" w="520" h="1243" x="-18.384491" y="-524.841736"/>
  <frame idx="800" w="520" h="1243" x="-18.384491" y="-524.841736"/>
  <frame idx="825" w="520" h="1243" x="-18.384491" y="-524.841736"/>
  <frame idx="850" w="520" h="1243" x="-18.384491" y="-524.841736"/>
  <frame idx="875" w="520" h="1243" x="-18.384491" y="-524.841736"/>
  <frame idx="900" w="520" h="1243" x="-18.384491" y="-524.841736"/>
  <frame idx="925" w="520" h="1243" x="-18.384491" y="-524.841736"/>
  <frame idx="950" w="520" h="1243" x="-18.384491" y="-524.841736"/>
  <frame idx="975" w="520" h="1243" x="-18.384491" y="-524.841736"/>
 </anim>
 <anim name="whirlwind_spawn" root="gustflower_charged" numframes="1000" framerate="40">
  <frame idx="0" w="524" h="1216" x="-29.687500" y="-521.875000">
   <element name="lessgustyflower" layername="timeline_0" frame="0" z_index="12" m_a="1.000000" m_b="0.000000" m_c="0.000000" m_d="1.000000" m_tx="-6.521729" m_ty="-54.347839"/>
   <element name="lessgustyflower" layername="timeline_1" frame="1" z_index="11" m_a="1.000000" m_b="0.000000" m_c="0.000000" m_d="1.000000" m_tx="-29.687500" m_ty="-290.625000"/>
   <element name="lessgustyflower" layername="timeline_2" frame="2" z_index="10" m_a="1.000000" m_b="0.000000" m_c="0.000000" m_d="1.000000" m_tx="-21.875000" m_ty="-521.875000"/>
  </frame>
  <frame idx="25" w="524" h="1216" x="-29.687500" y="-521.875000">
   <element name="lessgustyflower" layername="timeline_0" frame="0" z_index="12" m_a="1.000000" m_b="0.000000" m_c="0.000000" m_d="1.000000" m_tx="-6.521729" m_ty="-54.347839"/>
   <element name="lessgustyflower" layername="timeline_1" frame="1" z_index="11" m_a="1.000000" m_b="0.000000" m_c="0.000000" m_d="1.000000" m_tx="-29.687500" m_ty="-290.030151"/>
   <element name="lessgustyflower" layername="timeline_2" frame="2" z_index="10" m_a="1.000000" m_b="0.000000" m_c="0.000000" m_d="1.000000" m_tx="-21.875000" m_ty="-521.875000"/>
  </frame>
  <frame idx="50" w="524" h="1216" x="-29.687500" y="-521.875000">
   <element name="lessgustyflower" layername="timeline_0" frame="0" z_index="12" m_a="1.000000" m_b="0.000000" m_c="0.000000" m_d="1.000000" m_tx="-6.521729" m_ty="-54.347839"/>
   <element name="lessgustyflower" layername="timeline_1" frame="1" z_index="11" m_a="1.000000" m_b="0.000000" m_c="0.000000" m_d="1.000000" m_tx="-29.687500" m_ty="-289.435303"/>
   <element name="lessgustyflower" layername="timeline_2" frame="2" z_index="10" m_a="1.000000" m_b="0.000000" m_c="0.000000" m_d="1.000000" m_tx="-21.875000" m_ty="-521.875000"/>
  </frame>
  <frame idx="75" w="524" h="1216" x="-29.687500" y="-521.875000">
   <element name="lessgustyflower" layername="timeline_0" frame="0" z_index="12" m_a="1.000000" m_b="0.000000" m_c="0.000000" m_d="1.000000" m_tx="-6.521729" m_ty="-54.347839"/>
   <element name="lessgustyflower" layername="timeline_1" frame="1" z_index="11" m_a="1.000000" m_b="0.000000" m_c="0.000000" m_d="1.000000" m_tx="-29.687500" m_ty="-288.840393"/>
   <element name="lessgustyflower" layername="timeline_2" frame="2" z_index="10" m_a="1.000000" m_b="0.000000" m_c="0.000000" m_d="1.000000" m_tx="-21.875000" m_ty="-521.875000"/>
  </frame>
  <frame idx="100" w="524" h="1216" x="-29.687500" y="-521.875000">
   <element name="lessgustyflower" layername="timeline_0" frame="0" z_index="12" m_a="1.000000" m_b="0.000000" m_c="0.000000" m_d="1.000000" m_tx="-6.521729" m_ty="-54.347839"/>
   <element name="lessgustyflower" layername="timeline_1" frame="1" z_index="11" m_a="1.000000" m_b="0.000000" m_c="0.000000" m_d="1.000000" m_tx="-29.687500" m_ty="-288.245544"/>
   <element name="lessgustyflower" layername="timeline_2" frame="2" z_index="10" m_a="1.000000" m_b="0.000000" m_c="0.000000" m_d="1.000000" m_tx="-21.875000" m_ty="-521.875000"/>
  </frame>
  <frame idx="125" w="524" h="1216" x="-29.687500" y="-521.875000">
   <element name="lessgustyflower" layername="timeline_0" frame="0" z_index="12" m_a="1.000000" m_b="0.000000" m_c="0.000000" m_d="1.000000" m_tx="-6.521729" m_ty="-54.347839"/>
   <element name="lessgustyflower" layername="timeline_1" frame="1" z_index="11" m_a="1.000000" m_b="0.000000" m_c="0.000000" m_d="1.000000" m_tx="-29.687500" m_ty="-287.650696"/>
   <element name="lessgustyflower" layername="timeline_2" frame="2" z_index="10" m_a="1.000000" m_b="0.000000" m_c="0.000000" m_d="1.000000" m_tx="-21.875000" m_ty="-521.875000"/>
  </frame>
  <frame idx="150" w="524" h="1216" x="-29.687500" y="-521.875000">
   <element name="lessgustyflower" layername="timeline_0" frame="0" z_index="12" m_a="1.000000" m_b="0.000000" m_c="0.000000" m_d="1.000000" m_tx="-6.521729" m_ty="-54.347839"/>
   <element name="lessgustyflower" layername="timeline_1" frame="1" z_index="11" m_a="1.000000" m_b="0.000000" m_c="0.000000" m_d="1.000000" m_tx="-29.687500" m_ty="-287.055847"/>
   <element name="lessgustyflower" layername="timeline_2" frame="2" z_index="10" m_a="1.000000" m_b="0.000000" m_c="0.000000" m_d="1.000000" m_tx="-21.875000" m_ty="-521.875000"/>
  </frame>
  <frame idx="175" w="524" h="1216" x="-29.687500" y="-521.875000">
   <element name="lessgustyflower" layername="timeline_0" frame="0" z_index="12" m_a="1.000000" m_b="0.000000" m_c="0.000000" m_d="1.000000" m_tx="-6.521729" m_ty="-54.347839"/>
   <element name="lessgustyflower" layername="timeline_1" frame="1" z_index="11" m_a="1.000000" m_b="0.000000" m_c="0.000000" m_d="1.000000" m_tx="-29.687500" m_ty="-286.460999"/>
   <element name="lessgustyflower" layername="timeline_2" frame="2" z_index="10" m_a="1.000000" m_b="0.000000" m_c="0.000000" m_d="1.000000" m_tx="-21.875000" m_ty="-521.875000"/>
  </frame>
  <frame idx="200" w="524" h="1216" x="-29.687500" y="-521.875000">
   <element name="lessgustyflower" layername="timeline_0" frame="0" z_index="12" m_a="1.000000" m_b="0.000000" m_c="0.000000" m_d="1.000000" m_tx="-6.521729" m_ty="-54.347839"/>
   <element name="lessgustyflower" layername="timeline_1" frame="1" z_index="11" m_a="1.000000" m_b="0.000000" m_c="0.000000" m_d="1.000000" m_tx="-29.687500" m_ty="-285.955017"/>
   <element name="lessgustyflower" layername="timeline_2" frame="2" z_index="10" m_a="1.000000" m_b="0.000000" m_c="0.000000" m_d="1.000000" m_tx="-21.875000" m_ty="-521.875000"/>
  </frame>
  <frame idx="225" w="524" h="1216" x="-29.687500" y="-521.875000">
   <element name="lessgustyflower" layername="timeline_0" frame="0" z_index="12" m_a="1.000000" m_b="0.000000" m_c="0.000000" m_d="1.000000" m_tx="-6.521729" m_ty="-54.347839"/>
   <element name="lessgustyflower" layername="timeline_1" frame="1" z_index="11" m_a="1.000000" m_b="0.000000" m_c="0.000000" m_d="1.000000" m_tx="-29.687500" m_ty="-286.100952"/>
   <element name="lessgustyflower" layername="timeline_2" frame="2" z_index="10" m_a="1.000000" m_b="0.000000" m_c="0.000000" m_d="1.000000" m_tx="-21.875000" m_ty="-521.875000"/>
  </frame>
  <frame idx="250" w="524" h="1216" x="-29.687500" y="-521.875000">
   <element name="lessgustyflower" layername="timeline_0" frame="0" z_index="12" m_a="1.000000" m_b="0.000000" m_c="0.000000" m_d="1.000000" m_tx="-6.521729" m_ty="-54.347839"/>
   <element name="lessgustyflower" layername="timeline_1" frame="1" z_index="11" m_a="1.000000" m_b="0.000000" m_c="0.000000" m_d="1.000000" m_tx="-29.687500" m_ty="-286.246887"/>
   <element name="lessgustyflower" layername="timeline_2" frame="2" z_index="10" m_a="1.000000" m_b="0.000000" m_c="0.000000" m_d="1.000000" m_tx="-21.875000" m_ty="-521.875000"/>
  </frame>
  <frame idx="275" w="524" h="1216" x="-29.687500" y="-521.875000">
   <element name="lessgustyflower" layername="timeline_0" frame="0" z_index="12" m_a="1.000000" m_b="0.000000" m_c="0.000000" m_d="1.000000" m_tx="-6.521729" m_ty="-54.347839"/>
   <element name="lessgustyflower" layername="timeline_1" frame="1" z_index="11" m_a="1.000000" m_b="0.000000" m_c="0.000000" m_d="1.000000" m_tx="-29.687500" m_ty="-286.392822"/>
   <element name="lessgustyflower" layername="timeline_2" frame="2" z_index="10" m_a="1.000000" m_b="0.000000" m_c="0.000000" m_d="1.000000" m_tx="-21.875000" m_ty="-521.875000"/>
  </frame>
  <frame idx="300" w="524" h="1216" x="-29.687500" y="-521.875000">
   <element name="lessgustyflower" layername="timeline_0" frame="0" z_index="12" m_a="1.000000" m_b="0.000000" m_c="0.000000" m_d="1.000000" m_tx="-6.521729" m_ty="-54.347839"/>
   <element name="lessgustyflower" layername="timeline_1" frame="1" z_index="11" m_a="1.000000" m_b="0.000000" m_c="0.000000" m_d="1.000000" m_tx="-29.687500" m_ty="-286.538757"/>
   <element name="lessgustyflower" layername="timeline_2" frame="2" z_index="10" m_a="1.000000" m_b="0.000000" m_c="0.000000" m_d="1.000000" m_tx="-21.875000" m_ty="-521.875000"/>
  </frame>
  <frame idx="325" w="524" h="1216" x="-29.687500" y="-521.875000">
   <element name="lessgustyflower" layername="timeline_0" frame="0" z_index="12" m_a="1.000000" m_b="0.000000" m_c="0.000000" m_d="1.000000" m_tx="-6.521729" m_ty="-54.347839"/>
   <element name="lessgustyflower" layername="timeline_1" frame="1" z_index="11" m_a="1.000000" m_b="0.000000" m_c="0.000000" m_d="1.000000" m_tx="-29.687500" m_ty="-286.684692"/>
   <element name="lessgustyflower" layername="timeline_2" frame="2" z_index="10" m_a="1.000000" m_b="0.000000" m_c="0.000000" m_d="1.000000" m_tx="-21.875000" m_ty="-521.875000"/>
  </frame>
  <frame idx="350" w="524" h="1216" x="-29.687500" y="-521.875000">
   <element name="lessgustyflower" layername="timeline_0" frame="0" z_index="12" m_a="1.000000" m_b="0.000000" m_c="0.000000" m_d="1.000000" m_tx="-6.521729" m_ty="-54.347839"/>
   <element name="lessgustyflower" layername="timeline_1" frame="1" z_index="11" m_a="1.000000" m_b="0.000000" m_c="0.000000" m_d="1.000000" m_tx="-29.687500" m_ty="-286.830627"/>
   <element name="lessgustyflower" layername="timeline_2" frame="2" z_index="10" m_a="1.000000" m_b="0.000000" m_c="0.000000" m_d="1.000000" m_tx="-21.875000" m_ty="-521.875000"/>
  </frame>
  <frame idx="375" w="524" h="1216" x="-29.687500" y="-521.875000">
   <element name="lessgustyflower" layername="timeline_0" frame="0" z_index="12" m_a="1.000000" m_b="0.000000" m_c="0.000000" m_d="1.000000" m_tx="-6.521729" m_ty="-54.347839"/>
   <element name="lessgustyflower" layername="timeline_1" frame="1" z_index="11" m_a="1.000000" m_b="0.000000" m_c="0.000000" m_d="1.000000" m_tx="-29.687500" m_ty="-286.976562"/>
   <element name="lessgustyflower" layername="timeline_2" frame="2" z_index="10" m_a="1.000000" m_b="0.000000" m_c="0.000000" m_d="1.000000" m_tx="-21.875000" m_ty="-521.875000"/>
  </frame>
  <frame idx="400" w="524" h="1218" x="-29.743317" y="-523.651733">
   <element name="lessgustyflower" layername="timeline_0" frame="0" z_index="12" m_a="1.000000" m_b="0.000000" m_c="0.000000" m_d="1.000000" m_tx="-6.521729" m_ty="-54.347839"/>
   <element name="lessgustyflower" layername="timeline_1" frame="1" z_index="11" m_a="1.000000" m_b="0.000000" m_c="0.000000" m_d="1.004714" m_tx="-29.743317" m_ty="-288.049286"/>
   <element name="lessgustyflower" layername="timeline_2" frame="2" z_index="10" m_a="1.000000" m_b="0.000000" m_c="0.000000" m_d="1.003636" m_tx="-21.875000" m_ty="-523.651733"/>
  </frame>
  <frame idx="425" w="524" h="1224" x="-29.942596" y="-529.997437">
   <element name="lessgustyflower" layername="timeline_0" frame="0" z_index="12" m_a="1.000000" m_b="0.000000" m_c="0.000000" m_d="1.000000" m_tx="-6.521729" m_ty="-54.347839"/>
   <element name="lessgustyflower" layername="timeline_1" frame="1" z_index="11" m_a="1.000000" m_b="0.000000" m_c="0.000000" m_d="1.021549" m_tx="-29.942596" m_ty="-291.505127"/>
   <element name="lessgustyflower" layername="timeline_2" frame="2" z_index="10" m_a="1.000000" m_b="0.000000" m_c="0.000000" m_d="1.016623" m_tx="-21.875000" m_ty="-529.997437"/>
  </frame>
  <frame idx="450" w="524" h="1236" x="-30.141907" y="-536.343079">
   <element name="lessgustyflower" layername="timeline_0" frame="0" z_index="12" m_a="1.000000" m_b="0.000000" m_c="0.000000" m_d="1.000000" m_tx="-6.521729" m_ty="-54.347839"/>
   <element name="lessgustyflower" layername="timeline_1" frame="1" z_index="11" m_a="1.000000" m_b="0.000000" m_c="0.000000" m_d="1.038384" m_tx="-30.141907" m_ty="-294.961029"/>
   <element name="lessgustyflower" layername="timeline_2" frame="2" z_index="10" m_a="1.000000" m_b="0.000000" m_c="0.000000" m_d="1.029611" m_tx="-21.875000" m_ty="-536.343079"/>
  </frame>
  <frame idx="475" w="524" h="1252" x="-30.341217" y="-542.688721">
   <element name="lessgustyflower" layername="timeline_0" frame="0" z_index="12" m_a="1.000000" m_b="0.000000" m_c="0.000000" m_d="1.000000" m_tx="-6.521729" m_ty="-54.347839"/>
   <element name="lessgustyflower" layername="timeline_1" frame="1" z_index="11" m_a="1.000000" m_b="0.000000" m_c="0.000000" m_d="1.055220" m_tx="-30.341217" m_ty="-298.416870"/>
   <element name="lessgustyflower" layername="timeline_2" frame="2" z_index="10" m_a="1.000000" m_b="0.000000" m_c="0.000000" m_d="1.042598" m_tx="-21.875000" m_ty="-542.688721"/>
  </frame>
  <frame idx="500" w="525" h="1269" x="-30.540497" y="-549.034363">
   <element name="lessgustyflower" layername="timeline_0" frame="0" z_index="12" m_a="1.000000" m_b="0.000000" m_c="0.000000" m_d="1.000000" m_tx="-6.521729" m_ty="-54.347839"/>
   <element name="lessgustyflower" layername="timeline_1" frame="1" z_index="11" m_a="1.000000" m_b="0.000000" m_c="0.000000" m_d="1.072055" m_tx="-30.540497" m_ty="-301.872620"/>
   <element name="lessgustyflower" layername="timeline_2" frame="2" z_index="10" m_a="1.000000" m_b="0.000000" m_c="0.000000" m_d="1.055585" m_tx="-21.875000" m_ty="-549.034363"/>
  </frame>
  <frame idx="525" w="525" h="1287" x="-30.739807" y="-555.380005">
   <element name="lessgustyflower" layername="timeline_0" frame="0" z_index="12" m_a="1.000000" m_b="0.000000" m_c="0.000000" m_d="1.000000" m_tx="-6.521729" m_ty="-54.347839"/>
   <element name="lessgustyflower" layername="timeline_1" frame="1" z_index="11" m_a="1.000000" m_b="0.000000" m_c="0.000000" m_d="1.088890" m_tx="-30.739807" m_ty="-305.328461"/>
   <element name="lessgustyflower" layername="timeline_2" frame="2" z_index="10" m_a="1.000000" m_b="0.000000" m_c="0.000000" m_d="1.068572" m_tx="-21.875000" m_ty="-555.380005"/>
  </frame>
  <frame idx="550" w="525" h="1305" x="-30.939087" y="-561.725708">
   <element name="lessgustyflower" layername="timeline_0" frame="0" z_index="12" m_a="1.000000" m_b="0.000000" m_c="0.000000" m_d="1.000000" m_tx="-6.521729" m_ty="-54.347839"/>
   <element name="lessgustyflower" layername="timeline_1" frame="1" z_index="11" m_a="1.000000" m_b="0.000000" m_c="0.000000" m_d="1.105726" m_tx="-30.939087" m_ty="-308.784271"/>
   <element name="lessgustyflower" layername="timeline_2" frame="2" z_index="10" m_a="1.000000" m_b="0.000000" m_c="0.000000" m_d="1.081559" m_tx="-21.875000" m_ty="-561.725708"/>
  </frame>
  <frame idx="575" w="525" h="1323" x="-31.138397" y="-568.071411">
   <element name="lessgustyflower" layername="timeline_0" frame="0" z_index="12" m_a="1.000000" m_b="0.000000" m_c="0.000000" m_d="1.000000" m_tx="-6.521729" m_ty="-54.347839"/>
   <element name="lessgustyflower" layername="timeline_1" frame="1" z_index="11" m_a="1.000000" m_b="0.000000" m_c="0.000000" m_d="1.122561" m_tx="-31.138397" m_ty="-312.240112"/>
   <element name="lessgustyflower" layername="timeline_2" frame="2" z_index="10" m_a="1.000000" m_b="0.000000" m_c="0.000000" m_d="1.094546" m_tx="-21.875000" m_ty="-568.071411"/>
  </frame>
  <frame idx="600" w="525" h="1329" x="-31.207825" y="-570.282471">
   <element name="lessgustyflower" layername="timeline_0" frame="0" z_index="12" m_a="1.000000" m_b="0.000000" m_c="0.000000" m_d="1.000000" m_tx="-6.521729" m_ty="-54.347839"/>
   <element name="lessgustyflower" layername="timeline_1" frame="1" z_index="11" m_a="1.000000" m_b="0.000000" m_c="0.000000" m_d="1.128428" m_tx="-31.207825" m_ty="-313.539886"/>
   <element name="lessgustyflower" layername="timeline_2" frame="2" z_index="10" m_a="1.000000" m_b="0.000000" m_c="0.000000" m_d="1.099072" m_tx="-21.875000" m_ty="-570.282471"/>
  </frame>
  <frame idx="625" w="525" h="1321" x="-31.112030" y="-567.231567">
   <element name="lessgustyflower" layername="timeline_0" frame="0" z_index="12" m_a="1.000000" m_b="0.000000" m_c="0.000000" m_d="1.000000" m_tx="-6.521729" m_ty="-54.347839"/>
   <element name="lessgustyflower" layername="timeline_1" frame="1" z_index="11" m_a="1.000000" m_b="0.000000" m_c="0.000000" m_d="1.120333" m_tx="-31.112030" m_ty="-312.095673"/>
   <element name="lessgustyflower" layername="timeline_2" frame="2" z_index="10" m_a="1.000000" m_b="0.000000" m_c="0.000000" m_d="1.092828" m_tx="-21.875000" m_ty="-567.231567"/>
  </frame>
  <frame idx="650" w="525" h="1312" x="-31.016205" y="-564.180542">
   <element name="lessgustyflower" layername="timeline_0" frame="0" z_index="12" m_a="1.000000" m_b="0.000000" m_c="0.000000" m_d="1.000000" m_tx="-6.521729" m_ty="-54.347839"/>
   <element name="lessgustyflower" layername="timeline_1" frame="1" z_index="11" m_a="1.000000" m_b="0.000000" m_c="0.000000" m_d="1.112239" m_tx="-31.016205" m_ty="-310.651398"/>
   <element name="lessgustyflower" layername="timeline_2" frame="2" z_index="10" m_a="1.000000" m_b="0.000000" m_c="0.000000" m_d="1.086583" m_tx="-21.875000" m_ty="-564.180542"/>
  </frame>
  <frame idx="675" w="525" h="1304" x="-30.920380" y="-561.129578">
   <element name="lessgustyflower" layername="timeline_0" frame="0" z_index="12" m_a="1.000000" m_b="0.000000" m_c="0.000000" m_d="1.000000" m_tx="-6.521729" m_ty="-54.347839"/>
   <element name="lessgustyflower" layername="timeline_1" frame="1" z_index="11" m_a="1.000000" m_b="0.000000" m_c="0.000000" m_d="1.104145" m_tx="-30.920380" m_ty="-309.207123"/>
   <element name="lessgustyflower" layername="timeline_2" frame="2" z_index="10" m_a="1.000000" m_b="0.000000" m_c="0.000000" m_d="1.080339" m_tx="-21.875000" m_ty="-561.129578"/>
  </frame>
  <frame idx="700" w="525" h="1295" x="-30.824554" y="-558.078674">
   <element name="lessgustyflower" layername="timeline_0" frame="0" z_index="12" m_a="1.000000" m_b="0.000000" m_c="0.000000" m_d="1.000000" m_tx="-6.521729" m_ty="-54.347839"/>
   <element name="lessgustyflower" layername="timeline_1" frame="1" z_index="11" m_a="1.000000" m_b="0.000000" m_c="0.000000" m_d="1.096050" m_tx="-30.824554" m_ty="-307.762909"/>
   <element name="lessgustyflower" layername="timeline_2" frame="2" z_index="10" m_a="1.000000" m_b="0.000000" m_c="0.000000" m_d="1.074095" m_tx="-21.875000" m_ty="-558.078674"/>
  </frame>
  <frame idx="725" w="525" h="1286" x="-30.728729" y="-555.027710">
   <element name="lessgustyflower" layername="timeline_0" frame="0" z_index="12" m_a="1.000000" m_b="0.000000" m_c="0.000000" m_d="1.000000" m_tx="-6.521729" m_ty="-54.347839"/>
   <element name="lessgustyflower" layername="timeline_1" frame="1" z_index="11" m_a="1.000000" m_b="0.000000" m_c="0.000000" m_d="1.087956" m_tx="-30.728729" m_ty="-306.318634"/>
   <element name="lessgustyflower" layername="timeline_2" frame="2" z_index="10" m_a="1.000000" m_b="0.000000" m_c="0.000000" m_d="1.067851" m_tx="-21.875000" m_ty="-555.027710"/>
  </frame>
  <frame idx="750" w="525" h="1278" x="-30.632904" y="-551.976746">
   <element name="lessgustyflower" layername="timeline_0" frame="0" z_index="12" m_a="1.000000" m_b="0.000000" m_c="0.000000" m_d="1.000000" m_tx="-6.521729" m_ty="-54.347839"/>
   <element name="lessgustyflower" layername="timeline_1" frame="1" z_index="11" m_a="1.000000" m_b="0.000000" m_c="0.000000" m_d="1.079862" m_tx="-30.632904" m_ty="-304.874390"/>
   <element name="lessgustyflower" layername="timeline_2" frame="2" z_index="10" m_a="1.000000" m_b="0.000000" m_c="0.000000" m_d="1.061607" m_tx="-21.875000" m_ty="-551.976746"/>
  </frame>
  <frame idx="775" w="525" h="1269" x="-30.537109" y="-548.925842">
   <element name="lessgustyflower" layername="timeline_0" frame="0" z_index="12" m_a="1.000000" m_b="0.000000" m_c="0.000000" m_d="1.000000" m_tx="-6.521729" m_ty="-54.347839"/>
   <element name="lessgustyflower" layername="timeline_1" frame="1" z_index="11" m_a="1.000000" m_b="0.000000" m_c="0.000000" m_d="1.071767" m_tx="-30.537109" m_ty="-303.430237"/>
   <element name="lessgustyflower" layername="timeline_2" frame="2" z_index="10" m_a="1.000000" m_b="0.000000" m_c="0.000000" m_d="1.055363" m_tx="-21.875000" m_ty="-548.925842"/>
  </frame>
  <frame idx="800" w="524" h="1261" x="-30.441284" y="-545.874878">
   <element name="lessgustyflower" layername="timeline_0" frame="0" z_index="12" m_a="1.000000" m_b="0.000000" m_c="0.000000" m_d="1.000000" m_tx="-6.521729" m_ty="-54.347839"/>
   <element name="lessgustyflower" layername="timeline_1" frame="1" z_index="11" m_a="1.000000" m_b="0.000000" m_c="0.000000" m_d="1.063673" m_tx="-30.441284" m_ty="-301.985992"/>
   <element name="lessgustyflower" layername="timeline_2" frame="2" z_index="10" m_a="1.000000" m_b="0.000000" m_c="0.000000" m_d="1.049118" m_tx="-21.875000" m_ty="-545.874878"/>
  </frame>
  <frame idx="825" w="524" h="1252" x="-30.345459" y="-542.823975">
   <element name="lessgustyflower" layername="timeline_0" frame="0" z_index="12" m_a="1.000000" m_b="0.000000" m_c="0.000000" m_d="1.000000" m_tx="-6.521729" m_ty="-54.347839"/>
   <element name="lessgustyflower" layername="timeline_1" frame="1" z_index="11" m_a="1.000000" m_b="0.000000" m_c="0.000000" m_d="1.055578" m_tx="-30.345459" m_ty="-300.541748"/>
   <element name="lessgustyflower" layername="timeline_2" frame="2" z_index="10" m_a="1.000000" m_b="0.000000" m_c="0.000000" m_d="1.042874" m_tx="-21.875000" m_ty="-542.823975"/>
  </frame>
  <frame idx="850" w="524" h="1244" x="-30.250946" y="-539.814575">
   <element name="lessgustyflower" layername="timeline_0" frame="0" z_index="12" m_a="1.000000" m_b="0.000000" m_c="0.000000" m_d="1.000000" m_tx="-6.521729" m_ty="-54.347839"/>
   <element name="lessgustyflower" layername="timeline_1" frame="1" z_index="11" m_a="1.000000" m_b="0.000000" m_c="0.000000" m_d="1.047594" m_tx="-30.250946" m_ty="-299.117157"/>
   <element name="lessgustyflower" layername="timeline_2" frame="2" z_index="10" m_a="1.000000" m_b="0.000000" m_c="0.000000" m_d="1.036715" m_tx="-21.875000" m_ty="-539.814575"/>
  </frame>
  <frame idx="875" w="524" h="1244" x="-30.250946" y="-539.814575"/>
  <frame idx="900" w="524" h="1244" x="-30.250946" y="-539.814575"/>
  <frame idx="925" w="524" h="1244" x="-30.250946" y="-539.814575"/>
  <frame idx="950" w="524" h="1244" x="-30.250946" y="-539.814575"/>
  <frame idx="975" w="524" h="1244" x="-30.250946" y="-539.814575"/>
 </anim>
 <anim name="spin" root="gustflower" numframes="1000" framerate="40">
  <frame idx="0" w="802" h="1210" x="3.125000" y="-404.687500">
   <element name="gustyflower" layername="timeline_0" frame="0" z_index="12" m_a="1.000000" m_b="0.000000" m_c="0.000000" m_d="1.000000" m_tx="3.125000" m_ty="-73.437500"/>
   <element name="gustyflower" layername="timeline_1" frame="1" z_index="11" m_a="1.000000" m_b="0.000000" m_c="0.000000" m_d="1.000000" m_tx="151.562500" m_ty="-242.187500"/>
   <element name="gustyflower" layername="timeline_2" frame="2" z_index="10" m_a="1.000000" m_b="0.000000" m_c="0.000000" m_d="1.000000" m_tx="304.687500" m_ty="-404.687500"/>
  </frame>
  <frame idx="25" w="798" h="1216" x="3.125000" y="-400.198059">
   <element name="gustyflower" layername="timeline_0" frame="0" z_index="12" m_a="1.000000" m_b="0.000000" m_c="0.000000" m_d="1.000000" m_tx="3.125000" m_ty="-73.437500"/>
   <element name="gustyflower" layername="timeline_1" frame="1" z_index="11" m_a="0.999195" m_b="0.014482" m_c="-0.014535" m_d="1.002907" m_tx="153.923889" m_ty="-240.676773"/>
   <element name="gustyflower" layername="timeline_2" frame="2" z_index="10" m_a="0.999889" m_b="0.014880" m_c="-0.014880" m_d="0.999889" m_tx="308.380402" m_ty="-400.198059"/>
  </frame>
  <frame idx="50" w="794" h="1223" x="3.125000" y="-395.764862">
   <element name="gustyflower" layername="timeline_0" frame="0" z_index="12" m_a="1.000000" m_b="0.000000" m_c="0.000000" m_d="1.000000" m_tx="3.125000" m_ty="-73.437500"/>
   <element name="gustyflower" layername="timeline_1" frame="1" z_index="11" m_a="0.998180" m_b="0.028940" m_c="-0.029155" m_d="1.005603" m_tx="156.211823" m_ty="-239.224823"/>
   <element name="gustyflower" layername="timeline_2" frame="2" z_index="10" m_a="0.999557" m_b="0.029756" m_c="-0.029756" m_d="0.999557" m_tx="312.018738" m_ty="-395.764862"/>
  </frame>
  <frame idx="75" w="790" h="1229" x="3.125000" y="-391.388519">
   <element name="gustyflower" layername="timeline_0" frame="0" z_index="12" m_a="1.000000" m_b="0.000000" m_c="0.000000" m_d="1.000000" m_tx="3.125000" m_ty="-73.437500"/>
   <element name="gustyflower" layername="timeline_1" frame="1" z_index="11" m_a="0.996956" m_b="0.043372" m_c="-0.043856" m_d="1.008085" m_tx="158.427185" m_ty="-237.832947"/>
   <element name="gustyflower" layername="timeline_2" frame="2" z_index="10" m_a="0.999004" m_b="0.044626" m_c="-0.044626" m_d="0.999004" m_tx="315.603455" m_ty="-391.388519"/>
  </frame>
  <frame idx="100" w="786" h="1236" x="3.125000" y="-387.070038">
   <element name="gustyflower" layername="timeline_0" frame="0" z_index="12" m_a="1.000000" m_b="0.000000" m_c="0.000000" m_d="1.000000" m_tx="3.125000" m_ty="-73.437500"/>
   <element name="gustyflower" layername="timeline_1" frame="1" z_index="11" m_a="0.995524" m_b="0.057774" m_c="-0.058635" m_d="1.010351" m_tx="160.570953" m_ty="-236.502197"/>
   <element name="gustyflower" layername="timeline_2" frame="2" z_index="10" m_a="0.998229" m_b="0.059486" m_c="-0.059486" m_d="0.998229" m_tx="319.135284" m_ty="-387.070038"/>
  </frame>
  <frame idx="125" w="781" h="1242" x="3.125000" y="-382.810089">
   <element name="gustyflower" layername="timeline_0" frame="0" z_index="12" m_a="1.000000" m_b="0.000000" m_c="0.000000" m_d="1.000000" m_tx="3.125000" m_ty="-73.437500"/>
   <element name="gustyflower" layername="timeline_1" frame="1" z_index="11" m_a="0.993884" m_b="0.072144" m_c="-0.073488" m_d="1.012400" m_tx="162.643982" m_ty="-235.233948"/>
   <element name="gustyflower" layername="timeline_2" frame="2" z_index="10" m_a="0.997234" m_b="0.074332" m_c="-0.074332" m_d="0.997234" m_tx="322.615173" m_ty="-382.810089"/>
  </frame>
  <frame idx="150" w="778" h="1246" x="3.125000" y="-379.871185">
   <element name="gustyflower" layername="timeline_0" frame="0" z_index="12" m_a="1.000000" m_b="0.000000" m_c="0.000000" m_d="1.000000" m_tx="3.125000" m_ty="-73.437500"/>
   <element name="gustyflower" layername="timeline_1" frame="1" z_index="11" m_a="0.992616" m_b="0.082156" m_c="-0.083901" m_d="1.013701" m_tx="164.049957" m_ty="-234.386169"/>
   <element name="gustyflower" layername="timeline_2" frame="2" z_index="10" m_a="0.996408" m_b="0.084688" m_c="-0.084688" m_d="0.996408" m_tx="325.014404" m_ty="-379.871185"/>
  </frame>
  <frame idx="175" w="785" h="1237" x="3.125000" y="-386.287567">
   <element name="gustyflower" layername="timeline_0" frame="0" z_index="12" m_a="1.000000" m_b="0.000000" m_c="0.000000" m_d="1.000000" m_tx="3.125000" m_ty="-73.437500"/>
   <element name="gustyflower" layername="timeline_1" frame="1" z_index="11" m_a="0.995240" m_b="0.060401" m_c="-0.061342" m_d="1.010742" m_tx="160.955017" m_ty="-236.265961"/>
   <element name="gustyflower" layername="timeline_2" frame="2" z_index="10" m_a="0.998064" m_b="0.062198" m_c="-0.062198" m_d="0.998064" m_tx="319.774994" m_ty="-386.287567"/>
  </frame>
  <frame idx="200" w="792" h="1227" x="3.125000" y="-392.838593">
   <element name="gustyflower" layername="timeline_0" frame="0" z_index="12" m_a="1.000000" m_b="0.000000" m_c="0.000000" m_d="1.000000" m_tx="3.125000" m_ty="-73.437500"/>
   <element name="gustyflower" layername="timeline_1" frame="1" z_index="11" m_a="0.997387" m_b="0.038571" m_c="-0.038954" m_d="1.007283" m_tx="157.698120" m_ty="-238.289551"/>
   <element name="gustyflower" layername="timeline_2" frame="2" z_index="10" m_a="0.999213" m_b="0.039678" m_c="-0.039678" m_d="0.999213" m_tx="314.416504" m_ty="-392.838593"/>
  </frame>
  <frame idx="225" w="798" h="1217" x="3.125000" y="-399.521698">
   <element name="gustyflower" layername="timeline_0" frame="0" z_index="12" m_a="1.000000" m_b="0.000000" m_c="0.000000" m_d="1.000000" m_tx="3.125000" m_ty="-73.437500"/>
   <element name="gustyflower" layername="timeline_1" frame="1" z_index="11" m_a="0.999054" m_b="0.016677" m_c="-0.016749" m_d="1.003330" m_tx="154.275772" m_ty="-240.452621"/>
   <element name="gustyflower" layername="timeline_2" frame="2" z_index="10" m_a="0.999853" m_b="0.017137" m_c="-0.017137" m_d="0.999853" m_tx="308.936005" m_ty="-399.521698"/>
  </frame>
  <frame idx="250" w="801" h="1209" x="3.125000" y="-404.498108">
   <element name="gustyflower" layername="timeline_0" frame="0" z_index="12" m_a="1.000000" m_b="0.000000" m_c="0.000000" m_d="1.000000" m_tx="3.125000" m_ty="-73.437500"/>
   <element name="gustyflower" layername="timeline_1" frame="1" z_index="11" m_a="0.999997" m_b="-0.002351" m_c="0.002351" m_d="0.999997" m_tx="151.107819" m_ty="-241.923599"/>
   <element name="gustyflower" layername="timeline_2" frame="2" z_index="10" m_a="1.000000" m_b="0.000000" m_c="0.000000" m_d="1.000000" m_tx="303.835236" m_ty="-404.498108"/>
  </frame>
  <frame idx="275" w="798" h="1204" x="3.125000" y="-403.708984">
   <element name="gustyflower" layername="timeline_0" frame="0" z_index="12" m_a="1.000000" m_b="0.000000" m_c="0.000000" m_d="1.000000" m_tx="3.125000" m_ty="-73.437500"/>
   <element name="gustyflower" layername="timeline_1" frame="1" z_index="11" m_a="0.999926" m_b="-0.012145" m_c="0.012145" m_d="0.999926" m_tx="149.198364" m_ty="-240.838760"/>
   <element name="gustyflower" layername="timeline_2" frame="2" z_index="10" m_a="1.000000" m_b="0.000000" m_c="0.000000" m_d="1.000000" m_tx="300.284088" m_ty="-403.708984"/>
  </frame>
  <frame idx="300" w="794" h="1200" x="3.125000" y="-402.919800">
   <element name="gustyflower" layername="timeline_0" frame="0" z_index="12" m_a="1.000000" m_b="0.000000" m_c="0.000000" m_d="1.000000" m_tx="3.125000" m_ty="-73.437500"/>
   <element name="gustyflower" layername="timeline_1" frame="1" z_index="11" m_a="0.999759" m_b="-0.021938" m_c="0.021938" m_d="0.999759" m_tx="147.264618" m_ty="-239.777618"/>
   <element name="gustyflower" layername="timeline_2" frame="2" z_index="10" m_a="1.000000" m_b="0.000000" m_c="0.000000" m_d="1.000000" m_tx="296.732971" m_ty="-402.919800"/>
  </frame>
  <frame idx="325" w="791" h="1196" x="3.125000" y="-402.130676">
   <element name="gustyflower" layername="timeline_0" frame="0" z_index="12" m_a="1.000000" m_b="0.000000" m_c="0.000000" m_d="1.000000" m_tx="3.125000" m_ty="-73.437500"/>
   <element name="gustyflower" layername="timeline_1" frame="1" z_index="11" m_a="0.999497" m_b="-0.031729" m_c="0.031729" m_d="0.999497" m_tx="145.306396" m_ty="-238.739960"/>
   <element name="gustyflower" layername="timeline_2" frame="2" z_index="10" m_a="1.000000" m_b="0.000000" m_c="0.000000" m_d="1.000000" m_tx="293.181824" m_ty="-402.130676"/>
  </frame>
  <frame idx="350" w="789" h="1194" x="3.125000" y="-401.788025">
   <element name="gustyflower" layername="timeline_0" frame="0" z_index="12" m_a="1.000000" m_b="0.000000" m_c="0.000000" m_d="1.000000" m_tx="3.125000" m_ty="-73.437500"/>
   <element name="gustyflower" layername="timeline_1" frame="1" z_index="11" m_a="0.999353" m_b="-0.035980" m_c="0.035980" m_d="0.999353" m_tx="144.448395" m_ty="-238.296631"/>
   <element name="gustyflower" layername="timeline_2" frame="2" z_index="10" m_a="1.000000" m_b="0.000000" m_c="0.000000" m_d="1.000000" m_tx="291.639832" m_ty="-401.788025"/>
  </frame>
  <frame idx="375" w="793" h="1198" x="3.125000" y="-402.593445">
   <element name="gustyflower" layername="timeline_0" frame="0" z_index="12" m_a="1.000000" m_b="0.000000" m_c="0.000000" m_d="1.000000" m_tx="3.125000" m_ty="-73.437500"/>
   <element name="gustyflower" layername="timeline_1" frame="1" z_index="11" m_a="0.999662" m_b="-0.025988" m_c="0.025988" m_d="0.999662" m_tx="146.457672" m_ty="-239.345596"/>
   <element name="gustyflower" layername="timeline_2" frame="2" z_index="10" m_a="1.000000" m_b="0.000000" m_c="0.000000" m_d="1.000000" m_tx="295.264160" m_ty="-402.593445"/>
  </frame>
  <frame idx="400" w="796" h="1203" x="3.125000" y="-403.398865">
   <element name="gustyflower" layername="timeline_0" frame="0" z_index="12" m_a="1.000000" m_b="0.000000" m_c="0.000000" m_d="1.000000" m_tx="3.125000" m_ty="-73.437500"/>
   <element name="gustyflower" layername="timeline_1" frame="1" z_index="11" m_a="0.999872" m_b="-0.015994" m_c="0.015994" m_d="0.999872" m_tx="148.441330" m_ty="-240.418945"/>
   <element name="gustyflower" layername="timeline_2" frame="2" z_index="10" m_a="1.000000" m_b="0.000000" m_c="0.000000" m_d="1.000000" m_tx="298.888519" m_ty="-403.398865"/>
  </frame>
  <frame idx="425" w="800" h="1207" x="3.125000" y="-404.204224">
   <element name="gustyflower" layername="timeline_0" frame="0" z_index="12" m_a="1.000000" m_b="0.000000" m_c="0.000000" m_d="1.000000" m_tx="3.125000" m_ty="-73.437500"/>
   <element name="gustyflower" layername="timeline_1" frame="1" z_index="11" m_a="0.999982" m_b="-0.005998" m_c="0.005998" m_d="0.999982" m_tx="150.399597" m_ty="-241.516846"/>
   <element name="gustyflower" layername="timeline_2" frame="2" z_index="10" m_a="1.000000" m_b="0.000000" m_c="0.000000" m_d="1.000000" m_tx="302.512878" m_ty="-404.204224"/>
  </frame>
  <frame idx="450" w="802" h="1210" x="3.125000" y="-404.687500">
   <element name="gustyflower" layername="timeline_0" frame="0" z_index="12" m_a="1.000000" m_b="0.000000" m_c="0.000000" m_d="1.000000" m_tx="3.125000" m_ty="-73.437500"/>
   <element name="gustyflower" layername="timeline_1" frame="1" z_index="11" m_a="1.000000" m_b="0.000000" m_c="0.000000" m_d="1.000000" m_tx="151.562500" m_ty="-242.187500"/>
   <element name="gustyflower" layername="timeline_2" frame="2" z_index="10" m_a="1.000000" m_b="0.000000" m_c="0.000000" m_d="1.000000" m_tx="304.687500" m_ty="-404.687500"/>
  </frame>
  <frame idx="475" w="802" h="1210" x="3.125000" y="-404.687500">
   <element name="gustyflower" layername="timeline_0" frame="0" z_index="12" m_a="1.000000" m_b="0.000000" m_c="0.000000" m_d="1.000000" m_tx="3.125000" m_ty="-73.437500"/>
   <element name="gustyflower" layername="timeline_1" frame="1" z_index="11" m_a="1.000000" m_b="0.000000" m_c="0.000000" m_d="1.000000" m_tx="151.562500" m_ty="-242.187500"/>
   <element name="gustyflower" layername="timeline_2" frame="2" z_index="10" m_a="1.000000" m_b="0.000000" m_c="0.000000" m_d="1.000000" m_tx="304.687500" m_ty="-404.687500"/>
  </frame>
  <frame idx="500" w="802" h="1210" x="3.125000" y="-404.687500">
   <element name="gustyflower" layername="timeline_0" frame="0" z_index="12" m_a="1.000000" m_b="0.000000" m_c="0.000000" m_d="1.000000" m_tx="3.125000" m_ty="-73.437500"/>
   <element name="gustyflower" layername="timeline_1" frame="1" z_index="11" m_a="1.000000" m_b="0.000000" m_c="0.000000" m_d="1.000000" m_tx="151.562500" m_ty="-242.187500"/>
   <element name="gustyflower" layername="timeline_2" frame="2" z_index="10" m_a="1.000000" m_b="0.000000" m_c="0.000000" m_d="1.000000" m_tx="304.687500" m_ty="-404.687500"/>
  </frame>
  <frame idx="525" w="802" h="1210" x="3.125000" y="-404.687500">
   <element name="gustyflower" layername="timeline_0" frame="0" z_index="12" m_a="1.000000" m_b="0.000000" m_c="0.000000" m_d="1.000000" m_tx="3.125000" m_ty="-73.437500"/>
   <element name="gustyflower" layername="timeline_1" frame="1" z_index="11" m_a="1.000000" m_b="0.000000" m_c="0.000000" m_d="1.000000" m_tx="151.562500" m_ty="-242.187500"/>
   <element name="gustyflower" layername="timeline_2" frame="2" z_index="10" m_a="1.000000" m_b="0.000000" m_c="0.000000" m_d="1.000000" m_tx="304.687500" m_ty="-404.687500"/>
  </frame>
  <frame idx="550" w="804" h="1216" x="3.125000" y="-409.072083">
   <element name="gustyflower" layername="timeline_0" frame="0" z_index="12" m_a="1.000000" m_b="0.000000" m_c="0.000000" m_d="1.000000" m_tx="3.125000" m_ty="-73.437500"/>
   <element name="gustyflower" layername="timeline_1" frame="1" z_index="11" m_a="1.008990" m_b="0.000000" m_c="0.000000" m_d="1.014591" m_tx="152.586731" m_ty="-244.790176"/>
   <element name="gustyflower" layername="timeline_2" frame="2" z_index="10" m_a="1.000000" m_b="0.000000" m_c="0.000000" m_d="1.000000" m_tx="306.792084" m_ty="-409.072083"/>
  </frame>
  <frame idx="575" w="809" h="1231" x="3.125000" y="-419.036987">
   <element name="gustyflower" layername="timeline_0" frame="0" z_index="12" m_a="1.000000" m_b="0.000000" m_c="0.000000" m_d="1.000000" m_tx="3.125000" m_ty="-73.437500"/>
   <element name="gustyflower" layername="timeline_1" frame="1" z_index="11" m_a="1.029421" m_b="0.000000" m_c="0.000000" m_d="1.047751" m_tx="154.914581" m_ty="-250.705322"/>
   <element name="gustyflower" layername="timeline_2" frame="2" z_index="10" m_a="1.000000" m_b="0.000000" m_c="0.000000" m_d="1.000000" m_tx="311.575256" m_ty="-419.036987"/>
  </frame>
  <frame idx="600" w="814" h="1246" x="3.125000" y="-429.001892">
   <element name="gustyflower" layername="timeline_0" frame="0" z_index="12" m_a="1.000000" m_b="0.000000" m_c="0.000000" m_d="1.000000" m_tx="3.125000" m_ty="-73.437500"/>
   <element name="gustyflower" layername="timeline_1" frame="1" z_index="11" m_a="1.049852" m_b="0.000000" m_c="0.000000" m_d="1.080912" m_tx="157.242401" m_ty="-256.620544"/>
   <element name="gustyflower" layername="timeline_2" frame="2" z_index="10" m_a="1.000000" m_b="0.000000" m_c="0.000000" m_d="1.000000" m_tx="316.358429" m_ty="-429.001892"/>
  </frame>
  <frame idx="625" w="819" h="1261" x="3.125000" y="-438.966858">
   <element name="gustyflower" layername="timeline_0" frame="0" z_index="12" m_a="1.000000" m_b="0.000000" m_c="0.000000" m_d="1.000000" m_tx="3.125000" m_ty="-73.437500"/>
   <element name="gustyflower" layername="timeline_1" frame="1" z_index="11" m_a="1.070283" m_b="0.000000" m_c="0.000000" m_d="1.114073" m_tx="159.570190" m_ty="-262.535767"/>
   <element name="gustyflower" layername="timeline_2" frame="2" z_index="10" m_a="1.000000" m_b="0.000000" m_c="0.000000" m_d="1.000000" m_tx="321.141602" m_ty="-438.966858"/>
  </frame>
  <frame idx="650" w="820" h="1264" x="3.125000" y="-441.145813">
   <element name="gustyflower" layername="timeline_0" frame="0" z_index="12" m_a="1.000000" m_b="0.000000" m_c="0.000000" m_d="1.000000" m_tx="3.125000" m_ty="-73.437500"/>
   <element name="gustyflower" layername="timeline_1" frame="1" z_index="11" m_a="1.074751" m_b="0.000000" m_c="0.000000" m_d="1.121324" m_tx="160.079193" m_ty="-263.829163"/>
   <element name="gustyflower" layername="timeline_2" frame="2" z_index="10" m_a="1.000000" m_b="0.000000" m_c="0.000000" m_d="1.000000" m_tx="322.187500" m_ty="-441.145813"/>
  </frame>
  <frame idx="675" w="817" h="1256" x="3.125000" y="-436.137817">
   <element name="gustyflower" layername="timeline_0" frame="0" z_index="12" m_a="1.000000" m_b="0.000000" m_c="0.000000" m_d="1.000000" m_tx="3.125000" m_ty="-73.437500"/>
   <element name="gustyflower" layername="timeline_1" frame="1" z_index="11" m_a="1.064483" m_b="0.000000" m_c="0.000000" m_d="1.104659" m_tx="158.909348" m_ty="-260.856415"/>
   <element name="gustyflower" layername="timeline_2" frame="2" z_index="10" m_a="1.000000" m_b="0.000000" m_c="0.000000" m_d="1.000000" m_tx="319.783661" m_ty="-436.137817"/>
  </frame>
  <frame idx="700" w="815" h="1249" x="3.125000" y="-431.129822">
   <element name="gustyflower" layername="timeline_0" frame="0" z_index="12" m_a="1.000000" m_b="0.000000" m_c="0.000000" m_d="1.000000" m_tx="3.125000" m_ty="-73.437500"/>
   <element name="gustyflower" layername="timeline_1" frame="1" z_index="11" m_a="1.054215" m_b="0.000000" m_c="0.000000" m_d="1.087993" m_tx="157.739471" m_ty="-257.883636"/>
   <element name="gustyflower" layername="timeline_2" frame="2" z_index="10" m_a="1.000000" m_b="0.000000" m_c="0.000000" m_d="1.000000" m_tx="317.379822" m_ty="-431.129822"/>
  </frame>
  <frame idx="725" w="812" h="1242" x="3.125000" y="-426.121826">
   <element name="gustyflower" layername="timeline_0" frame="0" z_index="12" m_a="1.000000" m_b="0.000000" m_c="0.000000" m_d="1.000000" m_tx="3.125000" m_ty="-73.437500"/>
   <element name="gustyflower" layername="timeline_1" frame="1" z_index="11" m_a="1.043947" m_b="0.000000" m_c="0.000000" m_d="1.071328" m_tx="156.569595" m_ty="-254.910919"/>
   <element name="gustyflower" layername="timeline_2" frame="2" z_index="10" m_a="1.000000" m_b="0.000000" m_c="0.000000" m_d="1.000000" m_tx="314.975952" m_ty="-426.121826"/>
  </frame>
  <frame idx="750" w="810" h="1234" x="3.125000" y="-421.113770">
   <element name="gustyflower" layername="timeline_0" frame="0" z_index="12" m_a="1.000000" m_b="0.000000" m_c="0.000000" m_d="1.000000" m_tx="3.125000" m_ty="-73.437500"/>
   <element name="gustyflower" layername="timeline_1" frame="1" z_index="11" m_a="1.033679" m_b="0.000000" m_c="0.000000" m_d="1.054662" m_tx="155.399689" m_ty="-251.938141"/>
   <element name="gustyflower" layername="timeline_2" frame="2" z_index="10" m_a="1.000000" m_b="0.000000" m_c="0.000000" m_d="1.000000" m_tx="312.572113" m_ty="-421.113770"/>
  </frame>
  <frame idx="775" w="808" h="1227" x="3.125000" y="-416.105774">
   <element name="gustyflower" layername="timeline_0" frame="0" z_index="12" m_a="1.000000" m_b="0.000000" m_c="0.000000" m_d="1.000000" m_tx="3.125000" m_ty="-73.437500"/>
   <element name="gustyflower" layername="timeline_1" frame="1" z_index="11" m_a="1.023411" m_b="0.000000" m_c="0.000000" m_d="1.037997" m_tx="154.229813" m_ty="-248.965424"/>
   <element name="gustyflower" layername="timeline_2" frame="2" z_index="10" m_a="1.000000" m_b="0.000000" m_c="0.000000" m_d="1.000000" m_tx="310.168274" m_ty="-416.105774"/>
  </frame>
  <frame idx="800" w="805" h="1219" x="3.125000" y="-411.097778">
   <element name="gustyflower" layername="timeline_0" frame="0" z_index="12" m_a="1.000000" m_b="0.000000" m_c="0.000000" m_d="1.000000" m_tx="3.125000" m_ty="-73.437500"/>
   <element name="gustyflower" layername="timeline_1" frame="1" z_index="11" m_a="1.013143" m_b="0.000000" m_c="0.000000" m_d="1.021332" m_tx="153.059937" m_ty="-245.992645"/>
   <element name="gustyflower" layername="timeline_2" frame="2" z_index="10" m_a="1.000000" m_b="0.000000" m_c="0.000000" m_d="1.000000" m_tx="307.764435" m_ty="-411.097778"/>
  </frame>
  <frame idx="825" w="803" h="1212" x="3.125000" y="-406.089722">
   <element name="gustyflower" layername="timeline_0" frame="0" z_index="12" m_a="1.000000" m_b="0.000000" m_c="0.000000" m_d="1.000000" m_tx="3.125000" m_ty="-73.437500"/>
   <element name="gustyflower" layername="timeline_1" frame="1" z_index="11" m_a="1.002875" m_b="0.000000" m_c="0.000000" m_d="1.004666" m_tx="151.890076" m_ty="-243.019882"/>
   <element name="gustyflower" layername="timeline_2" frame="2" z_index="10" m_a="1.000000" m_b="0.000000" m_c="0.000000" m_d="1.000000" m_tx="305.360565" m_ty="-406.089722"/>
  </frame>
  <frame idx="850" w="802" h="1210" x="3.125000" y="-404.687500">
   <element name="gustyflower" layername="timeline_0" frame="0" z_index="12" m_a="1.000000" m_b="0.000000" m_c="0.000000" m_d="1.000000" m_tx="3.125000" m_ty="-73.437500"/>
   <element name="gustyflower" layername="timeline_1" frame="1" z_index="11" m_a="1.000000" m_b="0.000000" m_c="0.000000" m_d="1.000000" m_tx="151.562500" m_ty="-242.187500"/>
   <element name="gustyflower" layername="timeline_2" frame="2" z_index="10" m_a="1.000000" m_b="0.000000" m_c="0.000000" m_d="1.000000" m_tx="304.687500" m_ty="-404.687500"/>
  </frame>
  <frame idx="875" w="802" h="1210" x="3.125000" y="-404.687500"/>
  <frame idx="900" w="802" h="1210" x="3.125000" y="-404.687500"/>
  <frame idx="925" w="802" h="1210" x="3.125000" y="-404.687500"/>
  <frame idx="950" w="802" h="1210" x="3.125000" y="-404.687500"/>
  <frame idx="975" w="802" h="1210" x="3.125000" y="-404.687500"/>
 </anim>
 <anim name="sway" root="gustflower" numframes="1000" framerate="40">
  <frame idx="0" w="800" h="1208" x="6.250000" y="-401.562500">
   <element name="gustyflower" layername="timeline_0" frame="0" z_index="12" m_a="1.000000" m_b="0.000000" m_c="0.000000" m_d="1.000000" m_tx="6.250000" m_ty="-75.000000"/>
   <element name="gustyflower" layername="timeline_1" frame="1" z_index="11" m_a="1.000000" m_b="0.000000" m_c="0.000000" m_d="1.000000" m_tx="153.125000" m_ty="-239.062500"/>
   <element name="gustyflower" layername="timeline_2" frame="2" z_index="10" m_a="1.000000" m_b="0.000000" m_c="0.000000" m_d="1.000000" m_tx="306.250000" m_ty="-401.562500"/>
  </frame>
  <frame idx="25" w="797" h="1215" x="6.422180" y="-399.206787">
   <element name="gustyflower" layername="timeline_0" frame="0" z_index="12" m_a="0.999313" m_b="0.000000" m_c="0.000000" m_d="1.000904" m_tx="6.422180" m_ty="-75.226395"/>
   <element name="gustyflower" layername="timeline_1" frame="1" z_index="11" m_a="0.999979" m_b="0.006491" m_c="-0.006491" m_d="0.999979" m_tx="154.207550" m_ty="-238.401764"/>
   <element name="gustyflower" layername="timeline_2" frame="2" z_index="10" m_a="1.001064" m_b="0.012209" m_c="-0.012210" m_d="1.001109" m_tx="308.786072" m_ty="-399.206787"/>
  </frame>
  <frame idx="50" w="794" h="1222" x="6.594391" y="-396.881897">
   <element name="gustyflower" layername="timeline_0" frame="0" z_index="12" m_a="0.998625" m_b="0.000000" m_c="0.000000" m_d="1.001808" m_tx="6.594391" m_ty="-75.452805"/>
   <element name="gustyflower" layername="timeline_1" frame="1" z_index="11" m_a="0.999916" m_b="0.012981" m_c="-0.012981" m_d="0.999916" m_tx="155.279633" m_ty="-237.751633"/>
   <element name="gustyflower" layername="timeline_2" frame="2" z_index="10" m_a="1.001979" m_b="0.024445" m_c="-0.024447" m_d="1.002068" m_tx="311.278076" m_ty="-396.881897"/>
  </frame>
  <frame idx="75" w="790" h="1229" x="6.766586" y="-394.588409">
   <element name="gustyflower" layername="timeline_0" frame="0" z_index="12" m_a="0.997938" m_b="0.000000" m_c="0.000000" m_d="1.002712" m_tx="6.766586" m_ty="-75.679169"/>
   <element name="gustyflower" layername="timeline_1" frame="1" z_index="11" m_a="0.999810" m_b="0.019471" m_c="-0.019471" m_d="0.999810" m_tx="156.341354" m_ty="-237.112137"/>
   <element name="gustyflower" layername="timeline_2" frame="2" z_index="10" m_a="1.002744" m_b="0.036704" m_c="-0.036709" m_d="1.002878" m_tx="313.726349" m_ty="-394.588409"/>
  </frame>
  <frame idx="100" w="787" h="1235" x="6.938782" y="-392.326935">
   <element name="gustyflower" layername="timeline_0" frame="0" z_index="12" m_a="0.997250" m_b="0.000000" m_c="0.000000" m_d="1.003615" m_tx="6.938782" m_ty="-75.905609"/>
   <element name="gustyflower" layername="timeline_1" frame="1" z_index="11" m_a="0.999663" m_b="0.025960" m_c="-0.025960" m_d="0.999663" m_tx="157.392700" m_ty="-236.483398"/>
   <element name="gustyflower" layername="timeline_2" frame="2" z_index="10" m_a="1.003359" m_b="0.048986" m_c="-0.048995" m_d="1.003538" m_tx="316.131195" m_ty="-392.326935"/>
  </frame>
  <frame idx="125" w="783" h="1242" x="7.110962" y="-390.097992">
   <element name="gustyflower" layername="timeline_0" frame="0" z_index="12" m_a="0.996563" m_b="0.000000" m_c="0.000000" m_d="1.004519" m_tx="7.110962" m_ty="-76.132004"/>
   <element name="gustyflower" layername="timeline_1" frame="1" z_index="11" m_a="0.999473" m_b="0.032447" m_c="-0.032447" m_d="0.999473" m_tx="158.433807" m_ty="-235.865479"/>
   <element name="gustyflower" layername="timeline_2" frame="2" z_index="10" m_a="1.003823" m_b="0.061288" m_c="-0.061302" m_d="1.004047" m_tx="318.493042" m_ty="-390.097992"/>
  </frame>
  <frame idx="150" w="779" h="1248" x="7.283157" y="-387.902130">
   <element name="gustyflower" layername="timeline_0" frame="0" z_index="12" m_a="0.995876" m_b="0.000000" m_c="0.000000" m_d="1.005423" m_tx="7.283157" m_ty="-76.358398"/>
   <element name="gustyflower" layername="timeline_1" frame="1" z_index="11" m_a="0.999242" m_b="0.038934" m_c="-0.038934" m_d="0.999242" m_tx="159.464737" m_ty="-235.258423"/>
   <element name="gustyflower" layername="timeline_2" frame="2" z_index="10" m_a="1.004137" m_b="0.073609" m_c="-0.073629" m_d="1.004405" m_tx="320.812256" m_ty="-387.902130"/>
  </frame>
  <frame idx="175" w="775" h="1255" x="7.455368" y="-385.740021">
   <element name="gustyflower" layername="timeline_0" frame="0" z_index="12" m_a="0.995188" m_b="0.000000" m_c="0.000000" m_d="1.006327" m_tx="7.455368" m_ty="-76.584778"/>
   <element name="gustyflower" layername="timeline_1" frame="1" z_index="11" m_a="0.998968" m_b="0.045419" m_c="-0.045419" m_d="0.998968" m_tx="160.485565" m_ty="-234.662262"/>
   <element name="gustyflower" layername="timeline_2" frame="2" z_index="10" m_a="1.004299" m_b="0.085947" m_c="-0.085973" m_d="1.004611" m_tx="323.089111" m_ty="-385.740021"/>
  </frame>
  <frame idx="200" w="771" h="1261" x="7.627548" y="-383.612122">
   <element name="gustyflower" layername="timeline_0" frame="0" z_index="12" m_a="0.994501" m_b="0.000000" m_c="0.000000" m_d="1.007231" m_tx="7.627548" m_ty="-76.811172"/>
   <element name="gustyflower" layername="timeline_1" frame="1" z_index="11" m_a="0.998652" m_b="0.051902" m_c="-0.051902" m_d="0.998652" m_tx="161.496338" m_ty="-234.077118"/>
   <element name="gustyflower" layername="timeline_2" frame="2" z_index="10" m_a="1.004309" m_b="0.098299" m_c="-0.098334" m_d="1.004665" m_tx="325.324066" m_ty="-383.612122"/>
  </frame>
  <frame idx="225" w="767" h="1267" x="7.799759" y="-381.519104">
   <element name="gustyflower" layername="timeline_0" frame="0" z_index="12" m_a="0.993813" m_b="0.000000" m_c="0.000000" m_d="1.008134" m_tx="7.799759" m_ty="-77.037582"/>
   <element name="gustyflower" layername="timeline_1" frame="1" z_index="11" m_a="0.998294" m_b="0.058382" m_c="-0.058382" m_d="0.998294" m_tx="162.497131" m_ty="-233.503021"/>
   <element name="gustyflower" layername="timeline_2" frame="2" z_index="10" m_a="1.004167" m_b="0.110664" m_c="-0.110709" m_d="1.004568" m_tx="327.517456" m_ty="-381.519104"/>
  </frame>
  <frame idx="250" w="763" h="1273" x="7.971939" y="-379.461365">
   <element name="gustyflower" layername="timeline_0" frame="0" z_index="12" m_a="0.993126" m_b="0.000000" m_c="0.000000" m_d="1.009038" m_tx="7.971939" m_ty="-77.264008"/>
   <element name="gustyflower" layername="timeline_1" frame="1" z_index="11" m_a="0.997894" m_b="0.064861" m_c="-0.064861" m_d="0.997894" m_tx="163.488037" m_ty="-232.940094"/>
   <element name="gustyflower" layername="timeline_2" frame="2" z_index="10" m_a="1.003873" m_b="0.123041" m_c="-0.123096" m_d="1.004317" m_tx="329.669678" m_ty="-379.461365"/>
  </frame>
  <frame idx="275" w="758" h="1279" x="8.144135" y="-377.439514">
   <element name="gustyflower" layername="timeline_0" frame="0" z_index="12" m_a="0.992439" m_b="0.000000" m_c="0.000000" m_d="1.009942" m_tx="8.144135" m_ty="-77.490372"/>
   <element name="gustyflower" layername="timeline_1" frame="1" z_index="11" m_a="0.997452" m_b="0.071336" m_c="-0.071336" m_d="0.997452" m_tx="164.469101" m_ty="-232.388336"/>
   <element name="gustyflower" layername="timeline_2" frame="2" z_index="10" m_a="1.003426" m_b="0.135427" m_c="-0.135493" m_d="1.003914" m_tx="331.781189" m_ty="-377.439514"/>
  </frame>
  <frame idx="300" w="753" h="1285" x="8.316345" y="-375.454193">
   <element name="gustyflower" layername="timeline_0" frame="0" z_index="12" m_a="0.991751" m_b="0.000000" m_c="0.000000" m_d="1.010846" m_tx="8.316345" m_ty="-77.716782"/>
   <element name="gustyflower" layername="timeline_1" frame="1" z_index="11" m_a="0.996968" m_b="0.077809" m_c="-0.077809" m_d="0.996968" m_tx="165.440430" m_ty="-231.847839"/>
   <element name="gustyflower" layername="timeline_2" frame="2" z_index="10" m_a="1.002826" m_b="0.147820" m_c="-0.147899" m_d="1.003357" m_tx="333.852295" m_ty="-375.454193"/>
  </frame>
  <frame idx="325" w="749" h="1291" x="8.488525" y="-373.505768">
   <element name="gustyflower" layername="timeline_0" frame="0" z_index="12" m_a="0.991064" m_b="0.000000" m_c="0.000000" m_d="1.011750" m_tx="8.488525" m_ty="-77.943176"/>
   <element name="gustyflower" layername="timeline_1" frame="1" z_index="11" m_a="0.996442" m_b="0.084278" m_c="-0.084278" m_d="0.996442" m_tx="166.402069" m_ty="-231.318665"/>
   <element name="gustyflower" layername="timeline_2" frame="2" z_index="10" m_a="1.002073" m_b="0.160219" m_c="-0.160311" m_d="1.002648" m_tx="335.883514" m_ty="-373.505768"/>
  </frame>
  <frame idx="350" w="744" h="1297" x="8.660721" y="-371.594971">
   <element name="gustyflower" layername="timeline_0" frame="0" z_index="12" m_a="0.990376" m_b="0.000000" m_c="0.000000" m_d="1.012654" m_tx="8.660721" m_ty="-78.169586"/>
   <element name="gustyflower" layername="timeline_1" frame="1" z_index="11" m_a="0.995874" m_b="0.090744" m_c="-0.090744" m_d="0.995874" m_tx="167.354095" m_ty="-230.800903"/>
   <element name="gustyflower" layername="timeline_2" frame="2" z_index="10" m_a="1.001167" m_b="0.172621" m_c="-0.172728" m_d="1.001784" m_tx="337.875183" m_ty="-371.594971"/>
  </frame>
  <frame idx="375" w="739" h="1303" x="8.832916" y="-369.722168">
   <element name="gustyflower" layername="timeline_0" frame="0" z_index="12" m_a="0.989689" m_b="0.000000" m_c="0.000000" m_d="1.013557" m_tx="8.832916" m_ty="-78.395950"/>
   <element name="gustyflower" layername="timeline_1" frame="1" z_index="11" m_a="0.995264" m_b="0.097205" m_c="-0.097205" m_d="0.995264" m_tx="168.296616" m_ty="-230.294525"/>
   <element name="gustyflower" layername="timeline_2" frame="2" z_index="10" m_a="1.000106" m_b="0.185025" m_c="-0.185147" m_d="1.000767" m_tx="339.827759" m_ty="-369.722168"/>
  </frame>
  <frame idx="400" w="734" h="1309" x="9.005112" y="-367.888000">
   <element name="gustyflower" layername="timeline_0" frame="0" z_index="12" m_a="0.989002" m_b="0.000000" m_c="0.000000" m_d="1.014461" m_tx="9.005112" m_ty="-78.622375"/>
   <element name="gustyflower" layername="timeline_1" frame="1" z_index="11" m_a="0.994612" m_b="0.103663" m_c="-0.103663" m_d="0.994612" m_tx="169.229645" m_ty="-229.799713"/>
   <element name="gustyflower" layername="timeline_2" frame="2" z_index="10" m_a="0.998893" m_b="0.197429" m_c="-0.197568" m_d="0.999595" m_tx="341.741669" m_ty="-367.888000"/>
  </frame>
  <frame idx="425" w="729" h="1314" x="9.177307" y="-366.092834">
   <element name="gustyflower" layername="timeline_0" frame="0" z_index="12" m_a="0.988314" m_b="0.000000" m_c="0.000000" m_d="1.015365" m_tx="9.177307" m_ty="-78.848785"/>
   <element name="gustyflower" layername="timeline_1" frame="1" z_index="11" m_a="0.993919" m_b="0.110117" m_c="-0.110117" m_d="0.993919" m_tx="170.153305" m_ty="-229.316437"/>
   <element name="gustyflower" layername="timeline_2" frame="2" z_index="10" m_a="0.997525" m_b="0.209831" m_c="-0.209987" m_d="0.998269" m_tx="343.617371" m_ty="-366.092834"/>
  </frame>
  <frame idx="450" w="723" h="1320" x="9.349487" y="-364.337341">
   <element name="gustyflower" layername="timeline_0" frame="0" z_index="12" m_a="0.987627" m_b="0.000000" m_c="0.000000" m_d="1.016269" m_tx="9.349487" m_ty="-79.075180"/>
   <element name="gustyflower" layername="timeline_1" frame="1" z_index="11" m_a="0.993183" m_b="0.116565" m_c="-0.116565" m_d="0.993183" m_tx="171.067673" m_ty="-228.844757"/>
   <element name="gustyflower" layername="timeline_2" frame="2" z_index="10" m_a="0.996003" m_b="0.222228" m_c="-0.222404" m_d="0.996789" m_tx="345.455292" m_ty="-364.337341"/>
  </frame>
  <frame idx="475" w="718" h="1325" x="9.521713" y="-362.621979">
   <element name="gustyflower" layername="timeline_0" frame="0" z_index="12" m_a="0.986939" m_b="0.000000" m_c="0.000000" m_d="1.017173" m_tx="9.521713" m_ty="-79.301559"/>
   <element name="gustyflower" layername="timeline_1" frame="1" z_index="11" m_a="0.992406" m_b="0.123009" m_c="-0.123009" m_d="0.992406" m_tx="171.972778" m_ty="-228.384827"/>
   <element name="gustyflower" layername="timeline_2" frame="2" z_index="10" m_a="0.994327" m_b="0.234620" m_c="-0.234815" m_d="0.995154" m_tx="347.255920" m_ty="-362.621979"/>
  </frame>
  <frame idx="500" w="717" h="1326" x="9.558838" y="-362.257355">
   <element name="gustyflower" layername="timeline_0" frame="0" z_index="12" m_a="0.986791" m_b="0.000000" m_c="0.000000" m_d="1.017368" m_tx="9.558838" m_ty="-79.350388"/>
   <element name="gustyflower" layername="timeline_1" frame="1" z_index="11" m_a="0.992232" m_b="0.124399" m_c="-0.124399" m_d="0.992232" m_tx="172.166718" m_ty="-228.287109"/>
   <element name="gustyflower" layername="timeline_2" frame="2" z_index="10" m_a="0.993945" m_b="0.237291" m_c="-0.237491" m_d="0.994781" m_tx="347.639526" m_ty="-362.257355"/>
  </frame>
  <frame idx="525" w="717" h="1326" x="9.558838" y="-362.257355"/>
  <frame idx="550" w="717" h="1326" x="9.558838" y="-362.257355"/>
  <frame idx="575" w="717" h="1326" x="9.558838" y="-362.257355"/>
  <frame idx="600" w="717" h="1326" x="9.558838" y="-362.257355"/>
  <frame idx="625" w="717" h="1326" x="9.558838" y="-362.257355"/>
  <frame idx="650" w="717" h="1326" x="9.558838" y="-362.257355"/>
  <frame idx="675" w="717" h="1326" x="9.558838" y="-362.257355"/>
  <frame idx="700" w="717" h="1326" x="9.558838" y="-362.257355"/>
  <frame idx="725" w="717" h="1326" x="9.558838" y="-362.257355"/>
  <frame idx="750" w="717" h="1326" x="9.558838" y="-362.257355"/>
  <frame idx="775" w="717" h="1326" x="9.558838" y="-362.257355"/>
  <frame idx="800" w="717" h="1326" x="9.558838" y="-362.257355"/>
  <frame idx="825" w="717" h="1326" x="9.558838" y="-362.257355"/>
  <frame idx="850" w="717" h="1326" x="9.558838" y="-362.257355"/>
  <frame idx="875" w="717" h="1326" x="9.558838" y="-362.257355"/>
  <frame idx="900" w="717" h="1326" x="9.558838" y="-362.257355"/>
  <frame idx="925" w="717" h="1326" x="9.558838" y="-362.257355"/>
  <frame idx="950" w="717" h="1326" x="9.558838" y="-362.257355"/>
  <frame idx="975" w="717" h="1326" x="9.558838" y="-362.257355"/>
 </anim>
</Anims>
