<Anims>
 <anim name="close" root="ui_kettle_1x2" numframes="250" framerate="40">
  <frame idx="0" w="130" h="320" x="-0.465141" y="14.278120">
   <element name="art" layername="timeline_0" frame="0" z_index="3" m_a="0.733032" m_b="0.000000" m_c="0.000000" m_d="1.079790" m_tx="-0.465141" m_ty="14.278120"/>
  </frame>
  <frame idx="25" w="128" h="325" x="-0.459840" y="14.466645">
   <element name="art" layername="timeline_0" frame="0" z_index="3" m_a="0.722418" m_b="0.000000" m_c="0.000000" m_d="1.094047" m_tx="-0.459840" m_ty="14.466645"/>
  </frame>
  <frame idx="50" w="127" h="327" x="-0.456764" y="14.575995">
   <element name="art" layername="timeline_0" frame="0" z_index="3" m_a="0.716260" m_b="0.000000" m_c="0.000000" m_d="1.102317" m_tx="-0.456764" m_ty="14.575995"/>
  </frame>
  <frame idx="75" w="131" h="301" x="-0.468909" y="24.138252">
   <element name="art" layername="timeline_0" frame="0" z_index="3" m_a="0.740576" m_b="0.000000" m_c="0.000000" m_d="1.047212" m_tx="-0.468909" m_ty="24.138252"/>
  </frame>
  <frame idx="100" w="146" h="214" x="-0.510742" y="53.882572">
   <element name="art" layername="timeline_0" frame="0" z_index="3" m_a="0.824326" m_b="0.000000" m_c="0.000000" m_d="0.864594" m_tx="-0.510742" m_ty="53.882572"/>
  </frame>
  <frame idx="125" w="154" h="151" x="-0.533819" y="69.607704">
   <element name="art" layername="timeline_0" frame="0" z_index="3" m_a="0.870528" m_b="0.000000" m_c="0.000000" m_d="0.710907" m_tx="-0.533819" m_ty="69.607704"/>
  </frame>
  <frame idx="150" w="162" h="86" x="-0.557333" y="85.589226">
   <element name="art" layername="timeline_0" frame="0" z_index="3" m_a="0.917605" m_b="0.000000" m_c="0.000000" m_d="0.554231" m_tx="-0.557333" m_ty="85.589226"/>
  </frame>
  <frame idx="175" w="170" h="21" x="-0.581097" y="101.751389">
   <element name="art" layername="timeline_0" frame="0" z_index="3" m_a="0.965180" m_b="0.000000" m_c="0.000000" m_d="0.395878" m_tx="-0.581097" m_ty="101.751389"/>
  </frame>
  <frame idx="200" w="179" h="45" x="-0.604867" y="73.030678">
   <element name="art" layername="timeline_0" frame="0" z_index="3" m_a="1.012770" m_b="0.000000" m_c="0.000000" m_d="0.237534" m_tx="-0.604867" m_ty="117.990921"/>
  </frame>
  <frame idx="225" w="187" h="109" x="-0.627936" y="25.360834">
   <element name="art" layername="timeline_0" frame="0" z_index="3" m_a="1.058954" m_b="0.000000" m_c="0.000000" m_d="0.083835" m_tx="-0.627936" m_ty="133.715897"/>
  </frame>
 </anim>
 <anim name="idle" root="ui_kettle_1x2" numframes="125" framerate="40">
  <frame idx="0" w="176" h="277" x="-0.598489" y="12.360289">
   <element name="art" layername="timeline_0" frame="0" z_index="3" m_a="1.000000" m_b="0.000000" m_c="0.000000" m_d="0.934753" m_tx="-0.598489" m_ty="12.360289"/>
  </frame>
  <frame idx="25" w="176" h="277" x="-0.598489" y="12.360289">
   <element name="art" layername="timeline_0" frame="0" z_index="3" m_a="1.000000" m_b="0.000000" m_c="0.000000" m_d="0.934753" m_tx="-0.598489" m_ty="12.360289"/>
  </frame>
  <frame idx="50" w="176" h="277" x="-0.598489" y="12.360289">
   <element name="art" layername="timeline_0" frame="0" z_index="3" m_a="1.000000" m_b="0.000000" m_c="0.000000" m_d="0.934753" m_tx="-0.598489" m_ty="12.360289"/>
  </frame>
  <frame idx="75" w="176" h="277" x="-0.598489" y="12.360289">
   <element name="art" layername="timeline_0" frame="0" z_index="3" m_a="1.000000" m_b="0.000000" m_c="0.000000" m_d="0.934753" m_tx="-0.598489" m_ty="12.360289"/>
  </frame>
  <frame idx="100" w="176" h="277" x="-0.598489" y="12.360289">
   <element name="art" layername="timeline_0" frame="0" z_index="3" m_a="1.000000" m_b="0.000000" m_c="0.000000" m_d="0.934753" m_tx="-0.598489" m_ty="12.360289"/>
  </frame>
 </anim>
 <anim name="open" root="ui_kettle_1x2" numframes="325" framerate="40">
  <frame idx="0" w="-2147483648" h="-2147483648" x="790122483628811648229414273024.000000" y="790124901480450877487763685376.000000"/>
  <frame idx="25" w="-2147483648" h="-2147483648" x="790122483628811648229414273024.000000" y="790124901480450877487763685376.000000"/>
  <frame idx="50" w="188" h="118" x="-0.630762" y="18.323870">
   <element name="art" layername="timeline_0" frame="0" z_index="3" m_a="1.064613" m_b="0.000000" m_c="0.000000" m_d="0.061144" m_tx="-0.630762" m_ty="135.590332"/>
  </frame>
  <frame idx="75" w="183" h="82" x="-0.616727" y="44.267078">
   <element name="art" layername="timeline_0" frame="0" z_index="3" m_a="1.036515" m_b="0.000000" m_c="0.000000" m_d="0.144786" m_tx="-0.616727" m_ty="125.899368"/>
  </frame>
  <frame idx="100" w="174" h="17" x="-0.591058" y="91.724152">
   <element name="art" layername="timeline_0" frame="0" z_index="3" m_a="0.985123" m_b="0.000000" m_c="0.000000" m_d="0.297791" m_tx="-0.591058" m_ty="108.187706"/>
  </frame>
  <frame idx="125" w="159" h="89" x="-0.549537" y="79.511955">
   <element name="art" layername="timeline_0" frame="0" z_index="3" m_a="0.901996" m_b="0.000000" m_c="0.000000" m_d="0.545297" m_tx="-0.549537" m_ty="79.511955"/>
  </frame>
  <frame idx="150" w="140" h="225" x="-0.496254" y="42.731174">
   <element name="art" layername="timeline_0" frame="0" z_index="3" m_a="0.795321" m_b="0.000000" m_c="0.000000" m_d="0.862884" m_tx="-0.496254" m_ty="42.731174"/>
  </frame>
  <frame idx="175" w="138" h="319" x="-0.488872" y="14.204995">
   <element name="art" layername="timeline_0" frame="0" z_index="3" m_a="0.780541" m_b="0.000000" m_c="0.000000" m_d="1.074260" m_tx="-0.488872" m_ty="14.204995"/>
  </frame>
  <frame idx="200" w="175" h="290" x="-0.593085" y="12.907895">
   <element name="art" layername="timeline_0" frame="0" z_index="3" m_a="0.989182" m_b="0.000000" m_c="0.000000" m_d="0.976166" m_tx="-0.593085" m_ty="12.907895"/>
  </frame>
  <frame idx="225" w="196" h="273" x="-0.653776" y="12.152305">
   <element name="art" layername="timeline_0" frame="0" z_index="3" m_a="1.110688" m_b="0.000000" m_c="0.000000" m_d="0.919024" m_tx="-0.653776" m_ty="12.152305"/>
  </frame>
  <frame idx="250" w="208" h="263" x="-0.688966" y="11.714281">
   <element name="art" layername="timeline_0" frame="0" z_index="3" m_a="1.181140" m_b="0.000000" m_c="0.000000" m_d="0.885898" m_tx="-0.688966" m_ty="11.714281"/>
  </frame>
  <frame idx="275" w="208" h="261" x="-0.689049" y="11.648631">
   <element name="art" layername="timeline_0" frame="0" z_index="3" m_a="1.181307" m_b="0.000000" m_c="0.000000" m_d="0.880934" m_tx="-0.689049" m_ty="11.648631"/>
  </frame>
  <frame idx="300" w="193" h="269" x="-0.645011" y="11.994684">
   <element name="art" layername="timeline_0" frame="0" z_index="3" m_a="1.093140" m_b="0.000000" m_c="0.000000" m_d="0.907104" m_tx="-0.645011" m_ty="11.994684"/>
  </frame>
 </anim>
</Anims>
