<Anims>
 <anim name="close" root="ui_kettle_1x2" numframes="250" framerate="40">
  <frame idx="0" w="130" h="320" x="-0.465141" y="14.278120">
   <element name="art" layername="timeline_0" frame="0" z_index="3" m_a="0.733032" m_b="0.000000" m_c="0.000000" m_d="1.079790" m_tx="-0.465141" m_ty="14.278120"/>
  </frame>
  <frame idx="25" w="128" h="325" x="-0.459840" y="14.466645">
   <element name="art" layername="timeline_0" frame="0" z_index="3" m_a="0.722418" m_b="0.000000" m_c="0.000000" m_d="1.094047" m_tx="-0.459840" m_ty="14.466645"/>
  </frame>
  <frame idx="50" w="127" h="327" x="-0.456764" y="14.575995">
   <element name="art" layername="timeline_0" frame="0" z_index="3" m_a="0.716260" m_b="0.000000" m_c="0.000000" m_d="1.102317" m_tx="-0.456764" m_ty="14.575995"/>
  </frame>
  <frame idx="75" w="131" h="301" x="-0.468909" y="24.138252">
   <element name="art" layername="timeline_0" frame="0" z_index="3" m_a="0.740576" m_b="0.000000" m_c="0.000000" m_d="1.047212" m_tx="-0.468909" m_ty="24.138252"/>
  </frame>
  <frame idx="100" w="146" h="214" x="-0.510742" y="53.882572">
   <element name="art" layername="timeline_0" frame="0" z_index="3" m_a="0.824326" m_b="0.000000" m_c="0.000000" m_d="0.864594" m_tx="-0.510742" m_ty="53.882572"/>
  </frame>
  <frame idx="125" w="154" h="151" x="-0.533819" y="69.607704">
   <element name="art" layername="timeline_0" frame="0" z_index="3" m_a="0.870528" m_b="0.000000" m_c="0.000000" m_d="0.710907" m_tx="-0.533819" m_ty="69.607704"/>
  </frame>
  <frame idx="150" w="162" h="86" x="-0.557333" y="85.589226">
   <element name="art" layername="timeline_0" frame="0" z_index="3" m_a="0.917605" m_b="0.000000" m_c="0.000000" m_d="0.554231" m_tx="-0.557333" m_ty="85.589226"/>
  </frame>
  <frame idx="175" w="170" h="21" x="-0.581097" y="101.751389">
   <element name="art" layername="timeline_0" frame="0" z_index="3" m_a="0.965180" m_b="0.000000" m_c="0.000000" m_d="0.395878" m_tx="-0.581097" m_ty="101.751389"/>
  </frame>
  <frame idx="200" w="179" h="45" x="-0.604867" y="73.030678">
   <element name="art" layername="timeline_0" frame="0" z_index="3" m_a="1.012770" m_b="0.000000" m_c="0.000000" m_d="0.237534" m_tx="-0.604867" m_ty="117.990921"/>
  </frame>
  <frame idx="225" w="187" h="109" x="-0.627936" y="25.360834">
   <element name="art" layername="timeline_0" frame="0" z_index="3" m_a="1.058954" m_b="0.000000" m_c="0.000000" m_d="0.083835" m_tx="-0.627936" m_ty="133.715897"/>
  </frame>
 </anim>
 <anim name="idle" root="ui_kettle_1x2" numframes="125" framerate="40">
  <frame idx="0" w="176" h="277" x="-0.598489" y="12.360289">
   <element name="art" layername="timeline_0" frame="0" z_index="3" m_a="1.000000" m_b="0.000000" m_c="0.000000" m_d="0.934753" m_tx="-0.598489" m_ty="12.360289"/>
  </frame>
  <frame idx="25" w="176" h="277" x="-0.598489" y="12.360289">
   <element name="art" layername="timeline_0" frame="0" z_index="3" m_a="1.000000" m_b="0.000000" m_c="0.000000" m_d="0.934753" m_tx="-0.598489" m_ty="12.360289"/>
  </frame>
  <frame idx="50" w="176" h="277" x="-0.598489" y="12.360289">
   <element name="art" layername="timeline_0" frame="0" z_index="3" m_a="1.000000" m_b="0.000000" m_c="0.000000" m_d="0.934753" m_tx="-0.598489" m_ty="12.360289"/>
  </frame>
  <frame idx="75" w="176" h="277" x="-0.598489" y="12.360289">
   <element name="art" layername="timeline_0" frame="0" z_index="3" m_a="1.000000" m_b="0.000000" m_c="0.000000" m_d="0.934753" m_tx="-0.598489" m_ty="12.360289"/>
  </frame>
  <frame idx="100" w="176" h="277" x="-0.598489" y="12.360289">
   <element name="art" layername="timeline_0" frame="0" z_index="3" m_a="1.000000" m_b="0.000000" m_c="0.000000" m_d="0.934753" m_tx="-0.598489" m_ty="12.360289"/>
  </frame>
 </anim>
 <anim name="open" root="ui_kettle_1x2" numframes="325" framerate="40">
  <frame idx="0" w="190" h="32" x="94.552040" y="103.387970">
   <element name="art" layername="timeline_0" frame="0" z_index="3" m_a="1.075580" m_b="0.000000" m_c="0.000000" m_d="0.028503" m_tx="94.552040" m_ty="134.582031"/>
  </frame>
  <frame idx="25" w="190" h="32" x="94.552040" y="103.387970">
   <element name="art" layername="timeline_0" frame="0" z_index="3" m_a="1.075580" m_b="0.000000" m_c="0.000000" m_d="0.028503" m_tx="94.552040" m_ty="134.582031"/>
  </frame>
  <frame idx="50" w="188" h="13" x="93.586922" y="112.541550">
   <element name="art" layername="timeline_0" frame="0" z_index="3" m_a="1.064613" m_b="0.000000" m_c="0.000000" m_d="0.061144" m_tx="93.586922" m_ty="125.304497"/>
  </frame>
  <frame idx="75" w="183" h="35" x="91.114288" y="101.542946">
   <element name="art" layername="timeline_0" frame="0" z_index="3" m_a="1.036515" m_b="0.000000" m_c="0.000000" m_d="0.144786" m_tx="91.114288" m_ty="101.542946"/>
  </frame>
  <frame idx="100" w="174" h="121" x="86.591820" y="58.092396">
   <element name="art" layername="timeline_0" frame="0" z_index="3" m_a="0.985123" m_b="0.000000" m_c="0.000000" m_d="0.297791" m_tx="86.591820" m_ty="58.092396"/>
  </frame>
  <frame idx="125" w="159" h="261" x="79.276627" y="-12.219551">
   <element name="art" layername="timeline_0" frame="0" z_index="3" m_a="0.901996" m_b="0.000000" m_c="0.000000" m_d="0.545297" m_tx="79.276627" m_ty="-12.219551"/>
  </frame>
  <frame idx="150" w="140" h="440" x="69.889282" y="-102.425858">
   <element name="art" layername="timeline_0" frame="0" z_index="3" m_a="0.795321" m_b="0.000000" m_c="0.000000" m_d="0.862884" m_tx="69.889282" m_ty="-102.425858"/>
  </frame>
  <frame idx="175" w="138" h="569" x="68.588615" y="-166.510284">
   <element name="art" layername="timeline_0" frame="0" z_index="3" m_a="0.780541" m_b="0.000000" m_c="0.000000" m_d="1.074260" m_tx="68.588615" m_ty="-166.510284"/>
  </frame>
  <frame idx="200" w="175" h="541" x="86.949020" y="-151.305725">
   <element name="art" layername="timeline_0" frame="0" z_index="3" m_a="0.989182" m_b="0.000000" m_c="0.000000" m_d="0.976166" m_tx="86.949020" m_ty="-151.305725"/>
  </frame>
  <frame idx="225" w="196" h="525" x="97.641533" y="-142.448730">
   <element name="art" layername="timeline_0" frame="0" z_index="3" m_a="1.110688" m_b="0.000000" m_c="0.000000" m_d="0.919024" m_tx="97.641533" m_ty="-142.448730"/>
  </frame>
  <frame idx="250" w="208" h="516" x="103.841347" y="-137.314240">
   <element name="art" layername="timeline_0" frame="0" z_index="3" m_a="1.181140" m_b="0.000000" m_c="0.000000" m_d="0.885898" m_tx="103.841347" m_ty="-137.314240"/>
  </frame>
  <frame idx="275" w="208" h="514" x="103.855980" y="-136.544708">
   <element name="art" layername="timeline_0" frame="0" z_index="3" m_a="1.181307" m_b="0.000000" m_c="0.000000" m_d="0.880934" m_tx="103.855980" m_ty="-136.544708"/>
  </frame>
  <frame idx="300" w="193" h="518" x="96.097321" y="-140.601120">
   <element name="art" layername="timeline_0" frame="0" z_index="3" m_a="1.093140" m_b="0.000000" m_c="0.000000" m_d="0.907104" m_tx="96.097321" m_ty="-140.601120"/>
  </frame>
 </anim>
</Anims>
