<Anims>
 <anim name="idle" root="cotton_candy" numframes="200" framerate="40">
  <frame idx="0" w="1215" h="488" x="-160.465271" y="-265.634583">
   <element name="ham_bat01" layername="timeline_0" frame="0" z_index="1" m_a="0.991455" m_b="0.100918" m_c="-0.100918" m_d="0.991455" m_tx="-20.057552" m_ty="-24.062038"/>
   <element name="ham_bat01" layername="timeline_1" frame="1" z_index="2" m_a="1.397715" m_b="-0.712777" m_c="0.578926" m_d="1.135242" m_tx="-160.465271" m_ty="-265.634583"/>
  </frame>
  <frame idx="25" w="1215" h="488" x="-160.465271" y="-265.634583">
   <element name="ham_bat01" layername="timeline_0" frame="0" z_index="1" m_a="0.991455" m_b="0.100918" m_c="-0.100918" m_d="0.991455" m_tx="-20.057552" m_ty="-24.062038"/>
   <element name="ham_bat01" layername="timeline_1" frame="1" z_index="2" m_a="1.397715" m_b="-0.712777" m_c="0.578926" m_d="1.135242" m_tx="-160.465271" m_ty="-265.634583"/>
  </frame>
  <frame idx="50" w="1215" h="488" x="-160.465271" y="-265.634583">
   <element name="ham_bat01" layername="timeline_0" frame="0" z_index="2" m_a="0.991455" m_b="0.100918" m_c="-0.100918" m_d="0.991455" m_tx="-20.057552" m_ty="-24.062038"/>
   <element name="ham_bat01" layername="timeline_1" frame="1" z_index="1" m_a="1.397715" m_b="-0.712777" m_c="0.578926" m_d="1.135242" m_tx="-160.465271" m_ty="-265.634583"/>
  </frame>
  <frame idx="75" w="1215" h="488" x="-160.465271" y="-265.634583">
   <element name="ham_bat01" layername="timeline_0" frame="0" z_index="2" m_a="0.991455" m_b="0.100918" m_c="-0.100918" m_d="0.991455" m_tx="-20.057552" m_ty="-24.062038"/>
   <element name="ham_bat01" layername="timeline_1" frame="1" z_index="1" m_a="1.397715" m_b="-0.712777" m_c="0.578926" m_d="1.135242" m_tx="-160.465271" m_ty="-265.634583"/>
  </frame>
  <frame idx="100" w="1215" h="488" x="-160.465271" y="-265.634583">
   <element name="ham_bat01" layername="timeline_0" frame="0" z_index="2" m_a="0.991455" m_b="0.100918" m_c="-0.100918" m_d="0.991455" m_tx="-20.057552" m_ty="-24.062038"/>
   <element name="ham_bat01" layername="timeline_1" frame="1" z_index="1" m_a="1.397715" m_b="-0.712777" m_c="0.578926" m_d="1.135242" m_tx="-160.465271" m_ty="-265.634583"/>
  </frame>
  <frame idx="125" w="1215" h="488" x="-160.465271" y="-265.634583">
   <element name="ham_bat01" layername="timeline_0" frame="0" z_index="2" m_a="0.991455" m_b="0.100918" m_c="-0.100918" m_d="0.991455" m_tx="-20.057552" m_ty="-24.062038"/>
   <element name="ham_bat01" layername="timeline_1" frame="1" z_index="1" m_a="1.397715" m_b="-0.712777" m_c="0.578926" m_d="1.135242" m_tx="-160.465271" m_ty="-265.634583"/>
  </frame>
  <frame idx="150" w="1215" h="488" x="-160.465271" y="-265.634583">
   <element name="ham_bat01" layername="timeline_0" frame="0" z_index="2" m_a="0.991455" m_b="0.100918" m_c="-0.100918" m_d="0.991455" m_tx="-20.057552" m_ty="-24.062038"/>
   <element name="ham_bat01" layername="timeline_1" frame="1" z_index="1" m_a="1.397715" m_b="-0.712777" m_c="0.578926" m_d="1.135242" m_tx="-160.465271" m_ty="-265.634583"/>
  </frame>
  <frame idx="175" w="1215" h="488" x="-160.465271" y="-265.634583">
   <element name="ham_bat01" layername="timeline_0" frame="0" z_index="2" m_a="0.991455" m_b="0.100918" m_c="-0.100918" m_d="0.991455" m_tx="-20.057552" m_ty="-24.062038"/>
   <element name="ham_bat01" layername="timeline_1" frame="1" z_index="1" m_a="1.397715" m_b="-0.712777" m_c="0.578926" m_d="1.135242" m_tx="-160.465271" m_ty="-265.634583"/>
  </frame>
 </anim>
</Anims>
