<Anims>
 <anim name="crystal_light" root="crystal" numframes="1000" framerate="40">
  <frame idx="0" w="428" h="834" x="-33.107178" y="-248.969055">
   <element name="symbol0" layername="timeline_0" frame="6" z_index="7" m_a="2.928571" m_b="0.000000" m_c="0.000000" m_d="2.939070" m_tx="-33.107178" m_ty="-248.969055"/>
  </frame>
  <frame idx="25" w="428" h="834" x="-33.107178" y="-248.969055">
   <element name="symbol0" layername="timeline_0" frame="6" z_index="7" m_a="2.928571" m_b="0.000000" m_c="0.000000" m_d="2.939070" m_tx="-33.107178" m_ty="-248.969055"/>
  </frame>
  <frame idx="50" w="428" h="834" x="-33.107178" y="-248.969055">
   <element name="symbol0" layername="timeline_0" frame="6" z_index="7" m_a="2.928571" m_b="0.000000" m_c="0.000000" m_d="2.939070" m_tx="-33.107178" m_ty="-248.969055"/>
  </frame>
  <frame idx="75" w="428" h="834" x="-33.107178" y="-248.969055">
   <element name="symbol0" layername="timeline_0" frame="6" z_index="7" m_a="2.928571" m_b="0.000000" m_c="0.000000" m_d="2.939070" m_tx="-33.107178" m_ty="-248.969055"/>
  </frame>
  <frame idx="100" w="428" h="834" x="-33.107178" y="-248.969055">
   <element name="symbol0" layername="timeline_0" frame="6" z_index="7" m_a="2.928571" m_b="0.000000" m_c="0.000000" m_d="2.939070" m_tx="-33.107178" m_ty="-248.969055"/>
  </frame>
  <frame idx="125" w="428" h="834" x="-33.107178" y="-248.969055">
   <element name="symbol0" layername="timeline_0" frame="6" z_index="7" m_a="2.928571" m_b="0.000000" m_c="0.000000" m_d="2.939070" m_tx="-33.107178" m_ty="-248.969055"/>
  </frame>
  <frame idx="150" w="428" h="834" x="-33.107178" y="-248.969055">
   <element name="symbol0" layername="timeline_0" frame="6" z_index="7" m_a="2.928571" m_b="0.000000" m_c="0.000000" m_d="2.939070" m_tx="-33.107178" m_ty="-248.969055"/>
  </frame>
  <frame idx="175" w="428" h="834" x="-33.107178" y="-248.969055">
   <element name="symbol0" layername="timeline_0" frame="6" z_index="7" m_a="2.928571" m_b="0.000000" m_c="0.000000" m_d="2.939070" m_tx="-33.107178" m_ty="-248.969055"/>
  </frame>
  <frame idx="200" w="428" h="834" x="-33.107178" y="-248.969055">
   <element name="symbol0" layername="timeline_0" frame="6" z_index="7" m_a="2.928571" m_b="0.000000" m_c="0.000000" m_d="2.939070" m_tx="-33.107178" m_ty="-248.969055"/>
  </frame>
  <frame idx="225" w="428" h="834" x="-33.107178" y="-248.969055">
   <element name="symbol0" layername="timeline_0" frame="6" z_index="7" m_a="2.928571" m_b="0.000000" m_c="0.000000" m_d="2.939070" m_tx="-33.107178" m_ty="-248.969055"/>
  </frame>
  <frame idx="250" w="428" h="834" x="-33.107178" y="-248.969055">
   <element name="symbol0" layername="timeline_0" frame="6" z_index="7" m_a="2.928571" m_b="0.000000" m_c="0.000000" m_d="2.939070" m_tx="-33.107178" m_ty="-248.969055"/>
  </frame>
  <frame idx="275" w="428" h="834" x="-33.107178" y="-248.969055">
   <element name="symbol0" layername="timeline_0" frame="6" z_index="7" m_a="2.928571" m_b="0.000000" m_c="0.000000" m_d="2.939070" m_tx="-33.107178" m_ty="-248.969055"/>
  </frame>
  <frame idx="300" w="428" h="834" x="-33.107178" y="-248.969055">
   <element name="symbol0" layername="timeline_0" frame="6" z_index="7" m_a="2.928571" m_b="0.000000" m_c="0.000000" m_d="2.939070" m_tx="-33.107178" m_ty="-248.969055"/>
  </frame>
  <frame idx="325" w="428" h="834" x="-33.107178" y="-248.969055">
   <element name="symbol0" layername="timeline_0" frame="6" z_index="7" m_a="2.928571" m_b="0.000000" m_c="0.000000" m_d="2.939070" m_tx="-33.107178" m_ty="-248.969055"/>
  </frame>
  <frame idx="350" w="428" h="834" x="-33.107178" y="-248.969055">
   <element name="symbol0" layername="timeline_0" frame="6" z_index="7" m_a="2.928571" m_b="0.000000" m_c="0.000000" m_d="2.939070" m_tx="-33.107178" m_ty="-248.969055"/>
  </frame>
  <frame idx="375" w="428" h="834" x="-33.107178" y="-248.969055">
   <element name="symbol0" layername="timeline_0" frame="6" z_index="7" m_a="2.928571" m_b="0.000000" m_c="0.000000" m_d="2.939070" m_tx="-33.107178" m_ty="-248.969055"/>
  </frame>
  <frame idx="400" w="428" h="834" x="-33.107178" y="-248.969055">
   <element name="symbol0" layername="timeline_0" frame="6" z_index="7" m_a="2.928571" m_b="0.000000" m_c="0.000000" m_d="2.939070" m_tx="-33.107178" m_ty="-248.969055"/>
  </frame>
  <frame idx="425" w="428" h="834" x="-33.107178" y="-248.969055">
   <element name="symbol0" layername="timeline_0" frame="6" z_index="7" m_a="2.928571" m_b="0.000000" m_c="0.000000" m_d="2.939070" m_tx="-33.107178" m_ty="-248.969055"/>
  </frame>
  <frame idx="450" w="428" h="834" x="-33.107178" y="-248.969055">
   <element name="symbol0" layername="timeline_0" frame="6" z_index="7" m_a="2.928571" m_b="0.000000" m_c="0.000000" m_d="2.939070" m_tx="-33.107178" m_ty="-248.969055"/>
  </frame>
  <frame idx="475" w="428" h="834" x="-33.107178" y="-248.969055">
   <element name="symbol0" layername="timeline_0" frame="6" z_index="7" m_a="2.928571" m_b="0.000000" m_c="0.000000" m_d="2.939070" m_tx="-33.107178" m_ty="-248.969055"/>
  </frame>
  <frame idx="500" w="428" h="834" x="-33.107178" y="-248.969055">
   <element name="symbol0" layername="timeline_0" frame="6" z_index="7" m_a="2.928571" m_b="0.000000" m_c="0.000000" m_d="2.939070" m_tx="-33.107178" m_ty="-248.969055"/>
  </frame>
  <frame idx="525" w="428" h="834" x="-33.107178" y="-248.969055">
   <element name="symbol0" layername="timeline_0" frame="6" z_index="7" m_a="2.928571" m_b="0.000000" m_c="0.000000" m_d="2.939070" m_tx="-33.107178" m_ty="-248.969055"/>
  </frame>
  <frame idx="550" w="428" h="834" x="-33.107178" y="-248.969055">
   <element name="symbol0" layername="timeline_0" frame="6" z_index="7" m_a="2.928571" m_b="0.000000" m_c="0.000000" m_d="2.939070" m_tx="-33.107178" m_ty="-248.969055"/>
  </frame>
  <frame idx="575" w="428" h="834" x="-33.107178" y="-248.969055">
   <element name="symbol0" layername="timeline_0" frame="6" z_index="7" m_a="2.928571" m_b="0.000000" m_c="0.000000" m_d="2.939070" m_tx="-33.107178" m_ty="-248.969055"/>
  </frame>
  <frame idx="600" w="428" h="834" x="-33.107178" y="-248.969055">
   <element name="symbol0" layername="timeline_0" frame="6" z_index="7" m_a="2.928571" m_b="0.000000" m_c="0.000000" m_d="2.939070" m_tx="-33.107178" m_ty="-248.969055"/>
  </frame>
  <frame idx="625" w="428" h="834" x="-33.107178" y="-248.969055">
   <element name="symbol0" layername="timeline_0" frame="6" z_index="7" m_a="2.928571" m_b="0.000000" m_c="0.000000" m_d="2.939070" m_tx="-33.107178" m_ty="-248.969055"/>
  </frame>
  <frame idx="650" w="428" h="834" x="-33.107178" y="-248.969055">
   <element name="symbol0" layername="timeline_0" frame="6" z_index="7" m_a="2.928571" m_b="0.000000" m_c="0.000000" m_d="2.939070" m_tx="-33.107178" m_ty="-248.969055"/>
  </frame>
  <frame idx="675" w="428" h="834" x="-33.107178" y="-248.969055">
   <element name="symbol0" layername="timeline_0" frame="6" z_index="7" m_a="2.928571" m_b="0.000000" m_c="0.000000" m_d="2.939070" m_tx="-33.107178" m_ty="-248.969055"/>
  </frame>
  <frame idx="700" w="428" h="834" x="-33.107178" y="-248.969055">
   <element name="symbol0" layername="timeline_0" frame="6" z_index="7" m_a="2.928571" m_b="0.000000" m_c="0.000000" m_d="2.939070" m_tx="-33.107178" m_ty="-248.969055"/>
  </frame>
  <frame idx="725" w="428" h="834" x="-33.107178" y="-248.969055">
   <element name="symbol0" layername="timeline_0" frame="6" z_index="7" m_a="2.928571" m_b="0.000000" m_c="0.000000" m_d="2.939070" m_tx="-33.107178" m_ty="-248.969055"/>
  </frame>
  <frame idx="750" w="428" h="834" x="-33.107178" y="-248.969055">
   <element name="symbol0" layername="timeline_0" frame="6" z_index="7" m_a="2.928571" m_b="0.000000" m_c="0.000000" m_d="2.939070" m_tx="-33.107178" m_ty="-248.969055"/>
  </frame>
  <frame idx="775" w="428" h="834" x="-33.107178" y="-248.969055">
   <element name="symbol0" layername="timeline_0" frame="6" z_index="7" m_a="2.928571" m_b="0.000000" m_c="0.000000" m_d="2.939070" m_tx="-33.107178" m_ty="-248.969055"/>
  </frame>
  <frame idx="800" w="428" h="834" x="-33.107178" y="-248.969055">
   <element name="symbol0" layername="timeline_0" frame="6" z_index="7" m_a="2.928571" m_b="0.000000" m_c="0.000000" m_d="2.939070" m_tx="-33.107178" m_ty="-248.969055"/>
  </frame>
  <frame idx="825" w="428" h="834" x="-33.107178" y="-248.969055">
   <element name="symbol0" layername="timeline_0" frame="6" z_index="7" m_a="2.928571" m_b="0.000000" m_c="0.000000" m_d="2.939070" m_tx="-33.107178" m_ty="-248.969055"/>
  </frame>
  <frame idx="850" w="428" h="834" x="-33.107178" y="-248.969055">
   <element name="symbol0" layername="timeline_0" frame="6" z_index="7" m_a="2.928571" m_b="0.000000" m_c="0.000000" m_d="2.939070" m_tx="-33.107178" m_ty="-248.969055"/>
  </frame>
  <frame idx="875" w="428" h="834" x="-33.107178" y="-248.969055">
   <element name="symbol0" layername="timeline_0" frame="6" z_index="7" m_a="2.928571" m_b="0.000000" m_c="0.000000" m_d="2.939070" m_tx="-33.107178" m_ty="-248.969055"/>
  </frame>
  <frame idx="900" w="428" h="834" x="-33.107178" y="-248.969055">
   <element name="symbol0" layername="timeline_0" frame="6" z_index="7" m_a="2.928571" m_b="0.000000" m_c="0.000000" m_d="2.939070" m_tx="-33.107178" m_ty="-248.969055"/>
  </frame>
  <frame idx="925" w="428" h="834" x="-33.107178" y="-248.969055">
   <element name="symbol0" layername="timeline_0" frame="6" z_index="7" m_a="2.928571" m_b="0.000000" m_c="0.000000" m_d="2.939070" m_tx="-33.107178" m_ty="-248.969055"/>
  </frame>
  <frame idx="950" w="428" h="834" x="-33.107178" y="-248.969055">
   <element name="symbol0" layername="timeline_0" frame="6" z_index="7" m_a="2.928571" m_b="0.000000" m_c="0.000000" m_d="2.939070" m_tx="-33.107178" m_ty="-248.969055"/>
  </frame>
  <frame idx="975" w="428" h="834" x="-33.107178" y="-248.969055">
   <element name="symbol0" layername="timeline_0" frame="6" z_index="7" m_a="2.928571" m_b="0.000000" m_c="0.000000" m_d="2.939070" m_tx="-33.107178" m_ty="-248.969055"/>
  </frame>
 </anim>
 <anim name="crystal_spire" root="crystal" numframes="1000" framerate="40">
  <frame idx="0" w="509" h="990" x="-56.178558" y="-311.310272">
   <element name="symbol0" layername="timeline_0" frame="3" z_index="7" m_a="3.485423" m_b="0.000000" m_c="0.000000" m_d="3.499086" m_tx="-56.178558" m_ty="-311.310272"/>
  </frame>
  <frame idx="25" w="509" h="990" x="-56.178558" y="-311.310272">
   <element name="symbol0" layername="timeline_0" frame="3" z_index="7" m_a="3.485423" m_b="0.000000" m_c="0.000000" m_d="3.499086" m_tx="-56.178558" m_ty="-311.310272"/>
  </frame>
  <frame idx="50" w="509" h="990" x="-56.178558" y="-311.310272">
   <element name="symbol0" layername="timeline_0" frame="3" z_index="7" m_a="3.485423" m_b="0.000000" m_c="0.000000" m_d="3.499086" m_tx="-56.178558" m_ty="-311.310272"/>
  </frame>
  <frame idx="75" w="509" h="990" x="-56.178558" y="-311.310272">
   <element name="symbol0" layername="timeline_0" frame="3" z_index="7" m_a="3.485423" m_b="0.000000" m_c="0.000000" m_d="3.499086" m_tx="-56.178558" m_ty="-311.310272"/>
  </frame>
  <frame idx="100" w="509" h="990" x="-56.178558" y="-311.310272">
   <element name="symbol0" layername="timeline_0" frame="3" z_index="7" m_a="3.485423" m_b="0.000000" m_c="0.000000" m_d="3.499086" m_tx="-56.178558" m_ty="-311.310272"/>
  </frame>
  <frame idx="125" w="509" h="990" x="-56.178558" y="-311.310272">
   <element name="symbol0" layername="timeline_0" frame="3" z_index="7" m_a="3.485423" m_b="0.000000" m_c="0.000000" m_d="3.499086" m_tx="-56.178558" m_ty="-311.310272"/>
  </frame>
  <frame idx="150" w="509" h="990" x="-56.178558" y="-311.310272">
   <element name="symbol0" layername="timeline_0" frame="3" z_index="7" m_a="3.485423" m_b="0.000000" m_c="0.000000" m_d="3.499086" m_tx="-56.178558" m_ty="-311.310272"/>
  </frame>
  <frame idx="175" w="509" h="990" x="-56.178558" y="-311.310272">
   <element name="symbol0" layername="timeline_0" frame="3" z_index="7" m_a="3.485423" m_b="0.000000" m_c="0.000000" m_d="3.499086" m_tx="-56.178558" m_ty="-311.310272"/>
  </frame>
  <frame idx="200" w="509" h="990" x="-56.178558" y="-311.310272">
   <element name="symbol0" layername="timeline_0" frame="3" z_index="7" m_a="3.485423" m_b="0.000000" m_c="0.000000" m_d="3.499086" m_tx="-56.178558" m_ty="-311.310272"/>
  </frame>
  <frame idx="225" w="509" h="990" x="-56.178558" y="-311.310272">
   <element name="symbol0" layername="timeline_0" frame="3" z_index="7" m_a="3.485423" m_b="0.000000" m_c="0.000000" m_d="3.499086" m_tx="-56.178558" m_ty="-311.310272"/>
  </frame>
  <frame idx="250" w="509" h="990" x="-56.178558" y="-311.310272">
   <element name="symbol0" layername="timeline_0" frame="3" z_index="7" m_a="3.485423" m_b="0.000000" m_c="0.000000" m_d="3.499086" m_tx="-56.178558" m_ty="-311.310272"/>
  </frame>
  <frame idx="275" w="509" h="990" x="-56.178558" y="-311.310272">
   <element name="symbol0" layername="timeline_0" frame="3" z_index="7" m_a="3.485423" m_b="0.000000" m_c="0.000000" m_d="3.499086" m_tx="-56.178558" m_ty="-311.310272"/>
  </frame>
  <frame idx="300" w="509" h="990" x="-56.178558" y="-311.310272">
   <element name="symbol0" layername="timeline_0" frame="3" z_index="7" m_a="3.485423" m_b="0.000000" m_c="0.000000" m_d="3.499086" m_tx="-56.178558" m_ty="-311.310272"/>
  </frame>
  <frame idx="325" w="509" h="990" x="-56.178558" y="-311.310272">
   <element name="symbol0" layername="timeline_0" frame="3" z_index="7" m_a="3.485423" m_b="0.000000" m_c="0.000000" m_d="3.499086" m_tx="-56.178558" m_ty="-311.310272"/>
  </frame>
  <frame idx="350" w="509" h="990" x="-56.178558" y="-311.310272">
   <element name="symbol0" layername="timeline_0" frame="3" z_index="7" m_a="3.485423" m_b="0.000000" m_c="0.000000" m_d="3.499086" m_tx="-56.178558" m_ty="-311.310272"/>
  </frame>
  <frame idx="375" w="509" h="990" x="-56.178558" y="-311.310272">
   <element name="symbol0" layername="timeline_0" frame="3" z_index="7" m_a="3.485423" m_b="0.000000" m_c="0.000000" m_d="3.499086" m_tx="-56.178558" m_ty="-311.310272"/>
  </frame>
  <frame idx="400" w="509" h="990" x="-56.178558" y="-311.310272">
   <element name="symbol0" layername="timeline_0" frame="3" z_index="7" m_a="3.485423" m_b="0.000000" m_c="0.000000" m_d="3.499086" m_tx="-56.178558" m_ty="-311.310272"/>
  </frame>
  <frame idx="425" w="509" h="990" x="-56.178558" y="-311.310272">
   <element name="symbol0" layername="timeline_0" frame="3" z_index="7" m_a="3.485423" m_b="0.000000" m_c="0.000000" m_d="3.499086" m_tx="-56.178558" m_ty="-311.310272"/>
  </frame>
  <frame idx="450" w="509" h="990" x="-56.178558" y="-311.310272">
   <element name="symbol0" layername="timeline_0" frame="3" z_index="7" m_a="3.485423" m_b="0.000000" m_c="0.000000" m_d="3.499086" m_tx="-56.178558" m_ty="-311.310272"/>
  </frame>
  <frame idx="475" w="509" h="990" x="-56.178558" y="-311.310272">
   <element name="symbol0" layername="timeline_0" frame="3" z_index="7" m_a="3.485423" m_b="0.000000" m_c="0.000000" m_d="3.499086" m_tx="-56.178558" m_ty="-311.310272"/>
  </frame>
  <frame idx="500" w="509" h="990" x="-56.178558" y="-311.310272">
   <element name="symbol0" layername="timeline_0" frame="3" z_index="7" m_a="3.485423" m_b="0.000000" m_c="0.000000" m_d="3.499086" m_tx="-56.178558" m_ty="-311.310272"/>
  </frame>
  <frame idx="525" w="509" h="990" x="-56.178558" y="-311.310272">
   <element name="symbol0" layername="timeline_0" frame="3" z_index="7" m_a="3.485423" m_b="0.000000" m_c="0.000000" m_d="3.499086" m_tx="-56.178558" m_ty="-311.310272"/>
  </frame>
  <frame idx="550" w="509" h="990" x="-56.178558" y="-311.310272">
   <element name="symbol0" layername="timeline_0" frame="3" z_index="7" m_a="3.485423" m_b="0.000000" m_c="0.000000" m_d="3.499086" m_tx="-56.178558" m_ty="-311.310272"/>
  </frame>
  <frame idx="575" w="509" h="990" x="-56.178558" y="-311.310272">
   <element name="symbol0" layername="timeline_0" frame="3" z_index="7" m_a="3.485423" m_b="0.000000" m_c="0.000000" m_d="3.499086" m_tx="-56.178558" m_ty="-311.310272"/>
  </frame>
  <frame idx="600" w="509" h="990" x="-56.178558" y="-311.310272">
   <element name="symbol0" layername="timeline_0" frame="3" z_index="7" m_a="3.485423" m_b="0.000000" m_c="0.000000" m_d="3.499086" m_tx="-56.178558" m_ty="-311.310272"/>
  </frame>
  <frame idx="625" w="509" h="990" x="-56.178558" y="-311.310272">
   <element name="symbol0" layername="timeline_0" frame="3" z_index="7" m_a="3.485423" m_b="0.000000" m_c="0.000000" m_d="3.499086" m_tx="-56.178558" m_ty="-311.310272"/>
  </frame>
  <frame idx="650" w="509" h="990" x="-56.178558" y="-311.310272">
   <element name="symbol0" layername="timeline_0" frame="3" z_index="7" m_a="3.485423" m_b="0.000000" m_c="0.000000" m_d="3.499086" m_tx="-56.178558" m_ty="-311.310272"/>
  </frame>
  <frame idx="675" w="509" h="990" x="-56.178558" y="-311.310272">
   <element name="symbol0" layername="timeline_0" frame="3" z_index="7" m_a="3.485423" m_b="0.000000" m_c="0.000000" m_d="3.499086" m_tx="-56.178558" m_ty="-311.310272"/>
  </frame>
  <frame idx="700" w="509" h="990" x="-56.178558" y="-311.310272">
   <element name="symbol0" layername="timeline_0" frame="3" z_index="7" m_a="3.485423" m_b="0.000000" m_c="0.000000" m_d="3.499086" m_tx="-56.178558" m_ty="-311.310272"/>
  </frame>
  <frame idx="725" w="509" h="990" x="-56.178558" y="-311.310272">
   <element name="symbol0" layername="timeline_0" frame="3" z_index="7" m_a="3.485423" m_b="0.000000" m_c="0.000000" m_d="3.499086" m_tx="-56.178558" m_ty="-311.310272"/>
  </frame>
  <frame idx="750" w="509" h="990" x="-56.178558" y="-311.310272">
   <element name="symbol0" layername="timeline_0" frame="3" z_index="7" m_a="3.485423" m_b="0.000000" m_c="0.000000" m_d="3.499086" m_tx="-56.178558" m_ty="-311.310272"/>
  </frame>
  <frame idx="775" w="509" h="990" x="-56.178558" y="-311.310272">
   <element name="symbol0" layername="timeline_0" frame="3" z_index="7" m_a="3.485423" m_b="0.000000" m_c="0.000000" m_d="3.499086" m_tx="-56.178558" m_ty="-311.310272"/>
  </frame>
  <frame idx="800" w="509" h="990" x="-56.178558" y="-311.310272">
   <element name="symbol0" layername="timeline_0" frame="3" z_index="7" m_a="3.485423" m_b="0.000000" m_c="0.000000" m_d="3.499086" m_tx="-56.178558" m_ty="-311.310272"/>
  </frame>
  <frame idx="825" w="509" h="990" x="-56.178558" y="-311.310272">
   <element name="symbol0" layername="timeline_0" frame="3" z_index="7" m_a="3.485423" m_b="0.000000" m_c="0.000000" m_d="3.499086" m_tx="-56.178558" m_ty="-311.310272"/>
  </frame>
  <frame idx="850" w="509" h="990" x="-56.178558" y="-311.310272">
   <element name="symbol0" layername="timeline_0" frame="3" z_index="7" m_a="3.485423" m_b="0.000000" m_c="0.000000" m_d="3.499086" m_tx="-56.178558" m_ty="-311.310272"/>
  </frame>
  <frame idx="875" w="509" h="990" x="-56.178558" y="-311.310272">
   <element name="symbol0" layername="timeline_0" frame="3" z_index="7" m_a="3.485423" m_b="0.000000" m_c="0.000000" m_d="3.499086" m_tx="-56.178558" m_ty="-311.310272"/>
  </frame>
  <frame idx="900" w="509" h="990" x="-56.178558" y="-311.310272">
   <element name="symbol0" layername="timeline_0" frame="3" z_index="7" m_a="3.485423" m_b="0.000000" m_c="0.000000" m_d="3.499086" m_tx="-56.178558" m_ty="-311.310272"/>
  </frame>
  <frame idx="925" w="509" h="990" x="-56.178558" y="-311.310272">
   <element name="symbol0" layername="timeline_0" frame="3" z_index="7" m_a="3.485423" m_b="0.000000" m_c="0.000000" m_d="3.499086" m_tx="-56.178558" m_ty="-311.310272"/>
  </frame>
  <frame idx="950" w="509" h="990" x="-56.178558" y="-311.310272">
   <element name="symbol0" layername="timeline_0" frame="3" z_index="7" m_a="3.485423" m_b="0.000000" m_c="0.000000" m_d="3.499086" m_tx="-56.178558" m_ty="-311.310272"/>
  </frame>
  <frame idx="975" w="509" h="990" x="-56.178558" y="-311.310272">
   <element name="symbol0" layername="timeline_0" frame="3" z_index="7" m_a="3.485423" m_b="0.000000" m_c="0.000000" m_d="3.499086" m_tx="-56.178558" m_ty="-311.310272"/>
  </frame>
 </anim>
 <anim name="crystal_relic" root="crystal" numframes="1000" framerate="40">
  <frame idx="0" w="557" h="1089" x="-54.250000" y="-339.935577">
   <element name="symbol0" layername="timeline_0" frame="4" z_index="7" m_a="3.809038" m_b="0.000000" m_c="0.000000" m_d="3.825103" m_tx="-54.250000" m_ty="-339.935577"/>
  </frame>
  <frame idx="25" w="557" h="1089" x="-54.250000" y="-339.935577">
   <element name="symbol0" layername="timeline_0" frame="4" z_index="7" m_a="3.809038" m_b="0.000000" m_c="0.000000" m_d="3.825103" m_tx="-54.250000" m_ty="-339.935577"/>
  </frame>
  <frame idx="50" w="557" h="1089" x="-54.250000" y="-339.935577">
   <element name="symbol0" layername="timeline_0" frame="4" z_index="7" m_a="3.809038" m_b="0.000000" m_c="0.000000" m_d="3.825103" m_tx="-54.250000" m_ty="-339.935577"/>
  </frame>
  <frame idx="75" w="557" h="1089" x="-54.250000" y="-339.935577">
   <element name="symbol0" layername="timeline_0" frame="4" z_index="7" m_a="3.809038" m_b="0.000000" m_c="0.000000" m_d="3.825103" m_tx="-54.250000" m_ty="-339.935577"/>
  </frame>
  <frame idx="100" w="557" h="1089" x="-54.250000" y="-339.935577">
   <element name="symbol0" layername="timeline_0" frame="4" z_index="7" m_a="3.809038" m_b="0.000000" m_c="0.000000" m_d="3.825103" m_tx="-54.250000" m_ty="-339.935577"/>
  </frame>
  <frame idx="125" w="557" h="1089" x="-54.250000" y="-339.935577">
   <element name="symbol0" layername="timeline_0" frame="4" z_index="7" m_a="3.809038" m_b="0.000000" m_c="0.000000" m_d="3.825103" m_tx="-54.250000" m_ty="-339.935577"/>
  </frame>
  <frame idx="150" w="557" h="1089" x="-54.250000" y="-339.935577">
   <element name="symbol0" layername="timeline_0" frame="4" z_index="7" m_a="3.809038" m_b="0.000000" m_c="0.000000" m_d="3.825103" m_tx="-54.250000" m_ty="-339.935577"/>
  </frame>
  <frame idx="175" w="557" h="1089" x="-54.250000" y="-339.935577">
   <element name="symbol0" layername="timeline_0" frame="4" z_index="7" m_a="3.809038" m_b="0.000000" m_c="0.000000" m_d="3.825103" m_tx="-54.250000" m_ty="-339.935577"/>
  </frame>
  <frame idx="200" w="557" h="1089" x="-54.250000" y="-339.935577">
   <element name="symbol0" layername="timeline_0" frame="4" z_index="7" m_a="3.809038" m_b="0.000000" m_c="0.000000" m_d="3.825103" m_tx="-54.250000" m_ty="-339.935577"/>
  </frame>
  <frame idx="225" w="557" h="1089" x="-54.250000" y="-339.935577">
   <element name="symbol0" layername="timeline_0" frame="4" z_index="7" m_a="3.809038" m_b="0.000000" m_c="0.000000" m_d="3.825103" m_tx="-54.250000" m_ty="-339.935577"/>
  </frame>
  <frame idx="250" w="557" h="1089" x="-54.250000" y="-339.935577">
   <element name="symbol0" layername="timeline_0" frame="4" z_index="7" m_a="3.809038" m_b="0.000000" m_c="0.000000" m_d="3.825103" m_tx="-54.250000" m_ty="-339.935577"/>
  </frame>
  <frame idx="275" w="557" h="1089" x="-54.250000" y="-339.935577">
   <element name="symbol0" layername="timeline_0" frame="4" z_index="7" m_a="3.809038" m_b="0.000000" m_c="0.000000" m_d="3.825103" m_tx="-54.250000" m_ty="-339.935577"/>
  </frame>
  <frame idx="300" w="557" h="1089" x="-54.250000" y="-339.935577">
   <element name="symbol0" layername="timeline_0" frame="4" z_index="7" m_a="3.809038" m_b="0.000000" m_c="0.000000" m_d="3.825103" m_tx="-54.250000" m_ty="-339.935577"/>
  </frame>
  <frame idx="325" w="557" h="1089" x="-54.250000" y="-339.935577">
   <element name="symbol0" layername="timeline_0" frame="4" z_index="7" m_a="3.809038" m_b="0.000000" m_c="0.000000" m_d="3.825103" m_tx="-54.250000" m_ty="-339.935577"/>
  </frame>
  <frame idx="350" w="557" h="1089" x="-54.250000" y="-339.935577">
   <element name="symbol0" layername="timeline_0" frame="4" z_index="7" m_a="3.809038" m_b="0.000000" m_c="0.000000" m_d="3.825103" m_tx="-54.250000" m_ty="-339.935577"/>
  </frame>
  <frame idx="375" w="557" h="1089" x="-54.250000" y="-339.935577">
   <element name="symbol0" layername="timeline_0" frame="4" z_index="7" m_a="3.809038" m_b="0.000000" m_c="0.000000" m_d="3.825103" m_tx="-54.250000" m_ty="-339.935577"/>
  </frame>
  <frame idx="400" w="557" h="1089" x="-54.250000" y="-339.935577">
   <element name="symbol0" layername="timeline_0" frame="4" z_index="7" m_a="3.809038" m_b="0.000000" m_c="0.000000" m_d="3.825103" m_tx="-54.250000" m_ty="-339.935577"/>
  </frame>
  <frame idx="425" w="557" h="1089" x="-54.250000" y="-339.935577">
   <element name="symbol0" layername="timeline_0" frame="4" z_index="7" m_a="3.809038" m_b="0.000000" m_c="0.000000" m_d="3.825103" m_tx="-54.250000" m_ty="-339.935577"/>
  </frame>
  <frame idx="450" w="557" h="1089" x="-54.250000" y="-339.935577">
   <element name="symbol0" layername="timeline_0" frame="4" z_index="7" m_a="3.809038" m_b="0.000000" m_c="0.000000" m_d="3.825103" m_tx="-54.250000" m_ty="-339.935577"/>
  </frame>
  <frame idx="475" w="557" h="1089" x="-54.250000" y="-339.935577">
   <element name="symbol0" layername="timeline_0" frame="4" z_index="7" m_a="3.809038" m_b="0.000000" m_c="0.000000" m_d="3.825103" m_tx="-54.250000" m_ty="-339.935577"/>
  </frame>
  <frame idx="500" w="557" h="1089" x="-54.250000" y="-339.935577">
   <element name="symbol0" layername="timeline_0" frame="4" z_index="7" m_a="3.809038" m_b="0.000000" m_c="0.000000" m_d="3.825103" m_tx="-54.250000" m_ty="-339.935577"/>
  </frame>
  <frame idx="525" w="557" h="1089" x="-54.250000" y="-339.935577">
   <element name="symbol0" layername="timeline_0" frame="4" z_index="7" m_a="3.809038" m_b="0.000000" m_c="0.000000" m_d="3.825103" m_tx="-54.250000" m_ty="-339.935577"/>
  </frame>
  <frame idx="550" w="557" h="1089" x="-54.250000" y="-339.935577">
   <element name="symbol0" layername="timeline_0" frame="4" z_index="7" m_a="3.809038" m_b="0.000000" m_c="0.000000" m_d="3.825103" m_tx="-54.250000" m_ty="-339.935577"/>
  </frame>
  <frame idx="575" w="557" h="1089" x="-54.250000" y="-339.935577">
   <element name="symbol0" layername="timeline_0" frame="4" z_index="7" m_a="3.809038" m_b="0.000000" m_c="0.000000" m_d="3.825103" m_tx="-54.250000" m_ty="-339.935577"/>
  </frame>
  <frame idx="600" w="557" h="1089" x="-54.250000" y="-339.935577">
   <element name="symbol0" layername="timeline_0" frame="4" z_index="7" m_a="3.809038" m_b="0.000000" m_c="0.000000" m_d="3.825103" m_tx="-54.250000" m_ty="-339.935577"/>
  </frame>
  <frame idx="625" w="557" h="1089" x="-54.250000" y="-339.935577">
   <element name="symbol0" layername="timeline_0" frame="4" z_index="7" m_a="3.809038" m_b="0.000000" m_c="0.000000" m_d="3.825103" m_tx="-54.250000" m_ty="-339.935577"/>
  </frame>
  <frame idx="650" w="557" h="1089" x="-54.250000" y="-339.935577">
   <element name="symbol0" layername="timeline_0" frame="4" z_index="7" m_a="3.809038" m_b="0.000000" m_c="0.000000" m_d="3.825103" m_tx="-54.250000" m_ty="-339.935577"/>
  </frame>
  <frame idx="675" w="557" h="1089" x="-54.250000" y="-339.935577">
   <element name="symbol0" layername="timeline_0" frame="4" z_index="7" m_a="3.809038" m_b="0.000000" m_c="0.000000" m_d="3.825103" m_tx="-54.250000" m_ty="-339.935577"/>
  </frame>
  <frame idx="700" w="557" h="1089" x="-54.250000" y="-339.935577">
   <element name="symbol0" layername="timeline_0" frame="4" z_index="7" m_a="3.809038" m_b="0.000000" m_c="0.000000" m_d="3.825103" m_tx="-54.250000" m_ty="-339.935577"/>
  </frame>
  <frame idx="725" w="557" h="1089" x="-54.250000" y="-339.935577">
   <element name="symbol0" layername="timeline_0" frame="4" z_index="7" m_a="3.809038" m_b="0.000000" m_c="0.000000" m_d="3.825103" m_tx="-54.250000" m_ty="-339.935577"/>
  </frame>
  <frame idx="750" w="557" h="1089" x="-54.250000" y="-339.935577">
   <element name="symbol0" layername="timeline_0" frame="4" z_index="7" m_a="3.809038" m_b="0.000000" m_c="0.000000" m_d="3.825103" m_tx="-54.250000" m_ty="-339.935577"/>
  </frame>
  <frame idx="775" w="557" h="1089" x="-54.250000" y="-339.935577">
   <element name="symbol0" layername="timeline_0" frame="4" z_index="7" m_a="3.809038" m_b="0.000000" m_c="0.000000" m_d="3.825103" m_tx="-54.250000" m_ty="-339.935577"/>
  </frame>
  <frame idx="800" w="557" h="1089" x="-54.250000" y="-339.935577">
   <element name="symbol0" layername="timeline_0" frame="4" z_index="7" m_a="3.809038" m_b="0.000000" m_c="0.000000" m_d="3.825103" m_tx="-54.250000" m_ty="-339.935577"/>
  </frame>
  <frame idx="825" w="557" h="1089" x="-54.250000" y="-339.935577">
   <element name="symbol0" layername="timeline_0" frame="4" z_index="7" m_a="3.809038" m_b="0.000000" m_c="0.000000" m_d="3.825103" m_tx="-54.250000" m_ty="-339.935577"/>
  </frame>
  <frame idx="850" w="557" h="1089" x="-54.250000" y="-339.935577">
   <element name="symbol0" layername="timeline_0" frame="4" z_index="7" m_a="3.809038" m_b="0.000000" m_c="0.000000" m_d="3.825103" m_tx="-54.250000" m_ty="-339.935577"/>
  </frame>
  <frame idx="875" w="557" h="1089" x="-54.250000" y="-339.935577">
   <element name="symbol0" layername="timeline_0" frame="4" z_index="7" m_a="3.809038" m_b="0.000000" m_c="0.000000" m_d="3.825103" m_tx="-54.250000" m_ty="-339.935577"/>
  </frame>
  <frame idx="900" w="557" h="1089" x="-54.250000" y="-339.935577">
   <element name="symbol0" layername="timeline_0" frame="4" z_index="7" m_a="3.809038" m_b="0.000000" m_c="0.000000" m_d="3.825103" m_tx="-54.250000" m_ty="-339.935577"/>
  </frame>
  <frame idx="925" w="557" h="1089" x="-54.250000" y="-339.935577">
   <element name="symbol0" layername="timeline_0" frame="4" z_index="7" m_a="3.809038" m_b="0.000000" m_c="0.000000" m_d="3.825103" m_tx="-54.250000" m_ty="-339.935577"/>
  </frame>
  <frame idx="950" w="557" h="1089" x="-54.250000" y="-339.935577">
   <element name="symbol0" layername="timeline_0" frame="4" z_index="7" m_a="3.809038" m_b="0.000000" m_c="0.000000" m_d="3.825103" m_tx="-54.250000" m_ty="-339.935577"/>
  </frame>
  <frame idx="975" w="557" h="1089" x="-54.250000" y="-339.935577">
   <element name="symbol0" layername="timeline_0" frame="4" z_index="7" m_a="3.809038" m_b="0.000000" m_c="0.000000" m_d="3.825103" m_tx="-54.250000" m_ty="-339.935577"/>
  </frame>
 </anim>
 <anim name="crystal_white" root="crystal" numframes="1000" framerate="40">
  <frame idx="0" w="510" h="994" x="-59.535751" y="-316.271820">
   <element name="symbol0" layername="timeline_0" frame="0" z_index="7" m_a="3.492225" m_b="0.000000" m_c="0.000000" m_d="3.506255" m_tx="-59.535751" m_ty="-316.271820"/>
  </frame>
  <frame idx="25" w="510" h="994" x="-59.535751" y="-316.271820">
   <element name="symbol0" layername="timeline_0" frame="0" z_index="7" m_a="3.492225" m_b="0.000000" m_c="0.000000" m_d="3.506255" m_tx="-59.535751" m_ty="-316.271820"/>
  </frame>
  <frame idx="50" w="510" h="994" x="-59.535751" y="-316.271820">
   <element name="symbol0" layername="timeline_0" frame="0" z_index="7" m_a="3.492225" m_b="0.000000" m_c="0.000000" m_d="3.506255" m_tx="-59.535751" m_ty="-316.271820"/>
  </frame>
  <frame idx="75" w="510" h="994" x="-59.535751" y="-316.271820">
   <element name="symbol0" layername="timeline_0" frame="0" z_index="7" m_a="3.492225" m_b="0.000000" m_c="0.000000" m_d="3.506255" m_tx="-59.535751" m_ty="-316.271820"/>
  </frame>
  <frame idx="100" w="510" h="994" x="-59.535751" y="-316.271820">
   <element name="symbol0" layername="timeline_0" frame="0" z_index="7" m_a="3.492225" m_b="0.000000" m_c="0.000000" m_d="3.506255" m_tx="-59.535751" m_ty="-316.271820"/>
  </frame>
  <frame idx="125" w="510" h="994" x="-59.535751" y="-316.271820">
   <element name="symbol0" layername="timeline_0" frame="0" z_index="7" m_a="3.492225" m_b="0.000000" m_c="0.000000" m_d="3.506255" m_tx="-59.535751" m_ty="-316.271820"/>
  </frame>
  <frame idx="150" w="510" h="994" x="-59.535751" y="-316.271820">
   <element name="symbol0" layername="timeline_0" frame="0" z_index="7" m_a="3.492225" m_b="0.000000" m_c="0.000000" m_d="3.506255" m_tx="-59.535751" m_ty="-316.271820"/>
  </frame>
  <frame idx="175" w="510" h="994" x="-59.535751" y="-316.271820">
   <element name="symbol0" layername="timeline_0" frame="0" z_index="7" m_a="3.492225" m_b="0.000000" m_c="0.000000" m_d="3.506255" m_tx="-59.535751" m_ty="-316.271820"/>
  </frame>
  <frame idx="200" w="510" h="994" x="-59.535751" y="-316.271820">
   <element name="symbol0" layername="timeline_0" frame="0" z_index="7" m_a="3.492225" m_b="0.000000" m_c="0.000000" m_d="3.506255" m_tx="-59.535751" m_ty="-316.271820"/>
  </frame>
  <frame idx="225" w="510" h="994" x="-59.535751" y="-316.271820">
   <element name="symbol0" layername="timeline_0" frame="0" z_index="7" m_a="3.492225" m_b="0.000000" m_c="0.000000" m_d="3.506255" m_tx="-59.535751" m_ty="-316.271820"/>
  </frame>
  <frame idx="250" w="510" h="994" x="-59.535751" y="-316.271820">
   <element name="symbol0" layername="timeline_0" frame="0" z_index="7" m_a="3.492225" m_b="0.000000" m_c="0.000000" m_d="3.506255" m_tx="-59.535751" m_ty="-316.271820"/>
  </frame>
  <frame idx="275" w="510" h="994" x="-59.535751" y="-316.271820">
   <element name="symbol0" layername="timeline_0" frame="0" z_index="7" m_a="3.492225" m_b="0.000000" m_c="0.000000" m_d="3.506255" m_tx="-59.535751" m_ty="-316.271820"/>
  </frame>
  <frame idx="300" w="510" h="994" x="-59.535751" y="-316.271820">
   <element name="symbol0" layername="timeline_0" frame="0" z_index="7" m_a="3.492225" m_b="0.000000" m_c="0.000000" m_d="3.506255" m_tx="-59.535751" m_ty="-316.271820"/>
  </frame>
  <frame idx="325" w="510" h="994" x="-59.535751" y="-316.271820">
   <element name="symbol0" layername="timeline_0" frame="0" z_index="7" m_a="3.492225" m_b="0.000000" m_c="0.000000" m_d="3.506255" m_tx="-59.535751" m_ty="-316.271820"/>
  </frame>
  <frame idx="350" w="510" h="994" x="-59.535751" y="-316.271820">
   <element name="symbol0" layername="timeline_0" frame="0" z_index="7" m_a="3.492225" m_b="0.000000" m_c="0.000000" m_d="3.506255" m_tx="-59.535751" m_ty="-316.271820"/>
  </frame>
  <frame idx="375" w="510" h="994" x="-59.535751" y="-316.271820">
   <element name="symbol0" layername="timeline_0" frame="0" z_index="7" m_a="3.492225" m_b="0.000000" m_c="0.000000" m_d="3.506255" m_tx="-59.535751" m_ty="-316.271820"/>
  </frame>
  <frame idx="400" w="510" h="994" x="-59.535751" y="-316.271820">
   <element name="symbol0" layername="timeline_0" frame="0" z_index="7" m_a="3.492225" m_b="0.000000" m_c="0.000000" m_d="3.506255" m_tx="-59.535751" m_ty="-316.271820"/>
  </frame>
  <frame idx="425" w="510" h="994" x="-59.535751" y="-316.271820">
   <element name="symbol0" layername="timeline_0" frame="0" z_index="7" m_a="3.492225" m_b="0.000000" m_c="0.000000" m_d="3.506255" m_tx="-59.535751" m_ty="-316.271820"/>
  </frame>
  <frame idx="450" w="510" h="994" x="-59.535751" y="-316.271820">
   <element name="symbol0" layername="timeline_0" frame="0" z_index="7" m_a="3.492225" m_b="0.000000" m_c="0.000000" m_d="3.506255" m_tx="-59.535751" m_ty="-316.271820"/>
  </frame>
  <frame idx="475" w="510" h="994" x="-59.535751" y="-316.271820">
   <element name="symbol0" layername="timeline_0" frame="0" z_index="7" m_a="3.492225" m_b="0.000000" m_c="0.000000" m_d="3.506255" m_tx="-59.535751" m_ty="-316.271820"/>
  </frame>
  <frame idx="500" w="510" h="994" x="-59.535751" y="-316.271820">
   <element name="symbol0" layername="timeline_0" frame="0" z_index="7" m_a="3.492225" m_b="0.000000" m_c="0.000000" m_d="3.506255" m_tx="-59.535751" m_ty="-316.271820"/>
  </frame>
  <frame idx="525" w="510" h="994" x="-59.535751" y="-316.271820">
   <element name="symbol0" layername="timeline_0" frame="0" z_index="7" m_a="3.492225" m_b="0.000000" m_c="0.000000" m_d="3.506255" m_tx="-59.535751" m_ty="-316.271820"/>
  </frame>
  <frame idx="550" w="510" h="994" x="-59.535751" y="-316.271820">
   <element name="symbol0" layername="timeline_0" frame="0" z_index="7" m_a="3.492225" m_b="0.000000" m_c="0.000000" m_d="3.506255" m_tx="-59.535751" m_ty="-316.271820"/>
  </frame>
  <frame idx="575" w="510" h="994" x="-59.535751" y="-316.271820">
   <element name="symbol0" layername="timeline_0" frame="0" z_index="7" m_a="3.492225" m_b="0.000000" m_c="0.000000" m_d="3.506255" m_tx="-59.535751" m_ty="-316.271820"/>
  </frame>
  <frame idx="600" w="510" h="994" x="-59.535751" y="-316.271820">
   <element name="symbol0" layername="timeline_0" frame="0" z_index="7" m_a="3.492225" m_b="0.000000" m_c="0.000000" m_d="3.506255" m_tx="-59.535751" m_ty="-316.271820"/>
  </frame>
  <frame idx="625" w="510" h="994" x="-59.535751" y="-316.271820">
   <element name="symbol0" layername="timeline_0" frame="0" z_index="7" m_a="3.492225" m_b="0.000000" m_c="0.000000" m_d="3.506255" m_tx="-59.535751" m_ty="-316.271820"/>
  </frame>
  <frame idx="650" w="510" h="994" x="-59.535751" y="-316.271820">
   <element name="symbol0" layername="timeline_0" frame="0" z_index="7" m_a="3.492225" m_b="0.000000" m_c="0.000000" m_d="3.506255" m_tx="-59.535751" m_ty="-316.271820"/>
  </frame>
  <frame idx="675" w="510" h="994" x="-59.535751" y="-316.271820">
   <element name="symbol0" layername="timeline_0" frame="0" z_index="7" m_a="3.492225" m_b="0.000000" m_c="0.000000" m_d="3.506255" m_tx="-59.535751" m_ty="-316.271820"/>
  </frame>
  <frame idx="700" w="510" h="994" x="-59.535751" y="-316.271820">
   <element name="symbol0" layername="timeline_0" frame="0" z_index="7" m_a="3.492225" m_b="0.000000" m_c="0.000000" m_d="3.506255" m_tx="-59.535751" m_ty="-316.271820"/>
  </frame>
  <frame idx="725" w="510" h="994" x="-59.535751" y="-316.271820">
   <element name="symbol0" layername="timeline_0" frame="0" z_index="7" m_a="3.492225" m_b="0.000000" m_c="0.000000" m_d="3.506255" m_tx="-59.535751" m_ty="-316.271820"/>
  </frame>
  <frame idx="750" w="510" h="994" x="-59.535751" y="-316.271820">
   <element name="symbol0" layername="timeline_0" frame="0" z_index="7" m_a="3.492225" m_b="0.000000" m_c="0.000000" m_d="3.506255" m_tx="-59.535751" m_ty="-316.271820"/>
  </frame>
  <frame idx="775" w="510" h="994" x="-59.535751" y="-316.271820">
   <element name="symbol0" layername="timeline_0" frame="0" z_index="7" m_a="3.492225" m_b="0.000000" m_c="0.000000" m_d="3.506255" m_tx="-59.535751" m_ty="-316.271820"/>
  </frame>
  <frame idx="800" w="510" h="994" x="-59.535751" y="-316.271820">
   <element name="symbol0" layername="timeline_0" frame="0" z_index="7" m_a="3.492225" m_b="0.000000" m_c="0.000000" m_d="3.506255" m_tx="-59.535751" m_ty="-316.271820"/>
  </frame>
  <frame idx="825" w="510" h="994" x="-59.535751" y="-316.271820">
   <element name="symbol0" layername="timeline_0" frame="0" z_index="7" m_a="3.492225" m_b="0.000000" m_c="0.000000" m_d="3.506255" m_tx="-59.535751" m_ty="-316.271820"/>
  </frame>
  <frame idx="850" w="510" h="994" x="-59.535751" y="-316.271820">
   <element name="symbol0" layername="timeline_0" frame="0" z_index="7" m_a="3.492225" m_b="0.000000" m_c="0.000000" m_d="3.506255" m_tx="-59.535751" m_ty="-316.271820"/>
  </frame>
  <frame idx="875" w="510" h="994" x="-59.535751" y="-316.271820">
   <element name="symbol0" layername="timeline_0" frame="0" z_index="7" m_a="3.492225" m_b="0.000000" m_c="0.000000" m_d="3.506255" m_tx="-59.535751" m_ty="-316.271820"/>
  </frame>
  <frame idx="900" w="510" h="994" x="-59.535751" y="-316.271820">
   <element name="symbol0" layername="timeline_0" frame="0" z_index="7" m_a="3.492225" m_b="0.000000" m_c="0.000000" m_d="3.506255" m_tx="-59.535751" m_ty="-316.271820"/>
  </frame>
  <frame idx="925" w="510" h="994" x="-59.535751" y="-316.271820">
   <element name="symbol0" layername="timeline_0" frame="0" z_index="7" m_a="3.492225" m_b="0.000000" m_c="0.000000" m_d="3.506255" m_tx="-59.535751" m_ty="-316.271820"/>
  </frame>
  <frame idx="950" w="510" h="994" x="-59.535751" y="-316.271820">
   <element name="symbol0" layername="timeline_0" frame="0" z_index="7" m_a="3.492225" m_b="0.000000" m_c="0.000000" m_d="3.506255" m_tx="-59.535751" m_ty="-316.271820"/>
  </frame>
  <frame idx="975" w="510" h="994" x="-59.535751" y="-316.271820">
   <element name="symbol0" layername="timeline_0" frame="0" z_index="7" m_a="3.492225" m_b="0.000000" m_c="0.000000" m_d="3.506255" m_tx="-59.535751" m_ty="-316.271820"/>
  </frame>
 </anim>
 <anim name="crystal_black" root="crystal" numframes="1000" framerate="40">
  <frame idx="0" w="659" h="1313" x="-42.749969" y="-404.168457">
   <element name="symbol0" layername="timeline_0" frame="5" z_index="7" m_a="4.507775" m_b="0.000000" m_c="0.000000" m_d="4.529008" m_tx="-42.749969" m_ty="-404.168457"/>
  </frame>
  <frame idx="25" w="659" h="1313" x="-42.749969" y="-404.168457">
   <element name="symbol0" layername="timeline_0" frame="5" z_index="7" m_a="4.507775" m_b="0.000000" m_c="0.000000" m_d="4.529008" m_tx="-42.749969" m_ty="-404.168457"/>
  </frame>
  <frame idx="50" w="659" h="1313" x="-42.749969" y="-404.168457">
   <element name="symbol0" layername="timeline_0" frame="5" z_index="7" m_a="4.507775" m_b="0.000000" m_c="0.000000" m_d="4.529008" m_tx="-42.749969" m_ty="-404.168457"/>
  </frame>
  <frame idx="75" w="659" h="1313" x="-42.749969" y="-404.168457">
   <element name="symbol0" layername="timeline_0" frame="5" z_index="7" m_a="4.507775" m_b="0.000000" m_c="0.000000" m_d="4.529008" m_tx="-42.749969" m_ty="-404.168457"/>
  </frame>
  <frame idx="100" w="659" h="1313" x="-42.749969" y="-404.168457">
   <element name="symbol0" layername="timeline_0" frame="5" z_index="7" m_a="4.507775" m_b="0.000000" m_c="0.000000" m_d="4.529008" m_tx="-42.749969" m_ty="-404.168457"/>
  </frame>
  <frame idx="125" w="659" h="1313" x="-42.749969" y="-404.168457">
   <element name="symbol0" layername="timeline_0" frame="5" z_index="7" m_a="4.507775" m_b="0.000000" m_c="0.000000" m_d="4.529008" m_tx="-42.749969" m_ty="-404.168457"/>
  </frame>
  <frame idx="150" w="659" h="1313" x="-42.749969" y="-404.168457">
   <element name="symbol0" layername="timeline_0" frame="5" z_index="7" m_a="4.507775" m_b="0.000000" m_c="0.000000" m_d="4.529008" m_tx="-42.749969" m_ty="-404.168457"/>
  </frame>
  <frame idx="175" w="659" h="1313" x="-42.749969" y="-404.168457">
   <element name="symbol0" layername="timeline_0" frame="5" z_index="7" m_a="4.507775" m_b="0.000000" m_c="0.000000" m_d="4.529008" m_tx="-42.749969" m_ty="-404.168457"/>
  </frame>
  <frame idx="200" w="659" h="1313" x="-42.749969" y="-404.168457">
   <element name="symbol0" layername="timeline_0" frame="5" z_index="7" m_a="4.507775" m_b="0.000000" m_c="0.000000" m_d="4.529008" m_tx="-42.749969" m_ty="-404.168457"/>
  </frame>
  <frame idx="225" w="659" h="1313" x="-42.749969" y="-404.168457">
   <element name="symbol0" layername="timeline_0" frame="5" z_index="7" m_a="4.507775" m_b="0.000000" m_c="0.000000" m_d="4.529008" m_tx="-42.749969" m_ty="-404.168457"/>
  </frame>
  <frame idx="250" w="659" h="1313" x="-42.749969" y="-404.168457">
   <element name="symbol0" layername="timeline_0" frame="5" z_index="7" m_a="4.507775" m_b="0.000000" m_c="0.000000" m_d="4.529008" m_tx="-42.749969" m_ty="-404.168457"/>
  </frame>
  <frame idx="275" w="659" h="1313" x="-42.749969" y="-404.168457">
   <element name="symbol0" layername="timeline_0" frame="5" z_index="7" m_a="4.507775" m_b="0.000000" m_c="0.000000" m_d="4.529008" m_tx="-42.749969" m_ty="-404.168457"/>
  </frame>
  <frame idx="300" w="659" h="1313" x="-42.749969" y="-404.168457">
   <element name="symbol0" layername="timeline_0" frame="5" z_index="7" m_a="4.507775" m_b="0.000000" m_c="0.000000" m_d="4.529008" m_tx="-42.749969" m_ty="-404.168457"/>
  </frame>
  <frame idx="325" w="659" h="1313" x="-42.749969" y="-404.168457">
   <element name="symbol0" layername="timeline_0" frame="5" z_index="7" m_a="4.507775" m_b="0.000000" m_c="0.000000" m_d="4.529008" m_tx="-42.749969" m_ty="-404.168457"/>
  </frame>
  <frame idx="350" w="659" h="1313" x="-42.749969" y="-404.168457">
   <element name="symbol0" layername="timeline_0" frame="5" z_index="7" m_a="4.507775" m_b="0.000000" m_c="0.000000" m_d="4.529008" m_tx="-42.749969" m_ty="-404.168457"/>
  </frame>
  <frame idx="375" w="659" h="1313" x="-42.749969" y="-404.168457">
   <element name="symbol0" layername="timeline_0" frame="5" z_index="7" m_a="4.507775" m_b="0.000000" m_c="0.000000" m_d="4.529008" m_tx="-42.749969" m_ty="-404.168457"/>
  </frame>
  <frame idx="400" w="659" h="1313" x="-42.749969" y="-404.168457">
   <element name="symbol0" layername="timeline_0" frame="5" z_index="7" m_a="4.507775" m_b="0.000000" m_c="0.000000" m_d="4.529008" m_tx="-42.749969" m_ty="-404.168457"/>
  </frame>
  <frame idx="425" w="659" h="1313" x="-42.749969" y="-404.168457">
   <element name="symbol0" layername="timeline_0" frame="5" z_index="7" m_a="4.507775" m_b="0.000000" m_c="0.000000" m_d="4.529008" m_tx="-42.749969" m_ty="-404.168457"/>
  </frame>
  <frame idx="450" w="659" h="1313" x="-42.749969" y="-404.168457">
   <element name="symbol0" layername="timeline_0" frame="5" z_index="7" m_a="4.507775" m_b="0.000000" m_c="0.000000" m_d="4.529008" m_tx="-42.749969" m_ty="-404.168457"/>
  </frame>
  <frame idx="475" w="659" h="1313" x="-42.749969" y="-404.168457">
   <element name="symbol0" layername="timeline_0" frame="5" z_index="7" m_a="4.507775" m_b="0.000000" m_c="0.000000" m_d="4.529008" m_tx="-42.749969" m_ty="-404.168457"/>
  </frame>
  <frame idx="500" w="659" h="1313" x="-42.749969" y="-404.168457">
   <element name="symbol0" layername="timeline_0" frame="5" z_index="7" m_a="4.507775" m_b="0.000000" m_c="0.000000" m_d="4.529008" m_tx="-42.749969" m_ty="-404.168457"/>
  </frame>
  <frame idx="525" w="659" h="1313" x="-42.749969" y="-404.168457">
   <element name="symbol0" layername="timeline_0" frame="5" z_index="7" m_a="4.507775" m_b="0.000000" m_c="0.000000" m_d="4.529008" m_tx="-42.749969" m_ty="-404.168457"/>
  </frame>
  <frame idx="550" w="659" h="1313" x="-42.749969" y="-404.168457">
   <element name="symbol0" layername="timeline_0" frame="5" z_index="7" m_a="4.507775" m_b="0.000000" m_c="0.000000" m_d="4.529008" m_tx="-42.749969" m_ty="-404.168457"/>
  </frame>
  <frame idx="575" w="659" h="1313" x="-42.749969" y="-404.168457">
   <element name="symbol0" layername="timeline_0" frame="5" z_index="7" m_a="4.507775" m_b="0.000000" m_c="0.000000" m_d="4.529008" m_tx="-42.749969" m_ty="-404.168457"/>
  </frame>
  <frame idx="600" w="659" h="1313" x="-42.749969" y="-404.168457">
   <element name="symbol0" layername="timeline_0" frame="5" z_index="7" m_a="4.507775" m_b="0.000000" m_c="0.000000" m_d="4.529008" m_tx="-42.749969" m_ty="-404.168457"/>
  </frame>
  <frame idx="625" w="659" h="1313" x="-42.749969" y="-404.168457">
   <element name="symbol0" layername="timeline_0" frame="5" z_index="7" m_a="4.507775" m_b="0.000000" m_c="0.000000" m_d="4.529008" m_tx="-42.749969" m_ty="-404.168457"/>
  </frame>
  <frame idx="650" w="659" h="1313" x="-42.749969" y="-404.168457">
   <element name="symbol0" layername="timeline_0" frame="5" z_index="7" m_a="4.507775" m_b="0.000000" m_c="0.000000" m_d="4.529008" m_tx="-42.749969" m_ty="-404.168457"/>
  </frame>
  <frame idx="675" w="659" h="1313" x="-42.749969" y="-404.168457">
   <element name="symbol0" layername="timeline_0" frame="5" z_index="7" m_a="4.507775" m_b="0.000000" m_c="0.000000" m_d="4.529008" m_tx="-42.749969" m_ty="-404.168457"/>
  </frame>
  <frame idx="700" w="659" h="1313" x="-42.749969" y="-404.168457">
   <element name="symbol0" layername="timeline_0" frame="5" z_index="7" m_a="4.507775" m_b="0.000000" m_c="0.000000" m_d="4.529008" m_tx="-42.749969" m_ty="-404.168457"/>
  </frame>
  <frame idx="725" w="659" h="1313" x="-42.749969" y="-404.168457">
   <element name="symbol0" layername="timeline_0" frame="5" z_index="7" m_a="4.507775" m_b="0.000000" m_c="0.000000" m_d="4.529008" m_tx="-42.749969" m_ty="-404.168457"/>
  </frame>
  <frame idx="750" w="659" h="1313" x="-42.749969" y="-404.168457">
   <element name="symbol0" layername="timeline_0" frame="5" z_index="7" m_a="4.507775" m_b="0.000000" m_c="0.000000" m_d="4.529008" m_tx="-42.749969" m_ty="-404.168457"/>
  </frame>
  <frame idx="775" w="659" h="1313" x="-42.749969" y="-404.168457">
   <element name="symbol0" layername="timeline_0" frame="5" z_index="7" m_a="4.507775" m_b="0.000000" m_c="0.000000" m_d="4.529008" m_tx="-42.749969" m_ty="-404.168457"/>
  </frame>
  <frame idx="800" w="659" h="1313" x="-42.749969" y="-404.168457">
   <element name="symbol0" layername="timeline_0" frame="5" z_index="7" m_a="4.507775" m_b="0.000000" m_c="0.000000" m_d="4.529008" m_tx="-42.749969" m_ty="-404.168457"/>
  </frame>
  <frame idx="825" w="659" h="1313" x="-42.749969" y="-404.168457">
   <element name="symbol0" layername="timeline_0" frame="5" z_index="7" m_a="4.507775" m_b="0.000000" m_c="0.000000" m_d="4.529008" m_tx="-42.749969" m_ty="-404.168457"/>
  </frame>
  <frame idx="850" w="659" h="1313" x="-42.749969" y="-404.168457">
   <element name="symbol0" layername="timeline_0" frame="5" z_index="7" m_a="4.507775" m_b="0.000000" m_c="0.000000" m_d="4.529008" m_tx="-42.749969" m_ty="-404.168457"/>
  </frame>
  <frame idx="875" w="659" h="1313" x="-42.749969" y="-404.168457">
   <element name="symbol0" layername="timeline_0" frame="5" z_index="7" m_a="4.507775" m_b="0.000000" m_c="0.000000" m_d="4.529008" m_tx="-42.749969" m_ty="-404.168457"/>
  </frame>
  <frame idx="900" w="659" h="1313" x="-42.749969" y="-404.168457">
   <element name="symbol0" layername="timeline_0" frame="5" z_index="7" m_a="4.507775" m_b="0.000000" m_c="0.000000" m_d="4.529008" m_tx="-42.749969" m_ty="-404.168457"/>
  </frame>
  <frame idx="925" w="659" h="1313" x="-42.749969" y="-404.168457">
   <element name="symbol0" layername="timeline_0" frame="5" z_index="7" m_a="4.507775" m_b="0.000000" m_c="0.000000" m_d="4.529008" m_tx="-42.749969" m_ty="-404.168457"/>
  </frame>
  <frame idx="950" w="659" h="1313" x="-42.749969" y="-404.168457">
   <element name="symbol0" layername="timeline_0" frame="5" z_index="7" m_a="4.507775" m_b="0.000000" m_c="0.000000" m_d="4.529008" m_tx="-42.749969" m_ty="-404.168457"/>
  </frame>
  <frame idx="975" w="659" h="1313" x="-42.749969" y="-404.168457">
   <element name="symbol0" layername="timeline_0" frame="5" z_index="7" m_a="4.507775" m_b="0.000000" m_c="0.000000" m_d="4.529008" m_tx="-42.749969" m_ty="-404.168457"/>
  </frame>
 </anim>
 <anim name="crystal_quartz" root="crystal" numframes="1000" framerate="40">
  <frame idx="0" w="492" h="955" x="-59.035706" y="-303.577637">
   <element name="symbol0" layername="timeline_0" frame="2" z_index="7" m_a="3.368805" m_b="0.000000" m_c="0.000000" m_d="3.382254" m_tx="-59.035706" m_ty="-303.577637"/>
  </frame>
  <frame idx="25" w="492" h="955" x="-59.035706" y="-303.577637">
   <element name="symbol0" layername="timeline_0" frame="2" z_index="7" m_a="3.368805" m_b="0.000000" m_c="0.000000" m_d="3.382254" m_tx="-59.035706" m_ty="-303.577637"/>
  </frame>
  <frame idx="50" w="492" h="955" x="-59.035706" y="-303.577637">
   <element name="symbol0" layername="timeline_0" frame="2" z_index="7" m_a="3.368805" m_b="0.000000" m_c="0.000000" m_d="3.382254" m_tx="-59.035706" m_ty="-303.577637"/>
  </frame>
  <frame idx="75" w="492" h="955" x="-59.035706" y="-303.577637">
   <element name="symbol0" layername="timeline_0" frame="2" z_index="7" m_a="3.368805" m_b="0.000000" m_c="0.000000" m_d="3.382254" m_tx="-59.035706" m_ty="-303.577637"/>
  </frame>
  <frame idx="100" w="492" h="955" x="-59.035706" y="-303.577637">
   <element name="symbol0" layername="timeline_0" frame="2" z_index="7" m_a="3.368805" m_b="0.000000" m_c="0.000000" m_d="3.382254" m_tx="-59.035706" m_ty="-303.577637"/>
  </frame>
  <frame idx="125" w="492" h="955" x="-59.035706" y="-303.577637">
   <element name="symbol0" layername="timeline_0" frame="2" z_index="7" m_a="3.368805" m_b="0.000000" m_c="0.000000" m_d="3.382254" m_tx="-59.035706" m_ty="-303.577637"/>
  </frame>
  <frame idx="150" w="492" h="955" x="-59.035706" y="-303.577637">
   <element name="symbol0" layername="timeline_0" frame="2" z_index="7" m_a="3.368805" m_b="0.000000" m_c="0.000000" m_d="3.382254" m_tx="-59.035706" m_ty="-303.577637"/>
  </frame>
  <frame idx="175" w="492" h="955" x="-59.035706" y="-303.577637">
   <element name="symbol0" layername="timeline_0" frame="2" z_index="7" m_a="3.368805" m_b="0.000000" m_c="0.000000" m_d="3.382254" m_tx="-59.035706" m_ty="-303.577637"/>
  </frame>
  <frame idx="200" w="492" h="955" x="-59.035706" y="-303.577637">
   <element name="symbol0" layername="timeline_0" frame="2" z_index="7" m_a="3.368805" m_b="0.000000" m_c="0.000000" m_d="3.382254" m_tx="-59.035706" m_ty="-303.577637"/>
  </frame>
  <frame idx="225" w="492" h="955" x="-59.035706" y="-303.577637">
   <element name="symbol0" layername="timeline_0" frame="2" z_index="7" m_a="3.368805" m_b="0.000000" m_c="0.000000" m_d="3.382254" m_tx="-59.035706" m_ty="-303.577637"/>
  </frame>
  <frame idx="250" w="492" h="955" x="-59.035706" y="-303.577637">
   <element name="symbol0" layername="timeline_0" frame="2" z_index="7" m_a="3.368805" m_b="0.000000" m_c="0.000000" m_d="3.382254" m_tx="-59.035706" m_ty="-303.577637"/>
  </frame>
  <frame idx="275" w="492" h="955" x="-59.035706" y="-303.577637">
   <element name="symbol0" layername="timeline_0" frame="2" z_index="7" m_a="3.368805" m_b="0.000000" m_c="0.000000" m_d="3.382254" m_tx="-59.035706" m_ty="-303.577637"/>
  </frame>
  <frame idx="300" w="492" h="955" x="-59.035706" y="-303.577637">
   <element name="symbol0" layername="timeline_0" frame="2" z_index="7" m_a="3.368805" m_b="0.000000" m_c="0.000000" m_d="3.382254" m_tx="-59.035706" m_ty="-303.577637"/>
  </frame>
  <frame idx="325" w="492" h="955" x="-59.035706" y="-303.577637">
   <element name="symbol0" layername="timeline_0" frame="2" z_index="7" m_a="3.368805" m_b="0.000000" m_c="0.000000" m_d="3.382254" m_tx="-59.035706" m_ty="-303.577637"/>
  </frame>
  <frame idx="350" w="492" h="955" x="-59.035706" y="-303.577637">
   <element name="symbol0" layername="timeline_0" frame="2" z_index="7" m_a="3.368805" m_b="0.000000" m_c="0.000000" m_d="3.382254" m_tx="-59.035706" m_ty="-303.577637"/>
  </frame>
  <frame idx="375" w="492" h="955" x="-59.035706" y="-303.577637">
   <element name="symbol0" layername="timeline_0" frame="2" z_index="7" m_a="3.368805" m_b="0.000000" m_c="0.000000" m_d="3.382254" m_tx="-59.035706" m_ty="-303.577637"/>
  </frame>
  <frame idx="400" w="492" h="955" x="-59.035706" y="-303.577637">
   <element name="symbol0" layername="timeline_0" frame="2" z_index="7" m_a="3.368805" m_b="0.000000" m_c="0.000000" m_d="3.382254" m_tx="-59.035706" m_ty="-303.577637"/>
  </frame>
  <frame idx="425" w="492" h="955" x="-59.035706" y="-303.577637">
   <element name="symbol0" layername="timeline_0" frame="2" z_index="7" m_a="3.368805" m_b="0.000000" m_c="0.000000" m_d="3.382254" m_tx="-59.035706" m_ty="-303.577637"/>
  </frame>
  <frame idx="450" w="492" h="955" x="-59.035706" y="-303.577637">
   <element name="symbol0" layername="timeline_0" frame="2" z_index="7" m_a="3.368805" m_b="0.000000" m_c="0.000000" m_d="3.382254" m_tx="-59.035706" m_ty="-303.577637"/>
  </frame>
  <frame idx="475" w="492" h="955" x="-59.035706" y="-303.577637">
   <element name="symbol0" layername="timeline_0" frame="2" z_index="7" m_a="3.368805" m_b="0.000000" m_c="0.000000" m_d="3.382254" m_tx="-59.035706" m_ty="-303.577637"/>
  </frame>
  <frame idx="500" w="492" h="955" x="-59.035706" y="-303.577637">
   <element name="symbol0" layername="timeline_0" frame="2" z_index="7" m_a="3.368805" m_b="0.000000" m_c="0.000000" m_d="3.382254" m_tx="-59.035706" m_ty="-303.577637"/>
  </frame>
  <frame idx="525" w="492" h="955" x="-59.035706" y="-303.577637">
   <element name="symbol0" layername="timeline_0" frame="2" z_index="7" m_a="3.368805" m_b="0.000000" m_c="0.000000" m_d="3.382254" m_tx="-59.035706" m_ty="-303.577637"/>
  </frame>
  <frame idx="550" w="492" h="955" x="-59.035706" y="-303.577637">
   <element name="symbol0" layername="timeline_0" frame="2" z_index="7" m_a="3.368805" m_b="0.000000" m_c="0.000000" m_d="3.382254" m_tx="-59.035706" m_ty="-303.577637"/>
  </frame>
  <frame idx="575" w="492" h="955" x="-59.035706" y="-303.577637">
   <element name="symbol0" layername="timeline_0" frame="2" z_index="7" m_a="3.368805" m_b="0.000000" m_c="0.000000" m_d="3.382254" m_tx="-59.035706" m_ty="-303.577637"/>
  </frame>
  <frame idx="600" w="492" h="955" x="-59.035706" y="-303.577637">
   <element name="symbol0" layername="timeline_0" frame="2" z_index="7" m_a="3.368805" m_b="0.000000" m_c="0.000000" m_d="3.382254" m_tx="-59.035706" m_ty="-303.577637"/>
  </frame>
  <frame idx="625" w="492" h="955" x="-59.035706" y="-303.577637">
   <element name="symbol0" layername="timeline_0" frame="2" z_index="7" m_a="3.368805" m_b="0.000000" m_c="0.000000" m_d="3.382254" m_tx="-59.035706" m_ty="-303.577637"/>
  </frame>
  <frame idx="650" w="492" h="955" x="-59.035706" y="-303.577637">
   <element name="symbol0" layername="timeline_0" frame="2" z_index="7" m_a="3.368805" m_b="0.000000" m_c="0.000000" m_d="3.382254" m_tx="-59.035706" m_ty="-303.577637"/>
  </frame>
  <frame idx="675" w="492" h="955" x="-59.035706" y="-303.577637">
   <element name="symbol0" layername="timeline_0" frame="2" z_index="7" m_a="3.368805" m_b="0.000000" m_c="0.000000" m_d="3.382254" m_tx="-59.035706" m_ty="-303.577637"/>
  </frame>
  <frame idx="700" w="492" h="955" x="-59.035706" y="-303.577637">
   <element name="symbol0" layername="timeline_0" frame="2" z_index="7" m_a="3.368805" m_b="0.000000" m_c="0.000000" m_d="3.382254" m_tx="-59.035706" m_ty="-303.577637"/>
  </frame>
  <frame idx="725" w="492" h="955" x="-59.035706" y="-303.577637">
   <element name="symbol0" layername="timeline_0" frame="2" z_index="7" m_a="3.368805" m_b="0.000000" m_c="0.000000" m_d="3.382254" m_tx="-59.035706" m_ty="-303.577637"/>
  </frame>
  <frame idx="750" w="492" h="955" x="-59.035706" y="-303.577637">
   <element name="symbol0" layername="timeline_0" frame="2" z_index="7" m_a="3.368805" m_b="0.000000" m_c="0.000000" m_d="3.382254" m_tx="-59.035706" m_ty="-303.577637"/>
  </frame>
  <frame idx="775" w="492" h="955" x="-59.035706" y="-303.577637">
   <element name="symbol0" layername="timeline_0" frame="2" z_index="7" m_a="3.368805" m_b="0.000000" m_c="0.000000" m_d="3.382254" m_tx="-59.035706" m_ty="-303.577637"/>
  </frame>
  <frame idx="800" w="492" h="955" x="-59.035706" y="-303.577637">
   <element name="symbol0" layername="timeline_0" frame="2" z_index="7" m_a="3.368805" m_b="0.000000" m_c="0.000000" m_d="3.382254" m_tx="-59.035706" m_ty="-303.577637"/>
  </frame>
  <frame idx="825" w="492" h="955" x="-59.035706" y="-303.577637">
   <element name="symbol0" layername="timeline_0" frame="2" z_index="7" m_a="3.368805" m_b="0.000000" m_c="0.000000" m_d="3.382254" m_tx="-59.035706" m_ty="-303.577637"/>
  </frame>
  <frame idx="850" w="492" h="955" x="-59.035706" y="-303.577637">
   <element name="symbol0" layername="timeline_0" frame="2" z_index="7" m_a="3.368805" m_b="0.000000" m_c="0.000000" m_d="3.382254" m_tx="-59.035706" m_ty="-303.577637"/>
  </frame>
  <frame idx="875" w="492" h="955" x="-59.035706" y="-303.577637">
   <element name="symbol0" layername="timeline_0" frame="2" z_index="7" m_a="3.368805" m_b="0.000000" m_c="0.000000" m_d="3.382254" m_tx="-59.035706" m_ty="-303.577637"/>
  </frame>
  <frame idx="900" w="492" h="955" x="-59.035706" y="-303.577637">
   <element name="symbol0" layername="timeline_0" frame="2" z_index="7" m_a="3.368805" m_b="0.000000" m_c="0.000000" m_d="3.382254" m_tx="-59.035706" m_ty="-303.577637"/>
  </frame>
  <frame idx="925" w="492" h="955" x="-59.035706" y="-303.577637">
   <element name="symbol0" layername="timeline_0" frame="2" z_index="7" m_a="3.368805" m_b="0.000000" m_c="0.000000" m_d="3.382254" m_tx="-59.035706" m_ty="-303.577637"/>
  </frame>
  <frame idx="950" w="492" h="955" x="-59.035706" y="-303.577637">
   <element name="symbol0" layername="timeline_0" frame="2" z_index="7" m_a="3.368805" m_b="0.000000" m_c="0.000000" m_d="3.382254" m_tx="-59.035706" m_ty="-303.577637"/>
  </frame>
  <frame idx="975" w="492" h="955" x="-59.035706" y="-303.577637">
   <element name="symbol0" layername="timeline_0" frame="2" z_index="7" m_a="3.368805" m_b="0.000000" m_c="0.000000" m_d="3.382254" m_tx="-59.035706" m_ty="-303.577637"/>
  </frame>
 </anim>
 <anim name="crystal_water" root="crystal" numframes="1000" framerate="40">
  <frame idx="0" w="615" h="1205" x="-58.035736" y="-374.599152">
   <element name="symbol0" layername="timeline_0" frame="1" z_index="7" m_a="4.210398" m_b="0.000000" m_c="0.000000" m_d="4.229668" m_tx="-58.035736" m_ty="-374.599152"/>
  </frame>
  <frame idx="25" w="615" h="1205" x="-58.035736" y="-374.599152">
   <element name="symbol0" layername="timeline_0" frame="1" z_index="7" m_a="4.210398" m_b="0.000000" m_c="0.000000" m_d="4.229668" m_tx="-58.035736" m_ty="-374.599152"/>
  </frame>
  <frame idx="50" w="615" h="1205" x="-58.035736" y="-374.599152">
   <element name="symbol0" layername="timeline_0" frame="1" z_index="7" m_a="4.210398" m_b="0.000000" m_c="0.000000" m_d="4.229668" m_tx="-58.035736" m_ty="-374.599152"/>
  </frame>
  <frame idx="75" w="615" h="1205" x="-58.035736" y="-374.599152">
   <element name="symbol0" layername="timeline_0" frame="1" z_index="7" m_a="4.210398" m_b="0.000000" m_c="0.000000" m_d="4.229668" m_tx="-58.035736" m_ty="-374.599152"/>
  </frame>
  <frame idx="100" w="615" h="1205" x="-58.035736" y="-374.599152">
   <element name="symbol0" layername="timeline_0" frame="1" z_index="7" m_a="4.210398" m_b="0.000000" m_c="0.000000" m_d="4.229668" m_tx="-58.035736" m_ty="-374.599152"/>
  </frame>
  <frame idx="125" w="615" h="1205" x="-58.035736" y="-374.599152">
   <element name="symbol0" layername="timeline_0" frame="1" z_index="7" m_a="4.210398" m_b="0.000000" m_c="0.000000" m_d="4.229668" m_tx="-58.035736" m_ty="-374.599152"/>
  </frame>
  <frame idx="150" w="615" h="1205" x="-58.035736" y="-374.599152">
   <element name="symbol0" layername="timeline_0" frame="1" z_index="7" m_a="4.210398" m_b="0.000000" m_c="0.000000" m_d="4.229668" m_tx="-58.035736" m_ty="-374.599152"/>
  </frame>
  <frame idx="175" w="615" h="1205" x="-58.035736" y="-374.599152">
   <element name="symbol0" layername="timeline_0" frame="1" z_index="7" m_a="4.210398" m_b="0.000000" m_c="0.000000" m_d="4.229668" m_tx="-58.035736" m_ty="-374.599152"/>
  </frame>
  <frame idx="200" w="615" h="1205" x="-58.035736" y="-374.599152">
   <element name="symbol0" layername="timeline_0" frame="1" z_index="7" m_a="4.210398" m_b="0.000000" m_c="0.000000" m_d="4.229668" m_tx="-58.035736" m_ty="-374.599152"/>
  </frame>
  <frame idx="225" w="615" h="1205" x="-58.035736" y="-374.599152">
   <element name="symbol0" layername="timeline_0" frame="1" z_index="7" m_a="4.210398" m_b="0.000000" m_c="0.000000" m_d="4.229668" m_tx="-58.035736" m_ty="-374.599152"/>
  </frame>
  <frame idx="250" w="615" h="1205" x="-58.035736" y="-374.599152">
   <element name="symbol0" layername="timeline_0" frame="1" z_index="7" m_a="4.210398" m_b="0.000000" m_c="0.000000" m_d="4.229668" m_tx="-58.035736" m_ty="-374.599152"/>
  </frame>
  <frame idx="275" w="615" h="1205" x="-58.035736" y="-374.599152">
   <element name="symbol0" layername="timeline_0" frame="1" z_index="7" m_a="4.210398" m_b="0.000000" m_c="0.000000" m_d="4.229668" m_tx="-58.035736" m_ty="-374.599152"/>
  </frame>
  <frame idx="300" w="615" h="1205" x="-58.035736" y="-374.599152">
   <element name="symbol0" layername="timeline_0" frame="1" z_index="7" m_a="4.210398" m_b="0.000000" m_c="0.000000" m_d="4.229668" m_tx="-58.035736" m_ty="-374.599152"/>
  </frame>
  <frame idx="325" w="615" h="1205" x="-58.035736" y="-374.599152">
   <element name="symbol0" layername="timeline_0" frame="1" z_index="7" m_a="4.210398" m_b="0.000000" m_c="0.000000" m_d="4.229668" m_tx="-58.035736" m_ty="-374.599152"/>
  </frame>
  <frame idx="350" w="615" h="1205" x="-58.035736" y="-374.599152">
   <element name="symbol0" layername="timeline_0" frame="1" z_index="7" m_a="4.210398" m_b="0.000000" m_c="0.000000" m_d="4.229668" m_tx="-58.035736" m_ty="-374.599152"/>
  </frame>
  <frame idx="375" w="615" h="1205" x="-58.035736" y="-374.599152">
   <element name="symbol0" layername="timeline_0" frame="1" z_index="7" m_a="4.210398" m_b="0.000000" m_c="0.000000" m_d="4.229668" m_tx="-58.035736" m_ty="-374.599152"/>
  </frame>
  <frame idx="400" w="615" h="1205" x="-58.035736" y="-374.599152">
   <element name="symbol0" layername="timeline_0" frame="1" z_index="7" m_a="4.210398" m_b="0.000000" m_c="0.000000" m_d="4.229668" m_tx="-58.035736" m_ty="-374.599152"/>
  </frame>
  <frame idx="425" w="615" h="1205" x="-58.035736" y="-374.599152">
   <element name="symbol0" layername="timeline_0" frame="1" z_index="7" m_a="4.210398" m_b="0.000000" m_c="0.000000" m_d="4.229668" m_tx="-58.035736" m_ty="-374.599152"/>
  </frame>
  <frame idx="450" w="615" h="1205" x="-58.035736" y="-374.599152">
   <element name="symbol0" layername="timeline_0" frame="1" z_index="7" m_a="4.210398" m_b="0.000000" m_c="0.000000" m_d="4.229668" m_tx="-58.035736" m_ty="-374.599152"/>
  </frame>
  <frame idx="475" w="615" h="1205" x="-58.035736" y="-374.599152">
   <element name="symbol0" layername="timeline_0" frame="1" z_index="7" m_a="4.210398" m_b="0.000000" m_c="0.000000" m_d="4.229668" m_tx="-58.035736" m_ty="-374.599152"/>
  </frame>
  <frame idx="500" w="615" h="1205" x="-58.035736" y="-374.599152">
   <element name="symbol0" layername="timeline_0" frame="1" z_index="7" m_a="4.210398" m_b="0.000000" m_c="0.000000" m_d="4.229668" m_tx="-58.035736" m_ty="-374.599152"/>
  </frame>
  <frame idx="525" w="615" h="1205" x="-58.035736" y="-374.599152">
   <element name="symbol0" layername="timeline_0" frame="1" z_index="7" m_a="4.210398" m_b="0.000000" m_c="0.000000" m_d="4.229668" m_tx="-58.035736" m_ty="-374.599152"/>
  </frame>
  <frame idx="550" w="615" h="1205" x="-58.035736" y="-374.599152">
   <element name="symbol0" layername="timeline_0" frame="1" z_index="7" m_a="4.210398" m_b="0.000000" m_c="0.000000" m_d="4.229668" m_tx="-58.035736" m_ty="-374.599152"/>
  </frame>
  <frame idx="575" w="615" h="1205" x="-58.035736" y="-374.599152">
   <element name="symbol0" layername="timeline_0" frame="1" z_index="7" m_a="4.210398" m_b="0.000000" m_c="0.000000" m_d="4.229668" m_tx="-58.035736" m_ty="-374.599152"/>
  </frame>
  <frame idx="600" w="615" h="1205" x="-58.035736" y="-374.599152">
   <element name="symbol0" layername="timeline_0" frame="1" z_index="7" m_a="4.210398" m_b="0.000000" m_c="0.000000" m_d="4.229668" m_tx="-58.035736" m_ty="-374.599152"/>
  </frame>
  <frame idx="625" w="615" h="1205" x="-58.035736" y="-374.599152">
   <element name="symbol0" layername="timeline_0" frame="1" z_index="7" m_a="4.210398" m_b="0.000000" m_c="0.000000" m_d="4.229668" m_tx="-58.035736" m_ty="-374.599152"/>
  </frame>
  <frame idx="650" w="615" h="1205" x="-58.035736" y="-374.599152">
   <element name="symbol0" layername="timeline_0" frame="1" z_index="7" m_a="4.210398" m_b="0.000000" m_c="0.000000" m_d="4.229668" m_tx="-58.035736" m_ty="-374.599152"/>
  </frame>
  <frame idx="675" w="615" h="1205" x="-58.035736" y="-374.599152">
   <element name="symbol0" layername="timeline_0" frame="1" z_index="7" m_a="4.210398" m_b="0.000000" m_c="0.000000" m_d="4.229668" m_tx="-58.035736" m_ty="-374.599152"/>
  </frame>
  <frame idx="700" w="615" h="1205" x="-58.035736" y="-374.599152">
   <element name="symbol0" layername="timeline_0" frame="1" z_index="7" m_a="4.210398" m_b="0.000000" m_c="0.000000" m_d="4.229668" m_tx="-58.035736" m_ty="-374.599152"/>
  </frame>
  <frame idx="725" w="615" h="1205" x="-58.035736" y="-374.599152">
   <element name="symbol0" layername="timeline_0" frame="1" z_index="7" m_a="4.210398" m_b="0.000000" m_c="0.000000" m_d="4.229668" m_tx="-58.035736" m_ty="-374.599152"/>
  </frame>
  <frame idx="750" w="615" h="1205" x="-58.035736" y="-374.599152">
   <element name="symbol0" layername="timeline_0" frame="1" z_index="7" m_a="4.210398" m_b="0.000000" m_c="0.000000" m_d="4.229668" m_tx="-58.035736" m_ty="-374.599152"/>
  </frame>
  <frame idx="775" w="615" h="1205" x="-58.035736" y="-374.599152">
   <element name="symbol0" layername="timeline_0" frame="1" z_index="7" m_a="4.210398" m_b="0.000000" m_c="0.000000" m_d="4.229668" m_tx="-58.035736" m_ty="-374.599152"/>
  </frame>
  <frame idx="800" w="615" h="1205" x="-58.035736" y="-374.599152">
   <element name="symbol0" layername="timeline_0" frame="1" z_index="7" m_a="4.210398" m_b="0.000000" m_c="0.000000" m_d="4.229668" m_tx="-58.035736" m_ty="-374.599152"/>
  </frame>
  <frame idx="825" w="615" h="1205" x="-58.035736" y="-374.599152">
   <element name="symbol0" layername="timeline_0" frame="1" z_index="7" m_a="4.210398" m_b="0.000000" m_c="0.000000" m_d="4.229668" m_tx="-58.035736" m_ty="-374.599152"/>
  </frame>
  <frame idx="850" w="615" h="1205" x="-58.035736" y="-374.599152">
   <element name="symbol0" layername="timeline_0" frame="1" z_index="7" m_a="4.210398" m_b="0.000000" m_c="0.000000" m_d="4.229668" m_tx="-58.035736" m_ty="-374.599152"/>
  </frame>
  <frame idx="875" w="615" h="1205" x="-58.035736" y="-374.599152">
   <element name="symbol0" layername="timeline_0" frame="1" z_index="7" m_a="4.210398" m_b="0.000000" m_c="0.000000" m_d="4.229668" m_tx="-58.035736" m_ty="-374.599152"/>
  </frame>
  <frame idx="900" w="615" h="1205" x="-58.035736" y="-374.599152">
   <element name="symbol0" layername="timeline_0" frame="1" z_index="7" m_a="4.210398" m_b="0.000000" m_c="0.000000" m_d="4.229668" m_tx="-58.035736" m_ty="-374.599152"/>
  </frame>
  <frame idx="925" w="615" h="1205" x="-58.035736" y="-374.599152">
   <element name="symbol0" layername="timeline_0" frame="1" z_index="7" m_a="4.210398" m_b="0.000000" m_c="0.000000" m_d="4.229668" m_tx="-58.035736" m_ty="-374.599152"/>
  </frame>
  <frame idx="950" w="615" h="1205" x="-58.035736" y="-374.599152">
   <element name="symbol0" layername="timeline_0" frame="1" z_index="7" m_a="4.210398" m_b="0.000000" m_c="0.000000" m_d="4.229668" m_tx="-58.035736" m_ty="-374.599152"/>
  </frame>
  <frame idx="975" w="615" h="1205" x="-58.035736" y="-374.599152">
   <element name="symbol0" layername="timeline_0" frame="1" z_index="7" m_a="4.210398" m_b="0.000000" m_c="0.000000" m_d="4.229668" m_tx="-58.035736" m_ty="-374.599152"/>
  </frame>
 </anim>
</Anims>
