<Anims>
 <anim name="idle_full" root="crystal_water" numframes="1000" framerate="40">
  <frame idx="0" w="197" h="306" x="7.581635" y="-85.836731">
   <element name="symbol0" layername="timeline_0" frame="0" z_index="18" m_a="1.000000" m_b="0.000000" m_c="0.000000" m_d="1.000000" m_tx="7.581635" m_ty="-85.836731"/>
  </frame>
  <frame idx="25" w="197" h="306" x="7.581635" y="-85.836731">
   <element name="symbol0" layername="timeline_0" frame="0" z_index="18" m_a="1.000000" m_b="0.000000" m_c="0.000000" m_d="1.000000" m_tx="7.581635" m_ty="-85.836731"/>
  </frame>
  <frame idx="50" w="197" h="306" x="7.581635" y="-85.836731"/>
  <frame idx="75" w="197" h="306" x="7.581635" y="-85.836731"/>
  <frame idx="100" w="197" h="306" x="7.581635" y="-85.836731"/>
  <frame idx="125" w="197" h="306" x="7.581635" y="-85.836731"/>
  <frame idx="150" w="197" h="306" x="7.581635" y="-85.836731"/>
  <frame idx="175" w="197" h="306" x="7.581635" y="-85.836731"/>
  <frame idx="200" w="197" h="306" x="7.581635" y="-85.836731"/>
  <frame idx="225" w="197" h="306" x="7.581635" y="-85.836731"/>
  <frame idx="250" w="197" h="306" x="7.581635" y="-85.836731"/>
  <frame idx="275" w="197" h="306" x="7.581635" y="-85.836731"/>
  <frame idx="300" w="197" h="306" x="7.581635" y="-85.836731"/>
  <frame idx="325" w="197" h="306" x="7.581635" y="-85.836731"/>
  <frame idx="350" w="197" h="306" x="7.581635" y="-85.836731"/>
  <frame idx="375" w="197" h="306" x="7.581635" y="-85.836731"/>
  <frame idx="400" w="197" h="306" x="7.581635" y="-85.836731"/>
  <frame idx="425" w="197" h="306" x="7.581635" y="-85.836731"/>
  <frame idx="450" w="197" h="306" x="7.581635" y="-85.836731"/>
  <frame idx="475" w="197" h="306" x="7.581635" y="-85.836731"/>
  <frame idx="500" w="197" h="306" x="7.581635" y="-85.836731"/>
  <frame idx="525" w="197" h="306" x="7.581635" y="-85.836731"/>
  <frame idx="550" w="197" h="306" x="7.581635" y="-85.836731"/>
  <frame idx="575" w="197" h="306" x="7.581635" y="-85.836731"/>
  <frame idx="600" w="197" h="306" x="7.581635" y="-85.836731"/>
  <frame idx="625" w="197" h="306" x="7.581635" y="-85.836731"/>
  <frame idx="650" w="197" h="306" x="7.581635" y="-85.836731"/>
  <frame idx="675" w="197" h="306" x="7.581635" y="-85.836731"/>
  <frame idx="700" w="197" h="306" x="7.581635" y="-85.836731"/>
  <frame idx="725" w="197" h="306" x="7.581635" y="-85.836731"/>
  <frame idx="750" w="197" h="306" x="7.581635" y="-85.836731"/>
  <frame idx="775" w="197" h="306" x="7.581635" y="-85.836731"/>
  <frame idx="800" w="197" h="306" x="7.581635" y="-85.836731"/>
  <frame idx="825" w="197" h="306" x="7.581635" y="-85.836731"/>
  <frame idx="850" w="197" h="306" x="7.581635" y="-85.836731"/>
  <frame idx="875" w="197" h="306" x="7.581635" y="-85.836731"/>
  <frame idx="900" w="197" h="306" x="7.581635" y="-85.836731"/>
  <frame idx="925" w="197" h="306" x="7.581635" y="-85.836731"/>
  <frame idx="950" w="197" h="306" x="7.581635" y="-85.836731"/>
  <frame idx="975" w="197" h="306" x="7.581635" y="-85.836731"/>
 </anim>
 <anim name="idle_med" root="crystal_water" numframes="1000" framerate="40">
  <frame idx="0" w="229" h="210" x="-1.826530" y="-57.693878">
   <element name="symbol0" layername="timeline_0" frame="1" z_index="18" m_a="1.000000" m_b="0.000000" m_c="0.000000" m_d="1.000000" m_tx="-1.826530" m_ty="-57.693878"/>
  </frame>
  <frame idx="25" w="229" h="210" x="-1.826530" y="-57.693878">
   <element name="symbol0" layername="timeline_0" frame="1" z_index="18" m_a="1.000000" m_b="0.000000" m_c="0.000000" m_d="1.000000" m_tx="-1.826530" m_ty="-57.693878"/>
  </frame>
  <frame idx="50" w="229" h="210" x="-1.826530" y="-57.693878"/>
  <frame idx="75" w="229" h="210" x="-1.826530" y="-57.693878"/>
  <frame idx="100" w="229" h="210" x="-1.826530" y="-57.693878"/>
  <frame idx="125" w="229" h="210" x="-1.826530" y="-57.693878"/>
  <frame idx="150" w="229" h="210" x="-1.826530" y="-57.693878"/>
  <frame idx="175" w="229" h="210" x="-1.826530" y="-57.693878"/>
  <frame idx="200" w="229" h="210" x="-1.826530" y="-57.693878"/>
  <frame idx="225" w="229" h="210" x="-1.826530" y="-57.693878"/>
  <frame idx="250" w="229" h="210" x="-1.826530" y="-57.693878"/>
  <frame idx="275" w="229" h="210" x="-1.826530" y="-57.693878"/>
  <frame idx="300" w="229" h="210" x="-1.826530" y="-57.693878"/>
  <frame idx="325" w="229" h="210" x="-1.826530" y="-57.693878"/>
  <frame idx="350" w="229" h="210" x="-1.826530" y="-57.693878"/>
  <frame idx="375" w="229" h="210" x="-1.826530" y="-57.693878"/>
  <frame idx="400" w="229" h="210" x="-1.826530" y="-57.693878"/>
  <frame idx="425" w="229" h="210" x="-1.826530" y="-57.693878"/>
  <frame idx="450" w="229" h="210" x="-1.826530" y="-57.693878"/>
  <frame idx="475" w="229" h="210" x="-1.826530" y="-57.693878"/>
  <frame idx="500" w="229" h="210" x="-1.826530" y="-57.693878"/>
  <frame idx="525" w="229" h="210" x="-1.826530" y="-57.693878"/>
  <frame idx="550" w="229" h="210" x="-1.826530" y="-57.693878"/>
  <frame idx="575" w="229" h="210" x="-1.826530" y="-57.693878"/>
  <frame idx="600" w="229" h="210" x="-1.826530" y="-57.693878"/>
  <frame idx="625" w="229" h="210" x="-1.826530" y="-57.693878"/>
  <frame idx="650" w="229" h="210" x="-1.826530" y="-57.693878"/>
  <frame idx="675" w="229" h="210" x="-1.826530" y="-57.693878"/>
  <frame idx="700" w="229" h="210" x="-1.826530" y="-57.693878"/>
  <frame idx="725" w="229" h="210" x="-1.826530" y="-57.693878"/>
  <frame idx="750" w="229" h="210" x="-1.826530" y="-57.693878"/>
  <frame idx="775" w="229" h="210" x="-1.826530" y="-57.693878"/>
  <frame idx="800" w="229" h="210" x="-1.826530" y="-57.693878"/>
  <frame idx="825" w="229" h="210" x="-1.826530" y="-57.693878"/>
  <frame idx="850" w="229" h="210" x="-1.826530" y="-57.693878"/>
  <frame idx="875" w="229" h="210" x="-1.826530" y="-57.693878"/>
  <frame idx="900" w="229" h="210" x="-1.826530" y="-57.693878"/>
  <frame idx="925" w="229" h="210" x="-1.826530" y="-57.693878"/>
  <frame idx="950" w="229" h="210" x="-1.826530" y="-57.693878"/>
  <frame idx="975" w="229" h="210" x="-1.826530" y="-57.693878"/>
 </anim>
 <anim name="idle_low" root="crystal_water" numframes="1000" framerate="40">
  <frame idx="0" w="196" h="187" x="3.061226" y="-39.183670">
   <element name="symbol0" layername="timeline_0" frame="2" z_index="18" m_a="1.000000" m_b="0.000000" m_c="0.000000" m_d="1.000000" m_tx="3.061226" m_ty="-39.183670"/>
  </frame>
  <frame idx="25" w="196" h="187" x="3.061226" y="-39.183670">
   <element name="symbol0" layername="timeline_0" frame="2" z_index="18" m_a="1.000000" m_b="0.000000" m_c="0.000000" m_d="1.000000" m_tx="3.061226" m_ty="-39.183670"/>
  </frame>
  <frame idx="50" w="196" h="187" x="3.061226" y="-39.183670"/>
  <frame idx="75" w="196" h="187" x="3.061226" y="-39.183670"/>
  <frame idx="100" w="196" h="187" x="3.061226" y="-39.183670"/>
  <frame idx="125" w="196" h="187" x="3.061226" y="-39.183670"/>
  <frame idx="150" w="196" h="187" x="3.061226" y="-39.183670"/>
  <frame idx="175" w="196" h="187" x="3.061226" y="-39.183670"/>
  <frame idx="200" w="196" h="187" x="3.061226" y="-39.183670"/>
  <frame idx="225" w="196" h="187" x="3.061226" y="-39.183670"/>
  <frame idx="250" w="196" h="187" x="3.061226" y="-39.183670"/>
  <frame idx="275" w="196" h="187" x="3.061226" y="-39.183670"/>
  <frame idx="300" w="196" h="187" x="3.061226" y="-39.183670"/>
  <frame idx="325" w="196" h="187" x="3.061226" y="-39.183670"/>
  <frame idx="350" w="196" h="187" x="3.061226" y="-39.183670"/>
  <frame idx="375" w="196" h="187" x="3.061226" y="-39.183670"/>
  <frame idx="400" w="196" h="187" x="3.061226" y="-39.183670"/>
  <frame idx="425" w="196" h="187" x="3.061226" y="-39.183670"/>
  <frame idx="450" w="196" h="187" x="3.061226" y="-39.183670"/>
  <frame idx="475" w="196" h="187" x="3.061226" y="-39.183670"/>
  <frame idx="500" w="196" h="187" x="3.061226" y="-39.183670"/>
  <frame idx="525" w="196" h="187" x="3.061226" y="-39.183670"/>
  <frame idx="550" w="196" h="187" x="3.061226" y="-39.183670"/>
  <frame idx="575" w="196" h="187" x="3.061226" y="-39.183670"/>
  <frame idx="600" w="196" h="187" x="3.061226" y="-39.183670"/>
  <frame idx="625" w="196" h="187" x="3.061226" y="-39.183670"/>
  <frame idx="650" w="196" h="187" x="3.061226" y="-39.183670"/>
  <frame idx="675" w="196" h="187" x="3.061226" y="-39.183670"/>
  <frame idx="700" w="196" h="187" x="3.061226" y="-39.183670"/>
  <frame idx="725" w="196" h="187" x="3.061226" y="-39.183670"/>
  <frame idx="750" w="196" h="187" x="3.061226" y="-39.183670"/>
  <frame idx="775" w="196" h="187" x="3.061226" y="-39.183670"/>
  <frame idx="800" w="196" h="187" x="3.061226" y="-39.183670"/>
  <frame idx="825" w="196" h="187" x="3.061226" y="-39.183670"/>
  <frame idx="850" w="196" h="187" x="3.061226" y="-39.183670"/>
  <frame idx="875" w="196" h="187" x="3.061226" y="-39.183670"/>
  <frame idx="900" w="196" h="187" x="3.061226" y="-39.183670"/>
  <frame idx="925" w="196" h="187" x="3.061226" y="-39.183670"/>
  <frame idx="950" w="196" h="187" x="3.061226" y="-39.183670"/>
  <frame idx="975" w="196" h="187" x="3.061226" y="-39.183670"/>
 </anim>
 <anim name="idle_full" root="crystal_light" numframes="1000" framerate="40">
  <frame idx="0" w="161" h="283" x="-7.055557" y="-85.000000">
   <element name="symbol0" layername="timeline_0" frame="3" z_index="18" m_a="1.000000" m_b="0.000000" m_c="0.000000" m_d="1.000000" m_tx="-7.055557" m_ty="-85.000000"/>
  </frame>
  <frame idx="25" w="161" h="283" x="-7.055557" y="-85.000000">
   <element name="symbol0" layername="timeline_0" frame="3" z_index="18" m_a="1.000000" m_b="0.000000" m_c="0.000000" m_d="1.000000" m_tx="-7.055557" m_ty="-85.000000"/>
  </frame>
  <frame idx="50" w="161" h="283" x="-7.055557" y="-85.000000"/>
  <frame idx="75" w="161" h="283" x="-7.055557" y="-85.000000"/>
  <frame idx="100" w="161" h="283" x="-7.055557" y="-85.000000"/>
  <frame idx="125" w="161" h="283" x="-7.055557" y="-85.000000"/>
  <frame idx="150" w="161" h="283" x="-7.055557" y="-85.000000"/>
  <frame idx="175" w="161" h="283" x="-7.055557" y="-85.000000"/>
  <frame idx="200" w="161" h="283" x="-7.055557" y="-85.000000"/>
  <frame idx="225" w="161" h="283" x="-7.055557" y="-85.000000"/>
  <frame idx="250" w="161" h="283" x="-7.055557" y="-85.000000"/>
  <frame idx="275" w="161" h="283" x="-7.055557" y="-85.000000"/>
  <frame idx="300" w="161" h="283" x="-7.055557" y="-85.000000"/>
  <frame idx="325" w="161" h="283" x="-7.055557" y="-85.000000"/>
  <frame idx="350" w="161" h="283" x="-7.055557" y="-85.000000"/>
  <frame idx="375" w="161" h="283" x="-7.055557" y="-85.000000"/>
  <frame idx="400" w="161" h="283" x="-7.055557" y="-85.000000"/>
  <frame idx="425" w="161" h="283" x="-7.055557" y="-85.000000"/>
  <frame idx="450" w="161" h="283" x="-7.055557" y="-85.000000"/>
  <frame idx="475" w="161" h="283" x="-7.055557" y="-85.000000"/>
  <frame idx="500" w="161" h="283" x="-7.055557" y="-85.000000"/>
  <frame idx="525" w="161" h="283" x="-7.055557" y="-85.000000"/>
  <frame idx="550" w="161" h="283" x="-7.055557" y="-85.000000"/>
  <frame idx="575" w="161" h="283" x="-7.055557" y="-85.000000"/>
  <frame idx="600" w="161" h="283" x="-7.055557" y="-85.000000"/>
  <frame idx="625" w="161" h="283" x="-7.055557" y="-85.000000"/>
  <frame idx="650" w="161" h="283" x="-7.055557" y="-85.000000"/>
  <frame idx="675" w="161" h="283" x="-7.055557" y="-85.000000"/>
  <frame idx="700" w="161" h="283" x="-7.055557" y="-85.000000"/>
  <frame idx="725" w="161" h="283" x="-7.055557" y="-85.000000"/>
  <frame idx="750" w="161" h="283" x="-7.055557" y="-85.000000"/>
  <frame idx="775" w="161" h="283" x="-7.055557" y="-85.000000"/>
  <frame idx="800" w="161" h="283" x="-7.055557" y="-85.000000"/>
  <frame idx="825" w="161" h="283" x="-7.055557" y="-85.000000"/>
  <frame idx="850" w="161" h="283" x="-7.055557" y="-85.000000"/>
  <frame idx="875" w="161" h="283" x="-7.055557" y="-85.000000"/>
  <frame idx="900" w="161" h="283" x="-7.055557" y="-85.000000"/>
  <frame idx="925" w="161" h="283" x="-7.055557" y="-85.000000"/>
  <frame idx="950" w="161" h="283" x="-7.055557" y="-85.000000"/>
  <frame idx="975" w="161" h="283" x="-7.055557" y="-85.000000"/>
 </anim>
 <anim name="idle_med" root="crystal_light" numframes="1000" framerate="40">
  <frame idx="0" w="177" h="193" x="-11.747192" y="-56.337082">
   <element name="symbol0" layername="timeline_0" frame="4" z_index="18" m_a="1.000000" m_b="0.000000" m_c="0.000000" m_d="1.000000" m_tx="-11.747192" m_ty="-56.337082"/>
  </frame>
  <frame idx="25" w="177" h="193" x="-11.747192" y="-56.337082">
   <element name="symbol0" layername="timeline_0" frame="4" z_index="18" m_a="1.000000" m_b="0.000000" m_c="0.000000" m_d="1.000000" m_tx="-11.747192" m_ty="-56.337082"/>
  </frame>
  <frame idx="50" w="177" h="193" x="-11.747192" y="-56.337082"/>
  <frame idx="75" w="177" h="193" x="-11.747192" y="-56.337082"/>
  <frame idx="100" w="177" h="193" x="-11.747192" y="-56.337082"/>
  <frame idx="125" w="177" h="193" x="-11.747192" y="-56.337082"/>
  <frame idx="150" w="177" h="193" x="-11.747192" y="-56.337082"/>
  <frame idx="175" w="177" h="193" x="-11.747192" y="-56.337082"/>
  <frame idx="200" w="177" h="193" x="-11.747192" y="-56.337082"/>
  <frame idx="225" w="177" h="193" x="-11.747192" y="-56.337082"/>
  <frame idx="250" w="177" h="193" x="-11.747192" y="-56.337082"/>
  <frame idx="275" w="177" h="193" x="-11.747192" y="-56.337082"/>
  <frame idx="300" w="177" h="193" x="-11.747192" y="-56.337082"/>
  <frame idx="325" w="177" h="193" x="-11.747192" y="-56.337082"/>
  <frame idx="350" w="177" h="193" x="-11.747192" y="-56.337082"/>
  <frame idx="375" w="177" h="193" x="-11.747192" y="-56.337082"/>
  <frame idx="400" w="177" h="193" x="-11.747192" y="-56.337082"/>
  <frame idx="425" w="177" h="193" x="-11.747192" y="-56.337082"/>
  <frame idx="450" w="177" h="193" x="-11.747192" y="-56.337082"/>
  <frame idx="475" w="177" h="193" x="-11.747192" y="-56.337082"/>
  <frame idx="500" w="177" h="193" x="-11.747192" y="-56.337082"/>
  <frame idx="525" w="177" h="193" x="-11.747192" y="-56.337082"/>
  <frame idx="550" w="177" h="193" x="-11.747192" y="-56.337082"/>
  <frame idx="575" w="177" h="193" x="-11.747192" y="-56.337082"/>
  <frame idx="600" w="177" h="193" x="-11.747192" y="-56.337082"/>
  <frame idx="625" w="177" h="193" x="-11.747192" y="-56.337082"/>
  <frame idx="650" w="177" h="193" x="-11.747192" y="-56.337082"/>
  <frame idx="675" w="177" h="193" x="-11.747192" y="-56.337082"/>
  <frame idx="700" w="177" h="193" x="-11.747192" y="-56.337082"/>
  <frame idx="725" w="177" h="193" x="-11.747192" y="-56.337082"/>
  <frame idx="750" w="177" h="193" x="-11.747192" y="-56.337082"/>
  <frame idx="775" w="177" h="193" x="-11.747192" y="-56.337082"/>
  <frame idx="800" w="177" h="193" x="-11.747192" y="-56.337082"/>
  <frame idx="825" w="177" h="193" x="-11.747192" y="-56.337082"/>
  <frame idx="850" w="177" h="193" x="-11.747192" y="-56.337082"/>
  <frame idx="875" w="177" h="193" x="-11.747192" y="-56.337082"/>
  <frame idx="900" w="177" h="193" x="-11.747192" y="-56.337082"/>
  <frame idx="925" w="177" h="193" x="-11.747192" y="-56.337082"/>
  <frame idx="950" w="177" h="193" x="-11.747192" y="-56.337082"/>
  <frame idx="975" w="177" h="193" x="-11.747192" y="-56.337082"/>
 </anim>
 <anim name="idle_low" root="crystal_light" numframes="1000" framerate="40">
  <frame idx="0" w="160" h="177" x="-9.887642" y="-43.106743">
   <element name="symbol0" layername="timeline_0" frame="5" z_index="18" m_a="1.000000" m_b="0.000000" m_c="0.000000" m_d="1.000000" m_tx="-9.887642" m_ty="-43.106743"/>
  </frame>
  <frame idx="25" w="160" h="177" x="-9.887642" y="-43.106743">
   <element name="symbol0" layername="timeline_0" frame="5" z_index="18" m_a="1.000000" m_b="0.000000" m_c="0.000000" m_d="1.000000" m_tx="-9.887642" m_ty="-43.106743"/>
  </frame>
  <frame idx="50" w="160" h="177" x="-9.887642" y="-43.106743"/>
  <frame idx="75" w="160" h="177" x="-9.887642" y="-43.106743"/>
  <frame idx="100" w="160" h="177" x="-9.887642" y="-43.106743"/>
  <frame idx="125" w="160" h="177" x="-9.887642" y="-43.106743"/>
  <frame idx="150" w="160" h="177" x="-9.887642" y="-43.106743"/>
  <frame idx="175" w="160" h="177" x="-9.887642" y="-43.106743"/>
  <frame idx="200" w="160" h="177" x="-9.887642" y="-43.106743"/>
  <frame idx="225" w="160" h="177" x="-9.887642" y="-43.106743"/>
  <frame idx="250" w="160" h="177" x="-9.887642" y="-43.106743"/>
  <frame idx="275" w="160" h="177" x="-9.887642" y="-43.106743"/>
  <frame idx="300" w="160" h="177" x="-9.887642" y="-43.106743"/>
  <frame idx="325" w="160" h="177" x="-9.887642" y="-43.106743"/>
  <frame idx="350" w="160" h="177" x="-9.887642" y="-43.106743"/>
  <frame idx="375" w="160" h="177" x="-9.887642" y="-43.106743"/>
  <frame idx="400" w="160" h="177" x="-9.887642" y="-43.106743"/>
  <frame idx="425" w="160" h="177" x="-9.887642" y="-43.106743"/>
  <frame idx="450" w="160" h="177" x="-9.887642" y="-43.106743"/>
  <frame idx="475" w="160" h="177" x="-9.887642" y="-43.106743"/>
  <frame idx="500" w="160" h="177" x="-9.887642" y="-43.106743"/>
  <frame idx="525" w="160" h="177" x="-9.887642" y="-43.106743"/>
  <frame idx="550" w="160" h="177" x="-9.887642" y="-43.106743"/>
  <frame idx="575" w="160" h="177" x="-9.887642" y="-43.106743"/>
  <frame idx="600" w="160" h="177" x="-9.887642" y="-43.106743"/>
  <frame idx="625" w="160" h="177" x="-9.887642" y="-43.106743"/>
  <frame idx="650" w="160" h="177" x="-9.887642" y="-43.106743"/>
  <frame idx="675" w="160" h="177" x="-9.887642" y="-43.106743"/>
  <frame idx="700" w="160" h="177" x="-9.887642" y="-43.106743"/>
  <frame idx="725" w="160" h="177" x="-9.887642" y="-43.106743"/>
  <frame idx="750" w="160" h="177" x="-9.887642" y="-43.106743"/>
  <frame idx="775" w="160" h="177" x="-9.887642" y="-43.106743"/>
  <frame idx="800" w="160" h="177" x="-9.887642" y="-43.106743"/>
  <frame idx="825" w="160" h="177" x="-9.887642" y="-43.106743"/>
  <frame idx="850" w="160" h="177" x="-9.887642" y="-43.106743"/>
  <frame idx="875" w="160" h="177" x="-9.887642" y="-43.106743"/>
  <frame idx="900" w="160" h="177" x="-9.887642" y="-43.106743"/>
  <frame idx="925" w="160" h="177" x="-9.887642" y="-43.106743"/>
  <frame idx="950" w="160" h="177" x="-9.887642" y="-43.106743"/>
  <frame idx="975" w="160" h="177" x="-9.887642" y="-43.106743"/>
 </anim>
 <anim name="idle_full" root="crystal_spire" numframes="1000" framerate="40">
  <frame idx="0" w="191" h="290" x="-6.561859" y="-81.659790">
   <element name="symbol0" layername="timeline_0" frame="6" z_index="18" m_a="1.000000" m_b="0.000000" m_c="0.000000" m_d="1.000000" m_tx="-6.561859" m_ty="-81.659790"/>
  </frame>
  <frame idx="25" w="191" h="290" x="-6.561859" y="-81.659790">
   <element name="symbol0" layername="timeline_0" frame="6" z_index="18" m_a="1.000000" m_b="0.000000" m_c="0.000000" m_d="1.000000" m_tx="-6.561859" m_ty="-81.659790"/>
  </frame>
  <frame idx="50" w="191" h="290" x="-6.561859" y="-81.659790"/>
  <frame idx="75" w="191" h="290" x="-6.561859" y="-81.659790"/>
  <frame idx="100" w="191" h="290" x="-6.561859" y="-81.659790"/>
  <frame idx="125" w="191" h="290" x="-6.561859" y="-81.659790"/>
  <frame idx="150" w="191" h="290" x="-6.561859" y="-81.659790"/>
  <frame idx="175" w="191" h="290" x="-6.561859" y="-81.659790"/>
  <frame idx="200" w="191" h="290" x="-6.561859" y="-81.659790"/>
  <frame idx="225" w="191" h="290" x="-6.561859" y="-81.659790"/>
  <frame idx="250" w="191" h="290" x="-6.561859" y="-81.659790"/>
  <frame idx="275" w="191" h="290" x="-6.561859" y="-81.659790"/>
  <frame idx="300" w="191" h="290" x="-6.561859" y="-81.659790"/>
  <frame idx="325" w="191" h="290" x="-6.561859" y="-81.659790"/>
  <frame idx="350" w="191" h="290" x="-6.561859" y="-81.659790"/>
  <frame idx="375" w="191" h="290" x="-6.561859" y="-81.659790"/>
  <frame idx="400" w="191" h="290" x="-6.561859" y="-81.659790"/>
  <frame idx="425" w="191" h="290" x="-6.561859" y="-81.659790"/>
  <frame idx="450" w="191" h="290" x="-6.561859" y="-81.659790"/>
  <frame idx="475" w="191" h="290" x="-6.561859" y="-81.659790"/>
  <frame idx="500" w="191" h="290" x="-6.561859" y="-81.659790"/>
  <frame idx="525" w="191" h="290" x="-6.561859" y="-81.659790"/>
  <frame idx="550" w="191" h="290" x="-6.561859" y="-81.659790"/>
  <frame idx="575" w="191" h="290" x="-6.561859" y="-81.659790"/>
  <frame idx="600" w="191" h="290" x="-6.561859" y="-81.659790"/>
  <frame idx="625" w="191" h="290" x="-6.561859" y="-81.659790"/>
  <frame idx="650" w="191" h="290" x="-6.561859" y="-81.659790"/>
  <frame idx="675" w="191" h="290" x="-6.561859" y="-81.659790"/>
  <frame idx="700" w="191" h="290" x="-6.561859" y="-81.659790"/>
  <frame idx="725" w="191" h="290" x="-6.561859" y="-81.659790"/>
  <frame idx="750" w="191" h="290" x="-6.561859" y="-81.659790"/>
  <frame idx="775" w="191" h="290" x="-6.561859" y="-81.659790"/>
  <frame idx="800" w="191" h="290" x="-6.561859" y="-81.659790"/>
  <frame idx="825" w="191" h="290" x="-6.561859" y="-81.659790"/>
  <frame idx="850" w="191" h="290" x="-6.561859" y="-81.659790"/>
  <frame idx="875" w="191" h="290" x="-6.561859" y="-81.659790"/>
  <frame idx="900" w="191" h="290" x="-6.561859" y="-81.659790"/>
  <frame idx="925" w="191" h="290" x="-6.561859" y="-81.659790"/>
  <frame idx="950" w="191" h="290" x="-6.561859" y="-81.659790"/>
  <frame idx="975" w="191" h="290" x="-6.561859" y="-81.659790"/>
 </anim>
 <anim name="idle_med" root="crystal_spire" numframes="1000" framerate="40">
  <frame idx="0" w="186" h="205" x="-13.250000" y="-55.607147">
   <element name="symbol0" layername="timeline_0" frame="7" z_index="18" m_a="1.000000" m_b="0.000000" m_c="0.000000" m_d="1.000000" m_tx="-13.250000" m_ty="-55.607147"/>
  </frame>
  <frame idx="25" w="186" h="205" x="-13.250000" y="-55.607147">
   <element name="symbol0" layername="timeline_0" frame="7" z_index="18" m_a="1.000000" m_b="0.000000" m_c="0.000000" m_d="1.000000" m_tx="-13.250000" m_ty="-55.607147"/>
  </frame>
  <frame idx="50" w="186" h="205" x="-13.250000" y="-55.607147"/>
  <frame idx="75" w="186" h="205" x="-13.250000" y="-55.607147"/>
  <frame idx="100" w="186" h="205" x="-13.250000" y="-55.607147"/>
  <frame idx="125" w="186" h="205" x="-13.250000" y="-55.607147"/>
  <frame idx="150" w="186" h="205" x="-13.250000" y="-55.607147"/>
  <frame idx="175" w="186" h="205" x="-13.250000" y="-55.607147"/>
  <frame idx="200" w="186" h="205" x="-13.250000" y="-55.607147"/>
  <frame idx="225" w="186" h="205" x="-13.250000" y="-55.607147"/>
  <frame idx="250" w="186" h="205" x="-13.250000" y="-55.607147"/>
  <frame idx="275" w="186" h="205" x="-13.250000" y="-55.607147"/>
  <frame idx="300" w="186" h="205" x="-13.250000" y="-55.607147"/>
  <frame idx="325" w="186" h="205" x="-13.250000" y="-55.607147"/>
  <frame idx="350" w="186" h="205" x="-13.250000" y="-55.607147"/>
  <frame idx="375" w="186" h="205" x="-13.250000" y="-55.607147"/>
  <frame idx="400" w="186" h="205" x="-13.250000" y="-55.607147"/>
  <frame idx="425" w="186" h="205" x="-13.250000" y="-55.607147"/>
  <frame idx="450" w="186" h="205" x="-13.250000" y="-55.607147"/>
  <frame idx="475" w="186" h="205" x="-13.250000" y="-55.607147"/>
  <frame idx="500" w="186" h="205" x="-13.250000" y="-55.607147"/>
  <frame idx="525" w="186" h="205" x="-13.250000" y="-55.607147"/>
  <frame idx="550" w="186" h="205" x="-13.250000" y="-55.607147"/>
  <frame idx="575" w="186" h="205" x="-13.250000" y="-55.607147"/>
  <frame idx="600" w="186" h="205" x="-13.250000" y="-55.607147"/>
  <frame idx="625" w="186" h="205" x="-13.250000" y="-55.607147"/>
  <frame idx="650" w="186" h="205" x="-13.250000" y="-55.607147"/>
  <frame idx="675" w="186" h="205" x="-13.250000" y="-55.607147"/>
  <frame idx="700" w="186" h="205" x="-13.250000" y="-55.607147"/>
  <frame idx="725" w="186" h="205" x="-13.250000" y="-55.607147"/>
  <frame idx="750" w="186" h="205" x="-13.250000" y="-55.607147"/>
  <frame idx="775" w="186" h="205" x="-13.250000" y="-55.607147"/>
  <frame idx="800" w="186" h="205" x="-13.250000" y="-55.607147"/>
  <frame idx="825" w="186" h="205" x="-13.250000" y="-55.607147"/>
  <frame idx="850" w="186" h="205" x="-13.250000" y="-55.607147"/>
  <frame idx="875" w="186" h="205" x="-13.250000" y="-55.607147"/>
  <frame idx="900" w="186" h="205" x="-13.250000" y="-55.607147"/>
  <frame idx="925" w="186" h="205" x="-13.250000" y="-55.607147"/>
  <frame idx="950" w="186" h="205" x="-13.250000" y="-55.607147"/>
  <frame idx="975" w="186" h="205" x="-13.250000" y="-55.607147"/>
 </anim>
 <anim name="idle_low" root="crystal_spire" numframes="1000" framerate="40">
  <frame idx="0" w="176" h="147" x="-8.428574" y="-27.571426">
   <element name="symbol0" layername="timeline_0" frame="8" z_index="18" m_a="1.000000" m_b="0.000000" m_c="0.000000" m_d="1.000000" m_tx="-8.428574" m_ty="-27.571426"/>
  </frame>
  <frame idx="25" w="176" h="147" x="-8.428574" y="-27.571426">
   <element name="symbol0" layername="timeline_0" frame="8" z_index="18" m_a="1.000000" m_b="0.000000" m_c="0.000000" m_d="1.000000" m_tx="-8.428574" m_ty="-27.571426"/>
  </frame>
  <frame idx="50" w="176" h="147" x="-8.428574" y="-27.571426"/>
  <frame idx="75" w="176" h="147" x="-8.428574" y="-27.571426"/>
  <frame idx="100" w="176" h="147" x="-8.428574" y="-27.571426"/>
  <frame idx="125" w="176" h="147" x="-8.428574" y="-27.571426"/>
  <frame idx="150" w="176" h="147" x="-8.428574" y="-27.571426"/>
  <frame idx="175" w="176" h="147" x="-8.428574" y="-27.571426"/>
  <frame idx="200" w="176" h="147" x="-8.428574" y="-27.571426"/>
  <frame idx="225" w="176" h="147" x="-8.428574" y="-27.571426"/>
  <frame idx="250" w="176" h="147" x="-8.428574" y="-27.571426"/>
  <frame idx="275" w="176" h="147" x="-8.428574" y="-27.571426"/>
  <frame idx="300" w="176" h="147" x="-8.428574" y="-27.571426"/>
  <frame idx="325" w="176" h="147" x="-8.428574" y="-27.571426"/>
  <frame idx="350" w="176" h="147" x="-8.428574" y="-27.571426"/>
  <frame idx="375" w="176" h="147" x="-8.428574" y="-27.571426"/>
  <frame idx="400" w="176" h="147" x="-8.428574" y="-27.571426"/>
  <frame idx="425" w="176" h="147" x="-8.428574" y="-27.571426"/>
  <frame idx="450" w="176" h="147" x="-8.428574" y="-27.571426"/>
  <frame idx="475" w="176" h="147" x="-8.428574" y="-27.571426"/>
  <frame idx="500" w="176" h="147" x="-8.428574" y="-27.571426"/>
  <frame idx="525" w="176" h="147" x="-8.428574" y="-27.571426"/>
  <frame idx="550" w="176" h="147" x="-8.428574" y="-27.571426"/>
  <frame idx="575" w="176" h="147" x="-8.428574" y="-27.571426"/>
  <frame idx="600" w="176" h="147" x="-8.428574" y="-27.571426"/>
  <frame idx="625" w="176" h="147" x="-8.428574" y="-27.571426"/>
  <frame idx="650" w="176" h="147" x="-8.428574" y="-27.571426"/>
  <frame idx="675" w="176" h="147" x="-8.428574" y="-27.571426"/>
  <frame idx="700" w="176" h="147" x="-8.428574" y="-27.571426"/>
  <frame idx="725" w="176" h="147" x="-8.428574" y="-27.571426"/>
  <frame idx="750" w="176" h="147" x="-8.428574" y="-27.571426"/>
  <frame idx="775" w="176" h="147" x="-8.428574" y="-27.571426"/>
  <frame idx="800" w="176" h="147" x="-8.428574" y="-27.571426"/>
  <frame idx="825" w="176" h="147" x="-8.428574" y="-27.571426"/>
  <frame idx="850" w="176" h="147" x="-8.428574" y="-27.571426"/>
  <frame idx="875" w="176" h="147" x="-8.428574" y="-27.571426"/>
  <frame idx="900" w="176" h="147" x="-8.428574" y="-27.571426"/>
  <frame idx="925" w="176" h="147" x="-8.428574" y="-27.571426"/>
  <frame idx="950" w="176" h="147" x="-8.428574" y="-27.571426"/>
  <frame idx="975" w="176" h="147" x="-8.428574" y="-27.571426"/>
 </anim>
 <anim name="idle_full" root="crystal_quartz" numframes="1000" framerate="40">
  <frame idx="0" w="161" h="285" x="-7.000000" y="-86.785721">
   <element name="symbol0" layername="timeline_0" frame="9" z_index="18" m_a="1.000000" m_b="0.000000" m_c="0.000000" m_d="1.000000" m_tx="-7.000000" m_ty="-86.785721"/>
  </frame>
  <frame idx="25" w="161" h="285" x="-7.000000" y="-86.785721">
   <element name="symbol0" layername="timeline_0" frame="9" z_index="18" m_a="1.000000" m_b="0.000000" m_c="0.000000" m_d="1.000000" m_tx="-7.000000" m_ty="-86.785721"/>
  </frame>
  <frame idx="50" w="161" h="285" x="-7.000000" y="-86.785721"/>
  <frame idx="75" w="161" h="285" x="-7.000000" y="-86.785721"/>
  <frame idx="100" w="161" h="285" x="-7.000000" y="-86.785721"/>
  <frame idx="125" w="161" h="285" x="-7.000000" y="-86.785721"/>
  <frame idx="150" w="161" h="285" x="-7.000000" y="-86.785721"/>
  <frame idx="175" w="161" h="285" x="-7.000000" y="-86.785721"/>
  <frame idx="200" w="161" h="285" x="-7.000000" y="-86.785721"/>
  <frame idx="225" w="161" h="285" x="-7.000000" y="-86.785721"/>
  <frame idx="250" w="161" h="285" x="-7.000000" y="-86.785721"/>
  <frame idx="275" w="161" h="285" x="-7.000000" y="-86.785721"/>
  <frame idx="300" w="161" h="285" x="-7.000000" y="-86.785721"/>
  <frame idx="325" w="161" h="285" x="-7.000000" y="-86.785721"/>
  <frame idx="350" w="161" h="285" x="-7.000000" y="-86.785721"/>
  <frame idx="375" w="161" h="285" x="-7.000000" y="-86.785721"/>
  <frame idx="400" w="161" h="285" x="-7.000000" y="-86.785721"/>
  <frame idx="425" w="161" h="285" x="-7.000000" y="-86.785721"/>
  <frame idx="450" w="161" h="285" x="-7.000000" y="-86.785721"/>
  <frame idx="475" w="161" h="285" x="-7.000000" y="-86.785721"/>
  <frame idx="500" w="161" h="285" x="-7.000000" y="-86.785721"/>
  <frame idx="525" w="161" h="285" x="-7.000000" y="-86.785721"/>
  <frame idx="550" w="161" h="285" x="-7.000000" y="-86.785721"/>
  <frame idx="575" w="161" h="285" x="-7.000000" y="-86.785721"/>
  <frame idx="600" w="161" h="285" x="-7.000000" y="-86.785721"/>
  <frame idx="625" w="161" h="285" x="-7.000000" y="-86.785721"/>
  <frame idx="650" w="161" h="285" x="-7.000000" y="-86.785721"/>
  <frame idx="675" w="161" h="285" x="-7.000000" y="-86.785721"/>
  <frame idx="700" w="161" h="285" x="-7.000000" y="-86.785721"/>
  <frame idx="725" w="161" h="285" x="-7.000000" y="-86.785721"/>
  <frame idx="750" w="161" h="285" x="-7.000000" y="-86.785721"/>
  <frame idx="775" w="161" h="285" x="-7.000000" y="-86.785721"/>
  <frame idx="800" w="161" h="285" x="-7.000000" y="-86.785721"/>
  <frame idx="825" w="161" h="285" x="-7.000000" y="-86.785721"/>
  <frame idx="850" w="161" h="285" x="-7.000000" y="-86.785721"/>
  <frame idx="875" w="161" h="285" x="-7.000000" y="-86.785721"/>
  <frame idx="900" w="161" h="285" x="-7.000000" y="-86.785721"/>
  <frame idx="925" w="161" h="285" x="-7.000000" y="-86.785721"/>
  <frame idx="950" w="161" h="285" x="-7.000000" y="-86.785721"/>
  <frame idx="975" w="161" h="285" x="-7.000000" y="-86.785721"/>
 </anim>
 <anim name="idle_med" root="crystal_quartz" numframes="1000" framerate="40">
  <frame idx="0" w="177" h="195" x="-10.392860" y="-57.750000">
   <element name="symbol0" layername="timeline_0" frame="10" z_index="18" m_a="1.000000" m_b="0.000000" m_c="0.000000" m_d="1.000000" m_tx="-10.392860" m_ty="-57.750000"/>
  </frame>
  <frame idx="25" w="177" h="195" x="-10.392860" y="-57.750000">
   <element name="symbol0" layername="timeline_0" frame="10" z_index="18" m_a="1.000000" m_b="0.000000" m_c="0.000000" m_d="1.000000" m_tx="-10.392860" m_ty="-57.750000"/>
  </frame>
  <frame idx="50" w="177" h="195" x="-10.392860" y="-57.750000"/>
  <frame idx="75" w="177" h="195" x="-10.392860" y="-57.750000"/>
  <frame idx="100" w="177" h="195" x="-10.392860" y="-57.750000"/>
  <frame idx="125" w="177" h="195" x="-10.392860" y="-57.750000"/>
  <frame idx="150" w="177" h="195" x="-10.392860" y="-57.750000"/>
  <frame idx="175" w="177" h="195" x="-10.392860" y="-57.750000"/>
  <frame idx="200" w="177" h="195" x="-10.392860" y="-57.750000"/>
  <frame idx="225" w="177" h="195" x="-10.392860" y="-57.750000"/>
  <frame idx="250" w="177" h="195" x="-10.392860" y="-57.750000"/>
  <frame idx="275" w="177" h="195" x="-10.392860" y="-57.750000"/>
  <frame idx="300" w="177" h="195" x="-10.392860" y="-57.750000"/>
  <frame idx="325" w="177" h="195" x="-10.392860" y="-57.750000"/>
  <frame idx="350" w="177" h="195" x="-10.392860" y="-57.750000"/>
  <frame idx="375" w="177" h="195" x="-10.392860" y="-57.750000"/>
  <frame idx="400" w="177" h="195" x="-10.392860" y="-57.750000"/>
  <frame idx="425" w="177" h="195" x="-10.392860" y="-57.750000"/>
  <frame idx="450" w="177" h="195" x="-10.392860" y="-57.750000"/>
  <frame idx="475" w="177" h="195" x="-10.392860" y="-57.750000"/>
  <frame idx="500" w="177" h="195" x="-10.392860" y="-57.750000"/>
  <frame idx="525" w="177" h="195" x="-10.392860" y="-57.750000"/>
  <frame idx="550" w="177" h="195" x="-10.392860" y="-57.750000"/>
  <frame idx="575" w="177" h="195" x="-10.392860" y="-57.750000"/>
  <frame idx="600" w="177" h="195" x="-10.392860" y="-57.750000"/>
  <frame idx="625" w="177" h="195" x="-10.392860" y="-57.750000"/>
  <frame idx="650" w="177" h="195" x="-10.392860" y="-57.750000"/>
  <frame idx="675" w="177" h="195" x="-10.392860" y="-57.750000"/>
  <frame idx="700" w="177" h="195" x="-10.392860" y="-57.750000"/>
  <frame idx="725" w="177" h="195" x="-10.392860" y="-57.750000"/>
  <frame idx="750" w="177" h="195" x="-10.392860" y="-57.750000"/>
  <frame idx="775" w="177" h="195" x="-10.392860" y="-57.750000"/>
  <frame idx="800" w="177" h="195" x="-10.392860" y="-57.750000"/>
  <frame idx="825" w="177" h="195" x="-10.392860" y="-57.750000"/>
  <frame idx="850" w="177" h="195" x="-10.392860" y="-57.750000"/>
  <frame idx="875" w="177" h="195" x="-10.392860" y="-57.750000"/>
  <frame idx="900" w="177" h="195" x="-10.392860" y="-57.750000"/>
  <frame idx="925" w="177" h="195" x="-10.392860" y="-57.750000"/>
  <frame idx="950" w="177" h="195" x="-10.392860" y="-57.750000"/>
  <frame idx="975" w="177" h="195" x="-10.392860" y="-57.750000"/>
 </anim>
 <anim name="idle_low" root="crystal_quartz" numframes="1000" framerate="40">
  <frame idx="0" w="166" h="141" x="-8.964287" y="-34.464287">
   <element name="symbol0" layername="timeline_0" frame="11" z_index="18" m_a="1.000000" m_b="0.000000" m_c="0.000000" m_d="1.000000" m_tx="-8.964287" m_ty="-34.464287"/>
  </frame>
  <frame idx="25" w="166" h="141" x="-8.964287" y="-34.464287">
   <element name="symbol0" layername="timeline_0" frame="11" z_index="18" m_a="1.000000" m_b="0.000000" m_c="0.000000" m_d="1.000000" m_tx="-8.964287" m_ty="-34.464287"/>
  </frame>
  <frame idx="50" w="166" h="141" x="-8.964287" y="-34.464287"/>
  <frame idx="75" w="166" h="141" x="-8.964287" y="-34.464287"/>
  <frame idx="100" w="166" h="141" x="-8.964287" y="-34.464287"/>
  <frame idx="125" w="166" h="141" x="-8.964287" y="-34.464287"/>
  <frame idx="150" w="166" h="141" x="-8.964287" y="-34.464287"/>
  <frame idx="175" w="166" h="141" x="-8.964287" y="-34.464287"/>
  <frame idx="200" w="166" h="141" x="-8.964287" y="-34.464287"/>
  <frame idx="225" w="166" h="141" x="-8.964287" y="-34.464287"/>
  <frame idx="250" w="166" h="141" x="-8.964287" y="-34.464287"/>
  <frame idx="275" w="166" h="141" x="-8.964287" y="-34.464287"/>
  <frame idx="300" w="166" h="141" x="-8.964287" y="-34.464287"/>
  <frame idx="325" w="166" h="141" x="-8.964287" y="-34.464287"/>
  <frame idx="350" w="166" h="141" x="-8.964287" y="-34.464287"/>
  <frame idx="375" w="166" h="141" x="-8.964287" y="-34.464287"/>
  <frame idx="400" w="166" h="141" x="-8.964287" y="-34.464287"/>
  <frame idx="425" w="166" h="141" x="-8.964287" y="-34.464287"/>
  <frame idx="450" w="166" h="141" x="-8.964287" y="-34.464287"/>
  <frame idx="475" w="166" h="141" x="-8.964287" y="-34.464287"/>
  <frame idx="500" w="166" h="141" x="-8.964287" y="-34.464287"/>
  <frame idx="525" w="166" h="141" x="-8.964287" y="-34.464287"/>
  <frame idx="550" w="166" h="141" x="-8.964287" y="-34.464287"/>
  <frame idx="575" w="166" h="141" x="-8.964287" y="-34.464287"/>
  <frame idx="600" w="166" h="141" x="-8.964287" y="-34.464287"/>
  <frame idx="625" w="166" h="141" x="-8.964287" y="-34.464287"/>
  <frame idx="650" w="166" h="141" x="-8.964287" y="-34.464287"/>
  <frame idx="675" w="166" h="141" x="-8.964287" y="-34.464287"/>
  <frame idx="700" w="166" h="141" x="-8.964287" y="-34.464287"/>
  <frame idx="725" w="166" h="141" x="-8.964287" y="-34.464287"/>
  <frame idx="750" w="166" h="141" x="-8.964287" y="-34.464287"/>
  <frame idx="775" w="166" h="141" x="-8.964287" y="-34.464287"/>
  <frame idx="800" w="166" h="141" x="-8.964287" y="-34.464287"/>
  <frame idx="825" w="166" h="141" x="-8.964287" y="-34.464287"/>
  <frame idx="850" w="166" h="141" x="-8.964287" y="-34.464287"/>
  <frame idx="875" w="166" h="141" x="-8.964287" y="-34.464287"/>
  <frame idx="900" w="166" h="141" x="-8.964287" y="-34.464287"/>
  <frame idx="925" w="166" h="141" x="-8.964287" y="-34.464287"/>
  <frame idx="950" w="166" h="141" x="-8.964287" y="-34.464287"/>
  <frame idx="975" w="166" h="141" x="-8.964287" y="-34.464287"/>
 </anim>
 <anim name="idle_full" root="crystal_white" numframes="1000" framerate="40">
  <frame idx="0" w="161" h="282" x="-11.464287" y="-87.678574">
   <element name="symbol0" layername="timeline_0" frame="12" z_index="18" m_a="1.000000" m_b="0.000000" m_c="0.000000" m_d="1.000000" m_tx="-11.464287" m_ty="-87.678574"/>
  </frame>
  <frame idx="25" w="161" h="282" x="-11.464287" y="-87.678574">
   <element name="symbol0" layername="timeline_0" frame="12" z_index="18" m_a="1.000000" m_b="0.000000" m_c="0.000000" m_d="1.000000" m_tx="-11.464287" m_ty="-87.678574"/>
  </frame>
  <frame idx="50" w="161" h="282" x="-11.464287" y="-87.678574"/>
  <frame idx="75" w="161" h="282" x="-11.464287" y="-87.678574"/>
  <frame idx="100" w="161" h="282" x="-11.464287" y="-87.678574"/>
  <frame idx="125" w="161" h="282" x="-11.464287" y="-87.678574"/>
  <frame idx="150" w="161" h="282" x="-11.464287" y="-87.678574"/>
  <frame idx="175" w="161" h="282" x="-11.464287" y="-87.678574"/>
  <frame idx="200" w="161" h="282" x="-11.464287" y="-87.678574"/>
  <frame idx="225" w="161" h="282" x="-11.464287" y="-87.678574"/>
  <frame idx="250" w="161" h="282" x="-11.464287" y="-87.678574"/>
  <frame idx="275" w="161" h="282" x="-11.464287" y="-87.678574"/>
  <frame idx="300" w="161" h="282" x="-11.464287" y="-87.678574"/>
  <frame idx="325" w="161" h="282" x="-11.464287" y="-87.678574"/>
  <frame idx="350" w="161" h="282" x="-11.464287" y="-87.678574"/>
  <frame idx="375" w="161" h="282" x="-11.464287" y="-87.678574"/>
  <frame idx="400" w="161" h="282" x="-11.464287" y="-87.678574"/>
  <frame idx="425" w="161" h="282" x="-11.464287" y="-87.678574"/>
  <frame idx="450" w="161" h="282" x="-11.464287" y="-87.678574"/>
  <frame idx="475" w="161" h="282" x="-11.464287" y="-87.678574"/>
  <frame idx="500" w="161" h="282" x="-11.464287" y="-87.678574"/>
  <frame idx="525" w="161" h="282" x="-11.464287" y="-87.678574"/>
  <frame idx="550" w="161" h="282" x="-11.464287" y="-87.678574"/>
  <frame idx="575" w="161" h="282" x="-11.464287" y="-87.678574"/>
  <frame idx="600" w="161" h="282" x="-11.464287" y="-87.678574"/>
  <frame idx="625" w="161" h="282" x="-11.464287" y="-87.678574"/>
  <frame idx="650" w="161" h="282" x="-11.464287" y="-87.678574"/>
  <frame idx="675" w="161" h="282" x="-11.464287" y="-87.678574"/>
  <frame idx="700" w="161" h="282" x="-11.464287" y="-87.678574"/>
  <frame idx="725" w="161" h="282" x="-11.464287" y="-87.678574"/>
  <frame idx="750" w="161" h="282" x="-11.464287" y="-87.678574"/>
  <frame idx="775" w="161" h="282" x="-11.464287" y="-87.678574"/>
  <frame idx="800" w="161" h="282" x="-11.464287" y="-87.678574"/>
  <frame idx="825" w="161" h="282" x="-11.464287" y="-87.678574"/>
  <frame idx="850" w="161" h="282" x="-11.464287" y="-87.678574"/>
  <frame idx="875" w="161" h="282" x="-11.464287" y="-87.678574"/>
  <frame idx="900" w="161" h="282" x="-11.464287" y="-87.678574"/>
  <frame idx="925" w="161" h="282" x="-11.464287" y="-87.678574"/>
  <frame idx="950" w="161" h="282" x="-11.464287" y="-87.678574"/>
  <frame idx="975" w="161" h="282" x="-11.464287" y="-87.678574"/>
 </anim>
 <anim name="idle_med" root="crystal_white" numframes="1000" framerate="40">
  <frame idx="0" w="177" h="188" x="-14.178574" y="-55.071426">
   <element name="symbol0" layername="timeline_0" frame="13" z_index="18" m_a="1.000000" m_b="0.000000" m_c="0.000000" m_d="1.000000" m_tx="-14.178574" m_ty="-55.071426"/>
  </frame>
  <frame idx="25" w="177" h="188" x="-14.178574" y="-55.071426">
   <element name="symbol0" layername="timeline_0" frame="13" z_index="18" m_a="1.000000" m_b="0.000000" m_c="0.000000" m_d="1.000000" m_tx="-14.178574" m_ty="-55.071426"/>
  </frame>
  <frame idx="50" w="177" h="188" x="-14.178574" y="-55.071426"/>
  <frame idx="75" w="177" h="188" x="-14.178574" y="-55.071426"/>
  <frame idx="100" w="177" h="188" x="-14.178574" y="-55.071426"/>
  <frame idx="125" w="177" h="188" x="-14.178574" y="-55.071426"/>
  <frame idx="150" w="177" h="188" x="-14.178574" y="-55.071426"/>
  <frame idx="175" w="177" h="188" x="-14.178574" y="-55.071426"/>
  <frame idx="200" w="177" h="188" x="-14.178574" y="-55.071426"/>
  <frame idx="225" w="177" h="188" x="-14.178574" y="-55.071426"/>
  <frame idx="250" w="177" h="188" x="-14.178574" y="-55.071426"/>
  <frame idx="275" w="177" h="188" x="-14.178574" y="-55.071426"/>
  <frame idx="300" w="177" h="188" x="-14.178574" y="-55.071426"/>
  <frame idx="325" w="177" h="188" x="-14.178574" y="-55.071426"/>
  <frame idx="350" w="177" h="188" x="-14.178574" y="-55.071426"/>
  <frame idx="375" w="177" h="188" x="-14.178574" y="-55.071426"/>
  <frame idx="400" w="177" h="188" x="-14.178574" y="-55.071426"/>
  <frame idx="425" w="177" h="188" x="-14.178574" y="-55.071426"/>
  <frame idx="450" w="177" h="188" x="-14.178574" y="-55.071426"/>
  <frame idx="475" w="177" h="188" x="-14.178574" y="-55.071426"/>
  <frame idx="500" w="177" h="188" x="-14.178574" y="-55.071426"/>
  <frame idx="525" w="177" h="188" x="-14.178574" y="-55.071426"/>
  <frame idx="550" w="177" h="188" x="-14.178574" y="-55.071426"/>
  <frame idx="575" w="177" h="188" x="-14.178574" y="-55.071426"/>
  <frame idx="600" w="177" h="188" x="-14.178574" y="-55.071426"/>
  <frame idx="625" w="177" h="188" x="-14.178574" y="-55.071426"/>
  <frame idx="650" w="177" h="188" x="-14.178574" y="-55.071426"/>
  <frame idx="675" w="177" h="188" x="-14.178574" y="-55.071426"/>
  <frame idx="700" w="177" h="188" x="-14.178574" y="-55.071426"/>
  <frame idx="725" w="177" h="188" x="-14.178574" y="-55.071426"/>
  <frame idx="750" w="177" h="188" x="-14.178574" y="-55.071426"/>
  <frame idx="775" w="177" h="188" x="-14.178574" y="-55.071426"/>
  <frame idx="800" w="177" h="188" x="-14.178574" y="-55.071426"/>
  <frame idx="825" w="177" h="188" x="-14.178574" y="-55.071426"/>
  <frame idx="850" w="177" h="188" x="-14.178574" y="-55.071426"/>
  <frame idx="875" w="177" h="188" x="-14.178574" y="-55.071426"/>
  <frame idx="900" w="177" h="188" x="-14.178574" y="-55.071426"/>
  <frame idx="925" w="177" h="188" x="-14.178574" y="-55.071426"/>
  <frame idx="950" w="177" h="188" x="-14.178574" y="-55.071426"/>
  <frame idx="975" w="177" h="188" x="-14.178574" y="-55.071426"/>
 </anim>
 <anim name="idle_low" root="crystal_white" numframes="1000" framerate="40">
  <frame idx="0" w="166" h="138" x="-9.857140" y="-29.892860">
   <element name="symbol0" layername="timeline_0" frame="14" z_index="18" m_a="1.000000" m_b="0.000000" m_c="0.000000" m_d="1.000000" m_tx="-9.857140" m_ty="-29.892860"/>
  </frame>
  <frame idx="25" w="166" h="138" x="-9.857140" y="-29.892860">
   <element name="symbol0" layername="timeline_0" frame="14" z_index="18" m_a="1.000000" m_b="0.000000" m_c="0.000000" m_d="1.000000" m_tx="-9.857140" m_ty="-29.892860"/>
  </frame>
  <frame idx="50" w="166" h="138" x="-9.857140" y="-29.892860"/>
  <frame idx="75" w="166" h="138" x="-9.857140" y="-29.892860"/>
  <frame idx="100" w="166" h="138" x="-9.857140" y="-29.892860"/>
  <frame idx="125" w="166" h="138" x="-9.857140" y="-29.892860"/>
  <frame idx="150" w="166" h="138" x="-9.857140" y="-29.892860"/>
  <frame idx="175" w="166" h="138" x="-9.857140" y="-29.892860"/>
  <frame idx="200" w="166" h="138" x="-9.857140" y="-29.892860"/>
  <frame idx="225" w="166" h="138" x="-9.857140" y="-29.892860"/>
  <frame idx="250" w="166" h="138" x="-9.857140" y="-29.892860"/>
  <frame idx="275" w="166" h="138" x="-9.857140" y="-29.892860"/>
  <frame idx="300" w="166" h="138" x="-9.857140" y="-29.892860"/>
  <frame idx="325" w="166" h="138" x="-9.857140" y="-29.892860"/>
  <frame idx="350" w="166" h="138" x="-9.857140" y="-29.892860"/>
  <frame idx="375" w="166" h="138" x="-9.857140" y="-29.892860"/>
  <frame idx="400" w="166" h="138" x="-9.857140" y="-29.892860"/>
  <frame idx="425" w="166" h="138" x="-9.857140" y="-29.892860"/>
  <frame idx="450" w="166" h="138" x="-9.857140" y="-29.892860"/>
  <frame idx="475" w="166" h="138" x="-9.857140" y="-29.892860"/>
  <frame idx="500" w="166" h="138" x="-9.857140" y="-29.892860"/>
  <frame idx="525" w="166" h="138" x="-9.857140" y="-29.892860"/>
  <frame idx="550" w="166" h="138" x="-9.857140" y="-29.892860"/>
  <frame idx="575" w="166" h="138" x="-9.857140" y="-29.892860"/>
  <frame idx="600" w="166" h="138" x="-9.857140" y="-29.892860"/>
  <frame idx="625" w="166" h="138" x="-9.857140" y="-29.892860"/>
  <frame idx="650" w="166" h="138" x="-9.857140" y="-29.892860"/>
  <frame idx="675" w="166" h="138" x="-9.857140" y="-29.892860"/>
  <frame idx="700" w="166" h="138" x="-9.857140" y="-29.892860"/>
  <frame idx="725" w="166" h="138" x="-9.857140" y="-29.892860"/>
  <frame idx="750" w="166" h="138" x="-9.857140" y="-29.892860"/>
  <frame idx="775" w="166" h="138" x="-9.857140" y="-29.892860"/>
  <frame idx="800" w="166" h="138" x="-9.857140" y="-29.892860"/>
  <frame idx="825" w="166" h="138" x="-9.857140" y="-29.892860"/>
  <frame idx="850" w="166" h="138" x="-9.857140" y="-29.892860"/>
  <frame idx="875" w="166" h="138" x="-9.857140" y="-29.892860"/>
  <frame idx="900" w="166" h="138" x="-9.857140" y="-29.892860"/>
  <frame idx="925" w="166" h="138" x="-9.857140" y="-29.892860"/>
  <frame idx="950" w="166" h="138" x="-9.857140" y="-29.892860"/>
  <frame idx="975" w="166" h="138" x="-9.857140" y="-29.892860"/>
 </anim>
 <anim name="idle_full" root="crystal_relic" numframes="1000" framerate="40">
  <frame idx="0" w="161" h="280" x="-12.357140" y="-86.785721">
   <element name="symbol1" layername="timeline_0" frame="0" z_index="18" m_a="1.000000" m_b="0.000000" m_c="0.000000" m_d="1.000000" m_tx="-12.357140" m_ty="-86.785721"/>
  </frame>
  <frame idx="25" w="161" h="280" x="-12.357140" y="-86.785721">
   <element name="symbol1" layername="timeline_0" frame="0" z_index="18" m_a="1.000000" m_b="0.000000" m_c="0.000000" m_d="1.000000" m_tx="-12.357140" m_ty="-86.785721"/>
  </frame>
  <frame idx="50" w="161" h="280" x="-12.357140" y="-86.785721"/>
  <frame idx="75" w="161" h="280" x="-12.357140" y="-86.785721"/>
  <frame idx="100" w="161" h="280" x="-12.357140" y="-86.785721"/>
  <frame idx="125" w="161" h="280" x="-12.357140" y="-86.785721"/>
  <frame idx="150" w="161" h="280" x="-12.357140" y="-86.785721"/>
  <frame idx="175" w="161" h="280" x="-12.357140" y="-86.785721"/>
  <frame idx="200" w="161" h="280" x="-12.357140" y="-86.785721"/>
  <frame idx="225" w="161" h="280" x="-12.357140" y="-86.785721"/>
  <frame idx="250" w="161" h="280" x="-12.357140" y="-86.785721"/>
  <frame idx="275" w="161" h="280" x="-12.357140" y="-86.785721"/>
  <frame idx="300" w="161" h="280" x="-12.357140" y="-86.785721"/>
  <frame idx="325" w="161" h="280" x="-12.357140" y="-86.785721"/>
  <frame idx="350" w="161" h="280" x="-12.357140" y="-86.785721"/>
  <frame idx="375" w="161" h="280" x="-12.357140" y="-86.785721"/>
  <frame idx="400" w="161" h="280" x="-12.357140" y="-86.785721"/>
  <frame idx="425" w="161" h="280" x="-12.357140" y="-86.785721"/>
  <frame idx="450" w="161" h="280" x="-12.357140" y="-86.785721"/>
  <frame idx="475" w="161" h="280" x="-12.357140" y="-86.785721"/>
  <frame idx="500" w="161" h="280" x="-12.357140" y="-86.785721"/>
  <frame idx="525" w="161" h="280" x="-12.357140" y="-86.785721"/>
  <frame idx="550" w="161" h="280" x="-12.357140" y="-86.785721"/>
  <frame idx="575" w="161" h="280" x="-12.357140" y="-86.785721"/>
  <frame idx="600" w="161" h="280" x="-12.357140" y="-86.785721"/>
  <frame idx="625" w="161" h="280" x="-12.357140" y="-86.785721"/>
  <frame idx="650" w="161" h="280" x="-12.357140" y="-86.785721"/>
  <frame idx="675" w="161" h="280" x="-12.357140" y="-86.785721"/>
  <frame idx="700" w="161" h="280" x="-12.357140" y="-86.785721"/>
  <frame idx="725" w="161" h="280" x="-12.357140" y="-86.785721"/>
  <frame idx="750" w="161" h="280" x="-12.357140" y="-86.785721"/>
  <frame idx="775" w="161" h="280" x="-12.357140" y="-86.785721"/>
  <frame idx="800" w="161" h="280" x="-12.357140" y="-86.785721"/>
  <frame idx="825" w="161" h="280" x="-12.357140" y="-86.785721"/>
  <frame idx="850" w="161" h="280" x="-12.357140" y="-86.785721"/>
  <frame idx="875" w="161" h="280" x="-12.357140" y="-86.785721"/>
  <frame idx="900" w="161" h="280" x="-12.357140" y="-86.785721"/>
  <frame idx="925" w="161" h="280" x="-12.357140" y="-86.785721"/>
  <frame idx="950" w="161" h="280" x="-12.357140" y="-86.785721"/>
  <frame idx="975" w="161" h="280" x="-12.357140" y="-86.785721"/>
 </anim>
 <anim name="idle_med" root="crystal_relic" numframes="1000" framerate="40">
  <frame idx="0" w="177" h="188" x="-19.428574" y="-57.642853">
   <element name="symbol1" layername="timeline_0" frame="1" z_index="18" m_a="1.000000" m_b="0.000000" m_c="0.000000" m_d="1.000000" m_tx="-19.428574" m_ty="-57.642853"/>
  </frame>
  <frame idx="25" w="177" h="188" x="-19.428574" y="-57.642853">
   <element name="symbol1" layername="timeline_0" frame="1" z_index="18" m_a="1.000000" m_b="0.000000" m_c="0.000000" m_d="1.000000" m_tx="-19.428574" m_ty="-57.642853"/>
  </frame>
  <frame idx="50" w="177" h="188" x="-19.428574" y="-57.642853"/>
  <frame idx="75" w="177" h="188" x="-19.428574" y="-57.642853"/>
  <frame idx="100" w="177" h="188" x="-19.428574" y="-57.642853"/>
  <frame idx="125" w="177" h="188" x="-19.428574" y="-57.642853"/>
  <frame idx="150" w="177" h="188" x="-19.428574" y="-57.642853"/>
  <frame idx="175" w="177" h="188" x="-19.428574" y="-57.642853"/>
  <frame idx="200" w="177" h="188" x="-19.428574" y="-57.642853"/>
  <frame idx="225" w="177" h="188" x="-19.428574" y="-57.642853"/>
  <frame idx="250" w="177" h="188" x="-19.428574" y="-57.642853"/>
  <frame idx="275" w="177" h="188" x="-19.428574" y="-57.642853"/>
  <frame idx="300" w="177" h="188" x="-19.428574" y="-57.642853"/>
  <frame idx="325" w="177" h="188" x="-19.428574" y="-57.642853"/>
  <frame idx="350" w="177" h="188" x="-19.428574" y="-57.642853"/>
  <frame idx="375" w="177" h="188" x="-19.428574" y="-57.642853"/>
  <frame idx="400" w="177" h="188" x="-19.428574" y="-57.642853"/>
  <frame idx="425" w="177" h="188" x="-19.428574" y="-57.642853"/>
  <frame idx="450" w="177" h="188" x="-19.428574" y="-57.642853"/>
  <frame idx="475" w="177" h="188" x="-19.428574" y="-57.642853"/>
  <frame idx="500" w="177" h="188" x="-19.428574" y="-57.642853"/>
  <frame idx="525" w="177" h="188" x="-19.428574" y="-57.642853"/>
  <frame idx="550" w="177" h="188" x="-19.428574" y="-57.642853"/>
  <frame idx="575" w="177" h="188" x="-19.428574" y="-57.642853"/>
  <frame idx="600" w="177" h="188" x="-19.428574" y="-57.642853"/>
  <frame idx="625" w="177" h="188" x="-19.428574" y="-57.642853"/>
  <frame idx="650" w="177" h="188" x="-19.428574" y="-57.642853"/>
  <frame idx="675" w="177" h="188" x="-19.428574" y="-57.642853"/>
  <frame idx="700" w="177" h="188" x="-19.428574" y="-57.642853"/>
  <frame idx="725" w="177" h="188" x="-19.428574" y="-57.642853"/>
  <frame idx="750" w="177" h="188" x="-19.428574" y="-57.642853"/>
  <frame idx="775" w="177" h="188" x="-19.428574" y="-57.642853"/>
  <frame idx="800" w="177" h="188" x="-19.428574" y="-57.642853"/>
  <frame idx="825" w="177" h="188" x="-19.428574" y="-57.642853"/>
  <frame idx="850" w="177" h="188" x="-19.428574" y="-57.642853"/>
  <frame idx="875" w="177" h="188" x="-19.428574" y="-57.642853"/>
  <frame idx="900" w="177" h="188" x="-19.428574" y="-57.642853"/>
  <frame idx="925" w="177" h="188" x="-19.428574" y="-57.642853"/>
  <frame idx="950" w="177" h="188" x="-19.428574" y="-57.642853"/>
  <frame idx="975" w="177" h="188" x="-19.428574" y="-57.642853"/>
 </anim>
 <anim name="idle_low" root="crystal_relic" numframes="1000" framerate="40">
  <frame idx="0" w="166" h="178" x="-10.642860" y="-40.785713">
   <element name="symbol1" layername="timeline_0" frame="2" z_index="18" m_a="1.000000" m_b="0.000000" m_c="0.000000" m_d="1.000000" m_tx="-10.642860" m_ty="-40.785713"/>
  </frame>
  <frame idx="25" w="166" h="178" x="-10.642860" y="-40.785713">
   <element name="symbol1" layername="timeline_0" frame="2" z_index="18" m_a="1.000000" m_b="0.000000" m_c="0.000000" m_d="1.000000" m_tx="-10.642860" m_ty="-40.785713"/>
  </frame>
  <frame idx="50" w="166" h="178" x="-10.642860" y="-40.785713"/>
  <frame idx="75" w="166" h="178" x="-10.642860" y="-40.785713"/>
  <frame idx="100" w="166" h="178" x="-10.642860" y="-40.785713"/>
  <frame idx="125" w="166" h="178" x="-10.642860" y="-40.785713"/>
  <frame idx="150" w="166" h="178" x="-10.642860" y="-40.785713"/>
  <frame idx="175" w="166" h="178" x="-10.642860" y="-40.785713"/>
  <frame idx="200" w="166" h="178" x="-10.642860" y="-40.785713"/>
  <frame idx="225" w="166" h="178" x="-10.642860" y="-40.785713"/>
  <frame idx="250" w="166" h="178" x="-10.642860" y="-40.785713"/>
  <frame idx="275" w="166" h="178" x="-10.642860" y="-40.785713"/>
  <frame idx="300" w="166" h="178" x="-10.642860" y="-40.785713"/>
  <frame idx="325" w="166" h="178" x="-10.642860" y="-40.785713"/>
  <frame idx="350" w="166" h="178" x="-10.642860" y="-40.785713"/>
  <frame idx="375" w="166" h="178" x="-10.642860" y="-40.785713"/>
  <frame idx="400" w="166" h="178" x="-10.642860" y="-40.785713"/>
  <frame idx="425" w="166" h="178" x="-10.642860" y="-40.785713"/>
  <frame idx="450" w="166" h="178" x="-10.642860" y="-40.785713"/>
  <frame idx="475" w="166" h="178" x="-10.642860" y="-40.785713"/>
  <frame idx="500" w="166" h="178" x="-10.642860" y="-40.785713"/>
  <frame idx="525" w="166" h="178" x="-10.642860" y="-40.785713"/>
  <frame idx="550" w="166" h="178" x="-10.642860" y="-40.785713"/>
  <frame idx="575" w="166" h="178" x="-10.642860" y="-40.785713"/>
  <frame idx="600" w="166" h="178" x="-10.642860" y="-40.785713"/>
  <frame idx="625" w="166" h="178" x="-10.642860" y="-40.785713"/>
  <frame idx="650" w="166" h="178" x="-10.642860" y="-40.785713"/>
  <frame idx="675" w="166" h="178" x="-10.642860" y="-40.785713"/>
  <frame idx="700" w="166" h="178" x="-10.642860" y="-40.785713"/>
  <frame idx="725" w="166" h="178" x="-10.642860" y="-40.785713"/>
  <frame idx="750" w="166" h="178" x="-10.642860" y="-40.785713"/>
  <frame idx="775" w="166" h="178" x="-10.642860" y="-40.785713"/>
  <frame idx="800" w="166" h="178" x="-10.642860" y="-40.785713"/>
  <frame idx="825" w="166" h="178" x="-10.642860" y="-40.785713"/>
  <frame idx="850" w="166" h="178" x="-10.642860" y="-40.785713"/>
  <frame idx="875" w="166" h="178" x="-10.642860" y="-40.785713"/>
  <frame idx="900" w="166" h="178" x="-10.642860" y="-40.785713"/>
  <frame idx="925" w="166" h="178" x="-10.642860" y="-40.785713"/>
  <frame idx="950" w="166" h="178" x="-10.642860" y="-40.785713"/>
  <frame idx="975" w="166" h="178" x="-10.642860" y="-40.785713"/>
 </anim>
</Anims>
