<Anims>
 <anim name="crystal_light" root="crystal" numframes="1000" framerate="40">
  <frame idx="0" w="146" h="210" x="0.000000" y="0.000000">
   <element name="symbol0" layername="timeline_0" frame="6" z_index="7" m_a="2.928571" m_b="0.000000" m_c="0.000000" m_d="2.939070" m_tx="-33.107170" m_ty="-248.969055"/>
  </frame>
  <frame idx="25" w="146" h="210" x="0.000000" y="0.000000">
   <element name="symbol0" layername="timeline_0" frame="6" z_index="7" m_a="2.928571" m_b="0.000000" m_c="0.000000" m_d="2.939070" m_tx="-33.107170" m_ty="-248.969055"/>
  </frame>
  <frame idx="50" w="146" h="210" x="0.000000" y="0.000000">
   <element name="symbol0" layername="timeline_0" frame="6" z_index="7" m_a="2.928571" m_b="0.000000" m_c="0.000000" m_d="2.939070" m_tx="-33.107170" m_ty="-248.969055"/>
  </frame>
  <frame idx="75" w="146" h="210" x="0.000000" y="0.000000">
   <element name="symbol0" layername="timeline_0" frame="6" z_index="7" m_a="2.928571" m_b="0.000000" m_c="0.000000" m_d="2.939070" m_tx="-33.107170" m_ty="-248.969055"/>
  </frame>
  <frame idx="100" w="146" h="210" x="0.000000" y="0.000000">
   <element name="symbol0" layername="timeline_0" frame="6" z_index="7" m_a="2.928571" m_b="0.000000" m_c="0.000000" m_d="2.939070" m_tx="-33.107170" m_ty="-248.969055"/>
  </frame>
  <frame idx="125" w="146" h="210" x="0.000000" y="0.000000">
   <element name="symbol0" layername="timeline_0" frame="6" z_index="7" m_a="2.928571" m_b="0.000000" m_c="0.000000" m_d="2.939070" m_tx="-33.107170" m_ty="-248.969055"/>
  </frame>
  <frame idx="150" w="146" h="210" x="0.000000" y="0.000000">
   <element name="symbol0" layername="timeline_0" frame="6" z_index="7" m_a="2.928571" m_b="0.000000" m_c="0.000000" m_d="2.939070" m_tx="-33.107170" m_ty="-248.969055"/>
  </frame>
  <frame idx="175" w="146" h="210" x="0.000000" y="0.000000">
   <element name="symbol0" layername="timeline_0" frame="6" z_index="7" m_a="2.928571" m_b="0.000000" m_c="0.000000" m_d="2.939070" m_tx="-33.107170" m_ty="-248.969055"/>
  </frame>
  <frame idx="200" w="146" h="210" x="0.000000" y="0.000000">
   <element name="symbol0" layername="timeline_0" frame="6" z_index="7" m_a="2.928571" m_b="0.000000" m_c="0.000000" m_d="2.939070" m_tx="-33.107170" m_ty="-248.969055"/>
  </frame>
  <frame idx="225" w="146" h="210" x="0.000000" y="0.000000">
   <element name="symbol0" layername="timeline_0" frame="6" z_index="7" m_a="2.928571" m_b="0.000000" m_c="0.000000" m_d="2.939070" m_tx="-33.107170" m_ty="-248.969055"/>
  </frame>
  <frame idx="250" w="146" h="210" x="0.000000" y="0.000000">
   <element name="symbol0" layername="timeline_0" frame="6" z_index="7" m_a="2.928571" m_b="0.000000" m_c="0.000000" m_d="2.939070" m_tx="-33.107170" m_ty="-248.969055"/>
  </frame>
  <frame idx="275" w="146" h="210" x="0.000000" y="0.000000">
   <element name="symbol0" layername="timeline_0" frame="6" z_index="7" m_a="2.928571" m_b="0.000000" m_c="0.000000" m_d="2.939070" m_tx="-33.107170" m_ty="-248.969055"/>
  </frame>
  <frame idx="300" w="146" h="210" x="0.000000" y="0.000000">
   <element name="symbol0" layername="timeline_0" frame="6" z_index="7" m_a="2.928571" m_b="0.000000" m_c="0.000000" m_d="2.939070" m_tx="-33.107170" m_ty="-248.969055"/>
  </frame>
  <frame idx="325" w="146" h="210" x="0.000000" y="0.000000">
   <element name="symbol0" layername="timeline_0" frame="6" z_index="7" m_a="2.928571" m_b="0.000000" m_c="0.000000" m_d="2.939070" m_tx="-33.107170" m_ty="-248.969055"/>
  </frame>
  <frame idx="350" w="146" h="210" x="0.000000" y="0.000000">
   <element name="symbol0" layername="timeline_0" frame="6" z_index="7" m_a="2.928571" m_b="0.000000" m_c="0.000000" m_d="2.939070" m_tx="-33.107170" m_ty="-248.969055"/>
  </frame>
  <frame idx="375" w="146" h="210" x="0.000000" y="0.000000">
   <element name="symbol0" layername="timeline_0" frame="6" z_index="7" m_a="2.928571" m_b="0.000000" m_c="0.000000" m_d="2.939070" m_tx="-33.107170" m_ty="-248.969055"/>
  </frame>
  <frame idx="400" w="146" h="210" x="0.000000" y="0.000000">
   <element name="symbol0" layername="timeline_0" frame="6" z_index="7" m_a="2.928571" m_b="0.000000" m_c="0.000000" m_d="2.939070" m_tx="-33.107170" m_ty="-248.969055"/>
  </frame>
  <frame idx="425" w="146" h="210" x="0.000000" y="0.000000">
   <element name="symbol0" layername="timeline_0" frame="6" z_index="7" m_a="2.928571" m_b="0.000000" m_c="0.000000" m_d="2.939070" m_tx="-33.107170" m_ty="-248.969055"/>
  </frame>
  <frame idx="450" w="146" h="210" x="0.000000" y="0.000000">
   <element name="symbol0" layername="timeline_0" frame="6" z_index="7" m_a="2.928571" m_b="0.000000" m_c="0.000000" m_d="2.939070" m_tx="-33.107170" m_ty="-248.969055"/>
  </frame>
  <frame idx="475" w="146" h="210" x="0.000000" y="0.000000">
   <element name="symbol0" layername="timeline_0" frame="6" z_index="7" m_a="2.928571" m_b="0.000000" m_c="0.000000" m_d="2.939070" m_tx="-33.107170" m_ty="-248.969055"/>
  </frame>
  <frame idx="500" w="146" h="210" x="0.000000" y="0.000000">
   <element name="symbol0" layername="timeline_0" frame="6" z_index="7" m_a="2.928571" m_b="0.000000" m_c="0.000000" m_d="2.939070" m_tx="-33.107170" m_ty="-248.969055"/>
  </frame>
  <frame idx="525" w="146" h="210" x="0.000000" y="0.000000">
   <element name="symbol0" layername="timeline_0" frame="6" z_index="7" m_a="2.928571" m_b="0.000000" m_c="0.000000" m_d="2.939070" m_tx="-33.107170" m_ty="-248.969055"/>
  </frame>
  <frame idx="550" w="146" h="210" x="0.000000" y="0.000000">
   <element name="symbol0" layername="timeline_0" frame="6" z_index="7" m_a="2.928571" m_b="0.000000" m_c="0.000000" m_d="2.939070" m_tx="-33.107170" m_ty="-248.969055"/>
  </frame>
  <frame idx="575" w="146" h="210" x="0.000000" y="0.000000">
   <element name="symbol0" layername="timeline_0" frame="6" z_index="7" m_a="2.928571" m_b="0.000000" m_c="0.000000" m_d="2.939070" m_tx="-33.107170" m_ty="-248.969055"/>
  </frame>
  <frame idx="600" w="146" h="210" x="0.000000" y="0.000000">
   <element name="symbol0" layername="timeline_0" frame="6" z_index="7" m_a="2.928571" m_b="0.000000" m_c="0.000000" m_d="2.939070" m_tx="-33.107170" m_ty="-248.969055"/>
  </frame>
  <frame idx="625" w="146" h="210" x="0.000000" y="0.000000">
   <element name="symbol0" layername="timeline_0" frame="6" z_index="7" m_a="2.928571" m_b="0.000000" m_c="0.000000" m_d="2.939070" m_tx="-33.107170" m_ty="-248.969055"/>
  </frame>
  <frame idx="650" w="146" h="210" x="0.000000" y="0.000000">
   <element name="symbol0" layername="timeline_0" frame="6" z_index="7" m_a="2.928571" m_b="0.000000" m_c="0.000000" m_d="2.939070" m_tx="-33.107170" m_ty="-248.969055"/>
  </frame>
  <frame idx="675" w="146" h="210" x="0.000000" y="0.000000">
   <element name="symbol0" layername="timeline_0" frame="6" z_index="7" m_a="2.928571" m_b="0.000000" m_c="0.000000" m_d="2.939070" m_tx="-33.107170" m_ty="-248.969055"/>
  </frame>
  <frame idx="700" w="146" h="210" x="0.000000" y="0.000000">
   <element name="symbol0" layername="timeline_0" frame="6" z_index="7" m_a="2.928571" m_b="0.000000" m_c="0.000000" m_d="2.939070" m_tx="-33.107170" m_ty="-248.969055"/>
  </frame>
  <frame idx="725" w="146" h="210" x="0.000000" y="0.000000">
   <element name="symbol0" layername="timeline_0" frame="6" z_index="7" m_a="2.928571" m_b="0.000000" m_c="0.000000" m_d="2.939070" m_tx="-33.107170" m_ty="-248.969055"/>
  </frame>
  <frame idx="750" w="146" h="210" x="0.000000" y="0.000000">
   <element name="symbol0" layername="timeline_0" frame="6" z_index="7" m_a="2.928571" m_b="0.000000" m_c="0.000000" m_d="2.939070" m_tx="-33.107170" m_ty="-248.969055"/>
  </frame>
  <frame idx="775" w="146" h="210" x="0.000000" y="0.000000">
   <element name="symbol0" layername="timeline_0" frame="6" z_index="7" m_a="2.928571" m_b="0.000000" m_c="0.000000" m_d="2.939070" m_tx="-33.107170" m_ty="-248.969055"/>
  </frame>
  <frame idx="800" w="146" h="210" x="0.000000" y="0.000000">
   <element name="symbol0" layername="timeline_0" frame="6" z_index="7" m_a="2.928571" m_b="0.000000" m_c="0.000000" m_d="2.939070" m_tx="-33.107170" m_ty="-248.969055"/>
  </frame>
  <frame idx="825" w="146" h="210" x="0.000000" y="0.000000">
   <element name="symbol0" layername="timeline_0" frame="6" z_index="7" m_a="2.928571" m_b="0.000000" m_c="0.000000" m_d="2.939070" m_tx="-33.107170" m_ty="-248.969055"/>
  </frame>
  <frame idx="850" w="146" h="210" x="0.000000" y="0.000000">
   <element name="symbol0" layername="timeline_0" frame="6" z_index="7" m_a="2.928571" m_b="0.000000" m_c="0.000000" m_d="2.939070" m_tx="-33.107170" m_ty="-248.969055"/>
  </frame>
  <frame idx="875" w="146" h="210" x="0.000000" y="0.000000">
   <element name="symbol0" layername="timeline_0" frame="6" z_index="7" m_a="2.928571" m_b="0.000000" m_c="0.000000" m_d="2.939070" m_tx="-33.107170" m_ty="-248.969055"/>
  </frame>
  <frame idx="900" w="146" h="210" x="0.000000" y="0.000000">
   <element name="symbol0" layername="timeline_0" frame="6" z_index="7" m_a="2.928571" m_b="0.000000" m_c="0.000000" m_d="2.939070" m_tx="-33.107170" m_ty="-248.969055"/>
  </frame>
  <frame idx="925" w="146" h="210" x="0.000000" y="0.000000">
   <element name="symbol0" layername="timeline_0" frame="6" z_index="7" m_a="2.928571" m_b="0.000000" m_c="0.000000" m_d="2.939070" m_tx="-33.107170" m_ty="-248.969055"/>
  </frame>
  <frame idx="950" w="146" h="210" x="0.000000" y="0.000000">
   <element name="symbol0" layername="timeline_0" frame="6" z_index="7" m_a="2.928571" m_b="0.000000" m_c="0.000000" m_d="2.939070" m_tx="-33.107170" m_ty="-248.969055"/>
  </frame>
  <frame idx="975" w="146" h="210" x="0.000000" y="0.000000">
   <element name="symbol0" layername="timeline_0" frame="6" z_index="7" m_a="2.928571" m_b="0.000000" m_c="0.000000" m_d="2.939070" m_tx="-33.107170" m_ty="-248.969055"/>
  </frame>
 </anim>
 <anim name="crystal_spire" root="crystal" numframes="1000" framerate="40">
  <frame idx="0" w="146" h="210" x="0.000000" y="0.000000">
   <element name="symbol0" layername="timeline_0" frame="3" z_index="7" m_a="3.485423" m_b="0.000000" m_c="0.000000" m_d="3.499086" m_tx="-56.178555" m_ty="-311.310272"/>
  </frame>
  <frame idx="25" w="146" h="210" x="0.000000" y="0.000000">
   <element name="symbol0" layername="timeline_0" frame="3" z_index="7" m_a="3.485423" m_b="0.000000" m_c="0.000000" m_d="3.499086" m_tx="-56.178555" m_ty="-311.310272"/>
  </frame>
  <frame idx="50" w="146" h="210" x="0.000000" y="0.000000">
   <element name="symbol0" layername="timeline_0" frame="3" z_index="7" m_a="3.485423" m_b="0.000000" m_c="0.000000" m_d="3.499086" m_tx="-56.178555" m_ty="-311.310272"/>
  </frame>
  <frame idx="75" w="146" h="210" x="0.000000" y="0.000000">
   <element name="symbol0" layername="timeline_0" frame="3" z_index="7" m_a="3.485423" m_b="0.000000" m_c="0.000000" m_d="3.499086" m_tx="-56.178555" m_ty="-311.310272"/>
  </frame>
  <frame idx="100" w="146" h="210" x="0.000000" y="0.000000">
   <element name="symbol0" layername="timeline_0" frame="3" z_index="7" m_a="3.485423" m_b="0.000000" m_c="0.000000" m_d="3.499086" m_tx="-56.178555" m_ty="-311.310272"/>
  </frame>
  <frame idx="125" w="146" h="210" x="0.000000" y="0.000000">
   <element name="symbol0" layername="timeline_0" frame="3" z_index="7" m_a="3.485423" m_b="0.000000" m_c="0.000000" m_d="3.499086" m_tx="-56.178555" m_ty="-311.310272"/>
  </frame>
  <frame idx="150" w="146" h="210" x="0.000000" y="0.000000">
   <element name="symbol0" layername="timeline_0" frame="3" z_index="7" m_a="3.485423" m_b="0.000000" m_c="0.000000" m_d="3.499086" m_tx="-56.178555" m_ty="-311.310272"/>
  </frame>
  <frame idx="175" w="146" h="210" x="0.000000" y="0.000000">
   <element name="symbol0" layername="timeline_0" frame="3" z_index="7" m_a="3.485423" m_b="0.000000" m_c="0.000000" m_d="3.499086" m_tx="-56.178555" m_ty="-311.310272"/>
  </frame>
  <frame idx="200" w="146" h="210" x="0.000000" y="0.000000">
   <element name="symbol0" layername="timeline_0" frame="3" z_index="7" m_a="3.485423" m_b="0.000000" m_c="0.000000" m_d="3.499086" m_tx="-56.178555" m_ty="-311.310272"/>
  </frame>
  <frame idx="225" w="146" h="210" x="0.000000" y="0.000000">
   <element name="symbol0" layername="timeline_0" frame="3" z_index="7" m_a="3.485423" m_b="0.000000" m_c="0.000000" m_d="3.499086" m_tx="-56.178555" m_ty="-311.310272"/>
  </frame>
  <frame idx="250" w="146" h="210" x="0.000000" y="0.000000">
   <element name="symbol0" layername="timeline_0" frame="3" z_index="7" m_a="3.485423" m_b="0.000000" m_c="0.000000" m_d="3.499086" m_tx="-56.178555" m_ty="-311.310272"/>
  </frame>
  <frame idx="275" w="146" h="210" x="0.000000" y="0.000000">
   <element name="symbol0" layername="timeline_0" frame="3" z_index="7" m_a="3.485423" m_b="0.000000" m_c="0.000000" m_d="3.499086" m_tx="-56.178555" m_ty="-311.310272"/>
  </frame>
  <frame idx="300" w="146" h="210" x="0.000000" y="0.000000">
   <element name="symbol0" layername="timeline_0" frame="3" z_index="7" m_a="3.485423" m_b="0.000000" m_c="0.000000" m_d="3.499086" m_tx="-56.178555" m_ty="-311.310272"/>
  </frame>
  <frame idx="325" w="146" h="210" x="0.000000" y="0.000000">
   <element name="symbol0" layername="timeline_0" frame="3" z_index="7" m_a="3.485423" m_b="0.000000" m_c="0.000000" m_d="3.499086" m_tx="-56.178555" m_ty="-311.310272"/>
  </frame>
  <frame idx="350" w="146" h="210" x="0.000000" y="0.000000">
   <element name="symbol0" layername="timeline_0" frame="3" z_index="7" m_a="3.485423" m_b="0.000000" m_c="0.000000" m_d="3.499086" m_tx="-56.178555" m_ty="-311.310272"/>
  </frame>
  <frame idx="375" w="146" h="210" x="0.000000" y="0.000000">
   <element name="symbol0" layername="timeline_0" frame="3" z_index="7" m_a="3.485423" m_b="0.000000" m_c="0.000000" m_d="3.499086" m_tx="-56.178555" m_ty="-311.310272"/>
  </frame>
  <frame idx="400" w="146" h="210" x="0.000000" y="0.000000">
   <element name="symbol0" layername="timeline_0" frame="3" z_index="7" m_a="3.485423" m_b="0.000000" m_c="0.000000" m_d="3.499086" m_tx="-56.178555" m_ty="-311.310272"/>
  </frame>
  <frame idx="425" w="146" h="210" x="0.000000" y="0.000000">
   <element name="symbol0" layername="timeline_0" frame="3" z_index="7" m_a="3.485423" m_b="0.000000" m_c="0.000000" m_d="3.499086" m_tx="-56.178555" m_ty="-311.310272"/>
  </frame>
  <frame idx="450" w="146" h="210" x="0.000000" y="0.000000">
   <element name="symbol0" layername="timeline_0" frame="3" z_index="7" m_a="3.485423" m_b="0.000000" m_c="0.000000" m_d="3.499086" m_tx="-56.178555" m_ty="-311.310272"/>
  </frame>
  <frame idx="475" w="146" h="210" x="0.000000" y="0.000000">
   <element name="symbol0" layername="timeline_0" frame="3" z_index="7" m_a="3.485423" m_b="0.000000" m_c="0.000000" m_d="3.499086" m_tx="-56.178555" m_ty="-311.310272"/>
  </frame>
  <frame idx="500" w="146" h="210" x="0.000000" y="0.000000">
   <element name="symbol0" layername="timeline_0" frame="3" z_index="7" m_a="3.485423" m_b="0.000000" m_c="0.000000" m_d="3.499086" m_tx="-56.178555" m_ty="-311.310272"/>
  </frame>
  <frame idx="525" w="146" h="210" x="0.000000" y="0.000000">
   <element name="symbol0" layername="timeline_0" frame="3" z_index="7" m_a="3.485423" m_b="0.000000" m_c="0.000000" m_d="3.499086" m_tx="-56.178555" m_ty="-311.310272"/>
  </frame>
  <frame idx="550" w="146" h="210" x="0.000000" y="0.000000">
   <element name="symbol0" layername="timeline_0" frame="3" z_index="7" m_a="3.485423" m_b="0.000000" m_c="0.000000" m_d="3.499086" m_tx="-56.178555" m_ty="-311.310272"/>
  </frame>
  <frame idx="575" w="146" h="210" x="0.000000" y="0.000000">
   <element name="symbol0" layername="timeline_0" frame="3" z_index="7" m_a="3.485423" m_b="0.000000" m_c="0.000000" m_d="3.499086" m_tx="-56.178555" m_ty="-311.310272"/>
  </frame>
  <frame idx="600" w="146" h="210" x="0.000000" y="0.000000">
   <element name="symbol0" layername="timeline_0" frame="3" z_index="7" m_a="3.485423" m_b="0.000000" m_c="0.000000" m_d="3.499086" m_tx="-56.178555" m_ty="-311.310272"/>
  </frame>
  <frame idx="625" w="146" h="210" x="0.000000" y="0.000000">
   <element name="symbol0" layername="timeline_0" frame="3" z_index="7" m_a="3.485423" m_b="0.000000" m_c="0.000000" m_d="3.499086" m_tx="-56.178555" m_ty="-311.310272"/>
  </frame>
  <frame idx="650" w="146" h="210" x="0.000000" y="0.000000">
   <element name="symbol0" layername="timeline_0" frame="3" z_index="7" m_a="3.485423" m_b="0.000000" m_c="0.000000" m_d="3.499086" m_tx="-56.178555" m_ty="-311.310272"/>
  </frame>
  <frame idx="675" w="146" h="210" x="0.000000" y="0.000000">
   <element name="symbol0" layername="timeline_0" frame="3" z_index="7" m_a="3.485423" m_b="0.000000" m_c="0.000000" m_d="3.499086" m_tx="-56.178555" m_ty="-311.310272"/>
  </frame>
  <frame idx="700" w="146" h="210" x="0.000000" y="0.000000">
   <element name="symbol0" layername="timeline_0" frame="3" z_index="7" m_a="3.485423" m_b="0.000000" m_c="0.000000" m_d="3.499086" m_tx="-56.178555" m_ty="-311.310272"/>
  </frame>
  <frame idx="725" w="146" h="210" x="0.000000" y="0.000000">
   <element name="symbol0" layername="timeline_0" frame="3" z_index="7" m_a="3.485423" m_b="0.000000" m_c="0.000000" m_d="3.499086" m_tx="-56.178555" m_ty="-311.310272"/>
  </frame>
  <frame idx="750" w="146" h="210" x="0.000000" y="0.000000">
   <element name="symbol0" layername="timeline_0" frame="3" z_index="7" m_a="3.485423" m_b="0.000000" m_c="0.000000" m_d="3.499086" m_tx="-56.178555" m_ty="-311.310272"/>
  </frame>
  <frame idx="775" w="146" h="210" x="0.000000" y="0.000000">
   <element name="symbol0" layername="timeline_0" frame="3" z_index="7" m_a="3.485423" m_b="0.000000" m_c="0.000000" m_d="3.499086" m_tx="-56.178555" m_ty="-311.310272"/>
  </frame>
  <frame idx="800" w="146" h="210" x="0.000000" y="0.000000">
   <element name="symbol0" layername="timeline_0" frame="3" z_index="7" m_a="3.485423" m_b="0.000000" m_c="0.000000" m_d="3.499086" m_tx="-56.178555" m_ty="-311.310272"/>
  </frame>
  <frame idx="825" w="146" h="210" x="0.000000" y="0.000000">
   <element name="symbol0" layername="timeline_0" frame="3" z_index="7" m_a="3.485423" m_b="0.000000" m_c="0.000000" m_d="3.499086" m_tx="-56.178555" m_ty="-311.310272"/>
  </frame>
  <frame idx="850" w="146" h="210" x="0.000000" y="0.000000">
   <element name="symbol0" layername="timeline_0" frame="3" z_index="7" m_a="3.485423" m_b="0.000000" m_c="0.000000" m_d="3.499086" m_tx="-56.178555" m_ty="-311.310272"/>
  </frame>
  <frame idx="875" w="146" h="210" x="0.000000" y="0.000000">
   <element name="symbol0" layername="timeline_0" frame="3" z_index="7" m_a="3.485423" m_b="0.000000" m_c="0.000000" m_d="3.499086" m_tx="-56.178555" m_ty="-311.310272"/>
  </frame>
  <frame idx="900" w="146" h="210" x="0.000000" y="0.000000">
   <element name="symbol0" layername="timeline_0" frame="3" z_index="7" m_a="3.485423" m_b="0.000000" m_c="0.000000" m_d="3.499086" m_tx="-56.178555" m_ty="-311.310272"/>
  </frame>
  <frame idx="925" w="146" h="210" x="0.000000" y="0.000000">
   <element name="symbol0" layername="timeline_0" frame="3" z_index="7" m_a="3.485423" m_b="0.000000" m_c="0.000000" m_d="3.499086" m_tx="-56.178555" m_ty="-311.310272"/>
  </frame>
  <frame idx="950" w="146" h="210" x="0.000000" y="0.000000">
   <element name="symbol0" layername="timeline_0" frame="3" z_index="7" m_a="3.485423" m_b="0.000000" m_c="0.000000" m_d="3.499086" m_tx="-56.178555" m_ty="-311.310272"/>
  </frame>
  <frame idx="975" w="146" h="210" x="0.000000" y="0.000000">
   <element name="symbol0" layername="timeline_0" frame="3" z_index="7" m_a="3.485423" m_b="0.000000" m_c="0.000000" m_d="3.499086" m_tx="-56.178555" m_ty="-311.310272"/>
  </frame>
 </anim>
 <anim name="crystal_relic" root="crystal" numframes="1000" framerate="40">
  <frame idx="0" w="146" h="210" x="0.000000" y="0.000000">
   <element name="symbol0" layername="timeline_0" frame="4" z_index="7" m_a="3.809038" m_b="0.000000" m_c="0.000000" m_d="3.825103" m_tx="-54.249985" m_ty="-339.935577"/>
  </frame>
  <frame idx="25" w="146" h="210" x="0.000000" y="0.000000">
   <element name="symbol0" layername="timeline_0" frame="4" z_index="7" m_a="3.809038" m_b="0.000000" m_c="0.000000" m_d="3.825103" m_tx="-54.249985" m_ty="-339.935577"/>
  </frame>
  <frame idx="50" w="146" h="210" x="0.000000" y="0.000000">
   <element name="symbol0" layername="timeline_0" frame="4" z_index="7" m_a="3.809038" m_b="0.000000" m_c="0.000000" m_d="3.825103" m_tx="-54.249985" m_ty="-339.935577"/>
  </frame>
  <frame idx="75" w="146" h="210" x="0.000000" y="0.000000">
   <element name="symbol0" layername="timeline_0" frame="4" z_index="7" m_a="3.809038" m_b="0.000000" m_c="0.000000" m_d="3.825103" m_tx="-54.249985" m_ty="-339.935577"/>
  </frame>
  <frame idx="100" w="146" h="210" x="0.000000" y="0.000000">
   <element name="symbol0" layername="timeline_0" frame="4" z_index="7" m_a="3.809038" m_b="0.000000" m_c="0.000000" m_d="3.825103" m_tx="-54.249985" m_ty="-339.935577"/>
  </frame>
  <frame idx="125" w="146" h="210" x="0.000000" y="0.000000">
   <element name="symbol0" layername="timeline_0" frame="4" z_index="7" m_a="3.809038" m_b="0.000000" m_c="0.000000" m_d="3.825103" m_tx="-54.249985" m_ty="-339.935577"/>
  </frame>
  <frame idx="150" w="146" h="210" x="0.000000" y="0.000000">
   <element name="symbol0" layername="timeline_0" frame="4" z_index="7" m_a="3.809038" m_b="0.000000" m_c="0.000000" m_d="3.825103" m_tx="-54.249985" m_ty="-339.935577"/>
  </frame>
  <frame idx="175" w="146" h="210" x="0.000000" y="0.000000">
   <element name="symbol0" layername="timeline_0" frame="4" z_index="7" m_a="3.809038" m_b="0.000000" m_c="0.000000" m_d="3.825103" m_tx="-54.249985" m_ty="-339.935577"/>
  </frame>
  <frame idx="200" w="146" h="210" x="0.000000" y="0.000000">
   <element name="symbol0" layername="timeline_0" frame="4" z_index="7" m_a="3.809038" m_b="0.000000" m_c="0.000000" m_d="3.825103" m_tx="-54.249985" m_ty="-339.935577"/>
  </frame>
  <frame idx="225" w="146" h="210" x="0.000000" y="0.000000">
   <element name="symbol0" layername="timeline_0" frame="4" z_index="7" m_a="3.809038" m_b="0.000000" m_c="0.000000" m_d="3.825103" m_tx="-54.249985" m_ty="-339.935577"/>
  </frame>
  <frame idx="250" w="146" h="210" x="0.000000" y="0.000000">
   <element name="symbol0" layername="timeline_0" frame="4" z_index="7" m_a="3.809038" m_b="0.000000" m_c="0.000000" m_d="3.825103" m_tx="-54.249985" m_ty="-339.935577"/>
  </frame>
  <frame idx="275" w="146" h="210" x="0.000000" y="0.000000">
   <element name="symbol0" layername="timeline_0" frame="4" z_index="7" m_a="3.809038" m_b="0.000000" m_c="0.000000" m_d="3.825103" m_tx="-54.249985" m_ty="-339.935577"/>
  </frame>
  <frame idx="300" w="146" h="210" x="0.000000" y="0.000000">
   <element name="symbol0" layername="timeline_0" frame="4" z_index="7" m_a="3.809038" m_b="0.000000" m_c="0.000000" m_d="3.825103" m_tx="-54.249985" m_ty="-339.935577"/>
  </frame>
  <frame idx="325" w="146" h="210" x="0.000000" y="0.000000">
   <element name="symbol0" layername="timeline_0" frame="4" z_index="7" m_a="3.809038" m_b="0.000000" m_c="0.000000" m_d="3.825103" m_tx="-54.249985" m_ty="-339.935577"/>
  </frame>
  <frame idx="350" w="146" h="210" x="0.000000" y="0.000000">
   <element name="symbol0" layername="timeline_0" frame="4" z_index="7" m_a="3.809038" m_b="0.000000" m_c="0.000000" m_d="3.825103" m_tx="-54.249985" m_ty="-339.935577"/>
  </frame>
  <frame idx="375" w="146" h="210" x="0.000000" y="0.000000">
   <element name="symbol0" layername="timeline_0" frame="4" z_index="7" m_a="3.809038" m_b="0.000000" m_c="0.000000" m_d="3.825103" m_tx="-54.249985" m_ty="-339.935577"/>
  </frame>
  <frame idx="400" w="146" h="210" x="0.000000" y="0.000000">
   <element name="symbol0" layername="timeline_0" frame="4" z_index="7" m_a="3.809038" m_b="0.000000" m_c="0.000000" m_d="3.825103" m_tx="-54.249985" m_ty="-339.935577"/>
  </frame>
  <frame idx="425" w="146" h="210" x="0.000000" y="0.000000">
   <element name="symbol0" layername="timeline_0" frame="4" z_index="7" m_a="3.809038" m_b="0.000000" m_c="0.000000" m_d="3.825103" m_tx="-54.249985" m_ty="-339.935577"/>
  </frame>
  <frame idx="450" w="146" h="210" x="0.000000" y="0.000000">
   <element name="symbol0" layername="timeline_0" frame="4" z_index="7" m_a="3.809038" m_b="0.000000" m_c="0.000000" m_d="3.825103" m_tx="-54.249985" m_ty="-339.935577"/>
  </frame>
  <frame idx="475" w="146" h="210" x="0.000000" y="0.000000">
   <element name="symbol0" layername="timeline_0" frame="4" z_index="7" m_a="3.809038" m_b="0.000000" m_c="0.000000" m_d="3.825103" m_tx="-54.249985" m_ty="-339.935577"/>
  </frame>
  <frame idx="500" w="146" h="210" x="0.000000" y="0.000000">
   <element name="symbol0" layername="timeline_0" frame="4" z_index="7" m_a="3.809038" m_b="0.000000" m_c="0.000000" m_d="3.825103" m_tx="-54.249985" m_ty="-339.935577"/>
  </frame>
  <frame idx="525" w="146" h="210" x="0.000000" y="0.000000">
   <element name="symbol0" layername="timeline_0" frame="4" z_index="7" m_a="3.809038" m_b="0.000000" m_c="0.000000" m_d="3.825103" m_tx="-54.249985" m_ty="-339.935577"/>
  </frame>
  <frame idx="550" w="146" h="210" x="0.000000" y="0.000000">
   <element name="symbol0" layername="timeline_0" frame="4" z_index="7" m_a="3.809038" m_b="0.000000" m_c="0.000000" m_d="3.825103" m_tx="-54.249985" m_ty="-339.935577"/>
  </frame>
  <frame idx="575" w="146" h="210" x="0.000000" y="0.000000">
   <element name="symbol0" layername="timeline_0" frame="4" z_index="7" m_a="3.809038" m_b="0.000000" m_c="0.000000" m_d="3.825103" m_tx="-54.249985" m_ty="-339.935577"/>
  </frame>
  <frame idx="600" w="146" h="210" x="0.000000" y="0.000000">
   <element name="symbol0" layername="timeline_0" frame="4" z_index="7" m_a="3.809038" m_b="0.000000" m_c="0.000000" m_d="3.825103" m_tx="-54.249985" m_ty="-339.935577"/>
  </frame>
  <frame idx="625" w="146" h="210" x="0.000000" y="0.000000">
   <element name="symbol0" layername="timeline_0" frame="4" z_index="7" m_a="3.809038" m_b="0.000000" m_c="0.000000" m_d="3.825103" m_tx="-54.249985" m_ty="-339.935577"/>
  </frame>
  <frame idx="650" w="146" h="210" x="0.000000" y="0.000000">
   <element name="symbol0" layername="timeline_0" frame="4" z_index="7" m_a="3.809038" m_b="0.000000" m_c="0.000000" m_d="3.825103" m_tx="-54.249985" m_ty="-339.935577"/>
  </frame>
  <frame idx="675" w="146" h="210" x="0.000000" y="0.000000">
   <element name="symbol0" layername="timeline_0" frame="4" z_index="7" m_a="3.809038" m_b="0.000000" m_c="0.000000" m_d="3.825103" m_tx="-54.249985" m_ty="-339.935577"/>
  </frame>
  <frame idx="700" w="146" h="210" x="0.000000" y="0.000000">
   <element name="symbol0" layername="timeline_0" frame="4" z_index="7" m_a="3.809038" m_b="0.000000" m_c="0.000000" m_d="3.825103" m_tx="-54.249985" m_ty="-339.935577"/>
  </frame>
  <frame idx="725" w="146" h="210" x="0.000000" y="0.000000">
   <element name="symbol0" layername="timeline_0" frame="4" z_index="7" m_a="3.809038" m_b="0.000000" m_c="0.000000" m_d="3.825103" m_tx="-54.249985" m_ty="-339.935577"/>
  </frame>
  <frame idx="750" w="146" h="210" x="0.000000" y="0.000000">
   <element name="symbol0" layername="timeline_0" frame="4" z_index="7" m_a="3.809038" m_b="0.000000" m_c="0.000000" m_d="3.825103" m_tx="-54.249985" m_ty="-339.935577"/>
  </frame>
  <frame idx="775" w="146" h="210" x="0.000000" y="0.000000">
   <element name="symbol0" layername="timeline_0" frame="4" z_index="7" m_a="3.809038" m_b="0.000000" m_c="0.000000" m_d="3.825103" m_tx="-54.249985" m_ty="-339.935577"/>
  </frame>
  <frame idx="800" w="146" h="210" x="0.000000" y="0.000000">
   <element name="symbol0" layername="timeline_0" frame="4" z_index="7" m_a="3.809038" m_b="0.000000" m_c="0.000000" m_d="3.825103" m_tx="-54.249985" m_ty="-339.935577"/>
  </frame>
  <frame idx="825" w="146" h="210" x="0.000000" y="0.000000">
   <element name="symbol0" layername="timeline_0" frame="4" z_index="7" m_a="3.809038" m_b="0.000000" m_c="0.000000" m_d="3.825103" m_tx="-54.249985" m_ty="-339.935577"/>
  </frame>
  <frame idx="850" w="146" h="210" x="0.000000" y="0.000000">
   <element name="symbol0" layername="timeline_0" frame="4" z_index="7" m_a="3.809038" m_b="0.000000" m_c="0.000000" m_d="3.825103" m_tx="-54.249985" m_ty="-339.935577"/>
  </frame>
  <frame idx="875" w="146" h="210" x="0.000000" y="0.000000">
   <element name="symbol0" layername="timeline_0" frame="4" z_index="7" m_a="3.809038" m_b="0.000000" m_c="0.000000" m_d="3.825103" m_tx="-54.249985" m_ty="-339.935577"/>
  </frame>
  <frame idx="900" w="146" h="210" x="0.000000" y="0.000000">
   <element name="symbol0" layername="timeline_0" frame="4" z_index="7" m_a="3.809038" m_b="0.000000" m_c="0.000000" m_d="3.825103" m_tx="-54.249985" m_ty="-339.935577"/>
  </frame>
  <frame idx="925" w="146" h="210" x="0.000000" y="0.000000">
   <element name="symbol0" layername="timeline_0" frame="4" z_index="7" m_a="3.809038" m_b="0.000000" m_c="0.000000" m_d="3.825103" m_tx="-54.249985" m_ty="-339.935577"/>
  </frame>
  <frame idx="950" w="146" h="210" x="0.000000" y="0.000000">
   <element name="symbol0" layername="timeline_0" frame="4" z_index="7" m_a="3.809038" m_b="0.000000" m_c="0.000000" m_d="3.825103" m_tx="-54.249985" m_ty="-339.935577"/>
  </frame>
  <frame idx="975" w="146" h="210" x="0.000000" y="0.000000">
   <element name="symbol0" layername="timeline_0" frame="4" z_index="7" m_a="3.809038" m_b="0.000000" m_c="0.000000" m_d="3.825103" m_tx="-54.249985" m_ty="-339.935577"/>
  </frame>
 </anim>
 <anim name="crystal_white" root="crystal" numframes="1000" framerate="40">
  <frame idx="0" w="146" h="210" x="0.000000" y="0.000000">
   <element name="symbol0" layername="timeline_0" frame="0" z_index="7" m_a="3.492225" m_b="0.000000" m_c="0.000000" m_d="3.506255" m_tx="-59.535751" m_ty="-316.271820"/>
  </frame>
  <frame idx="25" w="146" h="210" x="0.000000" y="0.000000">
   <element name="symbol0" layername="timeline_0" frame="0" z_index="7" m_a="3.492225" m_b="0.000000" m_c="0.000000" m_d="3.506255" m_tx="-59.535751" m_ty="-316.271820"/>
  </frame>
  <frame idx="50" w="146" h="210" x="0.000000" y="0.000000">
   <element name="symbol0" layername="timeline_0" frame="0" z_index="7" m_a="3.492225" m_b="0.000000" m_c="0.000000" m_d="3.506255" m_tx="-59.535751" m_ty="-316.271820"/>
  </frame>
  <frame idx="75" w="146" h="210" x="0.000000" y="0.000000">
   <element name="symbol0" layername="timeline_0" frame="0" z_index="7" m_a="3.492225" m_b="0.000000" m_c="0.000000" m_d="3.506255" m_tx="-59.535751" m_ty="-316.271820"/>
  </frame>
  <frame idx="100" w="146" h="210" x="0.000000" y="0.000000">
   <element name="symbol0" layername="timeline_0" frame="0" z_index="7" m_a="3.492225" m_b="0.000000" m_c="0.000000" m_d="3.506255" m_tx="-59.535751" m_ty="-316.271820"/>
  </frame>
  <frame idx="125" w="146" h="210" x="0.000000" y="0.000000">
   <element name="symbol0" layername="timeline_0" frame="0" z_index="7" m_a="3.492225" m_b="0.000000" m_c="0.000000" m_d="3.506255" m_tx="-59.535751" m_ty="-316.271820"/>
  </frame>
  <frame idx="150" w="146" h="210" x="0.000000" y="0.000000">
   <element name="symbol0" layername="timeline_0" frame="0" z_index="7" m_a="3.492225" m_b="0.000000" m_c="0.000000" m_d="3.506255" m_tx="-59.535751" m_ty="-316.271820"/>
  </frame>
  <frame idx="175" w="146" h="210" x="0.000000" y="0.000000">
   <element name="symbol0" layername="timeline_0" frame="0" z_index="7" m_a="3.492225" m_b="0.000000" m_c="0.000000" m_d="3.506255" m_tx="-59.535751" m_ty="-316.271820"/>
  </frame>
  <frame idx="200" w="146" h="210" x="0.000000" y="0.000000">
   <element name="symbol0" layername="timeline_0" frame="0" z_index="7" m_a="3.492225" m_b="0.000000" m_c="0.000000" m_d="3.506255" m_tx="-59.535751" m_ty="-316.271820"/>
  </frame>
  <frame idx="225" w="146" h="210" x="0.000000" y="0.000000">
   <element name="symbol0" layername="timeline_0" frame="0" z_index="7" m_a="3.492225" m_b="0.000000" m_c="0.000000" m_d="3.506255" m_tx="-59.535751" m_ty="-316.271820"/>
  </frame>
  <frame idx="250" w="146" h="210" x="0.000000" y="0.000000">
   <element name="symbol0" layername="timeline_0" frame="0" z_index="7" m_a="3.492225" m_b="0.000000" m_c="0.000000" m_d="3.506255" m_tx="-59.535751" m_ty="-316.271820"/>
  </frame>
  <frame idx="275" w="146" h="210" x="0.000000" y="0.000000">
   <element name="symbol0" layername="timeline_0" frame="0" z_index="7" m_a="3.492225" m_b="0.000000" m_c="0.000000" m_d="3.506255" m_tx="-59.535751" m_ty="-316.271820"/>
  </frame>
  <frame idx="300" w="146" h="210" x="0.000000" y="0.000000">
   <element name="symbol0" layername="timeline_0" frame="0" z_index="7" m_a="3.492225" m_b="0.000000" m_c="0.000000" m_d="3.506255" m_tx="-59.535751" m_ty="-316.271820"/>
  </frame>
  <frame idx="325" w="146" h="210" x="0.000000" y="0.000000">
   <element name="symbol0" layername="timeline_0" frame="0" z_index="7" m_a="3.492225" m_b="0.000000" m_c="0.000000" m_d="3.506255" m_tx="-59.535751" m_ty="-316.271820"/>
  </frame>
  <frame idx="350" w="146" h="210" x="0.000000" y="0.000000">
   <element name="symbol0" layername="timeline_0" frame="0" z_index="7" m_a="3.492225" m_b="0.000000" m_c="0.000000" m_d="3.506255" m_tx="-59.535751" m_ty="-316.271820"/>
  </frame>
  <frame idx="375" w="146" h="210" x="0.000000" y="0.000000">
   <element name="symbol0" layername="timeline_0" frame="0" z_index="7" m_a="3.492225" m_b="0.000000" m_c="0.000000" m_d="3.506255" m_tx="-59.535751" m_ty="-316.271820"/>
  </frame>
  <frame idx="400" w="146" h="210" x="0.000000" y="0.000000">
   <element name="symbol0" layername="timeline_0" frame="0" z_index="7" m_a="3.492225" m_b="0.000000" m_c="0.000000" m_d="3.506255" m_tx="-59.535751" m_ty="-316.271820"/>
  </frame>
  <frame idx="425" w="146" h="210" x="0.000000" y="0.000000">
   <element name="symbol0" layername="timeline_0" frame="0" z_index="7" m_a="3.492225" m_b="0.000000" m_c="0.000000" m_d="3.506255" m_tx="-59.535751" m_ty="-316.271820"/>
  </frame>
  <frame idx="450" w="146" h="210" x="0.000000" y="0.000000">
   <element name="symbol0" layername="timeline_0" frame="0" z_index="7" m_a="3.492225" m_b="0.000000" m_c="0.000000" m_d="3.506255" m_tx="-59.535751" m_ty="-316.271820"/>
  </frame>
  <frame idx="475" w="146" h="210" x="0.000000" y="0.000000">
   <element name="symbol0" layername="timeline_0" frame="0" z_index="7" m_a="3.492225" m_b="0.000000" m_c="0.000000" m_d="3.506255" m_tx="-59.535751" m_ty="-316.271820"/>
  </frame>
  <frame idx="500" w="146" h="210" x="0.000000" y="0.000000">
   <element name="symbol0" layername="timeline_0" frame="0" z_index="7" m_a="3.492225" m_b="0.000000" m_c="0.000000" m_d="3.506255" m_tx="-59.535751" m_ty="-316.271820"/>
  </frame>
  <frame idx="525" w="146" h="210" x="0.000000" y="0.000000">
   <element name="symbol0" layername="timeline_0" frame="0" z_index="7" m_a="3.492225" m_b="0.000000" m_c="0.000000" m_d="3.506255" m_tx="-59.535751" m_ty="-316.271820"/>
  </frame>
  <frame idx="550" w="146" h="210" x="0.000000" y="0.000000">
   <element name="symbol0" layername="timeline_0" frame="0" z_index="7" m_a="3.492225" m_b="0.000000" m_c="0.000000" m_d="3.506255" m_tx="-59.535751" m_ty="-316.271820"/>
  </frame>
  <frame idx="575" w="146" h="210" x="0.000000" y="0.000000">
   <element name="symbol0" layername="timeline_0" frame="0" z_index="7" m_a="3.492225" m_b="0.000000" m_c="0.000000" m_d="3.506255" m_tx="-59.535751" m_ty="-316.271820"/>
  </frame>
  <frame idx="600" w="146" h="210" x="0.000000" y="0.000000">
   <element name="symbol0" layername="timeline_0" frame="0" z_index="7" m_a="3.492225" m_b="0.000000" m_c="0.000000" m_d="3.506255" m_tx="-59.535751" m_ty="-316.271820"/>
  </frame>
  <frame idx="625" w="146" h="210" x="0.000000" y="0.000000">
   <element name="symbol0" layername="timeline_0" frame="0" z_index="7" m_a="3.492225" m_b="0.000000" m_c="0.000000" m_d="3.506255" m_tx="-59.535751" m_ty="-316.271820"/>
  </frame>
  <frame idx="650" w="146" h="210" x="0.000000" y="0.000000">
   <element name="symbol0" layername="timeline_0" frame="0" z_index="7" m_a="3.492225" m_b="0.000000" m_c="0.000000" m_d="3.506255" m_tx="-59.535751" m_ty="-316.271820"/>
  </frame>
  <frame idx="675" w="146" h="210" x="0.000000" y="0.000000">
   <element name="symbol0" layername="timeline_0" frame="0" z_index="7" m_a="3.492225" m_b="0.000000" m_c="0.000000" m_d="3.506255" m_tx="-59.535751" m_ty="-316.271820"/>
  </frame>
  <frame idx="700" w="146" h="210" x="0.000000" y="0.000000">
   <element name="symbol0" layername="timeline_0" frame="0" z_index="7" m_a="3.492225" m_b="0.000000" m_c="0.000000" m_d="3.506255" m_tx="-59.535751" m_ty="-316.271820"/>
  </frame>
  <frame idx="725" w="146" h="210" x="0.000000" y="0.000000">
   <element name="symbol0" layername="timeline_0" frame="0" z_index="7" m_a="3.492225" m_b="0.000000" m_c="0.000000" m_d="3.506255" m_tx="-59.535751" m_ty="-316.271820"/>
  </frame>
  <frame idx="750" w="146" h="210" x="0.000000" y="0.000000">
   <element name="symbol0" layername="timeline_0" frame="0" z_index="7" m_a="3.492225" m_b="0.000000" m_c="0.000000" m_d="3.506255" m_tx="-59.535751" m_ty="-316.271820"/>
  </frame>
  <frame idx="775" w="146" h="210" x="0.000000" y="0.000000">
   <element name="symbol0" layername="timeline_0" frame="0" z_index="7" m_a="3.492225" m_b="0.000000" m_c="0.000000" m_d="3.506255" m_tx="-59.535751" m_ty="-316.271820"/>
  </frame>
  <frame idx="800" w="146" h="210" x="0.000000" y="0.000000">
   <element name="symbol0" layername="timeline_0" frame="0" z_index="7" m_a="3.492225" m_b="0.000000" m_c="0.000000" m_d="3.506255" m_tx="-59.535751" m_ty="-316.271820"/>
  </frame>
  <frame idx="825" w="146" h="210" x="0.000000" y="0.000000">
   <element name="symbol0" layername="timeline_0" frame="0" z_index="7" m_a="3.492225" m_b="0.000000" m_c="0.000000" m_d="3.506255" m_tx="-59.535751" m_ty="-316.271820"/>
  </frame>
  <frame idx="850" w="146" h="210" x="0.000000" y="0.000000">
   <element name="symbol0" layername="timeline_0" frame="0" z_index="7" m_a="3.492225" m_b="0.000000" m_c="0.000000" m_d="3.506255" m_tx="-59.535751" m_ty="-316.271820"/>
  </frame>
  <frame idx="875" w="146" h="210" x="0.000000" y="0.000000">
   <element name="symbol0" layername="timeline_0" frame="0" z_index="7" m_a="3.492225" m_b="0.000000" m_c="0.000000" m_d="3.506255" m_tx="-59.535751" m_ty="-316.271820"/>
  </frame>
  <frame idx="900" w="146" h="210" x="0.000000" y="0.000000">
   <element name="symbol0" layername="timeline_0" frame="0" z_index="7" m_a="3.492225" m_b="0.000000" m_c="0.000000" m_d="3.506255" m_tx="-59.535751" m_ty="-316.271820"/>
  </frame>
  <frame idx="925" w="146" h="210" x="0.000000" y="0.000000">
   <element name="symbol0" layername="timeline_0" frame="0" z_index="7" m_a="3.492225" m_b="0.000000" m_c="0.000000" m_d="3.506255" m_tx="-59.535751" m_ty="-316.271820"/>
  </frame>
  <frame idx="950" w="146" h="210" x="0.000000" y="0.000000">
   <element name="symbol0" layername="timeline_0" frame="0" z_index="7" m_a="3.492225" m_b="0.000000" m_c="0.000000" m_d="3.506255" m_tx="-59.535751" m_ty="-316.271820"/>
  </frame>
  <frame idx="975" w="146" h="210" x="0.000000" y="0.000000">
   <element name="symbol0" layername="timeline_0" frame="0" z_index="7" m_a="3.492225" m_b="0.000000" m_c="0.000000" m_d="3.506255" m_tx="-59.535751" m_ty="-316.271820"/>
  </frame>
 </anim>
 <anim name="crystal_black" root="crystal" numframes="1000" framerate="40">
  <frame idx="0" w="146" h="210" x="0.000000" y="0.000000">
   <element name="symbol0" layername="timeline_0" frame="5" z_index="7" m_a="4.507775" m_b="0.000000" m_c="0.000000" m_d="4.529008" m_tx="-42.749973" m_ty="-404.168457"/>
  </frame>
  <frame idx="25" w="146" h="210" x="0.000000" y="0.000000">
   <element name="symbol0" layername="timeline_0" frame="5" z_index="7" m_a="4.507775" m_b="0.000000" m_c="0.000000" m_d="4.529008" m_tx="-42.749973" m_ty="-404.168457"/>
  </frame>
  <frame idx="50" w="146" h="210" x="0.000000" y="0.000000">
   <element name="symbol0" layername="timeline_0" frame="5" z_index="7" m_a="4.507775" m_b="0.000000" m_c="0.000000" m_d="4.529008" m_tx="-42.749973" m_ty="-404.168457"/>
  </frame>
  <frame idx="75" w="146" h="210" x="0.000000" y="0.000000">
   <element name="symbol0" layername="timeline_0" frame="5" z_index="7" m_a="4.507775" m_b="0.000000" m_c="0.000000" m_d="4.529008" m_tx="-42.749973" m_ty="-404.168457"/>
  </frame>
  <frame idx="100" w="146" h="210" x="0.000000" y="0.000000">
   <element name="symbol0" layername="timeline_0" frame="5" z_index="7" m_a="4.507775" m_b="0.000000" m_c="0.000000" m_d="4.529008" m_tx="-42.749973" m_ty="-404.168457"/>
  </frame>
  <frame idx="125" w="146" h="210" x="0.000000" y="0.000000">
   <element name="symbol0" layername="timeline_0" frame="5" z_index="7" m_a="4.507775" m_b="0.000000" m_c="0.000000" m_d="4.529008" m_tx="-42.749973" m_ty="-404.168457"/>
  </frame>
  <frame idx="150" w="146" h="210" x="0.000000" y="0.000000">
   <element name="symbol0" layername="timeline_0" frame="5" z_index="7" m_a="4.507775" m_b="0.000000" m_c="0.000000" m_d="4.529008" m_tx="-42.749973" m_ty="-404.168457"/>
  </frame>
  <frame idx="175" w="146" h="210" x="0.000000" y="0.000000">
   <element name="symbol0" layername="timeline_0" frame="5" z_index="7" m_a="4.507775" m_b="0.000000" m_c="0.000000" m_d="4.529008" m_tx="-42.749973" m_ty="-404.168457"/>
  </frame>
  <frame idx="200" w="146" h="210" x="0.000000" y="0.000000">
   <element name="symbol0" layername="timeline_0" frame="5" z_index="7" m_a="4.507775" m_b="0.000000" m_c="0.000000" m_d="4.529008" m_tx="-42.749973" m_ty="-404.168457"/>
  </frame>
  <frame idx="225" w="146" h="210" x="0.000000" y="0.000000">
   <element name="symbol0" layername="timeline_0" frame="5" z_index="7" m_a="4.507775" m_b="0.000000" m_c="0.000000" m_d="4.529008" m_tx="-42.749973" m_ty="-404.168457"/>
  </frame>
  <frame idx="250" w="146" h="210" x="0.000000" y="0.000000">
   <element name="symbol0" layername="timeline_0" frame="5" z_index="7" m_a="4.507775" m_b="0.000000" m_c="0.000000" m_d="4.529008" m_tx="-42.749973" m_ty="-404.168457"/>
  </frame>
  <frame idx="275" w="146" h="210" x="0.000000" y="0.000000">
   <element name="symbol0" layername="timeline_0" frame="5" z_index="7" m_a="4.507775" m_b="0.000000" m_c="0.000000" m_d="4.529008" m_tx="-42.749973" m_ty="-404.168457"/>
  </frame>
  <frame idx="300" w="146" h="210" x="0.000000" y="0.000000">
   <element name="symbol0" layername="timeline_0" frame="5" z_index="7" m_a="4.507775" m_b="0.000000" m_c="0.000000" m_d="4.529008" m_tx="-42.749973" m_ty="-404.168457"/>
  </frame>
  <frame idx="325" w="146" h="210" x="0.000000" y="0.000000">
   <element name="symbol0" layername="timeline_0" frame="5" z_index="7" m_a="4.507775" m_b="0.000000" m_c="0.000000" m_d="4.529008" m_tx="-42.749973" m_ty="-404.168457"/>
  </frame>
  <frame idx="350" w="146" h="210" x="0.000000" y="0.000000">
   <element name="symbol0" layername="timeline_0" frame="5" z_index="7" m_a="4.507775" m_b="0.000000" m_c="0.000000" m_d="4.529008" m_tx="-42.749973" m_ty="-404.168457"/>
  </frame>
  <frame idx="375" w="146" h="210" x="0.000000" y="0.000000">
   <element name="symbol0" layername="timeline_0" frame="5" z_index="7" m_a="4.507775" m_b="0.000000" m_c="0.000000" m_d="4.529008" m_tx="-42.749973" m_ty="-404.168457"/>
  </frame>
  <frame idx="400" w="146" h="210" x="0.000000" y="0.000000">
   <element name="symbol0" layername="timeline_0" frame="5" z_index="7" m_a="4.507775" m_b="0.000000" m_c="0.000000" m_d="4.529008" m_tx="-42.749973" m_ty="-404.168457"/>
  </frame>
  <frame idx="425" w="146" h="210" x="0.000000" y="0.000000">
   <element name="symbol0" layername="timeline_0" frame="5" z_index="7" m_a="4.507775" m_b="0.000000" m_c="0.000000" m_d="4.529008" m_tx="-42.749973" m_ty="-404.168457"/>
  </frame>
  <frame idx="450" w="146" h="210" x="0.000000" y="0.000000">
   <element name="symbol0" layername="timeline_0" frame="5" z_index="7" m_a="4.507775" m_b="0.000000" m_c="0.000000" m_d="4.529008" m_tx="-42.749973" m_ty="-404.168457"/>
  </frame>
  <frame idx="475" w="146" h="210" x="0.000000" y="0.000000">
   <element name="symbol0" layername="timeline_0" frame="5" z_index="7" m_a="4.507775" m_b="0.000000" m_c="0.000000" m_d="4.529008" m_tx="-42.749973" m_ty="-404.168457"/>
  </frame>
  <frame idx="500" w="146" h="210" x="0.000000" y="0.000000">
   <element name="symbol0" layername="timeline_0" frame="5" z_index="7" m_a="4.507775" m_b="0.000000" m_c="0.000000" m_d="4.529008" m_tx="-42.749973" m_ty="-404.168457"/>
  </frame>
  <frame idx="525" w="146" h="210" x="0.000000" y="0.000000">
   <element name="symbol0" layername="timeline_0" frame="5" z_index="7" m_a="4.507775" m_b="0.000000" m_c="0.000000" m_d="4.529008" m_tx="-42.749973" m_ty="-404.168457"/>
  </frame>
  <frame idx="550" w="146" h="210" x="0.000000" y="0.000000">
   <element name="symbol0" layername="timeline_0" frame="5" z_index="7" m_a="4.507775" m_b="0.000000" m_c="0.000000" m_d="4.529008" m_tx="-42.749973" m_ty="-404.168457"/>
  </frame>
  <frame idx="575" w="146" h="210" x="0.000000" y="0.000000">
   <element name="symbol0" layername="timeline_0" frame="5" z_index="7" m_a="4.507775" m_b="0.000000" m_c="0.000000" m_d="4.529008" m_tx="-42.749973" m_ty="-404.168457"/>
  </frame>
  <frame idx="600" w="146" h="210" x="0.000000" y="0.000000">
   <element name="symbol0" layername="timeline_0" frame="5" z_index="7" m_a="4.507775" m_b="0.000000" m_c="0.000000" m_d="4.529008" m_tx="-42.749973" m_ty="-404.168457"/>
  </frame>
  <frame idx="625" w="146" h="210" x="0.000000" y="0.000000">
   <element name="symbol0" layername="timeline_0" frame="5" z_index="7" m_a="4.507775" m_b="0.000000" m_c="0.000000" m_d="4.529008" m_tx="-42.749973" m_ty="-404.168457"/>
  </frame>
  <frame idx="650" w="146" h="210" x="0.000000" y="0.000000">
   <element name="symbol0" layername="timeline_0" frame="5" z_index="7" m_a="4.507775" m_b="0.000000" m_c="0.000000" m_d="4.529008" m_tx="-42.749973" m_ty="-404.168457"/>
  </frame>
  <frame idx="675" w="146" h="210" x="0.000000" y="0.000000">
   <element name="symbol0" layername="timeline_0" frame="5" z_index="7" m_a="4.507775" m_b="0.000000" m_c="0.000000" m_d="4.529008" m_tx="-42.749973" m_ty="-404.168457"/>
  </frame>
  <frame idx="700" w="146" h="210" x="0.000000" y="0.000000">
   <element name="symbol0" layername="timeline_0" frame="5" z_index="7" m_a="4.507775" m_b="0.000000" m_c="0.000000" m_d="4.529008" m_tx="-42.749973" m_ty="-404.168457"/>
  </frame>
  <frame idx="725" w="146" h="210" x="0.000000" y="0.000000">
   <element name="symbol0" layername="timeline_0" frame="5" z_index="7" m_a="4.507775" m_b="0.000000" m_c="0.000000" m_d="4.529008" m_tx="-42.749973" m_ty="-404.168457"/>
  </frame>
  <frame idx="750" w="146" h="210" x="0.000000" y="0.000000">
   <element name="symbol0" layername="timeline_0" frame="5" z_index="7" m_a="4.507775" m_b="0.000000" m_c="0.000000" m_d="4.529008" m_tx="-42.749973" m_ty="-404.168457"/>
  </frame>
  <frame idx="775" w="146" h="210" x="0.000000" y="0.000000">
   <element name="symbol0" layername="timeline_0" frame="5" z_index="7" m_a="4.507775" m_b="0.000000" m_c="0.000000" m_d="4.529008" m_tx="-42.749973" m_ty="-404.168457"/>
  </frame>
  <frame idx="800" w="146" h="210" x="0.000000" y="0.000000">
   <element name="symbol0" layername="timeline_0" frame="5" z_index="7" m_a="4.507775" m_b="0.000000" m_c="0.000000" m_d="4.529008" m_tx="-42.749973" m_ty="-404.168457"/>
  </frame>
  <frame idx="825" w="146" h="210" x="0.000000" y="0.000000">
   <element name="symbol0" layername="timeline_0" frame="5" z_index="7" m_a="4.507775" m_b="0.000000" m_c="0.000000" m_d="4.529008" m_tx="-42.749973" m_ty="-404.168457"/>
  </frame>
  <frame idx="850" w="146" h="210" x="0.000000" y="0.000000">
   <element name="symbol0" layername="timeline_0" frame="5" z_index="7" m_a="4.507775" m_b="0.000000" m_c="0.000000" m_d="4.529008" m_tx="-42.749973" m_ty="-404.168457"/>
  </frame>
  <frame idx="875" w="146" h="210" x="0.000000" y="0.000000">
   <element name="symbol0" layername="timeline_0" frame="5" z_index="7" m_a="4.507775" m_b="0.000000" m_c="0.000000" m_d="4.529008" m_tx="-42.749973" m_ty="-404.168457"/>
  </frame>
  <frame idx="900" w="146" h="210" x="0.000000" y="0.000000">
   <element name="symbol0" layername="timeline_0" frame="5" z_index="7" m_a="4.507775" m_b="0.000000" m_c="0.000000" m_d="4.529008" m_tx="-42.749973" m_ty="-404.168457"/>
  </frame>
  <frame idx="925" w="146" h="210" x="0.000000" y="0.000000">
   <element name="symbol0" layername="timeline_0" frame="5" z_index="7" m_a="4.507775" m_b="0.000000" m_c="0.000000" m_d="4.529008" m_tx="-42.749973" m_ty="-404.168457"/>
  </frame>
  <frame idx="950" w="146" h="210" x="0.000000" y="0.000000">
   <element name="symbol0" layername="timeline_0" frame="5" z_index="7" m_a="4.507775" m_b="0.000000" m_c="0.000000" m_d="4.529008" m_tx="-42.749973" m_ty="-404.168457"/>
  </frame>
  <frame idx="975" w="146" h="210" x="0.000000" y="0.000000">
   <element name="symbol0" layername="timeline_0" frame="5" z_index="7" m_a="4.507775" m_b="0.000000" m_c="0.000000" m_d="4.529008" m_tx="-42.749973" m_ty="-404.168457"/>
  </frame>
 </anim>
 <anim name="crystal_quartz" root="crystal" numframes="1000" framerate="40">
  <frame idx="0" w="146" h="210" x="0.000000" y="0.000000">
   <element name="symbol0" layername="timeline_0" frame="2" z_index="7" m_a="3.368805" m_b="0.000000" m_c="0.000000" m_d="3.382254" m_tx="-59.035706" m_ty="-303.577637"/>
  </frame>
  <frame idx="25" w="146" h="210" x="0.000000" y="0.000000">
   <element name="symbol0" layername="timeline_0" frame="2" z_index="7" m_a="3.368805" m_b="0.000000" m_c="0.000000" m_d="3.382254" m_tx="-59.035706" m_ty="-303.577637"/>
  </frame>
  <frame idx="50" w="146" h="210" x="0.000000" y="0.000000">
   <element name="symbol0" layername="timeline_0" frame="2" z_index="7" m_a="3.368805" m_b="0.000000" m_c="0.000000" m_d="3.382254" m_tx="-59.035706" m_ty="-303.577637"/>
  </frame>
  <frame idx="75" w="146" h="210" x="0.000000" y="0.000000">
   <element name="symbol0" layername="timeline_0" frame="2" z_index="7" m_a="3.368805" m_b="0.000000" m_c="0.000000" m_d="3.382254" m_tx="-59.035706" m_ty="-303.577637"/>
  </frame>
  <frame idx="100" w="146" h="210" x="0.000000" y="0.000000">
   <element name="symbol0" layername="timeline_0" frame="2" z_index="7" m_a="3.368805" m_b="0.000000" m_c="0.000000" m_d="3.382254" m_tx="-59.035706" m_ty="-303.577637"/>
  </frame>
  <frame idx="125" w="146" h="210" x="0.000000" y="0.000000">
   <element name="symbol0" layername="timeline_0" frame="2" z_index="7" m_a="3.368805" m_b="0.000000" m_c="0.000000" m_d="3.382254" m_tx="-59.035706" m_ty="-303.577637"/>
  </frame>
  <frame idx="150" w="146" h="210" x="0.000000" y="0.000000">
   <element name="symbol0" layername="timeline_0" frame="2" z_index="7" m_a="3.368805" m_b="0.000000" m_c="0.000000" m_d="3.382254" m_tx="-59.035706" m_ty="-303.577637"/>
  </frame>
  <frame idx="175" w="146" h="210" x="0.000000" y="0.000000">
   <element name="symbol0" layername="timeline_0" frame="2" z_index="7" m_a="3.368805" m_b="0.000000" m_c="0.000000" m_d="3.382254" m_tx="-59.035706" m_ty="-303.577637"/>
  </frame>
  <frame idx="200" w="146" h="210" x="0.000000" y="0.000000">
   <element name="symbol0" layername="timeline_0" frame="2" z_index="7" m_a="3.368805" m_b="0.000000" m_c="0.000000" m_d="3.382254" m_tx="-59.035706" m_ty="-303.577637"/>
  </frame>
  <frame idx="225" w="146" h="210" x="0.000000" y="0.000000">
   <element name="symbol0" layername="timeline_0" frame="2" z_index="7" m_a="3.368805" m_b="0.000000" m_c="0.000000" m_d="3.382254" m_tx="-59.035706" m_ty="-303.577637"/>
  </frame>
  <frame idx="250" w="146" h="210" x="0.000000" y="0.000000">
   <element name="symbol0" layername="timeline_0" frame="2" z_index="7" m_a="3.368805" m_b="0.000000" m_c="0.000000" m_d="3.382254" m_tx="-59.035706" m_ty="-303.577637"/>
  </frame>
  <frame idx="275" w="146" h="210" x="0.000000" y="0.000000">
   <element name="symbol0" layername="timeline_0" frame="2" z_index="7" m_a="3.368805" m_b="0.000000" m_c="0.000000" m_d="3.382254" m_tx="-59.035706" m_ty="-303.577637"/>
  </frame>
  <frame idx="300" w="146" h="210" x="0.000000" y="0.000000">
   <element name="symbol0" layername="timeline_0" frame="2" z_index="7" m_a="3.368805" m_b="0.000000" m_c="0.000000" m_d="3.382254" m_tx="-59.035706" m_ty="-303.577637"/>
  </frame>
  <frame idx="325" w="146" h="210" x="0.000000" y="0.000000">
   <element name="symbol0" layername="timeline_0" frame="2" z_index="7" m_a="3.368805" m_b="0.000000" m_c="0.000000" m_d="3.382254" m_tx="-59.035706" m_ty="-303.577637"/>
  </frame>
  <frame idx="350" w="146" h="210" x="0.000000" y="0.000000">
   <element name="symbol0" layername="timeline_0" frame="2" z_index="7" m_a="3.368805" m_b="0.000000" m_c="0.000000" m_d="3.382254" m_tx="-59.035706" m_ty="-303.577637"/>
  </frame>
  <frame idx="375" w="146" h="210" x="0.000000" y="0.000000">
   <element name="symbol0" layername="timeline_0" frame="2" z_index="7" m_a="3.368805" m_b="0.000000" m_c="0.000000" m_d="3.382254" m_tx="-59.035706" m_ty="-303.577637"/>
  </frame>
  <frame idx="400" w="146" h="210" x="0.000000" y="0.000000">
   <element name="symbol0" layername="timeline_0" frame="2" z_index="7" m_a="3.368805" m_b="0.000000" m_c="0.000000" m_d="3.382254" m_tx="-59.035706" m_ty="-303.577637"/>
  </frame>
  <frame idx="425" w="146" h="210" x="0.000000" y="0.000000">
   <element name="symbol0" layername="timeline_0" frame="2" z_index="7" m_a="3.368805" m_b="0.000000" m_c="0.000000" m_d="3.382254" m_tx="-59.035706" m_ty="-303.577637"/>
  </frame>
  <frame idx="450" w="146" h="210" x="0.000000" y="0.000000">
   <element name="symbol0" layername="timeline_0" frame="2" z_index="7" m_a="3.368805" m_b="0.000000" m_c="0.000000" m_d="3.382254" m_tx="-59.035706" m_ty="-303.577637"/>
  </frame>
  <frame idx="475" w="146" h="210" x="0.000000" y="0.000000">
   <element name="symbol0" layername="timeline_0" frame="2" z_index="7" m_a="3.368805" m_b="0.000000" m_c="0.000000" m_d="3.382254" m_tx="-59.035706" m_ty="-303.577637"/>
  </frame>
  <frame idx="500" w="146" h="210" x="0.000000" y="0.000000">
   <element name="symbol0" layername="timeline_0" frame="2" z_index="7" m_a="3.368805" m_b="0.000000" m_c="0.000000" m_d="3.382254" m_tx="-59.035706" m_ty="-303.577637"/>
  </frame>
  <frame idx="525" w="146" h="210" x="0.000000" y="0.000000">
   <element name="symbol0" layername="timeline_0" frame="2" z_index="7" m_a="3.368805" m_b="0.000000" m_c="0.000000" m_d="3.382254" m_tx="-59.035706" m_ty="-303.577637"/>
  </frame>
  <frame idx="550" w="146" h="210" x="0.000000" y="0.000000">
   <element name="symbol0" layername="timeline_0" frame="2" z_index="7" m_a="3.368805" m_b="0.000000" m_c="0.000000" m_d="3.382254" m_tx="-59.035706" m_ty="-303.577637"/>
  </frame>
  <frame idx="575" w="146" h="210" x="0.000000" y="0.000000">
   <element name="symbol0" layername="timeline_0" frame="2" z_index="7" m_a="3.368805" m_b="0.000000" m_c="0.000000" m_d="3.382254" m_tx="-59.035706" m_ty="-303.577637"/>
  </frame>
  <frame idx="600" w="146" h="210" x="0.000000" y="0.000000">
   <element name="symbol0" layername="timeline_0" frame="2" z_index="7" m_a="3.368805" m_b="0.000000" m_c="0.000000" m_d="3.382254" m_tx="-59.035706" m_ty="-303.577637"/>
  </frame>
  <frame idx="625" w="146" h="210" x="0.000000" y="0.000000">
   <element name="symbol0" layername="timeline_0" frame="2" z_index="7" m_a="3.368805" m_b="0.000000" m_c="0.000000" m_d="3.382254" m_tx="-59.035706" m_ty="-303.577637"/>
  </frame>
  <frame idx="650" w="146" h="210" x="0.000000" y="0.000000">
   <element name="symbol0" layername="timeline_0" frame="2" z_index="7" m_a="3.368805" m_b="0.000000" m_c="0.000000" m_d="3.382254" m_tx="-59.035706" m_ty="-303.577637"/>
  </frame>
  <frame idx="675" w="146" h="210" x="0.000000" y="0.000000">
   <element name="symbol0" layername="timeline_0" frame="2" z_index="7" m_a="3.368805" m_b="0.000000" m_c="0.000000" m_d="3.382254" m_tx="-59.035706" m_ty="-303.577637"/>
  </frame>
  <frame idx="700" w="146" h="210" x="0.000000" y="0.000000">
   <element name="symbol0" layername="timeline_0" frame="2" z_index="7" m_a="3.368805" m_b="0.000000" m_c="0.000000" m_d="3.382254" m_tx="-59.035706" m_ty="-303.577637"/>
  </frame>
  <frame idx="725" w="146" h="210" x="0.000000" y="0.000000">
   <element name="symbol0" layername="timeline_0" frame="2" z_index="7" m_a="3.368805" m_b="0.000000" m_c="0.000000" m_d="3.382254" m_tx="-59.035706" m_ty="-303.577637"/>
  </frame>
  <frame idx="750" w="146" h="210" x="0.000000" y="0.000000">
   <element name="symbol0" layername="timeline_0" frame="2" z_index="7" m_a="3.368805" m_b="0.000000" m_c="0.000000" m_d="3.382254" m_tx="-59.035706" m_ty="-303.577637"/>
  </frame>
  <frame idx="775" w="146" h="210" x="0.000000" y="0.000000">
   <element name="symbol0" layername="timeline_0" frame="2" z_index="7" m_a="3.368805" m_b="0.000000" m_c="0.000000" m_d="3.382254" m_tx="-59.035706" m_ty="-303.577637"/>
  </frame>
  <frame idx="800" w="146" h="210" x="0.000000" y="0.000000">
   <element name="symbol0" layername="timeline_0" frame="2" z_index="7" m_a="3.368805" m_b="0.000000" m_c="0.000000" m_d="3.382254" m_tx="-59.035706" m_ty="-303.577637"/>
  </frame>
  <frame idx="825" w="146" h="210" x="0.000000" y="0.000000">
   <element name="symbol0" layername="timeline_0" frame="2" z_index="7" m_a="3.368805" m_b="0.000000" m_c="0.000000" m_d="3.382254" m_tx="-59.035706" m_ty="-303.577637"/>
  </frame>
  <frame idx="850" w="146" h="210" x="0.000000" y="0.000000">
   <element name="symbol0" layername="timeline_0" frame="2" z_index="7" m_a="3.368805" m_b="0.000000" m_c="0.000000" m_d="3.382254" m_tx="-59.035706" m_ty="-303.577637"/>
  </frame>
  <frame idx="875" w="146" h="210" x="0.000000" y="0.000000">
   <element name="symbol0" layername="timeline_0" frame="2" z_index="7" m_a="3.368805" m_b="0.000000" m_c="0.000000" m_d="3.382254" m_tx="-59.035706" m_ty="-303.577637"/>
  </frame>
  <frame idx="900" w="146" h="210" x="0.000000" y="0.000000">
   <element name="symbol0" layername="timeline_0" frame="2" z_index="7" m_a="3.368805" m_b="0.000000" m_c="0.000000" m_d="3.382254" m_tx="-59.035706" m_ty="-303.577637"/>
  </frame>
  <frame idx="925" w="146" h="210" x="0.000000" y="0.000000">
   <element name="symbol0" layername="timeline_0" frame="2" z_index="7" m_a="3.368805" m_b="0.000000" m_c="0.000000" m_d="3.382254" m_tx="-59.035706" m_ty="-303.577637"/>
  </frame>
  <frame idx="950" w="146" h="210" x="0.000000" y="0.000000">
   <element name="symbol0" layername="timeline_0" frame="2" z_index="7" m_a="3.368805" m_b="0.000000" m_c="0.000000" m_d="3.382254" m_tx="-59.035706" m_ty="-303.577637"/>
  </frame>
  <frame idx="975" w="146" h="210" x="0.000000" y="0.000000">
   <element name="symbol0" layername="timeline_0" frame="2" z_index="7" m_a="3.368805" m_b="0.000000" m_c="0.000000" m_d="3.382254" m_tx="-59.035706" m_ty="-303.577637"/>
  </frame>
 </anim>
 <anim name="crystal_water" root="crystal" numframes="1000" framerate="40">
  <frame idx="0" w="146" h="210" x="0.000000" y="0.000000">
   <element name="symbol0" layername="timeline_0" frame="1" z_index="7" m_a="4.210398" m_b="0.000000" m_c="0.000000" m_d="4.229668" m_tx="-58.035736" m_ty="-374.599152"/>
  </frame>
  <frame idx="25" w="146" h="210" x="0.000000" y="0.000000">
   <element name="symbol0" layername="timeline_0" frame="1" z_index="7" m_a="4.210398" m_b="0.000000" m_c="0.000000" m_d="4.229668" m_tx="-58.035736" m_ty="-374.599152"/>
  </frame>
  <frame idx="50" w="146" h="210" x="0.000000" y="0.000000">
   <element name="symbol0" layername="timeline_0" frame="1" z_index="7" m_a="4.210398" m_b="0.000000" m_c="0.000000" m_d="4.229668" m_tx="-58.035736" m_ty="-374.599152"/>
  </frame>
  <frame idx="75" w="146" h="210" x="0.000000" y="0.000000">
   <element name="symbol0" layername="timeline_0" frame="1" z_index="7" m_a="4.210398" m_b="0.000000" m_c="0.000000" m_d="4.229668" m_tx="-58.035736" m_ty="-374.599152"/>
  </frame>
  <frame idx="100" w="146" h="210" x="0.000000" y="0.000000">
   <element name="symbol0" layername="timeline_0" frame="1" z_index="7" m_a="4.210398" m_b="0.000000" m_c="0.000000" m_d="4.229668" m_tx="-58.035736" m_ty="-374.599152"/>
  </frame>
  <frame idx="125" w="146" h="210" x="0.000000" y="0.000000">
   <element name="symbol0" layername="timeline_0" frame="1" z_index="7" m_a="4.210398" m_b="0.000000" m_c="0.000000" m_d="4.229668" m_tx="-58.035736" m_ty="-374.599152"/>
  </frame>
  <frame idx="150" w="146" h="210" x="0.000000" y="0.000000">
   <element name="symbol0" layername="timeline_0" frame="1" z_index="7" m_a="4.210398" m_b="0.000000" m_c="0.000000" m_d="4.229668" m_tx="-58.035736" m_ty="-374.599152"/>
  </frame>
  <frame idx="175" w="146" h="210" x="0.000000" y="0.000000">
   <element name="symbol0" layername="timeline_0" frame="1" z_index="7" m_a="4.210398" m_b="0.000000" m_c="0.000000" m_d="4.229668" m_tx="-58.035736" m_ty="-374.599152"/>
  </frame>
  <frame idx="200" w="146" h="210" x="0.000000" y="0.000000">
   <element name="symbol0" layername="timeline_0" frame="1" z_index="7" m_a="4.210398" m_b="0.000000" m_c="0.000000" m_d="4.229668" m_tx="-58.035736" m_ty="-374.599152"/>
  </frame>
  <frame idx="225" w="146" h="210" x="0.000000" y="0.000000">
   <element name="symbol0" layername="timeline_0" frame="1" z_index="7" m_a="4.210398" m_b="0.000000" m_c="0.000000" m_d="4.229668" m_tx="-58.035736" m_ty="-374.599152"/>
  </frame>
  <frame idx="250" w="146" h="210" x="0.000000" y="0.000000">
   <element name="symbol0" layername="timeline_0" frame="1" z_index="7" m_a="4.210398" m_b="0.000000" m_c="0.000000" m_d="4.229668" m_tx="-58.035736" m_ty="-374.599152"/>
  </frame>
  <frame idx="275" w="146" h="210" x="0.000000" y="0.000000">
   <element name="symbol0" layername="timeline_0" frame="1" z_index="7" m_a="4.210398" m_b="0.000000" m_c="0.000000" m_d="4.229668" m_tx="-58.035736" m_ty="-374.599152"/>
  </frame>
  <frame idx="300" w="146" h="210" x="0.000000" y="0.000000">
   <element name="symbol0" layername="timeline_0" frame="1" z_index="7" m_a="4.210398" m_b="0.000000" m_c="0.000000" m_d="4.229668" m_tx="-58.035736" m_ty="-374.599152"/>
  </frame>
  <frame idx="325" w="146" h="210" x="0.000000" y="0.000000">
   <element name="symbol0" layername="timeline_0" frame="1" z_index="7" m_a="4.210398" m_b="0.000000" m_c="0.000000" m_d="4.229668" m_tx="-58.035736" m_ty="-374.599152"/>
  </frame>
  <frame idx="350" w="146" h="210" x="0.000000" y="0.000000">
   <element name="symbol0" layername="timeline_0" frame="1" z_index="7" m_a="4.210398" m_b="0.000000" m_c="0.000000" m_d="4.229668" m_tx="-58.035736" m_ty="-374.599152"/>
  </frame>
  <frame idx="375" w="146" h="210" x="0.000000" y="0.000000">
   <element name="symbol0" layername="timeline_0" frame="1" z_index="7" m_a="4.210398" m_b="0.000000" m_c="0.000000" m_d="4.229668" m_tx="-58.035736" m_ty="-374.599152"/>
  </frame>
  <frame idx="400" w="146" h="210" x="0.000000" y="0.000000">
   <element name="symbol0" layername="timeline_0" frame="1" z_index="7" m_a="4.210398" m_b="0.000000" m_c="0.000000" m_d="4.229668" m_tx="-58.035736" m_ty="-374.599152"/>
  </frame>
  <frame idx="425" w="146" h="210" x="0.000000" y="0.000000">
   <element name="symbol0" layername="timeline_0" frame="1" z_index="7" m_a="4.210398" m_b="0.000000" m_c="0.000000" m_d="4.229668" m_tx="-58.035736" m_ty="-374.599152"/>
  </frame>
  <frame idx="450" w="146" h="210" x="0.000000" y="0.000000">
   <element name="symbol0" layername="timeline_0" frame="1" z_index="7" m_a="4.210398" m_b="0.000000" m_c="0.000000" m_d="4.229668" m_tx="-58.035736" m_ty="-374.599152"/>
  </frame>
  <frame idx="475" w="146" h="210" x="0.000000" y="0.000000">
   <element name="symbol0" layername="timeline_0" frame="1" z_index="7" m_a="4.210398" m_b="0.000000" m_c="0.000000" m_d="4.229668" m_tx="-58.035736" m_ty="-374.599152"/>
  </frame>
  <frame idx="500" w="146" h="210" x="0.000000" y="0.000000">
   <element name="symbol0" layername="timeline_0" frame="1" z_index="7" m_a="4.210398" m_b="0.000000" m_c="0.000000" m_d="4.229668" m_tx="-58.035736" m_ty="-374.599152"/>
  </frame>
  <frame idx="525" w="146" h="210" x="0.000000" y="0.000000">
   <element name="symbol0" layername="timeline_0" frame="1" z_index="7" m_a="4.210398" m_b="0.000000" m_c="0.000000" m_d="4.229668" m_tx="-58.035736" m_ty="-374.599152"/>
  </frame>
  <frame idx="550" w="146" h="210" x="0.000000" y="0.000000">
   <element name="symbol0" layername="timeline_0" frame="1" z_index="7" m_a="4.210398" m_b="0.000000" m_c="0.000000" m_d="4.229668" m_tx="-58.035736" m_ty="-374.599152"/>
  </frame>
  <frame idx="575" w="146" h="210" x="0.000000" y="0.000000">
   <element name="symbol0" layername="timeline_0" frame="1" z_index="7" m_a="4.210398" m_b="0.000000" m_c="0.000000" m_d="4.229668" m_tx="-58.035736" m_ty="-374.599152"/>
  </frame>
  <frame idx="600" w="146" h="210" x="0.000000" y="0.000000">
   <element name="symbol0" layername="timeline_0" frame="1" z_index="7" m_a="4.210398" m_b="0.000000" m_c="0.000000" m_d="4.229668" m_tx="-58.035736" m_ty="-374.599152"/>
  </frame>
  <frame idx="625" w="146" h="210" x="0.000000" y="0.000000">
   <element name="symbol0" layername="timeline_0" frame="1" z_index="7" m_a="4.210398" m_b="0.000000" m_c="0.000000" m_d="4.229668" m_tx="-58.035736" m_ty="-374.599152"/>
  </frame>
  <frame idx="650" w="146" h="210" x="0.000000" y="0.000000">
   <element name="symbol0" layername="timeline_0" frame="1" z_index="7" m_a="4.210398" m_b="0.000000" m_c="0.000000" m_d="4.229668" m_tx="-58.035736" m_ty="-374.599152"/>
  </frame>
  <frame idx="675" w="146" h="210" x="0.000000" y="0.000000">
   <element name="symbol0" layername="timeline_0" frame="1" z_index="7" m_a="4.210398" m_b="0.000000" m_c="0.000000" m_d="4.229668" m_tx="-58.035736" m_ty="-374.599152"/>
  </frame>
  <frame idx="700" w="146" h="210" x="0.000000" y="0.000000">
   <element name="symbol0" layername="timeline_0" frame="1" z_index="7" m_a="4.210398" m_b="0.000000" m_c="0.000000" m_d="4.229668" m_tx="-58.035736" m_ty="-374.599152"/>
  </frame>
  <frame idx="725" w="146" h="210" x="0.000000" y="0.000000">
   <element name="symbol0" layername="timeline_0" frame="1" z_index="7" m_a="4.210398" m_b="0.000000" m_c="0.000000" m_d="4.229668" m_tx="-58.035736" m_ty="-374.599152"/>
  </frame>
  <frame idx="750" w="146" h="210" x="0.000000" y="0.000000">
   <element name="symbol0" layername="timeline_0" frame="1" z_index="7" m_a="4.210398" m_b="0.000000" m_c="0.000000" m_d="4.229668" m_tx="-58.035736" m_ty="-374.599152"/>
  </frame>
  <frame idx="775" w="146" h="210" x="0.000000" y="0.000000">
   <element name="symbol0" layername="timeline_0" frame="1" z_index="7" m_a="4.210398" m_b="0.000000" m_c="0.000000" m_d="4.229668" m_tx="-58.035736" m_ty="-374.599152"/>
  </frame>
  <frame idx="800" w="146" h="210" x="0.000000" y="0.000000">
   <element name="symbol0" layername="timeline_0" frame="1" z_index="7" m_a="4.210398" m_b="0.000000" m_c="0.000000" m_d="4.229668" m_tx="-58.035736" m_ty="-374.599152"/>
  </frame>
  <frame idx="825" w="146" h="210" x="0.000000" y="0.000000">
   <element name="symbol0" layername="timeline_0" frame="1" z_index="7" m_a="4.210398" m_b="0.000000" m_c="0.000000" m_d="4.229668" m_tx="-58.035736" m_ty="-374.599152"/>
  </frame>
  <frame idx="850" w="146" h="210" x="0.000000" y="0.000000">
   <element name="symbol0" layername="timeline_0" frame="1" z_index="7" m_a="4.210398" m_b="0.000000" m_c="0.000000" m_d="4.229668" m_tx="-58.035736" m_ty="-374.599152"/>
  </frame>
  <frame idx="875" w="146" h="210" x="0.000000" y="0.000000">
   <element name="symbol0" layername="timeline_0" frame="1" z_index="7" m_a="4.210398" m_b="0.000000" m_c="0.000000" m_d="4.229668" m_tx="-58.035736" m_ty="-374.599152"/>
  </frame>
  <frame idx="900" w="146" h="210" x="0.000000" y="0.000000">
   <element name="symbol0" layername="timeline_0" frame="1" z_index="7" m_a="4.210398" m_b="0.000000" m_c="0.000000" m_d="4.229668" m_tx="-58.035736" m_ty="-374.599152"/>
  </frame>
  <frame idx="925" w="146" h="210" x="0.000000" y="0.000000">
   <element name="symbol0" layername="timeline_0" frame="1" z_index="7" m_a="4.210398" m_b="0.000000" m_c="0.000000" m_d="4.229668" m_tx="-58.035736" m_ty="-374.599152"/>
  </frame>
  <frame idx="950" w="146" h="210" x="0.000000" y="0.000000">
   <element name="symbol0" layername="timeline_0" frame="1" z_index="7" m_a="4.210398" m_b="0.000000" m_c="0.000000" m_d="4.229668" m_tx="-58.035736" m_ty="-374.599152"/>
  </frame>
  <frame idx="975" w="146" h="210" x="0.000000" y="0.000000">
   <element name="symbol0" layername="timeline_0" frame="1" z_index="7" m_a="4.210398" m_b="0.000000" m_c="0.000000" m_d="4.229668" m_tx="-58.035736" m_ty="-374.599152"/>
  </frame>
 </anim>
</Anims>
