<Anims>
 <anim name="BUILD" root="swap_shopkeep_umbrella" numframes="1000" framerate="40">
  <frame idx="0" w="551" h="1290" x="29.945400" y="-536.471558">
   <element name="wand" layername="timeline_0" frame="0" z_index="1" m_a="0.999194" m_b="0.040151" m_c="-0.040151" m_d="0.999194" m_tx="13.364747" m_ty="-266.622406"/>
  </frame>
  <frame idx="25" w="551" h="1290" x="29.945400" y="-536.471558">
   <element name="wand" layername="timeline_0" frame="0" z_index="1" m_a="0.999194" m_b="0.040151" m_c="-0.040151" m_d="0.999194" m_tx="13.364747" m_ty="-266.622406"/>
  </frame>
  <frame idx="50" w="551" h="1290" x="29.945400" y="-536.471558">
   <element name="wand" layername="timeline_0" frame="0" z_index="1" m_a="0.999194" m_b="0.040151" m_c="-0.040151" m_d="0.999194" m_tx="13.364747" m_ty="-266.622406"/>
  </frame>
  <frame idx="75" w="551" h="1290" x="29.945400" y="-536.471558">
   <element name="wand" layername="timeline_0" frame="0" z_index="1" m_a="0.999194" m_b="0.040151" m_c="-0.040151" m_d="0.999194" m_tx="13.364747" m_ty="-266.622406"/>
  </frame>
  <frame idx="100" w="551" h="1290" x="29.945400" y="-536.471558">
   <element name="wand" layername="timeline_0" frame="0" z_index="1" m_a="0.999194" m_b="0.040151" m_c="-0.040151" m_d="0.999194" m_tx="13.364747" m_ty="-266.622406"/>
  </frame>
  <frame idx="125" w="551" h="1290" x="29.945400" y="-536.471558">
   <element name="wand" layername="timeline_0" frame="0" z_index="1" m_a="0.999194" m_b="0.040151" m_c="-0.040151" m_d="0.999194" m_tx="13.364747" m_ty="-266.622406"/>
  </frame>
  <frame idx="150" w="551" h="1290" x="29.945400" y="-536.471558">
   <element name="wand" layername="timeline_0" frame="0" z_index="1" m_a="0.999194" m_b="0.040151" m_c="-0.040151" m_d="0.999194" m_tx="13.364747" m_ty="-266.622406"/>
  </frame>
  <frame idx="175" w="551" h="1290" x="29.945400" y="-536.471558">
   <element name="wand" layername="timeline_0" frame="0" z_index="1" m_a="0.999194" m_b="0.040151" m_c="-0.040151" m_d="0.999194" m_tx="13.364747" m_ty="-266.622406"/>
  </frame>
  <frame idx="200" w="551" h="1290" x="29.945400" y="-536.471558">
   <element name="wand" layername="timeline_0" frame="0" z_index="1" m_a="0.999194" m_b="0.040151" m_c="-0.040151" m_d="0.999194" m_tx="13.364747" m_ty="-266.622406"/>
  </frame>
  <frame idx="225" w="551" h="1290" x="29.945400" y="-536.471558">
   <element name="wand" layername="timeline_0" frame="0" z_index="1" m_a="0.999194" m_b="0.040151" m_c="-0.040151" m_d="0.999194" m_tx="13.364747" m_ty="-266.622406"/>
  </frame>
  <frame idx="250" w="551" h="1290" x="29.945400" y="-536.471558">
   <element name="wand" layername="timeline_0" frame="0" z_index="1" m_a="0.999194" m_b="0.040151" m_c="-0.040151" m_d="0.999194" m_tx="13.364747" m_ty="-266.622406"/>
  </frame>
  <frame idx="275" w="551" h="1290" x="29.945400" y="-536.471558">
   <element name="wand" layername="timeline_0" frame="0" z_index="1" m_a="0.999194" m_b="0.040151" m_c="-0.040151" m_d="0.999194" m_tx="13.364747" m_ty="-266.622406"/>
  </frame>
  <frame idx="300" w="551" h="1290" x="29.945400" y="-536.471558">
   <element name="wand" layername="timeline_0" frame="0" z_index="1" m_a="0.999194" m_b="0.040151" m_c="-0.040151" m_d="0.999194" m_tx="13.364747" m_ty="-266.622406"/>
  </frame>
  <frame idx="325" w="551" h="1290" x="29.945400" y="-536.471558">
   <element name="wand" layername="timeline_0" frame="0" z_index="1" m_a="0.999194" m_b="0.040151" m_c="-0.040151" m_d="0.999194" m_tx="13.364747" m_ty="-266.622406"/>
  </frame>
  <frame idx="350" w="551" h="1290" x="29.945400" y="-536.471558">
   <element name="wand" layername="timeline_0" frame="0" z_index="1" m_a="0.999194" m_b="0.040151" m_c="-0.040151" m_d="0.999194" m_tx="13.364747" m_ty="-266.622406"/>
  </frame>
  <frame idx="375" w="551" h="1290" x="29.945400" y="-536.471558">
   <element name="wand" layername="timeline_0" frame="0" z_index="1" m_a="0.999194" m_b="0.040151" m_c="-0.040151" m_d="0.999194" m_tx="13.364747" m_ty="-266.622406"/>
  </frame>
  <frame idx="400" w="551" h="1290" x="29.945400" y="-536.471558">
   <element name="wand" layername="timeline_0" frame="0" z_index="1" m_a="0.999194" m_b="0.040151" m_c="-0.040151" m_d="0.999194" m_tx="13.364747" m_ty="-266.622406"/>
  </frame>
  <frame idx="425" w="551" h="1290" x="29.945400" y="-536.471558">
   <element name="wand" layername="timeline_0" frame="0" z_index="1" m_a="0.999194" m_b="0.040151" m_c="-0.040151" m_d="0.999194" m_tx="13.364747" m_ty="-266.622406"/>
  </frame>
  <frame idx="450" w="551" h="1290" x="29.945400" y="-536.471558">
   <element name="wand" layername="timeline_0" frame="0" z_index="1" m_a="0.999194" m_b="0.040151" m_c="-0.040151" m_d="0.999194" m_tx="13.364747" m_ty="-266.622406"/>
  </frame>
  <frame idx="475" w="551" h="1290" x="29.945400" y="-536.471558">
   <element name="wand" layername="timeline_0" frame="0" z_index="1" m_a="0.999194" m_b="0.040151" m_c="-0.040151" m_d="0.999194" m_tx="13.364747" m_ty="-266.622406"/>
  </frame>
  <frame idx="500" w="551" h="1290" x="29.945400" y="-536.471558">
   <element name="wand" layername="timeline_0" frame="0" z_index="1" m_a="0.999194" m_b="0.040151" m_c="-0.040151" m_d="0.999194" m_tx="13.364747" m_ty="-266.622406"/>
  </frame>
  <frame idx="525" w="551" h="1290" x="29.945400" y="-536.471558">
   <element name="wand" layername="timeline_0" frame="0" z_index="1" m_a="0.999194" m_b="0.040151" m_c="-0.040151" m_d="0.999194" m_tx="13.364747" m_ty="-266.622406"/>
  </frame>
  <frame idx="550" w="551" h="1290" x="29.945400" y="-536.471558">
   <element name="wand" layername="timeline_0" frame="0" z_index="1" m_a="0.999194" m_b="0.040151" m_c="-0.040151" m_d="0.999194" m_tx="13.364747" m_ty="-266.622406"/>
  </frame>
  <frame idx="575" w="551" h="1290" x="29.945400" y="-536.471558">
   <element name="wand" layername="timeline_0" frame="0" z_index="1" m_a="0.999194" m_b="0.040151" m_c="-0.040151" m_d="0.999194" m_tx="13.364747" m_ty="-266.622406"/>
  </frame>
  <frame idx="600" w="551" h="1290" x="29.945400" y="-536.471558">
   <element name="wand" layername="timeline_0" frame="0" z_index="1" m_a="0.999194" m_b="0.040151" m_c="-0.040151" m_d="0.999194" m_tx="13.364747" m_ty="-266.622406"/>
  </frame>
  <frame idx="625" w="551" h="1290" x="29.945400" y="-536.471558">
   <element name="wand" layername="timeline_0" frame="0" z_index="1" m_a="0.999194" m_b="0.040151" m_c="-0.040151" m_d="0.999194" m_tx="13.364747" m_ty="-266.622406"/>
  </frame>
  <frame idx="650" w="551" h="1290" x="29.945400" y="-536.471558">
   <element name="wand" layername="timeline_0" frame="0" z_index="1" m_a="0.999194" m_b="0.040151" m_c="-0.040151" m_d="0.999194" m_tx="13.364747" m_ty="-266.622406"/>
  </frame>
  <frame idx="675" w="551" h="1290" x="29.945400" y="-536.471558">
   <element name="wand" layername="timeline_0" frame="0" z_index="1" m_a="0.999194" m_b="0.040151" m_c="-0.040151" m_d="0.999194" m_tx="13.364747" m_ty="-266.622406"/>
  </frame>
  <frame idx="700" w="551" h="1290" x="29.945400" y="-536.471558">
   <element name="wand" layername="timeline_0" frame="0" z_index="1" m_a="0.999194" m_b="0.040151" m_c="-0.040151" m_d="0.999194" m_tx="13.364747" m_ty="-266.622406"/>
  </frame>
  <frame idx="725" w="551" h="1290" x="29.945400" y="-536.471558">
   <element name="wand" layername="timeline_0" frame="0" z_index="1" m_a="0.999194" m_b="0.040151" m_c="-0.040151" m_d="0.999194" m_tx="13.364747" m_ty="-266.622406"/>
  </frame>
  <frame idx="750" w="551" h="1290" x="29.945400" y="-536.471558">
   <element name="wand" layername="timeline_0" frame="0" z_index="1" m_a="0.999194" m_b="0.040151" m_c="-0.040151" m_d="0.999194" m_tx="13.364747" m_ty="-266.622406"/>
  </frame>
  <frame idx="775" w="551" h="1290" x="29.945400" y="-536.471558">
   <element name="wand" layername="timeline_0" frame="0" z_index="1" m_a="0.999194" m_b="0.040151" m_c="-0.040151" m_d="0.999194" m_tx="13.364747" m_ty="-266.622406"/>
  </frame>
  <frame idx="800" w="551" h="1290" x="29.945400" y="-536.471558">
   <element name="wand" layername="timeline_0" frame="0" z_index="1" m_a="0.999194" m_b="0.040151" m_c="-0.040151" m_d="0.999194" m_tx="13.364747" m_ty="-266.622406"/>
  </frame>
  <frame idx="825" w="551" h="1290" x="29.945400" y="-536.471558">
   <element name="wand" layername="timeline_0" frame="0" z_index="1" m_a="0.999194" m_b="0.040151" m_c="-0.040151" m_d="0.999194" m_tx="13.364747" m_ty="-266.622406"/>
  </frame>
  <frame idx="850" w="551" h="1290" x="29.945400" y="-536.471558">
   <element name="wand" layername="timeline_0" frame="0" z_index="1" m_a="0.999194" m_b="0.040151" m_c="-0.040151" m_d="0.999194" m_tx="13.364747" m_ty="-266.622406"/>
  </frame>
  <frame idx="875" w="551" h="1290" x="29.945400" y="-536.471558">
   <element name="wand" layername="timeline_0" frame="0" z_index="1" m_a="0.999194" m_b="0.040151" m_c="-0.040151" m_d="0.999194" m_tx="13.364747" m_ty="-266.622406"/>
  </frame>
  <frame idx="900" w="551" h="1290" x="29.945400" y="-536.471558">
   <element name="wand" layername="timeline_0" frame="0" z_index="1" m_a="0.999194" m_b="0.040151" m_c="-0.040151" m_d="0.999194" m_tx="13.364747" m_ty="-266.622406"/>
  </frame>
  <frame idx="925" w="551" h="1290" x="29.945400" y="-536.471558">
   <element name="wand" layername="timeline_0" frame="0" z_index="1" m_a="0.999194" m_b="0.040151" m_c="-0.040151" m_d="0.999194" m_tx="13.364747" m_ty="-266.622406"/>
  </frame>
  <frame idx="950" w="551" h="1290" x="29.945400" y="-536.471558">
   <element name="wand" layername="timeline_0" frame="0" z_index="1" m_a="0.999194" m_b="0.040151" m_c="-0.040151" m_d="0.999194" m_tx="13.364747" m_ty="-266.622406"/>
  </frame>
  <frame idx="975" w="551" h="1290" x="29.945400" y="-536.471558">
   <element name="wand" layername="timeline_0" frame="0" z_index="1" m_a="0.999194" m_b="0.040151" m_c="-0.040151" m_d="0.999194" m_tx="13.364747" m_ty="-266.622406"/>
  </frame>
 </anim>
</Anims>
