<Anims>
 <anim name="nod" root="antlion" numframes="1000" framerate="40">
  <frame idx="0" w="223" h="193" x="-11.269234" y="-14.500000">
   <element name="symbol0" layername="timeline_0" frame="0" z_index="21" m_a="1.000000" m_b="0.000000" m_c="0.000000" m_d="1.000000" m_tx="-11.269234" m_ty="17.384613"/>
   <element name="symbol0" layername="timeline_1" frame="1" z_index="20" m_a="1.000000" m_b="0.000000" m_c="0.000000" m_d="1.000000" m_tx="77.500000" m_ty="-14.500000"/>
   <element name="symbol0" layername="timeline_2" frame="2" z_index="19" m_a="0.614583" m_b="0.000000" m_c="0.000000" m_d="0.595238" m_tx="91.249992" m_ty="-1.250004"/>
  </frame>
  <frame idx="25" w="226" h="197" x="-12.241096" y="-17.850517">
   <element name="symbol0" layername="timeline_0" frame="0" z_index="21" m_a="1.010385" m_b="0.000000" m_c="0.000000" m_d="1.010448" m_tx="-12.241096" m_ty="15.882820"/>
   <element name="symbol0" layername="timeline_1" frame="1" z_index="20" m_a="1.000000" m_b="0.000000" m_c="0.000000" m_d="1.000000" m_tx="77.500000" m_ty="-17.850517"/>
   <element name="symbol0" layername="timeline_2" frame="2" z_index="19" m_a="0.614583" m_b="0.000000" m_c="0.000000" m_d="0.595238" m_tx="91.249992" m_ty="-4.600519"/>
  </frame>
  <frame idx="50" w="228" h="200" x="-13.212967" y="-21.201035">
   <element name="symbol0" layername="timeline_0" frame="0" z_index="21" m_a="1.020771" m_b="0.000000" m_c="0.000000" m_d="1.020896" m_tx="-13.212967" m_ty="14.381035"/>
   <element name="symbol0" layername="timeline_1" frame="1" z_index="20" m_a="1.000000" m_b="0.000000" m_c="0.000000" m_d="1.000000" m_tx="77.500000" m_ty="-21.201035"/>
   <element name="symbol0" layername="timeline_2" frame="2" z_index="19" m_a="0.614583" m_b="0.000000" m_c="0.000000" m_d="0.595238" m_tx="91.249992" m_ty="-7.951035"/>
  </frame>
  <frame idx="75" w="230" h="204" x="-14.184822" y="-24.551544">
   <element name="symbol0" layername="timeline_0" frame="0" z_index="21" m_a="1.031156" m_b="0.000000" m_c="0.000000" m_d="1.031345" m_tx="-14.184822" m_ty="12.879242"/>
   <element name="symbol0" layername="timeline_1" frame="1" z_index="20" m_a="1.000000" m_b="0.000000" m_c="0.000000" m_d="1.000000" m_tx="77.500000" m_ty="-24.551544"/>
   <element name="symbol0" layername="timeline_2" frame="2" z_index="19" m_a="0.614583" m_b="0.000000" m_c="0.000000" m_d="0.595238" m_tx="91.249992" m_ty="-11.301550"/>
  </frame>
  <frame idx="100" w="233" h="207" x="-15.156685" y="-27.920731">
   <element name="symbol0" layername="timeline_0" frame="0" z_index="21" m_a="1.041542" m_b="0.000000" m_c="0.000000" m_d="1.041793" m_tx="-15.156685" m_ty="11.377457"/>
   <element name="symbol0" layername="timeline_1" frame="1" z_index="20" m_a="1.000000" m_b="0.000000" m_c="0.000000" m_d="1.000000" m_tx="77.376289" m_ty="-27.920731"/>
   <element name="symbol0" layername="timeline_2" frame="2" z_index="19" m_a="0.614583" m_b="0.000000" m_c="0.000000" m_d="0.595238" m_tx="91.126282" m_ty="-14.670731"/>
  </frame>
  <frame idx="125" w="235" h="209" x="-16.128555" y="-31.426796">
   <element name="symbol0" layername="timeline_0" frame="0" z_index="21" m_a="1.051927" m_b="0.000000" m_c="0.000000" m_d="1.052241" m_tx="-16.128555" m_ty="9.875664"/>
   <element name="symbol0" layername="timeline_1" frame="1" z_index="20" m_a="1.000000" m_b="0.000000" m_c="0.000000" m_d="1.000000" m_tx="76.345360" m_ty="-31.426796"/>
   <element name="symbol0" layername="timeline_2" frame="2" z_index="19" m_a="0.614583" m_b="0.000000" m_c="0.000000" m_d="0.595238" m_tx="90.095352" m_ty="-18.176800"/>
  </frame>
  <frame idx="150" w="237" h="212" x="-17.100418" y="-34.932861">
   <element name="symbol0" layername="timeline_0" frame="0" z_index="21" m_a="1.062312" m_b="0.000000" m_c="0.000000" m_d="1.062689" m_tx="-17.100418" m_ty="8.373871"/>
   <element name="symbol0" layername="timeline_1" frame="1" z_index="20" m_a="1.000000" m_b="0.000000" m_c="0.000000" m_d="1.000000" m_tx="75.314438" m_ty="-34.932861"/>
   <element name="symbol0" layername="timeline_2" frame="2" z_index="19" m_a="0.614583" m_b="0.000000" m_c="0.000000" m_d="0.595238" m_tx="89.064423" m_ty="-21.682865"/>
  </frame>
  <frame idx="175" w="240" h="214" x="-18.072296" y="-38.438934">
   <element name="symbol0" layername="timeline_0" frame="0" z_index="21" m_a="1.072698" m_b="0.000000" m_c="0.000000" m_d="1.073137" m_tx="-18.072296" m_ty="6.872070"/>
   <element name="symbol0" layername="timeline_1" frame="1" z_index="20" m_a="1.000000" m_b="0.000000" m_c="0.000000" m_d="1.000000" m_tx="74.283508" m_ty="-38.438934"/>
   <element name="symbol0" layername="timeline_2" frame="2" z_index="19" m_a="0.614583" m_b="0.000000" m_c="0.000000" m_d="0.595238" m_tx="88.033501" m_ty="-25.188934"/>
  </frame>
  <frame idx="200" w="242" h="216" x="-19.044167" y="-40.245506">
   <element name="symbol0" layername="timeline_0" frame="0" z_index="21" m_a="1.083083" m_b="0.000000" m_c="0.000000" m_d="1.083586" m_tx="-19.044167" m_ty="5.370285"/>
   <element name="symbol0" layername="timeline_1" frame="1" z_index="20" m_a="1.000000" m_b="0.000000" m_c="0.000000" m_d="1.000000" m_tx="73.949776" m_ty="-40.245506"/>
   <element name="symbol0" layername="timeline_2" frame="2" z_index="19" m_a="0.614583" m_b="0.000000" m_c="0.000000" m_d="0.595238" m_tx="87.699768" m_ty="-26.995506"/>
  </frame>
  <frame idx="225" w="244" h="214" x="-20.016029" y="-36.670334">
   <element name="symbol0" layername="timeline_0" frame="0" z_index="21" m_a="1.093468" m_b="0.000000" m_c="0.000000" m_d="1.094034" m_tx="-20.016029" m_ty="3.868492"/>
   <element name="symbol0" layername="timeline_1" frame="1" z_index="20" m_a="1.000000" m_b="0.000000" m_c="0.000000" m_d="1.000000" m_tx="75.823845" m_ty="-36.670334"/>
   <element name="symbol0" layername="timeline_2" frame="2" z_index="19" m_a="0.614583" m_b="0.000000" m_c="0.000000" m_d="0.595238" m_tx="89.573837" m_ty="-23.420334"/>
  </frame>
  <frame idx="250" w="247" h="212" x="-20.987892" y="-33.095161">
   <element name="symbol0" layername="timeline_0" frame="0" z_index="21" m_a="1.103854" m_b="0.000000" m_c="0.000000" m_d="1.104482" m_tx="-20.987892" m_ty="2.366699"/>
   <element name="symbol0" layername="timeline_1" frame="1" z_index="20" m_a="1.000000" m_b="0.000000" m_c="0.000000" m_d="1.000000" m_tx="77.697914" m_ty="-33.095161"/>
   <element name="symbol0" layername="timeline_2" frame="2" z_index="19" m_a="0.614583" m_b="0.000000" m_c="0.000000" m_d="0.595238" m_tx="91.447914" m_ty="-19.845161"/>
  </frame>
  <frame idx="275" w="249" h="211" x="-21.959763" y="-29.519989">
   <element name="symbol0" layername="timeline_0" frame="0" z_index="21" m_a="1.114239" m_b="0.000000" m_c="0.000000" m_d="1.114930" m_tx="-21.959763" m_ty="0.864914"/>
   <element name="symbol0" layername="timeline_1" frame="1" z_index="20" m_a="1.000000" m_b="0.000000" m_c="0.000000" m_d="1.000000" m_tx="79.571983" m_ty="-29.519989"/>
   <element name="symbol0" layername="timeline_2" frame="2" z_index="19" m_a="0.614583" m_b="0.000000" m_c="0.000000" m_d="0.595238" m_tx="93.321983" m_ty="-16.269989"/>
  </frame>
  <frame idx="300" w="251" h="209" x="-22.931625" y="-26.203453">
   <element name="symbol0" layername="timeline_0" frame="0" z_index="21" m_a="1.124625" m_b="0.000000" m_c="0.000000" m_d="1.125378" m_tx="-22.931625" m_ty="-0.636879"/>
   <element name="symbol0" layername="timeline_1" frame="1" z_index="20" m_a="1.000000" m_b="0.000000" m_c="0.000000" m_d="1.000000" m_tx="81.028419" m_ty="-26.203453"/>
   <element name="symbol0" layername="timeline_2" frame="2" z_index="19" m_a="0.614583" m_b="0.000000" m_c="0.000000" m_d="0.595238" m_tx="94.778419" m_ty="-12.953459"/>
  </frame>
  <frame idx="325" w="254" h="206" x="-23.903496" y="-23.705948">
   <element name="symbol0" layername="timeline_0" frame="0" z_index="21" m_a="1.135010" m_b="0.000000" m_c="0.000000" m_d="1.135827" m_tx="-23.903496" m_ty="-2.138672"/>
   <element name="symbol0" layername="timeline_1" frame="1" z_index="20" m_a="1.000000" m_b="0.000000" m_c="0.000000" m_d="1.000000" m_tx="81.162346" m_ty="-23.705948"/>
   <element name="symbol0" layername="timeline_2" frame="2" z_index="19" m_a="0.614583" m_b="0.000000" m_c="0.000000" m_d="0.595238" m_tx="94.912346" m_ty="-10.455948"/>
  </frame>
  <frame idx="350" w="256" h="204" x="-24.875359" y="-21.208435">
   <element name="symbol0" layername="timeline_0" frame="0" z_index="21" m_a="1.145395" m_b="0.000000" m_c="0.000000" m_d="1.146275" m_tx="-24.875359" m_ty="-3.640465"/>
   <element name="symbol0" layername="timeline_1" frame="1" z_index="20" m_a="1.000000" m_b="0.000000" m_c="0.000000" m_d="1.000000" m_tx="81.296272" m_ty="-21.208435"/>
   <element name="symbol0" layername="timeline_2" frame="2" z_index="19" m_a="0.614583" m_b="0.000000" m_c="0.000000" m_d="0.595238" m_tx="95.046272" m_ty="-7.958439"/>
  </frame>
  <frame idx="375" w="258" h="202" x="-25.847214" y="-18.710922">
   <element name="symbol0" layername="timeline_0" frame="0" z_index="21" m_a="1.155781" m_b="0.000000" m_c="0.000000" m_d="1.156723" m_tx="-25.847214" m_ty="-5.142250"/>
   <element name="symbol0" layername="timeline_1" frame="1" z_index="20" m_a="1.000000" m_b="0.000000" m_c="0.000000" m_d="1.000000" m_tx="81.430199" m_ty="-18.710922"/>
   <element name="symbol0" layername="timeline_2" frame="2" z_index="19" m_a="0.614583" m_b="0.000000" m_c="0.000000" m_d="0.595238" m_tx="95.180199" m_ty="-5.460930"/>
  </frame>
  <frame idx="400" w="261" h="200" x="-26.819092" y="-17.112518">
   <element name="symbol0" layername="timeline_0" frame="0" z_index="21" m_a="1.166166" m_b="0.000000" m_c="0.000000" m_d="1.167171" m_tx="-26.819092" m_ty="-6.644043"/>
   <element name="symbol0" layername="timeline_1" frame="1" z_index="20" m_a="1.000000" m_b="0.000000" m_c="0.000000" m_d="1.000000" m_tx="81.515915" m_ty="-17.112518"/>
   <element name="symbol0" layername="timeline_2" frame="2" z_index="19" m_a="0.614583" m_b="0.000000" m_c="0.000000" m_d="0.595238" m_tx="95.265907" m_ty="-3.862524"/>
  </frame>
  <frame idx="425" w="263" h="200" x="-27.790939" y="-17.112518">
   <element name="symbol0" layername="timeline_0" frame="0" z_index="21" m_a="1.176552" m_b="0.000000" m_c="0.000000" m_d="1.177620" m_tx="-27.790939" m_ty="-8.145836"/>
   <element name="symbol0" layername="timeline_1" frame="1" z_index="20" m_a="1.000000" m_b="0.000000" m_c="0.000000" m_d="1.000000" m_tx="81.515915" m_ty="-17.112518"/>
   <element name="symbol0" layername="timeline_2" frame="2" z_index="19" m_a="0.614583" m_b="0.000000" m_c="0.000000" m_d="0.595238" m_tx="95.265907" m_ty="-3.862524"/>
  </frame>
  <frame idx="450" w="265" h="200" x="-28.762802" y="-17.112518">
   <element name="symbol0" layername="timeline_0" frame="0" z_index="21" m_a="1.186937" m_b="0.000000" m_c="0.000000" m_d="1.188068" m_tx="-28.762802" m_ty="-9.647621"/>
   <element name="symbol0" layername="timeline_1" frame="1" z_index="20" m_a="1.000000" m_b="0.000000" m_c="0.000000" m_d="1.000000" m_tx="81.515915" m_ty="-17.112518"/>
   <element name="symbol0" layername="timeline_2" frame="2" z_index="19" m_a="0.614583" m_b="0.000000" m_c="0.000000" m_d="0.595238" m_tx="95.265907" m_ty="-3.862524"/>
  </frame>
  <frame idx="475" w="268" h="200" x="-29.734665" y="-17.112518">
   <element name="symbol0" layername="timeline_0" frame="0" z_index="21" m_a="1.197322" m_b="0.000000" m_c="0.000000" m_d="1.198516" m_tx="-29.734665" m_ty="-11.149414"/>
   <element name="symbol0" layername="timeline_1" frame="1" z_index="20" m_a="1.000000" m_b="0.000000" m_c="0.000000" m_d="1.000000" m_tx="81.515915" m_ty="-17.112518"/>
   <element name="symbol0" layername="timeline_2" frame="2" z_index="19" m_a="0.614583" m_b="0.000000" m_c="0.000000" m_d="0.595238" m_tx="95.265907" m_ty="-3.862524"/>
  </frame>
  <frame idx="500" w="270" h="206" x="-30.706543" y="-17.071373">
   <element name="symbol0" layername="timeline_0" frame="0" z_index="21" m_a="1.207708" m_b="0.000000" m_c="0.000000" m_d="1.208964" m_tx="-30.706543" m_ty="-12.651215"/>
   <element name="symbol0" layername="timeline_1" frame="1" z_index="21" m_a="1.000000" m_b="0.000000" m_c="0.000000" m_d="1.000000" m_tx="81.452667" m_ty="-17.071373"/>
   <element name="symbol0" layername="timeline_2" frame="2" z_index="21" m_a="0.614583" m_b="0.000000" m_c="0.000000" m_d="0.595238" m_tx="95.202667" m_ty="-3.821383"/>
   <element name="symbol0" layername="timeline_3" frame="3" z_index="20" m_a="1.000000" m_b="0.000000" m_c="0.000000" m_d="1.000000" m_tx="81.500000" m_ty="-3.500000"/>
   <element name="symbol0" layername="timeline_4" frame="5" z_index="19" m_a="1.000000" m_b="0.000000" m_c="0.000000" m_d="1.000000" m_tx="87.500000" m_ty="22.000000"/>
  </frame>
  <frame idx="525" w="272" h="203" x="-31.678421" y="-14.153008">
   <element name="symbol0" layername="timeline_0" frame="0" z_index="21" m_a="1.218093" m_b="0.000000" m_c="0.000000" m_d="1.219412" m_tx="-31.678421" m_ty="-14.153008"/>
   <element name="symbol0" layername="timeline_3" frame="3" z_index="20" m_a="1.000000" m_b="0.000000" m_c="0.000000" m_d="1.000000" m_tx="81.500000" m_ty="-3.500000"/>
   <element name="symbol0" layername="timeline_4" frame="5" z_index="19" m_a="1.000000" m_b="0.000000" m_c="0.000000" m_d="1.000000" m_tx="87.500000" m_ty="22.000000"/>
  </frame>
  <frame idx="550" w="274" h="205" x="-32.650284" y="-15.654793">
   <element name="symbol0" layername="timeline_0" frame="0" z_index="21" m_a="1.228478" m_b="0.000000" m_c="0.000000" m_d="1.229861" m_tx="-32.650284" m_ty="-15.654793"/>
   <element name="symbol0" layername="timeline_3" frame="3" z_index="20" m_a="1.000000" m_b="0.000000" m_c="0.000000" m_d="1.000000" m_tx="81.500000" m_ty="-3.500000"/>
   <element name="symbol0" layername="timeline_4" frame="5" z_index="19" m_a="1.000000" m_b="0.000000" m_c="0.000000" m_d="1.000000" m_tx="87.500000" m_ty="22.000000"/>
  </frame>
  <frame idx="575" w="277" h="206" x="-33.622147" y="-17.156578">
   <element name="symbol0" layername="timeline_0" frame="0" z_index="21" m_a="1.238864" m_b="0.000000" m_c="0.000000" m_d="1.240309" m_tx="-33.622147" m_ty="-17.156578"/>
   <element name="symbol0" layername="timeline_3" frame="3" z_index="20" m_a="1.000000" m_b="0.000000" m_c="0.000000" m_d="1.000000" m_tx="81.500000" m_ty="-3.500000"/>
   <element name="symbol0" layername="timeline_4" frame="5" z_index="19" m_a="1.000000" m_b="0.000000" m_c="0.000000" m_d="1.000000" m_tx="87.500000" m_ty="22.000000"/>
  </frame>
  <frame idx="600" w="279" h="211" x="-34.594009" y="-18.658379">
   <element name="symbol0" layername="timeline_0" frame="0" z_index="21" m_a="1.249249" m_b="0.000000" m_c="0.000000" m_d="1.250757" m_tx="-34.594009" m_ty="-18.658379"/>
   <element name="symbol0" layername="timeline_3" frame="3" z_index="21" m_a="1.000000" m_b="0.000000" m_c="0.000000" m_d="1.000000" m_tx="81.500000" m_ty="-3.500000"/>
   <element name="symbol0" layername="timeline_4" frame="5" z_index="21" m_a="1.000000" m_b="0.000000" m_c="0.000000" m_d="1.000000" m_tx="87.500000" m_ty="22.000000"/>
   <element name="symbol0" layername="timeline_5" frame="1" z_index="20" m_a="1.014856" m_b="0.000000" m_c="0.000000" m_d="1.014946" m_tx="89.108612" m_ty="4.016342"/>
   <element name="symbol0" layername="timeline_6" frame="6" z_index="19" m_a="1.014856" m_b="0.000000" m_c="0.000000" m_d="1.014946" m_tx="105.732819" m_ty="23.259937"/>
  </frame>
  <frame idx="625" w="281" h="218" x="-35.565872" y="-20.160164">
   <element name="symbol0" layername="timeline_0" frame="0" z_index="21" m_a="1.259635" m_b="0.000000" m_c="0.000000" m_d="1.261205" m_tx="-35.565872" m_ty="-20.160164"/>
   <element name="symbol0" layername="timeline_5" frame="1" z_index="20" m_a="1.041384" m_b="0.000000" m_c="0.000000" m_d="1.041634" m_tx="91.981133" m_ty="3.152668"/>
   <element name="symbol0" layername="timeline_6" frame="6" z_index="19" m_a="1.041384" m_b="0.000000" m_c="0.000000" m_d="1.041634" m_tx="108.827148" m_ty="22.831255"/>
  </frame>
  <frame idx="650" w="284" h="225" x="-36.537750" y="-21.661949">
   <element name="symbol0" layername="timeline_0" frame="0" z_index="21" m_a="1.270020" m_b="0.000000" m_c="0.000000" m_d="1.271653" m_tx="-36.537750" m_ty="-21.661949"/>
   <element name="symbol0" layername="timeline_5" frame="1" z_index="20" m_a="1.067912" m_b="0.000000" m_c="0.000000" m_d="1.068323" m_tx="94.853653" m_ty="2.288998"/>
   <element name="symbol0" layername="timeline_6" frame="6" z_index="19" m_a="1.067912" m_b="0.000000" m_c="0.000000" m_d="1.068323" m_tx="111.921478" m_ty="22.402573"/>
  </frame>
  <frame idx="675" w="286" h="232" x="-37.509613" y="-23.163750">
   <element name="symbol0" layername="timeline_0" frame="0" z_index="21" m_a="1.280405" m_b="0.000000" m_c="0.000000" m_d="1.282102" m_tx="-37.509613" m_ty="-23.163750"/>
   <element name="symbol0" layername="timeline_5" frame="1" z_index="20" m_a="1.094440" m_b="0.000000" m_c="0.000000" m_d="1.095012" m_tx="97.726166" m_ty="1.425320"/>
   <element name="symbol0" layername="timeline_6" frame="6" z_index="19" m_a="1.094440" m_b="0.000000" m_c="0.000000" m_d="1.095012" m_tx="115.015800" m_ty="21.973888"/>
  </frame>
  <frame idx="700" w="288" h="239" x="-38.481461" y="-24.665535">
   <element name="symbol0" layername="timeline_0" frame="0" z_index="21" m_a="1.290791" m_b="0.000000" m_c="0.000000" m_d="1.292550" m_tx="-38.481461" m_ty="-24.665535"/>
   <element name="symbol0" layername="timeline_5" frame="1" z_index="20" m_a="1.120969" m_b="0.000000" m_c="0.000000" m_d="1.121700" m_tx="100.598694" m_ty="0.561649"/>
   <element name="symbol0" layername="timeline_6" frame="6" z_index="19" m_a="1.120969" m_b="0.000000" m_c="0.000000" m_d="1.121700" m_tx="118.110130" m_ty="21.545206"/>
  </frame>
  <frame idx="725" w="291" h="246" x="-39.453339" y="-26.167320">
   <element name="symbol0" layername="timeline_0" frame="0" z_index="21" m_a="1.301176" m_b="0.000000" m_c="0.000000" m_d="1.302998" m_tx="-39.453339" m_ty="-26.167320"/>
   <element name="symbol0" layername="timeline_5" frame="1" z_index="20" m_a="1.147497" m_b="0.000000" m_c="0.000000" m_d="1.148389" m_tx="103.471207" m_ty="-0.302025"/>
   <element name="symbol0" layername="timeline_6" frame="6" z_index="19" m_a="1.147497" m_b="0.000000" m_c="0.000000" m_d="1.148389" m_tx="121.204453" m_ty="21.116524"/>
  </frame>
  <frame idx="750" w="293" h="253" x="-40.425186" y="-27.669106">
   <element name="symbol0" layername="timeline_0" frame="0" z_index="21" m_a="1.311562" m_b="0.000000" m_c="0.000000" m_d="1.313446" m_tx="-40.425186" m_ty="-27.669106"/>
   <element name="symbol0" layername="timeline_5" frame="1" z_index="20" m_a="1.174025" m_b="0.000000" m_c="0.000000" m_d="1.175078" m_tx="106.343735" m_ty="-1.165707"/>
   <element name="symbol0" layername="timeline_6" frame="6" z_index="19" m_a="1.174025" m_b="0.000000" m_c="0.000000" m_d="1.175078" m_tx="124.298782" m_ty="20.687840"/>
  </frame>
  <frame idx="775" w="295" h="260" x="-41.397064" y="-29.170898">
   <element name="symbol0" layername="timeline_0" frame="0" z_index="21" m_a="1.321947" m_b="0.000000" m_c="0.000000" m_d="1.323895" m_tx="-41.397064" m_ty="-29.170898"/>
   <element name="symbol0" layername="timeline_5" frame="1" z_index="20" m_a="1.200553" m_b="0.000000" m_c="0.000000" m_d="1.201766" m_tx="109.216248" m_ty="-2.029377"/>
   <element name="symbol0" layername="timeline_6" frame="6" z_index="19" m_a="1.200553" m_b="0.000000" m_c="0.000000" m_d="1.201766" m_tx="127.393105" m_ty="20.259157"/>
  </frame>
  <frame idx="800" w="298" h="267" x="-42.368927" y="-30.672699">
   <element name="symbol0" layername="timeline_0" frame="0" z_index="21" m_a="1.332332" m_b="0.000000" m_c="0.000000" m_d="1.334343" m_tx="-42.368927" m_ty="-30.672699"/>
   <element name="symbol0" layername="timeline_5" frame="1" z_index="20" m_a="1.227081" m_b="0.000000" m_c="0.000000" m_d="1.228455" m_tx="112.088776" m_ty="-2.893047"/>
   <element name="symbol0" layername="timeline_6" frame="6" z_index="19" m_a="1.227081" m_b="0.000000" m_c="0.000000" m_d="1.228455" m_tx="130.487427" m_ty="19.830475"/>
  </frame>
  <frame idx="825" w="300" h="274" x="-43.340805" y="-32.174484">
   <element name="symbol0" layername="timeline_0" frame="0" z_index="21" m_a="1.342718" m_b="0.000000" m_c="0.000000" m_d="1.344791" m_tx="-43.340805" m_ty="-32.174484"/>
   <element name="symbol0" layername="timeline_5" frame="1" z_index="20" m_a="1.253609" m_b="0.000000" m_c="0.000000" m_d="1.255144" m_tx="114.961288" m_ty="-3.756725"/>
   <element name="symbol0" layername="timeline_6" frame="6" z_index="19" m_a="1.253609" m_b="0.000000" m_c="0.000000" m_d="1.255144" m_tx="133.581757" m_ty="19.401794"/>
  </frame>
  <frame idx="850" w="302" h="281" x="-44.312653" y="-33.676285">
   <element name="symbol0" layername="timeline_0" frame="0" z_index="21" m_a="1.353103" m_b="0.000000" m_c="0.000000" m_d="1.355239" m_tx="-44.312653" m_ty="-33.676285"/>
   <element name="symbol0" layername="timeline_5" frame="1" z_index="20" m_a="1.280138" m_b="0.000000" m_c="0.000000" m_d="1.281832" m_tx="117.833809" m_ty="-4.620399"/>
   <element name="symbol0" layername="timeline_6" frame="6" z_index="19" m_a="1.280138" m_b="0.000000" m_c="0.000000" m_d="1.281832" m_tx="136.676086" m_ty="18.973108"/>
  </frame>
  <frame idx="875" w="305" h="289" x="-45.284546" y="-35.178070">
   <element name="symbol0" layername="timeline_0" frame="0" z_index="21" m_a="1.363488" m_b="0.000000" m_c="0.000000" m_d="1.365687" m_tx="-45.284546" m_ty="-35.178070"/>
   <element name="symbol0" layername="timeline_5" frame="1" z_index="20" m_a="1.306666" m_b="0.000000" m_c="0.000000" m_d="1.308521" m_tx="120.706329" m_ty="-5.484070"/>
   <element name="symbol0" layername="timeline_6" frame="6" z_index="19" m_a="1.306666" m_b="0.000000" m_c="0.000000" m_d="1.308521" m_tx="139.770416" m_ty="18.544426"/>
  </frame>
  <frame idx="900" w="307" h="296" x="-46.256393" y="-36.679863">
   <element name="symbol0" layername="timeline_0" frame="0" z_index="21" m_a="1.373874" m_b="0.000000" m_c="0.000000" m_d="1.376135" m_tx="-46.256393" m_ty="-36.679863"/>
   <element name="symbol0" layername="timeline_5" frame="1" z_index="20" m_a="1.333194" m_b="0.000000" m_c="0.000000" m_d="1.335210" m_tx="123.578857" m_ty="-6.347740"/>
   <element name="symbol0" layername="timeline_6" frame="6" z_index="19" m_a="1.333194" m_b="0.000000" m_c="0.000000" m_d="1.335210" m_tx="142.864746" m_ty="18.115744"/>
  </frame>
  <frame idx="925" w="309" h="303" x="-47.228256" y="-38.181648">
   <element name="symbol0" layername="timeline_0" frame="0" z_index="21" m_a="1.384259" m_b="0.000000" m_c="0.000000" m_d="1.386584" m_tx="-47.228256" m_ty="-38.181648"/>
   <element name="symbol0" layername="timeline_5" frame="1" z_index="20" m_a="1.359722" m_b="0.000000" m_c="0.000000" m_d="1.361898" m_tx="126.451363" m_ty="-7.211426"/>
   <element name="symbol0" layername="timeline_6" frame="6" z_index="19" m_a="1.359722" m_b="0.000000" m_c="0.000000" m_d="1.361898" m_tx="145.959076" m_ty="17.687059"/>
  </frame>
  <frame idx="950" w="312" h="310" x="-48.200134" y="-39.683434">
   <element name="symbol0" layername="timeline_0" frame="0" z_index="21" m_a="1.394645" m_b="0.000000" m_c="0.000000" m_d="1.397032" m_tx="-48.200134" m_ty="-39.683434"/>
   <element name="symbol0" layername="timeline_5" frame="1" z_index="20" m_a="1.386250" m_b="0.000000" m_c="0.000000" m_d="1.388587" m_tx="129.323883" m_ty="-8.075096"/>
   <element name="symbol0" layername="timeline_6" frame="6" z_index="19" m_a="1.386250" m_b="0.000000" m_c="0.000000" m_d="1.388587" m_tx="149.053391" m_ty="17.258377"/>
  </frame>
  <frame idx="975" w="535" h="554" x="-276.515289" y="-295.085815">
   <element name="symbol0" layername="timeline_0" frame="0" z_index="15" m_a="1.270301" m_b="0.000000" m_c="0.000000" m_d="1.271936" m_tx="-36.563995" m_ty="-21.702545"/>
   <element name="symbol0" layername="timeline_5" frame="1" z_index="13" m_a="1.270301" m_b="0.000000" m_c="0.000000" m_d="1.271936" m_tx="116.768654" m_ty="-4.300140"/>
   <element name="symbol0" layername="timeline_6" frame="6" z_index="12" m_a="1.270301" m_b="0.000000" m_c="0.000000" m_d="1.271936" m_tx="135.528687" m_ty="19.132069"/>
   <element name="symbol0" layername="timeline_7" frame="0" z_index="14" m_a="0.847980" m_b="0.000000" m_c="0.000000" m_d="1.143950" m_tx="68.538803" m_ty="-28.218468"/>
   <element name="symbol0" layername="timeline_8" frame="7" z_index="7" m_a="-0.786318" m_b="0.617822" m_c="-0.617822" m_d="-0.786318" m_tx="-178.618652" m_ty="-4.675348"/>
   <element name="symbol0" layername="timeline_9" frame="7" z_index="6" m_a="-0.786318" m_b="0.617822" m_c="-0.617822" m_d="-0.786318" m_tx="-120.376892" m_ty="26.093884"/>
   <element name="symbol0" layername="timeline_10" frame="7" z_index="5" m_a="-0.561051" m_b="0.827781" m_c="-0.827781" m_d="-0.561051" m_tx="-44.993847" m_ty="47.911415"/>
   <element name="symbol0" layername="timeline_11" frame="8" z_index="10" m_a="0.204538" m_b="-0.978859" m_c="0.978859" m_d="0.204538" m_tx="-201.743607" m_ty="48.731190"/>
   <element name="symbol0" layername="timeline_12" frame="8" z_index="9" m_a="0.234054" m_b="-0.972224" m_c="0.972224" m_d="0.234054" m_tx="-139.423080" m_ty="65.556686"/>
   <element name="symbol0" layername="timeline_13" frame="8" z_index="11" m_a="0.204538" m_b="-0.978859" m_c="0.978859" m_d="0.204538" m_tx="-54.617176" m_ty="83.213943"/>
   <element name="symbol0" layername="timeline_14" frame="8" z_index="18" m_a="-0.060590" m_b="-0.998163" m_c="-1.095539" m_d="0.066501" m_tx="-104.913223" m_ty="74.988327"/>
   <element name="symbol0" layername="timeline_15" frame="7" z_index="16" m_a="0.435228" m_b="0.900320" m_c="0.988152" m_d="-0.477687" m_tx="-108.496361" m_ty="36.180992"/>
   <element name="symbol0" layername="timeline_16" frame="7" z_index="19" m_a="0.688532" m_b="0.725206" m_c="0.795954" m_d="-0.755703" m_tx="43.849174" m_ty="2.294605"/>
   <element name="symbol0" layername="timeline_17" frame="8" z_index="20" m_a="-0.060590" m_b="-0.998163" m_c="-1.095539" m_d="0.066501" m_tx="63.239510" m_ty="59.330223"/>
   <element name="symbol0" layername="timeline_18" frame="7" z_index="17" m_a="0.688532" m_b="0.725206" m_c="0.795954" m_d="-0.755703" m_tx="-19.712948" m_ty="24.590090"/>
   <element name="symbol0" layername="timeline_19" frame="8" z_index="21" m_a="-0.060590" m_b="-0.998163" m_c="-1.095539" m_d="0.066501" m_tx="-9.236308" m_ty="66.320511"/>
   <element name="symbol0" layername="timeline_20" frame="8" z_index="8" m_a="0.234054" m_b="-0.972224" m_c="0.972224" m_d="0.234054" m_tx="-139.423080" m_ty="65.556686"/>
  </frame>
 </anim>
</Anims>
