<Anims>
 <anim name="nod" root="antlion" numframes="1000" framerate="40">
  <frame idx="0" w="200" h="200" x="0" y="0">
   <element name="" layername="antlion_body_side" frame="0" z_index="7" m_a="1.000000" m_b="0.000000" m_c="0.000000" m_d="1.000000" m_tx="-10.500000" m_ty="2.000000"/>
   <element name="" layername="antlion_head_side" frame="1" z_index="6" m_a="1.000000" m_b="0.000000" m_c="0.000000" m_d="1.000000" m_tx="77.500000" m_ty="-14.500000"/>
   <element name="" layername="antlion_face_side" frame="2" z_index="5" m_a="0.614583" m_b="0.000000" m_c="0.000000" m_d="0.595238" m_tx="91.249992" m_ty="-1.250004"/>
  </frame>
  <frame idx="25" w="200" h="200" x="0" y="0">
   <element name="" layername="antlion_body_side" frame="0" z_index="7" m_a="1.000000" m_b="0.000000" m_c="0.000000" m_d="1.000000" m_tx="-10.500000" m_ty="2.000000"/>
   <element name="" layername="antlion_head_side" frame="1" z_index="6" m_a="1.000000" m_b="0.000000" m_c="0.000000" m_d="1.000000" m_tx="77.500000" m_ty="-17.850517"/>
   <element name="" layername="antlion_face_side" frame="2" z_index="5" m_a="0.614583" m_b="0.000000" m_c="0.000000" m_d="0.595238" m_tx="91.249992" m_ty="-4.600519"/>
  </frame>
  <frame idx="50" w="200" h="200" x="0" y="0">
   <element name="" layername="antlion_body_side" frame="0" z_index="7" m_a="1.000000" m_b="0.000000" m_c="0.000000" m_d="1.000000" m_tx="-10.500000" m_ty="2.000000"/>
   <element name="" layername="antlion_head_side" frame="1" z_index="6" m_a="1.000000" m_b="0.000000" m_c="0.000000" m_d="1.000000" m_tx="77.500000" m_ty="-21.201027"/>
   <element name="" layername="antlion_face_side" frame="2" z_index="5" m_a="0.614583" m_b="0.000000" m_c="0.000000" m_d="0.595238" m_tx="91.249992" m_ty="-7.951035"/>
  </frame>
  <frame idx="75" w="200" h="200" x="0" y="0">
   <element name="" layername="antlion_body_side" frame="0" z_index="7" m_a="1.000000" m_b="0.000000" m_c="0.000000" m_d="1.000000" m_tx="-10.500000" m_ty="2.000000"/>
   <element name="" layername="antlion_head_side" frame="1" z_index="6" m_a="1.000000" m_b="0.000000" m_c="0.000000" m_d="1.000000" m_tx="77.500000" m_ty="-24.551544"/>
   <element name="" layername="antlion_face_side" frame="2" z_index="5" m_a="0.614583" m_b="0.000000" m_c="0.000000" m_d="0.595238" m_tx="91.249992" m_ty="-11.301550"/>
  </frame>
  <frame idx="100" w="200" h="200" x="0" y="0">
   <element name="" layername="antlion_body_side" frame="0" z_index="7" m_a="1.000000" m_b="0.000000" m_c="0.000000" m_d="1.000000" m_tx="-10.500000" m_ty="2.000000"/>
   <element name="" layername="antlion_head_side" frame="1" z_index="6" m_a="1.000000" m_b="0.000000" m_c="0.000000" m_d="1.000000" m_tx="77.376289" m_ty="-27.920731"/>
   <element name="" layername="antlion_face_side" frame="2" z_index="5" m_a="0.614583" m_b="0.000000" m_c="0.000000" m_d="0.595238" m_tx="91.126282" m_ty="-14.670731"/>
  </frame>
  <frame idx="125" w="200" h="200" x="0" y="0">
   <element name="" layername="antlion_body_side" frame="0" z_index="7" m_a="1.000000" m_b="0.000000" m_c="0.000000" m_d="1.000000" m_tx="-10.500000" m_ty="2.000000"/>
   <element name="" layername="antlion_head_side" frame="1" z_index="6" m_a="1.000000" m_b="0.000000" m_c="0.000000" m_d="1.000000" m_tx="76.345360" m_ty="-31.426796"/>
   <element name="" layername="antlion_face_side" frame="2" z_index="5" m_a="0.614583" m_b="0.000000" m_c="0.000000" m_d="0.595238" m_tx="90.095352" m_ty="-18.176800"/>
  </frame>
  <frame idx="150" w="200" h="200" x="0" y="0">
   <element name="" layername="antlion_body_side" frame="0" z_index="7" m_a="1.000000" m_b="0.000000" m_c="0.000000" m_d="1.000000" m_tx="-10.500000" m_ty="2.000000"/>
   <element name="" layername="antlion_head_side" frame="1" z_index="6" m_a="1.000000" m_b="0.000000" m_c="0.000000" m_d="1.000000" m_tx="75.314438" m_ty="-34.932861"/>
   <element name="" layername="antlion_face_side" frame="2" z_index="5" m_a="0.614583" m_b="0.000000" m_c="0.000000" m_d="0.595238" m_tx="89.064423" m_ty="-21.682865"/>
  </frame>
  <frame idx="175" w="200" h="200" x="0" y="0">
   <element name="" layername="antlion_body_side" frame="0" z_index="7" m_a="1.000000" m_b="0.000000" m_c="0.000000" m_d="1.000000" m_tx="-10.500000" m_ty="2.000000"/>
   <element name="" layername="antlion_head_side" frame="1" z_index="6" m_a="1.000000" m_b="0.000000" m_c="0.000000" m_d="1.000000" m_tx="74.283508" m_ty="-38.438934"/>
   <element name="" layername="antlion_face_side" frame="2" z_index="5" m_a="0.614583" m_b="0.000000" m_c="0.000000" m_d="0.595238" m_tx="88.033501" m_ty="-25.188934"/>
  </frame>
  <frame idx="200" w="200" h="200" x="0" y="0">
   <element name="" layername="antlion_body_side" frame="0" z_index="7" m_a="1.000000" m_b="0.000000" m_c="0.000000" m_d="1.000000" m_tx="-10.500000" m_ty="2.000000"/>
   <element name="" layername="antlion_head_side" frame="1" z_index="6" m_a="1.000000" m_b="0.000000" m_c="0.000000" m_d="1.000000" m_tx="73.949776" m_ty="-40.245506"/>
   <element name="" layername="antlion_face_side" frame="2" z_index="5" m_a="0.614583" m_b="0.000000" m_c="0.000000" m_d="0.595238" m_tx="87.699768" m_ty="-26.995506"/>
  </frame>
  <frame idx="225" w="200" h="200" x="0" y="0">
   <element name="" layername="antlion_body_side" frame="0" z_index="7" m_a="1.000000" m_b="0.000000" m_c="0.000000" m_d="1.000000" m_tx="-10.500000" m_ty="2.000000"/>
   <element name="" layername="antlion_head_side" frame="1" z_index="6" m_a="1.000000" m_b="0.000000" m_c="0.000000" m_d="1.000000" m_tx="75.823845" m_ty="-36.670334"/>
   <element name="" layername="antlion_face_side" frame="2" z_index="5" m_a="0.614583" m_b="0.000000" m_c="0.000000" m_d="0.595238" m_tx="89.573837" m_ty="-23.420334"/>
  </frame>
  <frame idx="250" w="200" h="200" x="0" y="0">
   <element name="" layername="antlion_body_side" frame="0" z_index="7" m_a="1.000000" m_b="0.000000" m_c="0.000000" m_d="1.000000" m_tx="-10.500000" m_ty="2.000000"/>
   <element name="" layername="antlion_head_side" frame="1" z_index="6" m_a="1.000000" m_b="0.000000" m_c="0.000000" m_d="1.000000" m_tx="77.697914" m_ty="-33.095161"/>
   <element name="" layername="antlion_face_side" frame="2" z_index="5" m_a="0.614583" m_b="0.000000" m_c="0.000000" m_d="0.595238" m_tx="91.447914" m_ty="-19.845161"/>
  </frame>
  <frame idx="275" w="200" h="200" x="0" y="0">
   <element name="" layername="antlion_body_side" frame="0" z_index="7" m_a="1.000000" m_b="0.000000" m_c="0.000000" m_d="1.000000" m_tx="-10.500000" m_ty="2.000000"/>
   <element name="" layername="antlion_head_side" frame="1" z_index="6" m_a="1.000000" m_b="0.000000" m_c="0.000000" m_d="1.000000" m_tx="79.571983" m_ty="-29.519989"/>
   <element name="" layername="antlion_face_side" frame="2" z_index="5" m_a="0.614583" m_b="0.000000" m_c="0.000000" m_d="0.595238" m_tx="93.321983" m_ty="-16.269989"/>
  </frame>
  <frame idx="300" w="200" h="200" x="0" y="0">
   <element name="" layername="antlion_body_side" frame="0" z_index="7" m_a="1.000000" m_b="0.000000" m_c="0.000000" m_d="1.000000" m_tx="-10.500000" m_ty="2.000000"/>
   <element name="" layername="antlion_head_side" frame="1" z_index="6" m_a="1.000000" m_b="0.000000" m_c="0.000000" m_d="1.000000" m_tx="81.028419" m_ty="-26.203453"/>
   <element name="" layername="antlion_face_side" frame="2" z_index="5" m_a="0.614583" m_b="0.000000" m_c="0.000000" m_d="0.595238" m_tx="94.778419" m_ty="-12.953459"/>
  </frame>
  <frame idx="325" w="200" h="200" x="0" y="0">
   <element name="" layername="antlion_body_side" frame="0" z_index="7" m_a="1.000000" m_b="0.000000" m_c="0.000000" m_d="1.000000" m_tx="-10.500000" m_ty="2.000000"/>
   <element name="" layername="antlion_head_side" frame="1" z_index="6" m_a="1.000000" m_b="0.000000" m_c="0.000000" m_d="1.000000" m_tx="81.162346" m_ty="-23.705948"/>
   <element name="" layername="antlion_face_side" frame="2" z_index="5" m_a="0.614583" m_b="0.000000" m_c="0.000000" m_d="0.595238" m_tx="94.912346" m_ty="-10.455948"/>
  </frame>
  <frame idx="350" w="200" h="200" x="0" y="0">
   <element name="" layername="antlion_body_side" frame="0" z_index="7" m_a="1.000000" m_b="0.000000" m_c="0.000000" m_d="1.000000" m_tx="-10.500000" m_ty="2.000000"/>
   <element name="" layername="antlion_head_side" frame="1" z_index="6" m_a="1.000000" m_b="0.000000" m_c="0.000000" m_d="1.000000" m_tx="81.296272" m_ty="-21.208435"/>
   <element name="" layername="antlion_face_side" frame="2" z_index="5" m_a="0.614583" m_b="0.000000" m_c="0.000000" m_d="0.595238" m_tx="95.046272" m_ty="-7.958439"/>
  </frame>
  <frame idx="375" w="200" h="200" x="0" y="0">
   <element name="" layername="antlion_body_side" frame="0" z_index="7" m_a="1.000000" m_b="0.000000" m_c="0.000000" m_d="1.000000" m_tx="-10.500000" m_ty="2.000000"/>
   <element name="" layername="antlion_head_side" frame="1" z_index="6" m_a="1.000000" m_b="0.000000" m_c="0.000000" m_d="1.000000" m_tx="81.430199" m_ty="-18.710922"/>
   <element name="" layername="antlion_face_side" frame="2" z_index="5" m_a="0.614583" m_b="0.000000" m_c="0.000000" m_d="0.595238" m_tx="95.180199" m_ty="-5.460930"/>
  </frame>
  <frame idx="400" w="200" h="200" x="0" y="0">
   <element name="" layername="antlion_body_side" frame="0" z_index="7" m_a="1.000000" m_b="0.000000" m_c="0.000000" m_d="1.000000" m_tx="-10.500000" m_ty="2.000000"/>
   <element name="" layername="antlion_head_side" frame="1" z_index="6" m_a="1.000000" m_b="0.000000" m_c="0.000000" m_d="1.000000" m_tx="81.515915" m_ty="-17.112518"/>
   <element name="" layername="antlion_face_side" frame="2" z_index="5" m_a="0.614583" m_b="0.000000" m_c="0.000000" m_d="0.595238" m_tx="95.265907" m_ty="-3.862524"/>
  </frame>
  <frame idx="425" w="200" h="200" x="0" y="0">
   <element name="" layername="antlion_body_side" frame="0" z_index="7" m_a="1.000000" m_b="0.000000" m_c="0.000000" m_d="1.000000" m_tx="-10.500000" m_ty="2.000000"/>
   <element name="" layername="antlion_head_side" frame="1" z_index="6" m_a="1.000000" m_b="0.000000" m_c="0.000000" m_d="1.000000" m_tx="81.515915" m_ty="-17.112518"/>
   <element name="" layername="antlion_face_side" frame="2" z_index="5" m_a="0.614583" m_b="0.000000" m_c="0.000000" m_d="0.595238" m_tx="95.265907" m_ty="-3.862524"/>
  </frame>
  <frame idx="450" w="200" h="200" x="0" y="0">
   <element name="" layername="antlion_body_side" frame="0" z_index="7" m_a="1.000000" m_b="0.000000" m_c="0.000000" m_d="1.000000" m_tx="-10.500000" m_ty="2.000000"/>
   <element name="" layername="antlion_head_side" frame="1" z_index="6" m_a="1.000000" m_b="0.000000" m_c="0.000000" m_d="1.000000" m_tx="81.515915" m_ty="-17.112518"/>
   <element name="" layername="antlion_face_side" frame="2" z_index="5" m_a="0.614583" m_b="0.000000" m_c="0.000000" m_d="0.595238" m_tx="95.265907" m_ty="-3.862524"/>
  </frame>
  <frame idx="475" w="200" h="200" x="0" y="0">
   <element name="" layername="antlion_body_side" frame="0" z_index="7" m_a="1.000000" m_b="0.000000" m_c="0.000000" m_d="1.000000" m_tx="-10.500000" m_ty="2.000000"/>
   <element name="" layername="antlion_head_side" frame="1" z_index="6" m_a="1.000000" m_b="0.000000" m_c="0.000000" m_d="1.000000" m_tx="81.515915" m_ty="-17.112518"/>
   <element name="" layername="antlion_face_side" frame="2" z_index="5" m_a="0.614583" m_b="0.000000" m_c="0.000000" m_d="0.595238" m_tx="95.265907" m_ty="-3.862524"/>
  </frame>
  <frame idx="500" w="200" h="200" x="0" y="0">
   <element name="" layername="antlion_body_side" frame="0" z_index="7" m_a="1.000000" m_b="0.000000" m_c="0.000000" m_d="1.000000" m_tx="-10.500000" m_ty="2.000000"/>
   <element name="" layername="antlion_head_front" frame="3" z_index="6" m_a="1.000000" m_b="0.000000" m_c="0.000000" m_d="1.000000" m_tx="81.500000" m_ty="-3.500000"/>
   <element name="" layername="antlion_mouth_front" frame="5" z_index="5" m_a="1.000000" m_b="0.000000" m_c="0.000000" m_d="1.000000" m_tx="87.500000" m_ty="22.000000"/>
  </frame>
  <frame idx="525" w="200" h="200" x="0" y="0">
   <element name="" layername="antlion_body_side" frame="0" z_index="7" m_a="1.000000" m_b="0.000000" m_c="0.000000" m_d="1.000000" m_tx="-10.500000" m_ty="2.000000"/>
   <element name="" layername="antlion_head_front" frame="3" z_index="6" m_a="1.000000" m_b="0.000000" m_c="0.000000" m_d="1.000000" m_tx="81.500000" m_ty="-3.500000"/>
   <element name="" layername="antlion_mouth_front" frame="5" z_index="5" m_a="1.000000" m_b="0.000000" m_c="0.000000" m_d="1.000000" m_tx="87.500000" m_ty="22.000000"/>
  </frame>
  <frame idx="550" w="200" h="200" x="0" y="0">
   <element name="" layername="antlion_body_side" frame="0" z_index="7" m_a="1.000000" m_b="0.000000" m_c="0.000000" m_d="1.000000" m_tx="-10.500000" m_ty="2.000000"/>
   <element name="" layername="antlion_head_front" frame="3" z_index="6" m_a="1.000000" m_b="0.000000" m_c="0.000000" m_d="1.000000" m_tx="81.500000" m_ty="-3.500000"/>
   <element name="" layername="antlion_mouth_front" frame="5" z_index="5" m_a="1.000000" m_b="0.000000" m_c="0.000000" m_d="1.000000" m_tx="87.500000" m_ty="22.000000"/>
  </frame>
  <frame idx="575" w="200" h="200" x="0" y="0">
   <element name="" layername="antlion_body_side" frame="0" z_index="7" m_a="1.000000" m_b="0.000000" m_c="0.000000" m_d="1.000000" m_tx="-10.500000" m_ty="2.000000"/>
   <element name="" layername="antlion_head_front" frame="3" z_index="6" m_a="1.000000" m_b="0.000000" m_c="0.000000" m_d="1.000000" m_tx="81.500000" m_ty="-3.500000"/>
   <element name="" layername="antlion_mouth_front" frame="5" z_index="5" m_a="1.000000" m_b="0.000000" m_c="0.000000" m_d="1.000000" m_tx="87.500000" m_ty="22.000000"/>
  </frame>
  <frame idx="600" w="200" h="200" x="0" y="0">
   <element name="" layername="antlion_body_side" frame="0" z_index="7" m_a="1.000000" m_b="0.000000" m_c="0.000000" m_d="1.000000" m_tx="-10.500000" m_ty="2.000000"/>
   <element name="" layername="antlion_head_side_000" frame="1" z_index="6" m_a="1.000000" m_b="0.000000" m_c="0.000000" m_d="1.000000" m_tx="87.500000" m_ty="4.500000"/>
   <element name="" layername="antlion_mouth_side" frame="6" z_index="5" m_a="1.000000" m_b="0.000000" m_c="0.000000" m_d="1.000000" m_tx="104.000000" m_ty="23.500000"/>
  </frame>
  <frame idx="625" w="200" h="200" x="0" y="0">
   <element name="" layername="antlion_body_side" frame="0" z_index="7" m_a="1.000000" m_b="0.000000" m_c="0.000000" m_d="1.000000" m_tx="-10.500000" m_ty="2.000000"/>
   <element name="" layername="antlion_head_side_000" frame="1" z_index="6" m_a="1.000000" m_b="0.000000" m_c="0.000000" m_d="1.000000" m_tx="87.500000" m_ty="4.500000"/>
   <element name="" layername="antlion_mouth_side" frame="6" z_index="5" m_a="1.000000" m_b="0.000000" m_c="0.000000" m_d="1.000000" m_tx="104.000000" m_ty="23.500000"/>
  </frame>
  <frame idx="650" w="200" h="200" x="0" y="0">
   <element name="" layername="antlion_body_side" frame="0" z_index="7" m_a="1.000000" m_b="0.000000" m_c="0.000000" m_d="1.000000" m_tx="-10.500000" m_ty="2.000000"/>
   <element name="" layername="antlion_head_side_000" frame="1" z_index="6" m_a="1.000000" m_b="0.000000" m_c="0.000000" m_d="1.000000" m_tx="87.500000" m_ty="4.500000"/>
   <element name="" layername="antlion_mouth_side" frame="6" z_index="5" m_a="1.000000" m_b="0.000000" m_c="0.000000" m_d="1.000000" m_tx="104.000000" m_ty="23.500000"/>
  </frame>
  <frame idx="675" w="200" h="200" x="0" y="0">
   <element name="" layername="antlion_body_side" frame="0" z_index="7" m_a="1.000000" m_b="0.000000" m_c="0.000000" m_d="1.000000" m_tx="-10.500000" m_ty="2.000000"/>
   <element name="" layername="antlion_head_side_000" frame="1" z_index="6" m_a="1.000000" m_b="0.000000" m_c="0.000000" m_d="1.000000" m_tx="87.500000" m_ty="4.500000"/>
   <element name="" layername="antlion_mouth_side" frame="6" z_index="5" m_a="1.000000" m_b="0.000000" m_c="0.000000" m_d="1.000000" m_tx="104.000000" m_ty="23.500000"/>
  </frame>
  <frame idx="700" w="200" h="200" x="0" y="0">
   <element name="" layername="antlion_body_side" frame="0" z_index="7" m_a="1.000000" m_b="0.000000" m_c="0.000000" m_d="1.000000" m_tx="-10.500000" m_ty="2.000000"/>
   <element name="" layername="antlion_head_side_000" frame="1" z_index="6" m_a="1.000000" m_b="0.000000" m_c="0.000000" m_d="1.000000" m_tx="87.500000" m_ty="4.500000"/>
   <element name="" layername="antlion_mouth_side" frame="6" z_index="5" m_a="1.000000" m_b="0.000000" m_c="0.000000" m_d="1.000000" m_tx="104.000000" m_ty="23.500000"/>
  </frame>
  <frame idx="725" w="200" h="200" x="0" y="0">
   <element name="" layername="antlion_body_side" frame="0" z_index="7" m_a="1.000000" m_b="0.000000" m_c="0.000000" m_d="1.000000" m_tx="-10.500000" m_ty="2.000000"/>
   <element name="" layername="antlion_head_side_000" frame="1" z_index="6" m_a="1.000000" m_b="0.000000" m_c="0.000000" m_d="1.000000" m_tx="87.500000" m_ty="4.500000"/>
   <element name="" layername="antlion_mouth_side" frame="6" z_index="5" m_a="1.000000" m_b="0.000000" m_c="0.000000" m_d="1.000000" m_tx="104.000000" m_ty="23.500000"/>
  </frame>
  <frame idx="750" w="200" h="200" x="0" y="0">
   <element name="" layername="antlion_body_side" frame="0" z_index="7" m_a="1.000000" m_b="0.000000" m_c="0.000000" m_d="1.000000" m_tx="-10.500000" m_ty="2.000000"/>
   <element name="" layername="antlion_head_side_000" frame="1" z_index="6" m_a="1.000000" m_b="0.000000" m_c="0.000000" m_d="1.000000" m_tx="87.500000" m_ty="4.500000"/>
   <element name="" layername="antlion_mouth_side" frame="6" z_index="5" m_a="1.000000" m_b="0.000000" m_c="0.000000" m_d="1.000000" m_tx="104.000000" m_ty="23.500000"/>
  </frame>
  <frame idx="775" w="200" h="200" x="0" y="0">
   <element name="" layername="antlion_body_side" frame="0" z_index="7" m_a="1.000000" m_b="0.000000" m_c="0.000000" m_d="1.000000" m_tx="-10.500000" m_ty="2.000000"/>
   <element name="" layername="antlion_head_side_000" frame="1" z_index="6" m_a="1.000000" m_b="0.000000" m_c="0.000000" m_d="1.000000" m_tx="87.500000" m_ty="4.500000"/>
   <element name="" layername="antlion_mouth_side" frame="6" z_index="5" m_a="1.000000" m_b="0.000000" m_c="0.000000" m_d="1.000000" m_tx="104.000000" m_ty="23.500000"/>
  </frame>
  <frame idx="800" w="200" h="200" x="0" y="0">
   <element name="" layername="antlion_body_side" frame="0" z_index="7" m_a="1.000000" m_b="0.000000" m_c="0.000000" m_d="1.000000" m_tx="-10.500000" m_ty="2.000000"/>
   <element name="" layername="antlion_head_side_000" frame="1" z_index="6" m_a="1.000000" m_b="0.000000" m_c="0.000000" m_d="1.000000" m_tx="87.500000" m_ty="4.500000"/>
   <element name="" layername="antlion_mouth_side" frame="6" z_index="5" m_a="1.000000" m_b="0.000000" m_c="0.000000" m_d="1.000000" m_tx="104.000000" m_ty="23.500000"/>
  </frame>
  <frame idx="825" w="200" h="200" x="0" y="0">
   <element name="" layername="antlion_body_side" frame="0" z_index="7" m_a="1.000000" m_b="0.000000" m_c="0.000000" m_d="1.000000" m_tx="-10.500000" m_ty="2.000000"/>
   <element name="" layername="antlion_head_side_000" frame="1" z_index="6" m_a="1.000000" m_b="0.000000" m_c="0.000000" m_d="1.000000" m_tx="87.500000" m_ty="4.500000"/>
   <element name="" layername="antlion_mouth_side" frame="6" z_index="5" m_a="1.000000" m_b="0.000000" m_c="0.000000" m_d="1.000000" m_tx="104.000000" m_ty="23.500000"/>
  </frame>
  <frame idx="850" w="200" h="200" x="0" y="0">
   <element name="" layername="antlion_body_side" frame="0" z_index="7" m_a="1.000000" m_b="0.000000" m_c="0.000000" m_d="1.000000" m_tx="-10.500000" m_ty="2.000000"/>
   <element name="" layername="antlion_head_side_000" frame="1" z_index="6" m_a="1.000000" m_b="0.000000" m_c="0.000000" m_d="1.000000" m_tx="87.500000" m_ty="4.500000"/>
   <element name="" layername="antlion_mouth_side" frame="6" z_index="5" m_a="1.000000" m_b="0.000000" m_c="0.000000" m_d="1.000000" m_tx="104.000000" m_ty="23.500000"/>
  </frame>
  <frame idx="875" w="200" h="200" x="0" y="0">
   <element name="" layername="antlion_body_side" frame="0" z_index="7" m_a="1.000000" m_b="0.000000" m_c="0.000000" m_d="1.000000" m_tx="-10.500000" m_ty="2.000000"/>
   <element name="" layername="antlion_head_side_000" frame="1" z_index="6" m_a="1.000000" m_b="0.000000" m_c="0.000000" m_d="1.000000" m_tx="87.500000" m_ty="4.500000"/>
   <element name="" layername="antlion_mouth_side" frame="6" z_index="5" m_a="1.000000" m_b="0.000000" m_c="0.000000" m_d="1.000000" m_tx="104.000000" m_ty="23.500000"/>
  </frame>
  <frame idx="900" w="200" h="200" x="0" y="0">
   <element name="" layername="antlion_body_side" frame="0" z_index="7" m_a="1.000000" m_b="0.000000" m_c="0.000000" m_d="1.000000" m_tx="-10.500000" m_ty="2.000000"/>
   <element name="" layername="antlion_head_side_000" frame="1" z_index="6" m_a="1.000000" m_b="0.000000" m_c="0.000000" m_d="1.000000" m_tx="87.500000" m_ty="4.500000"/>
   <element name="" layername="antlion_mouth_side" frame="6" z_index="5" m_a="1.000000" m_b="0.000000" m_c="0.000000" m_d="1.000000" m_tx="104.000000" m_ty="23.500000"/>
  </frame>
  <frame idx="925" w="200" h="200" x="0" y="0">
   <element name="" layername="antlion_body_side" frame="0" z_index="7" m_a="1.000000" m_b="0.000000" m_c="0.000000" m_d="1.000000" m_tx="-10.500000" m_ty="2.000000"/>
   <element name="" layername="antlion_head_side_000" frame="1" z_index="6" m_a="1.000000" m_b="0.000000" m_c="0.000000" m_d="1.000000" m_tx="87.500000" m_ty="4.500000"/>
   <element name="" layername="antlion_mouth_side" frame="6" z_index="5" m_a="1.000000" m_b="0.000000" m_c="0.000000" m_d="1.000000" m_tx="104.000000" m_ty="23.500000"/>
  </frame>
  <frame idx="950" w="200" h="200" x="0" y="0">
   <element name="" layername="antlion_body_side" frame="0" z_index="7" m_a="1.000000" m_b="0.000000" m_c="0.000000" m_d="1.000000" m_tx="-10.500000" m_ty="2.000000"/>
   <element name="" layername="antlion_head_side_000" frame="1" z_index="6" m_a="1.000000" m_b="0.000000" m_c="0.000000" m_d="1.000000" m_tx="87.500000" m_ty="4.500000"/>
   <element name="" layername="antlion_mouth_side" frame="6" z_index="5" m_a="1.000000" m_b="0.000000" m_c="0.000000" m_d="1.000000" m_tx="104.000000" m_ty="23.500000"/>
  </frame>
  <frame idx="975" w="200" h="200" x="0" y="0">
   <element name="" layername="antlion_body_side" frame="0" z_index="7" m_a="1.000000" m_b="0.000000" m_c="0.000000" m_d="1.000000" m_tx="-10.500000" m_ty="2.000000"/>
   <element name="" layername="antlion_head_side_000" frame="1" z_index="6" m_a="1.000000" m_b="0.000000" m_c="0.000000" m_d="1.000000" m_tx="87.500000" m_ty="4.500000"/>
   <element name="" layername="antlion_mouth_side" frame="6" z_index="5" m_a="1.000000" m_b="0.000000" m_c="0.000000" m_d="1.000000" m_tx="104.000000" m_ty="23.500000"/>
  </frame>
 </anim>
</Anims>
