<Anims>
 <anim name="nod" root="antlion" numframes="1000" framerate="40">
  <frame idx="0" w="200" h="200" x="0" y="0">
   <element name="" layername="antlion_body_side" frame="0" z_index="22" m_a="1.000000" m_b="0.000000" m_c="0.000000" m_d="1.000000" m_tx="-11.269234" m_ty="17.384613"/>
   <element name="" layername="antlion_head_side" frame="1" z_index="21" m_a="1.000000" m_b="0.000000" m_c="0.000000" m_d="1.000000" m_tx="77.500000" m_ty="-14.500000"/>
   <element name="" layername="antlion_face_side" frame="2" z_index="20" m_a="0.614583" m_b="0.000000" m_c="0.000000" m_d="0.595238" m_tx="91.249992" m_ty="-1.250004"/>
  </frame>
  <frame idx="25" w="200" h="200" x="0" y="0">
   <element name="" layername="antlion_body_side" frame="0" z_index="22" m_a="1.010385" m_b="0.000000" m_c="0.000000" m_d="1.010448" m_tx="-12.241099" m_ty="15.882819"/>
   <element name="" layername="antlion_head_side" frame="1" z_index="21" m_a="1.000000" m_b="0.000000" m_c="0.000000" m_d="1.000000" m_tx="77.500000" m_ty="-17.850517"/>
   <element name="" layername="antlion_face_side" frame="2" z_index="20" m_a="0.614583" m_b="0.000000" m_c="0.000000" m_d="0.595238" m_tx="91.249992" m_ty="-4.600519"/>
  </frame>
  <frame idx="50" w="200" h="200" x="0" y="0">
   <element name="" layername="antlion_body_side" frame="0" z_index="22" m_a="1.020771" m_b="0.000000" m_c="0.000000" m_d="1.020896" m_tx="-13.212965" m_ty="14.381033"/>
   <element name="" layername="antlion_head_side" frame="1" z_index="21" m_a="1.000000" m_b="0.000000" m_c="0.000000" m_d="1.000000" m_tx="77.500000" m_ty="-21.201027"/>
   <element name="" layername="antlion_face_side" frame="2" z_index="20" m_a="0.614583" m_b="0.000000" m_c="0.000000" m_d="0.595238" m_tx="91.249992" m_ty="-7.951035"/>
  </frame>
  <frame idx="75" w="200" h="200" x="0" y="0">
   <element name="" layername="antlion_body_side" frame="0" z_index="22" m_a="1.031156" m_b="0.000000" m_c="0.000000" m_d="1.031345" m_tx="-14.184823" m_ty="12.879240"/>
   <element name="" layername="antlion_head_side" frame="1" z_index="21" m_a="1.000000" m_b="0.000000" m_c="0.000000" m_d="1.000000" m_tx="77.500000" m_ty="-24.551544"/>
   <element name="" layername="antlion_face_side" frame="2" z_index="20" m_a="0.614583" m_b="0.000000" m_c="0.000000" m_d="0.595238" m_tx="91.249992" m_ty="-11.301550"/>
  </frame>
  <frame idx="100" w="200" h="200" x="0" y="0">
   <element name="" layername="antlion_body_side" frame="0" z_index="22" m_a="1.041542" m_b="0.000000" m_c="0.000000" m_d="1.041793" m_tx="-15.156689" m_ty="11.377454"/>
   <element name="" layername="antlion_head_side" frame="1" z_index="21" m_a="1.000000" m_b="0.000000" m_c="0.000000" m_d="1.000000" m_tx="77.376289" m_ty="-27.920731"/>
   <element name="" layername="antlion_face_side" frame="2" z_index="20" m_a="0.614583" m_b="0.000000" m_c="0.000000" m_d="0.595238" m_tx="91.126282" m_ty="-14.670731"/>
  </frame>
  <frame idx="125" w="200" h="200" x="0" y="0">
   <element name="" layername="antlion_body_side" frame="0" z_index="22" m_a="1.051927" m_b="0.000000" m_c="0.000000" m_d="1.052241" m_tx="-16.128553" m_ty="9.875660"/>
   <element name="" layername="antlion_head_side" frame="1" z_index="21" m_a="1.000000" m_b="0.000000" m_c="0.000000" m_d="1.000000" m_tx="76.345360" m_ty="-31.426796"/>
   <element name="" layername="antlion_face_side" frame="2" z_index="20" m_a="0.614583" m_b="0.000000" m_c="0.000000" m_d="0.595238" m_tx="90.095352" m_ty="-18.176800"/>
  </frame>
  <frame idx="150" w="200" h="200" x="0" y="0">
   <element name="" layername="antlion_body_side" frame="0" z_index="22" m_a="1.062312" m_b="0.000000" m_c="0.000000" m_d="1.062689" m_tx="-17.100420" m_ty="8.373875"/>
   <element name="" layername="antlion_head_side" frame="1" z_index="21" m_a="1.000000" m_b="0.000000" m_c="0.000000" m_d="1.000000" m_tx="75.314438" m_ty="-34.932861"/>
   <element name="" layername="antlion_face_side" frame="2" z_index="20" m_a="0.614583" m_b="0.000000" m_c="0.000000" m_d="0.595238" m_tx="89.064423" m_ty="-21.682865"/>
  </frame>
  <frame idx="175" w="200" h="200" x="0" y="0">
   <element name="" layername="antlion_body_side" frame="0" z_index="22" m_a="1.072698" m_b="0.000000" m_c="0.000000" m_d="1.073137" m_tx="-18.072298" m_ty="6.872071"/>
   <element name="" layername="antlion_head_side" frame="1" z_index="21" m_a="1.000000" m_b="0.000000" m_c="0.000000" m_d="1.000000" m_tx="74.283508" m_ty="-38.438934"/>
   <element name="" layername="antlion_face_side" frame="2" z_index="20" m_a="0.614583" m_b="0.000000" m_c="0.000000" m_d="0.595238" m_tx="88.033501" m_ty="-25.188934"/>
  </frame>
  <frame idx="200" w="200" h="200" x="0" y="0">
   <element name="" layername="antlion_body_side" frame="0" z_index="22" m_a="1.083083" m_b="0.000000" m_c="0.000000" m_d="1.083586" m_tx="-19.044165" m_ty="5.370277"/>
   <element name="" layername="antlion_head_side" frame="1" z_index="21" m_a="1.000000" m_b="0.000000" m_c="0.000000" m_d="1.000000" m_tx="73.949776" m_ty="-40.245506"/>
   <element name="" layername="antlion_face_side" frame="2" z_index="20" m_a="0.614583" m_b="0.000000" m_c="0.000000" m_d="0.595238" m_tx="87.699768" m_ty="-26.995506"/>
  </frame>
  <frame idx="225" w="200" h="200" x="0" y="0">
   <element name="" layername="antlion_body_side" frame="0" z_index="22" m_a="1.093468" m_b="0.000000" m_c="0.000000" m_d="1.094034" m_tx="-20.016029" m_ty="3.868491"/>
   <element name="" layername="antlion_head_side" frame="1" z_index="21" m_a="1.000000" m_b="0.000000" m_c="0.000000" m_d="1.000000" m_tx="75.823845" m_ty="-36.670334"/>
   <element name="" layername="antlion_face_side" frame="2" z_index="20" m_a="0.614583" m_b="0.000000" m_c="0.000000" m_d="0.595238" m_tx="89.573837" m_ty="-23.420334"/>
  </frame>
  <frame idx="250" w="200" h="200" x="0" y="0">
   <element name="" layername="antlion_body_side" frame="0" z_index="22" m_a="1.103854" m_b="0.000000" m_c="0.000000" m_d="1.104482" m_tx="-20.987896" m_ty="2.366697"/>
   <element name="" layername="antlion_head_side" frame="1" z_index="21" m_a="1.000000" m_b="0.000000" m_c="0.000000" m_d="1.000000" m_tx="77.697914" m_ty="-33.095161"/>
   <element name="" layername="antlion_face_side" frame="2" z_index="20" m_a="0.614583" m_b="0.000000" m_c="0.000000" m_d="0.595238" m_tx="91.447914" m_ty="-19.845161"/>
  </frame>
  <frame idx="275" w="200" h="200" x="0" y="0">
   <element name="" layername="antlion_body_side" frame="0" z_index="22" m_a="1.114239" m_b="0.000000" m_c="0.000000" m_d="1.114930" m_tx="-21.959761" m_ty="0.864911"/>
   <element name="" layername="antlion_head_side" frame="1" z_index="21" m_a="1.000000" m_b="0.000000" m_c="0.000000" m_d="1.000000" m_tx="79.571983" m_ty="-29.519989"/>
   <element name="" layername="antlion_face_side" frame="2" z_index="20" m_a="0.614583" m_b="0.000000" m_c="0.000000" m_d="0.595238" m_tx="93.321983" m_ty="-16.269989"/>
  </frame>
  <frame idx="300" w="200" h="200" x="0" y="0">
   <element name="" layername="antlion_body_side" frame="0" z_index="22" m_a="1.124625" m_b="0.000000" m_c="0.000000" m_d="1.125378" m_tx="-22.931627" m_ty="-0.636882"/>
   <element name="" layername="antlion_head_side" frame="1" z_index="21" m_a="1.000000" m_b="0.000000" m_c="0.000000" m_d="1.000000" m_tx="81.028419" m_ty="-26.203453"/>
   <element name="" layername="antlion_face_side" frame="2" z_index="20" m_a="0.614583" m_b="0.000000" m_c="0.000000" m_d="0.595238" m_tx="94.778419" m_ty="-12.953459"/>
  </frame>
  <frame idx="325" w="200" h="200" x="0" y="0">
   <element name="" layername="antlion_body_side" frame="0" z_index="22" m_a="1.135010" m_b="0.000000" m_c="0.000000" m_d="1.135827" m_tx="-23.903492" m_ty="-2.138668"/>
   <element name="" layername="antlion_head_side" frame="1" z_index="21" m_a="1.000000" m_b="0.000000" m_c="0.000000" m_d="1.000000" m_tx="81.162346" m_ty="-23.705948"/>
   <element name="" layername="antlion_face_side" frame="2" z_index="20" m_a="0.614583" m_b="0.000000" m_c="0.000000" m_d="0.595238" m_tx="94.912346" m_ty="-10.455948"/>
  </frame>
  <frame idx="350" w="200" h="200" x="0" y="0">
   <element name="" layername="antlion_body_side" frame="0" z_index="22" m_a="1.145395" m_b="0.000000" m_c="0.000000" m_d="1.146275" m_tx="-24.875343" m_ty="-3.640462"/>
   <element name="" layername="antlion_head_side" frame="1" z_index="21" m_a="1.000000" m_b="0.000000" m_c="0.000000" m_d="1.000000" m_tx="81.296272" m_ty="-21.208435"/>
   <element name="" layername="antlion_face_side" frame="2" z_index="20" m_a="0.614583" m_b="0.000000" m_c="0.000000" m_d="0.595238" m_tx="95.046272" m_ty="-7.958439"/>
  </frame>
  <frame idx="375" w="200" h="200" x="0" y="0">
   <element name="" layername="antlion_body_side" frame="0" z_index="22" m_a="1.155781" m_b="0.000000" m_c="0.000000" m_d="1.156723" m_tx="-25.847223" m_ty="-5.142255"/>
   <element name="" layername="antlion_head_side" frame="1" z_index="21" m_a="1.000000" m_b="0.000000" m_c="0.000000" m_d="1.000000" m_tx="81.430199" m_ty="-18.710922"/>
   <element name="" layername="antlion_face_side" frame="2" z_index="20" m_a="0.614583" m_b="0.000000" m_c="0.000000" m_d="0.595238" m_tx="95.180199" m_ty="-5.460930"/>
  </frame>
  <frame idx="400" w="200" h="200" x="0" y="0">
   <element name="" layername="antlion_body_side" frame="0" z_index="22" m_a="1.166166" m_b="0.000000" m_c="0.000000" m_d="1.167171" m_tx="-26.819073" m_ty="-6.644042"/>
   <element name="" layername="antlion_head_side" frame="1" z_index="21" m_a="1.000000" m_b="0.000000" m_c="0.000000" m_d="1.000000" m_tx="81.515915" m_ty="-17.112518"/>
   <element name="" layername="antlion_face_side" frame="2" z_index="20" m_a="0.614583" m_b="0.000000" m_c="0.000000" m_d="0.595238" m_tx="95.265907" m_ty="-3.862524"/>
  </frame>
  <frame idx="425" w="200" h="200" x="0" y="0">
   <element name="" layername="antlion_body_side" frame="0" z_index="22" m_a="1.176552" m_b="0.000000" m_c="0.000000" m_d="1.177620" m_tx="-27.790939" m_ty="-8.145835"/>
   <element name="" layername="antlion_head_side" frame="1" z_index="21" m_a="1.000000" m_b="0.000000" m_c="0.000000" m_d="1.000000" m_tx="81.515915" m_ty="-17.112518"/>
   <element name="" layername="antlion_face_side" frame="2" z_index="20" m_a="0.614583" m_b="0.000000" m_c="0.000000" m_d="0.595238" m_tx="95.265907" m_ty="-3.862524"/>
  </frame>
  <frame idx="450" w="200" h="200" x="0" y="0">
   <element name="" layername="antlion_body_side" frame="0" z_index="22" m_a="1.186937" m_b="0.000000" m_c="0.000000" m_d="1.188068" m_tx="-28.762804" m_ty="-9.647621"/>
   <element name="" layername="antlion_head_side" frame="1" z_index="21" m_a="1.000000" m_b="0.000000" m_c="0.000000" m_d="1.000000" m_tx="81.515915" m_ty="-17.112518"/>
   <element name="" layername="antlion_face_side" frame="2" z_index="20" m_a="0.614583" m_b="0.000000" m_c="0.000000" m_d="0.595238" m_tx="95.265907" m_ty="-3.862524"/>
  </frame>
  <frame idx="475" w="200" h="200" x="0" y="0">
   <element name="" layername="antlion_body_side" frame="0" z_index="22" m_a="1.197322" m_b="0.000000" m_c="0.000000" m_d="1.198516" m_tx="-29.734671" m_ty="-11.149415"/>
   <element name="" layername="antlion_head_side" frame="1" z_index="21" m_a="1.000000" m_b="0.000000" m_c="0.000000" m_d="1.000000" m_tx="81.515915" m_ty="-17.112518"/>
   <element name="" layername="antlion_face_side" frame="2" z_index="20" m_a="0.614583" m_b="0.000000" m_c="0.000000" m_d="0.595238" m_tx="95.265907" m_ty="-3.862524"/>
  </frame>
  <frame idx="500" w="200" h="200" x="0" y="0">
   <element name="" layername="antlion_body_side" frame="0" z_index="22" m_a="1.207708" m_b="0.000000" m_c="0.000000" m_d="1.208964" m_tx="-30.706535" m_ty="-12.651208"/>
   <element name="" layername="antlion_head_front" frame="3" z_index="21" m_a="1.000000" m_b="0.000000" m_c="0.000000" m_d="1.000000" m_tx="81.500000" m_ty="-3.500000"/>
   <element name="" layername="antlion_mouth_front" frame="5" z_index="20" m_a="1.000000" m_b="0.000000" m_c="0.000000" m_d="1.000000" m_tx="87.500000" m_ty="22.000000"/>
  </frame>
  <frame idx="525" w="200" h="200" x="0" y="0">
   <element name="" layername="antlion_body_side" frame="0" z_index="22" m_a="1.218093" m_b="0.000000" m_c="0.000000" m_d="1.219412" m_tx="-31.678415" m_ty="-14.153004"/>
   <element name="" layername="antlion_head_front" frame="3" z_index="21" m_a="1.000000" m_b="0.000000" m_c="0.000000" m_d="1.000000" m_tx="81.500000" m_ty="-3.500000"/>
   <element name="" layername="antlion_mouth_front" frame="5" z_index="20" m_a="1.000000" m_b="0.000000" m_c="0.000000" m_d="1.000000" m_tx="87.500000" m_ty="22.000000"/>
  </frame>
  <frame idx="550" w="200" h="200" x="0" y="0">
   <element name="" layername="antlion_body_side" frame="0" z_index="22" m_a="1.228478" m_b="0.000000" m_c="0.000000" m_d="1.229861" m_tx="-32.650280" m_ty="-15.654798"/>
   <element name="" layername="antlion_head_front" frame="3" z_index="21" m_a="1.000000" m_b="0.000000" m_c="0.000000" m_d="1.000000" m_tx="81.500000" m_ty="-3.500000"/>
   <element name="" layername="antlion_mouth_front" frame="5" z_index="20" m_a="1.000000" m_b="0.000000" m_c="0.000000" m_d="1.000000" m_tx="87.500000" m_ty="22.000000"/>
  </frame>
  <frame idx="575" w="200" h="200" x="0" y="0">
   <element name="" layername="antlion_body_side" frame="0" z_index="22" m_a="1.238864" m_b="0.000000" m_c="0.000000" m_d="1.240309" m_tx="-33.622147" m_ty="-17.156584"/>
   <element name="" layername="antlion_head_front" frame="3" z_index="21" m_a="1.000000" m_b="0.000000" m_c="0.000000" m_d="1.000000" m_tx="81.500000" m_ty="-3.500000"/>
   <element name="" layername="antlion_mouth_front" frame="5" z_index="20" m_a="1.000000" m_b="0.000000" m_c="0.000000" m_d="1.000000" m_tx="87.500000" m_ty="22.000000"/>
  </frame>
  <frame idx="600" w="200" h="200" x="0" y="0">
   <element name="" layername="antlion_body_side" frame="0" z_index="22" m_a="1.249249" m_b="0.000000" m_c="0.000000" m_d="1.250757" m_tx="-34.594013" m_ty="-18.658377"/>
   <element name="" layername="antlion_head_side_000" frame="1" z_index="21" m_a="1.014856" m_b="0.000000" m_c="0.000000" m_d="1.014946" m_tx="89.108612" m_ty="4.016343"/>
   <element name="" layername="antlion_mouth_side" frame="6" z_index="20" m_a="1.014856" m_b="0.000000" m_c="0.000000" m_d="1.014946" m_tx="105.732819" m_ty="23.259937"/>
  </frame>
  <frame idx="625" w="200" h="200" x="0" y="0">
   <element name="" layername="antlion_body_side" frame="0" z_index="22" m_a="1.259635" m_b="0.000000" m_c="0.000000" m_d="1.261205" m_tx="-35.565876" m_ty="-20.160164"/>
   <element name="" layername="antlion_head_side_000" frame="1" z_index="21" m_a="1.041384" m_b="0.000000" m_c="0.000000" m_d="1.041634" m_tx="91.981133" m_ty="3.152670"/>
   <element name="" layername="antlion_mouth_side" frame="6" z_index="20" m_a="1.041384" m_b="0.000000" m_c="0.000000" m_d="1.041634" m_tx="108.827148" m_ty="22.831255"/>
  </frame>
  <frame idx="650" w="200" h="200" x="0" y="0">
   <element name="" layername="antlion_body_side" frame="0" z_index="22" m_a="1.270020" m_b="0.000000" m_c="0.000000" m_d="1.271653" m_tx="-36.537743" m_ty="-21.661957"/>
   <element name="" layername="antlion_head_side_000" frame="1" z_index="21" m_a="1.067912" m_b="0.000000" m_c="0.000000" m_d="1.068323" m_tx="94.853645" m_ty="2.288996"/>
   <element name="" layername="antlion_mouth_side" frame="6" z_index="20" m_a="1.067912" m_b="0.000000" m_c="0.000000" m_d="1.068323" m_tx="111.921478" m_ty="22.402573"/>
  </frame>
  <frame idx="675" w="200" h="200" x="0" y="0">
   <element name="" layername="antlion_body_side" frame="0" z_index="22" m_a="1.280405" m_b="0.000000" m_c="0.000000" m_d="1.282102" m_tx="-37.509609" m_ty="-23.163750"/>
   <element name="" layername="antlion_head_side_000" frame="1" z_index="21" m_a="1.094440" m_b="0.000000" m_c="0.000000" m_d="1.095012" m_tx="97.726173" m_ty="1.425317"/>
   <element name="" layername="antlion_mouth_side" frame="6" z_index="20" m_a="1.094440" m_b="0.000000" m_c="0.000000" m_d="1.095012" m_tx="115.015800" m_ty="21.973888"/>
  </frame>
  <frame idx="700" w="200" h="200" x="0" y="0">
   <element name="" layername="antlion_body_side" frame="0" z_index="22" m_a="1.290791" m_b="0.000000" m_c="0.000000" m_d="1.292550" m_tx="-38.481461" m_ty="-24.665537"/>
   <element name="" layername="antlion_head_side_000" frame="1" z_index="21" m_a="1.120969" m_b="0.000000" m_c="0.000000" m_d="1.121700" m_tx="100.598694" m_ty="0.561647"/>
   <element name="" layername="antlion_mouth_side" frame="6" z_index="20" m_a="1.120969" m_b="0.000000" m_c="0.000000" m_d="1.121700" m_tx="118.110130" m_ty="21.545206"/>
  </frame>
  <frame idx="725" w="200" h="200" x="0" y="0">
   <element name="" layername="antlion_body_side" frame="0" z_index="22" m_a="1.301176" m_b="0.000000" m_c="0.000000" m_d="1.302998" m_tx="-39.453339" m_ty="-26.167322"/>
   <element name="" layername="antlion_head_side_000" frame="1" z_index="21" m_a="1.147497" m_b="0.000000" m_c="0.000000" m_d="1.148389" m_tx="103.471214" m_ty="-0.302026"/>
   <element name="" layername="antlion_mouth_side" frame="6" z_index="20" m_a="1.147497" m_b="0.000000" m_c="0.000000" m_d="1.148389" m_tx="121.204453" m_ty="21.116524"/>
  </frame>
  <frame idx="750" w="200" h="200" x="0" y="0">
   <element name="" layername="antlion_body_side" frame="0" z_index="22" m_a="1.311562" m_b="0.000000" m_c="0.000000" m_d="1.313446" m_tx="-40.425205" m_ty="-27.669125"/>
   <element name="" layername="antlion_head_side_000" frame="1" z_index="21" m_a="1.174025" m_b="0.000000" m_c="0.000000" m_d="1.175078" m_tx="106.343735" m_ty="-1.165705"/>
   <element name="" layername="antlion_mouth_side" frame="6" z_index="20" m_a="1.174025" m_b="0.000000" m_c="0.000000" m_d="1.175078" m_tx="124.298782" m_ty="20.687840"/>
  </frame>
  <frame idx="775" w="200" h="200" x="0" y="0">
   <element name="" layername="antlion_body_side" frame="0" z_index="22" m_a="1.321947" m_b="0.000000" m_c="0.000000" m_d="1.323895" m_tx="-41.397057" m_ty="-29.170910"/>
   <element name="" layername="antlion_head_side_000" frame="1" z_index="21" m_a="1.200553" m_b="0.000000" m_c="0.000000" m_d="1.201766" m_tx="109.216248" m_ty="-2.029375"/>
   <element name="" layername="antlion_mouth_side" frame="6" z_index="20" m_a="1.200553" m_b="0.000000" m_c="0.000000" m_d="1.201766" m_tx="127.393105" m_ty="20.259157"/>
  </frame>
  <frame idx="800" w="200" h="200" x="0" y="0">
   <element name="" layername="antlion_body_side" frame="0" z_index="22" m_a="1.332332" m_b="0.000000" m_c="0.000000" m_d="1.334343" m_tx="-42.368919" m_ty="-30.672695"/>
   <element name="" layername="antlion_head_side_000" frame="1" z_index="21" m_a="1.227081" m_b="0.000000" m_c="0.000000" m_d="1.228455" m_tx="112.088776" m_ty="-2.893048"/>
   <element name="" layername="antlion_mouth_side" frame="6" z_index="20" m_a="1.227081" m_b="0.000000" m_c="0.000000" m_d="1.228455" m_tx="130.487427" m_ty="19.830475"/>
  </frame>
  <frame idx="825" w="200" h="200" x="0" y="0">
   <element name="" layername="antlion_body_side" frame="0" z_index="22" m_a="1.342718" m_b="0.000000" m_c="0.000000" m_d="1.344791" m_tx="-43.340801" m_ty="-32.174492"/>
   <element name="" layername="antlion_head_side_000" frame="1" z_index="21" m_a="1.253609" m_b="0.000000" m_c="0.000000" m_d="1.255144" m_tx="114.961288" m_ty="-3.756718"/>
   <element name="" layername="antlion_mouth_side" frame="6" z_index="20" m_a="1.253609" m_b="0.000000" m_c="0.000000" m_d="1.255144" m_tx="133.581757" m_ty="19.401793"/>
  </frame>
  <frame idx="850" w="200" h="200" x="0" y="0">
   <element name="" layername="antlion_body_side" frame="0" z_index="22" m_a="1.353103" m_b="0.000000" m_c="0.000000" m_d="1.355239" m_tx="-44.312664" m_ty="-33.676292"/>
   <element name="" layername="antlion_head_side_000" frame="1" z_index="21" m_a="1.280138" m_b="0.000000" m_c="0.000000" m_d="1.281832" m_tx="117.833809" m_ty="-4.620401"/>
   <element name="" layername="antlion_mouth_side" frame="6" z_index="20" m_a="1.280138" m_b="0.000000" m_c="0.000000" m_d="1.281832" m_tx="136.676086" m_ty="18.973108"/>
  </frame>
  <frame idx="875" w="200" h="200" x="0" y="0">
   <element name="" layername="antlion_body_side" frame="0" z_index="22" m_a="1.363488" m_b="0.000000" m_c="0.000000" m_d="1.365687" m_tx="-45.284531" m_ty="-35.178078"/>
   <element name="" layername="antlion_head_side_000" frame="1" z_index="21" m_a="1.306666" m_b="0.000000" m_c="0.000000" m_d="1.308521" m_tx="120.706329" m_ty="-5.484071"/>
   <element name="" layername="antlion_mouth_side" frame="6" z_index="20" m_a="1.306666" m_b="0.000000" m_c="0.000000" m_d="1.308521" m_tx="139.770416" m_ty="18.544426"/>
  </frame>
  <frame idx="900" w="200" h="200" x="0" y="0">
   <element name="" layername="antlion_body_side" frame="0" z_index="22" m_a="1.373874" m_b="0.000000" m_c="0.000000" m_d="1.376135" m_tx="-46.256397" m_ty="-36.679867"/>
   <element name="" layername="antlion_head_side_000" frame="1" z_index="21" m_a="1.333194" m_b="0.000000" m_c="0.000000" m_d="1.335210" m_tx="123.578850" m_ty="-6.347740"/>
   <element name="" layername="antlion_mouth_side" frame="6" z_index="20" m_a="1.333194" m_b="0.000000" m_c="0.000000" m_d="1.335210" m_tx="142.864746" m_ty="18.115744"/>
  </frame>
  <frame idx="925" w="200" h="200" x="0" y="0">
   <element name="" layername="antlion_body_side" frame="0" z_index="22" m_a="1.384259" m_b="0.000000" m_c="0.000000" m_d="1.386584" m_tx="-47.228264" m_ty="-38.181667"/>
   <element name="" layername="antlion_head_side_000" frame="1" z_index="21" m_a="1.359722" m_b="0.000000" m_c="0.000000" m_d="1.361898" m_tx="126.451370" m_ty="-7.211423"/>
   <element name="" layername="antlion_mouth_side" frame="6" z_index="20" m_a="1.359722" m_b="0.000000" m_c="0.000000" m_d="1.361898" m_tx="145.959076" m_ty="17.687059"/>
  </frame>
  <frame idx="950" w="200" h="200" x="0" y="0">
   <element name="" layername="antlion_body_side" frame="0" z_index="22" m_a="1.394645" m_b="0.000000" m_c="0.000000" m_d="1.397032" m_tx="-48.200127" m_ty="-39.683453"/>
   <element name="" layername="antlion_head_side_000" frame="1" z_index="21" m_a="1.386250" m_b="0.000000" m_c="0.000000" m_d="1.388587" m_tx="129.323883" m_ty="-8.075093"/>
   <element name="" layername="antlion_mouth_side" frame="6" z_index="20" m_a="1.386250" m_b="0.000000" m_c="0.000000" m_d="1.388587" m_tx="149.053391" m_ty="17.258377"/>
  </frame>
  <frame idx="975" w="200" h="200" x="0" y="0">
   <element name="" layername="antlion_body_side" frame="0" z_index="16" m_a="1.270301" m_b="0.000000" m_c="0.000000" m_d="1.271936" m_tx="-36.563995" m_ty="-21.702543"/>
   <element name="" layername="antlion_head_side_000" frame="1" z_index="14" m_a="1.392339" m_b="0.000000" m_c="0.000000" m_d="1.394713" m_tx="129.983231" m_ty="-8.273340"/>
   <element name="" layername="antlion_mouth_side" frame="6" z_index="13" m_a="1.392339" m_b="0.000000" m_c="0.000000" m_d="1.394713" m_tx="149.763641" m_ty="17.159979"/>
   <element name="" layername="antlion_body_side_000" frame="0" z_index="15" m_a="0.847980" m_b="0.000000" m_c="0.000000" m_d="1.143950" m_tx="68.538803" m_ty="-28.218464"/>
   <element name="" layername="antlion_leg_top" frame="7" z_index="8" m_a="-0.786318" m_b="0.617822" m_c="-0.617822" m_d="-0.786318" m_tx="-178.618652" m_ty="-4.675350"/>
   <element name="" layername="antlion_leg_top_000" frame="7" z_index="7" m_a="-0.786318" m_b="0.617822" m_c="-0.617822" m_d="-0.786318" m_tx="-120.376892" m_ty="26.093882"/>
   <element name="" layername="antlion_leg_top_001" frame="7" z_index="6" m_a="-0.561051" m_b="0.827781" m_c="-0.827781" m_d="-0.561051" m_tx="-44.993866" m_ty="47.911396"/>
   <element name="" layername="antlion_leg_bottom" frame="8" z_index="11" m_a="0.204538" m_b="-0.978859" m_c="0.978859" m_d="0.204538" m_tx="-201.743607" m_ty="48.731190"/>
   <element name="" layername="antlion_leg_bottom_000" frame="8" z_index="10" m_a="0.234054" m_b="-0.972224" m_c="0.972224" m_d="0.234054" m_tx="-139.423065" m_ty="65.556686"/>
   <element name="" layername="antlion_leg_bottom_001" frame="8" z_index="12" m_a="0.204538" m_b="-0.978859" m_c="0.978859" m_d="0.204538" m_tx="-54.617176" m_ty="83.213951"/>
   <element name="" layername="antlion_leg_bottom_002" frame="8" z_index="19" m_a="-0.060590" m_b="-0.998163" m_c="-1.095539" m_d="0.066501" m_tx="-104.913216" m_ty="74.988327"/>
   <element name="" layername="antlion_leg_top_002" frame="7" z_index="17" m_a="0.435228" m_b="0.900320" m_c="0.988152" m_d="-0.477687" m_tx="-108.496361" m_ty="36.180992"/>
   <element name="" layername="antlion_leg_top_003" frame="7" z_index="20" m_a="0.688532" m_b="0.725206" m_c="0.795954" m_d="-0.755703" m_tx="43.849178" m_ty="2.294607"/>
   <element name="" layername="antlion_leg_bottom_003" frame="8" z_index="21" m_a="-0.060590" m_b="-0.998163" m_c="-1.095539" m_d="0.066501" m_tx="63.239513" m_ty="59.330219"/>
   <element name="" layername="antlion_leg_top_004" frame="7" z_index="18" m_a="0.688532" m_b="0.725206" m_c="0.795954" m_d="-0.755703" m_tx="-19.712946" m_ty="24.590092"/>
   <element name="" layername="antlion_leg_bottom_004" frame="8" z_index="22" m_a="-0.060590" m_b="-0.998163" m_c="-1.095539" m_d="0.066501" m_tx="-9.236302" m_ty="66.320511"/>
   <element name="" layername="antlion_leg_bottom_005" frame="8" z_index="9" m_a="0.234054" m_b="-0.972224" m_c="0.972224" m_d="0.234054" m_tx="-139.423065" m_ty="65.556686"/>
  </frame>
 </anim>
</Anims>
