<Anims>
 <anim name="BUILD" root="swap_magnet" numframes="1000" framerate="40">
  <frame idx="0" w="94" h="167" x="66.374306" y="21.632614">
   <element name="symbol0" layername="timeline_0" frame="0" z_index="2" m_a="1.284670" m_b="-0.006067" m_c="0.007714" m_d="1.633445" m_tx="19.836926" m_ty="-39.403160"/>
  </frame>
  <frame idx="25" w="94" h="167" x="66.374306" y="21.632614">
   <element name="symbol0" layername="timeline_0" frame="0" z_index="2" m_a="1.284670" m_b="-0.006067" m_c="0.007714" m_d="1.633445" m_tx="19.836926" m_ty="-39.403160"/>
  </frame>
  <frame idx="50" w="94" h="167" x="66.374306" y="21.632614"/>
  <frame idx="75" w="94" h="167" x="66.374306" y="21.632614"/>
  <frame idx="100" w="94" h="167" x="66.374306" y="21.632614"/>
  <frame idx="125" w="94" h="167" x="66.374306" y="21.632614"/>
  <frame idx="150" w="94" h="167" x="66.374306" y="21.632614"/>
  <frame idx="175" w="94" h="167" x="66.374306" y="21.632614"/>
  <frame idx="200" w="94" h="167" x="66.374306" y="21.632614"/>
  <frame idx="225" w="94" h="167" x="66.374306" y="21.632614"/>
  <frame idx="250" w="94" h="167" x="66.374306" y="21.632614"/>
  <frame idx="275" w="94" h="167" x="66.374306" y="21.632614"/>
  <frame idx="300" w="94" h="167" x="66.374306" y="21.632614"/>
  <frame idx="325" w="94" h="167" x="66.374306" y="21.632614"/>
  <frame idx="350" w="94" h="167" x="66.374306" y="21.632614"/>
  <frame idx="375" w="94" h="167" x="66.374306" y="21.632614"/>
  <frame idx="400" w="94" h="167" x="66.374306" y="21.632614"/>
  <frame idx="425" w="94" h="167" x="66.374306" y="21.632614"/>
  <frame idx="450" w="94" h="167" x="66.374306" y="21.632614"/>
  <frame idx="475" w="94" h="167" x="66.374306" y="21.632614"/>
  <frame idx="500" w="94" h="167" x="66.374306" y="21.632614"/>
  <frame idx="525" w="94" h="167" x="66.374306" y="21.632614"/>
  <frame idx="550" w="94" h="167" x="66.374306" y="21.632614"/>
  <frame idx="575" w="94" h="167" x="66.374306" y="21.632614"/>
  <frame idx="600" w="94" h="167" x="66.374306" y="21.632614"/>
  <frame idx="625" w="94" h="167" x="66.374306" y="21.632614"/>
  <frame idx="650" w="94" h="167" x="66.374306" y="21.632614"/>
  <frame idx="675" w="94" h="167" x="66.374306" y="21.632614"/>
  <frame idx="700" w="94" h="167" x="66.374306" y="21.632614"/>
  <frame idx="725" w="94" h="167" x="66.374306" y="21.632614"/>
  <frame idx="750" w="94" h="167" x="66.374306" y="21.632614"/>
  <frame idx="775" w="94" h="167" x="66.374306" y="21.632614"/>
  <frame idx="800" w="94" h="167" x="66.374306" y="21.632614"/>
  <frame idx="825" w="94" h="167" x="66.374306" y="21.632614"/>
  <frame idx="850" w="94" h="167" x="66.374306" y="21.632614"/>
  <frame idx="875" w="94" h="167" x="66.374306" y="21.632614"/>
  <frame idx="900" w="94" h="167" x="66.374306" y="21.632614"/>
  <frame idx="925" w="94" h="167" x="66.374306" y="21.632614"/>
  <frame idx="950" w="94" h="167" x="66.374306" y="21.632614"/>
  <frame idx="975" w="94" h="167" x="66.374306" y="21.632614"/>
 </anim>
 <anim name="idle" root="magnet" numframes="1000" framerate="40">
  <frame idx="0" w="79" h="114" x="46.739090" y="2.018967">
   <element name="symbol0" layername="timeline_0" frame="0" z_index="2" m_a="0.996355" m_b="-0.085309" m_c="0.085309" m_d="0.996355" m_tx="7.671225" m_ty="-32.273186"/>
  </frame>
  <frame idx="25" w="79" h="114" x="46.739090" y="2.018967">
   <element name="symbol0" layername="timeline_0" frame="0" z_index="2" m_a="0.996355" m_b="-0.085309" m_c="0.085309" m_d="0.996355" m_tx="7.671225" m_ty="-32.273186"/>
  </frame>
  <frame idx="50" w="79" h="114" x="46.739090" y="2.018967"/>
  <frame idx="75" w="79" h="114" x="46.739090" y="2.018967"/>
  <frame idx="100" w="79" h="114" x="46.739090" y="2.018967"/>
  <frame idx="125" w="79" h="114" x="46.739090" y="2.018967"/>
  <frame idx="150" w="79" h="114" x="46.739090" y="2.018967"/>
  <frame idx="175" w="79" h="114" x="46.739090" y="2.018967"/>
  <frame idx="200" w="79" h="114" x="46.739090" y="2.018967"/>
  <frame idx="225" w="79" h="114" x="46.739090" y="2.018967"/>
  <frame idx="250" w="79" h="114" x="46.739090" y="2.018967"/>
  <frame idx="275" w="79" h="114" x="46.739090" y="2.018967"/>
  <frame idx="300" w="79" h="114" x="46.739090" y="2.018967"/>
  <frame idx="325" w="79" h="114" x="46.739090" y="2.018967"/>
  <frame idx="350" w="79" h="114" x="46.739090" y="2.018967"/>
  <frame idx="375" w="79" h="114" x="46.739090" y="2.018967"/>
  <frame idx="400" w="79" h="114" x="46.739090" y="2.018967"/>
  <frame idx="425" w="79" h="114" x="46.739090" y="2.018967"/>
  <frame idx="450" w="79" h="114" x="46.739090" y="2.018967"/>
  <frame idx="475" w="79" h="114" x="46.739090" y="2.018967"/>
  <frame idx="500" w="79" h="114" x="46.739090" y="2.018967"/>
  <frame idx="525" w="79" h="114" x="46.739090" y="2.018967"/>
  <frame idx="550" w="79" h="114" x="46.739090" y="2.018967"/>
  <frame idx="575" w="79" h="114" x="46.739090" y="2.018967"/>
  <frame idx="600" w="79" h="114" x="46.739090" y="2.018967"/>
  <frame idx="625" w="79" h="114" x="46.739090" y="2.018967"/>
  <frame idx="650" w="79" h="114" x="46.739090" y="2.018967"/>
  <frame idx="675" w="79" h="114" x="46.739090" y="2.018967"/>
  <frame idx="700" w="79" h="114" x="46.739090" y="2.018967"/>
  <frame idx="725" w="79" h="114" x="46.739090" y="2.018967"/>
  <frame idx="750" w="79" h="114" x="46.739090" y="2.018967"/>
  <frame idx="775" w="79" h="114" x="46.739090" y="2.018967"/>
  <frame idx="800" w="79" h="114" x="46.739090" y="2.018967"/>
  <frame idx="825" w="79" h="114" x="46.739090" y="2.018967"/>
  <frame idx="850" w="79" h="114" x="46.739090" y="2.018967"/>
  <frame idx="875" w="79" h="114" x="46.739090" y="2.018967"/>
  <frame idx="900" w="79" h="114" x="46.739090" y="2.018967"/>
  <frame idx="925" w="79" h="114" x="46.739090" y="2.018967"/>
  <frame idx="950" w="79" h="114" x="46.739090" y="2.018967"/>
  <frame idx="975" w="79" h="114" x="46.739090" y="2.018967"/>
 </anim>
</Anims>
