<Anims>
 <anim name="idle" root="skytrap" numframes="1000" framerate="40">
  <frame idx="0" w="412" h="617" x="15.488174" y="-190.368393">
   <element name="symbol0" layername="timeline_0" frame="0" z_index="1" m_a="0.822118" m_b="0.000000" m_c="0.000000" m_d="0.821955" m_tx="15.488174" m_ty="-190.368393"/>
  </frame>
  <frame idx="25" w="412" h="617" x="15.488174" y="-190.368393">
   <element name="symbol0" layername="timeline_0" frame="0" z_index="1" m_a="0.822118" m_b="0.000000" m_c="0.000000" m_d="0.821955" m_tx="15.488174" m_ty="-190.368393"/>
  </frame>
  <frame idx="50" w="412" h="617" x="15.488174" y="-190.368393">
   <element name="symbol0" layername="timeline_0" frame="0" z_index="1" m_a="0.822118" m_b="0.000000" m_c="0.000000" m_d="0.821955" m_tx="15.488174" m_ty="-190.368393"/>
  </frame>
  <frame idx="75" w="412" h="617" x="15.488174" y="-190.368393">
   <element name="symbol0" layername="timeline_0" frame="0" z_index="1" m_a="0.822118" m_b="0.000000" m_c="0.000000" m_d="0.821955" m_tx="15.488174" m_ty="-190.368393"/>
  </frame>
  <frame idx="100" w="412" h="617" x="15.488174" y="-190.368393">
   <element name="symbol0" layername="timeline_0" frame="0" z_index="1" m_a="0.822118" m_b="0.000000" m_c="0.000000" m_d="0.821955" m_tx="15.488174" m_ty="-190.368393"/>
  </frame>
  <frame idx="125" w="412" h="617" x="15.488174" y="-190.368393">
   <element name="symbol0" layername="timeline_0" frame="0" z_index="1" m_a="0.822118" m_b="0.000000" m_c="0.000000" m_d="0.821955" m_tx="15.488174" m_ty="-190.368393"/>
  </frame>
  <frame idx="150" w="412" h="617" x="15.488174" y="-190.368393">
   <element name="symbol0" layername="timeline_0" frame="0" z_index="1" m_a="0.822118" m_b="0.000000" m_c="0.000000" m_d="0.821955" m_tx="15.488174" m_ty="-190.368393"/>
  </frame>
  <frame idx="175" w="412" h="617" x="15.488174" y="-190.368393">
   <element name="symbol0" layername="timeline_0" frame="0" z_index="1" m_a="0.822118" m_b="0.000000" m_c="0.000000" m_d="0.821955" m_tx="15.488174" m_ty="-190.368393"/>
  </frame>
  <frame idx="200" w="412" h="617" x="15.488174" y="-190.368393">
   <element name="symbol0" layername="timeline_0" frame="0" z_index="1" m_a="0.822118" m_b="0.000000" m_c="0.000000" m_d="0.821955" m_tx="15.488174" m_ty="-190.368393"/>
  </frame>
  <frame idx="225" w="412" h="617" x="15.488174" y="-190.368393">
   <element name="symbol0" layername="timeline_0" frame="0" z_index="1" m_a="0.822118" m_b="0.000000" m_c="0.000000" m_d="0.821955" m_tx="15.488174" m_ty="-190.368393"/>
  </frame>
  <frame idx="250" w="412" h="617" x="15.488174" y="-190.368393">
   <element name="symbol0" layername="timeline_0" frame="0" z_index="1" m_a="0.822118" m_b="0.000000" m_c="0.000000" m_d="0.821955" m_tx="15.488174" m_ty="-190.368393"/>
  </frame>
  <frame idx="275" w="412" h="617" x="15.488174" y="-190.368393">
   <element name="symbol0" layername="timeline_0" frame="0" z_index="1" m_a="0.822118" m_b="0.000000" m_c="0.000000" m_d="0.821955" m_tx="15.488174" m_ty="-190.368393"/>
  </frame>
  <frame idx="300" w="412" h="617" x="15.488174" y="-190.368393">
   <element name="symbol0" layername="timeline_0" frame="0" z_index="1" m_a="0.822118" m_b="0.000000" m_c="0.000000" m_d="0.821955" m_tx="15.488174" m_ty="-190.368393"/>
  </frame>
  <frame idx="325" w="412" h="617" x="15.488174" y="-190.368393">
   <element name="symbol0" layername="timeline_0" frame="0" z_index="1" m_a="0.822118" m_b="0.000000" m_c="0.000000" m_d="0.821955" m_tx="15.488174" m_ty="-190.368393"/>
  </frame>
  <frame idx="350" w="412" h="617" x="15.488174" y="-190.368393">
   <element name="symbol0" layername="timeline_0" frame="0" z_index="1" m_a="0.822118" m_b="0.000000" m_c="0.000000" m_d="0.821955" m_tx="15.488174" m_ty="-190.368393"/>
  </frame>
  <frame idx="375" w="412" h="617" x="15.488174" y="-190.368393">
   <element name="symbol0" layername="timeline_0" frame="0" z_index="1" m_a="0.822118" m_b="0.000000" m_c="0.000000" m_d="0.821955" m_tx="15.488174" m_ty="-190.368393"/>
  </frame>
  <frame idx="400" w="412" h="617" x="15.488174" y="-190.368393">
   <element name="symbol0" layername="timeline_0" frame="0" z_index="1" m_a="0.822118" m_b="0.000000" m_c="0.000000" m_d="0.821955" m_tx="15.488174" m_ty="-190.368393"/>
  </frame>
  <frame idx="425" w="412" h="617" x="15.488174" y="-190.368393">
   <element name="symbol0" layername="timeline_0" frame="0" z_index="1" m_a="0.822118" m_b="0.000000" m_c="0.000000" m_d="0.821955" m_tx="15.488174" m_ty="-190.368393"/>
  </frame>
  <frame idx="450" w="412" h="617" x="15.488174" y="-190.368393">
   <element name="symbol0" layername="timeline_0" frame="0" z_index="1" m_a="0.822118" m_b="0.000000" m_c="0.000000" m_d="0.821955" m_tx="15.488174" m_ty="-190.368393"/>
  </frame>
  <frame idx="475" w="412" h="617" x="15.488174" y="-190.368393">
   <element name="symbol0" layername="timeline_0" frame="0" z_index="1" m_a="0.822118" m_b="0.000000" m_c="0.000000" m_d="0.821955" m_tx="15.488174" m_ty="-190.368393"/>
  </frame>
  <frame idx="500" w="412" h="617" x="15.488174" y="-190.368393">
   <element name="symbol0" layername="timeline_0" frame="0" z_index="1" m_a="0.822118" m_b="0.000000" m_c="0.000000" m_d="0.821955" m_tx="15.488174" m_ty="-190.368393"/>
  </frame>
  <frame idx="525" w="412" h="617" x="15.488174" y="-190.368393">
   <element name="symbol0" layername="timeline_0" frame="0" z_index="1" m_a="0.822118" m_b="0.000000" m_c="0.000000" m_d="0.821955" m_tx="15.488174" m_ty="-190.368393"/>
  </frame>
  <frame idx="550" w="412" h="617" x="15.488174" y="-190.368393">
   <element name="symbol0" layername="timeline_0" frame="0" z_index="1" m_a="0.822118" m_b="0.000000" m_c="0.000000" m_d="0.821955" m_tx="15.488174" m_ty="-190.368393"/>
  </frame>
  <frame idx="575" w="412" h="617" x="15.488174" y="-190.368393">
   <element name="symbol0" layername="timeline_0" frame="0" z_index="1" m_a="0.822118" m_b="0.000000" m_c="0.000000" m_d="0.821955" m_tx="15.488174" m_ty="-190.368393"/>
  </frame>
  <frame idx="600" w="412" h="617" x="15.488174" y="-190.368393">
   <element name="symbol0" layername="timeline_0" frame="0" z_index="1" m_a="0.822118" m_b="0.000000" m_c="0.000000" m_d="0.821955" m_tx="15.488174" m_ty="-190.368393"/>
  </frame>
  <frame idx="625" w="412" h="617" x="15.488174" y="-190.368393">
   <element name="symbol0" layername="timeline_0" frame="0" z_index="1" m_a="0.822118" m_b="0.000000" m_c="0.000000" m_d="0.821955" m_tx="15.488174" m_ty="-190.368393"/>
  </frame>
  <frame idx="650" w="412" h="617" x="15.488174" y="-190.368393">
   <element name="symbol0" layername="timeline_0" frame="0" z_index="1" m_a="0.822118" m_b="0.000000" m_c="0.000000" m_d="0.821955" m_tx="15.488174" m_ty="-190.368393"/>
  </frame>
  <frame idx="675" w="412" h="617" x="15.488174" y="-190.368393">
   <element name="symbol0" layername="timeline_0" frame="0" z_index="1" m_a="0.822118" m_b="0.000000" m_c="0.000000" m_d="0.821955" m_tx="15.488174" m_ty="-190.368393"/>
  </frame>
  <frame idx="700" w="412" h="617" x="15.488174" y="-190.368393">
   <element name="symbol0" layername="timeline_0" frame="0" z_index="1" m_a="0.822118" m_b="0.000000" m_c="0.000000" m_d="0.821955" m_tx="15.488174" m_ty="-190.368393"/>
  </frame>
  <frame idx="725" w="412" h="617" x="15.488174" y="-190.368393">
   <element name="symbol0" layername="timeline_0" frame="0" z_index="1" m_a="0.822118" m_b="0.000000" m_c="0.000000" m_d="0.821955" m_tx="15.488174" m_ty="-190.368393"/>
  </frame>
  <frame idx="750" w="412" h="617" x="15.488174" y="-190.368393">
   <element name="symbol0" layername="timeline_0" frame="0" z_index="1" m_a="0.822118" m_b="0.000000" m_c="0.000000" m_d="0.821955" m_tx="15.488174" m_ty="-190.368393"/>
  </frame>
  <frame idx="775" w="412" h="617" x="15.488174" y="-190.368393">
   <element name="symbol0" layername="timeline_0" frame="0" z_index="1" m_a="0.822118" m_b="0.000000" m_c="0.000000" m_d="0.821955" m_tx="15.488174" m_ty="-190.368393"/>
  </frame>
  <frame idx="800" w="412" h="617" x="15.488174" y="-190.368393">
   <element name="symbol0" layername="timeline_0" frame="0" z_index="1" m_a="0.822118" m_b="0.000000" m_c="0.000000" m_d="0.821955" m_tx="15.488174" m_ty="-190.368393"/>
  </frame>
  <frame idx="825" w="412" h="617" x="15.488174" y="-190.368393">
   <element name="symbol0" layername="timeline_0" frame="0" z_index="1" m_a="0.822118" m_b="0.000000" m_c="0.000000" m_d="0.821955" m_tx="15.488174" m_ty="-190.368393"/>
  </frame>
  <frame idx="850" w="412" h="617" x="15.488174" y="-190.368393">
   <element name="symbol0" layername="timeline_0" frame="0" z_index="1" m_a="0.822118" m_b="0.000000" m_c="0.000000" m_d="0.821955" m_tx="15.488174" m_ty="-190.368393"/>
  </frame>
  <frame idx="875" w="412" h="617" x="15.488174" y="-190.368393">
   <element name="symbol0" layername="timeline_0" frame="0" z_index="1" m_a="0.822118" m_b="0.000000" m_c="0.000000" m_d="0.821955" m_tx="15.488174" m_ty="-190.368393"/>
  </frame>
  <frame idx="900" w="412" h="617" x="15.488174" y="-190.368393">
   <element name="symbol0" layername="timeline_0" frame="0" z_index="1" m_a="0.822118" m_b="0.000000" m_c="0.000000" m_d="0.821955" m_tx="15.488174" m_ty="-190.368393"/>
  </frame>
  <frame idx="925" w="412" h="617" x="15.488174" y="-190.368393">
   <element name="symbol0" layername="timeline_0" frame="0" z_index="1" m_a="0.822118" m_b="0.000000" m_c="0.000000" m_d="0.821955" m_tx="15.488174" m_ty="-190.368393"/>
  </frame>
  <frame idx="950" w="412" h="617" x="15.488174" y="-190.368393">
   <element name="symbol0" layername="timeline_0" frame="0" z_index="1" m_a="0.822118" m_b="0.000000" m_c="0.000000" m_d="0.821955" m_tx="15.488174" m_ty="-190.368393"/>
  </frame>
  <frame idx="975" w="412" h="617" x="15.488174" y="-190.368393">
   <element name="symbol0" layername="timeline_0" frame="0" z_index="1" m_a="0.822118" m_b="0.000000" m_c="0.000000" m_d="0.821955" m_tx="15.488174" m_ty="-190.368393"/>
  </frame>
 </anim>
</Anims>
