<Anims>
 <anim name="dead" root="skytrap" numframes="1000" framerate="40">
  <frame idx="0" w="754" h="1094" x="-99.313141" y="-294.140564">
   <element name="symbol0" layername="timeline_0" frame="1" z_index="12" m_a="0.318014" m_b="-0.948086" m_c="0.948086" m_d="0.318014" m_tx="20.895575" m_ty="158.326019"/>
   <element name="symbol0" layername="timeline_1" frame="2" z_index="11" m_a="0.439024" m_b="0.898475" m_c="-0.898475" m_d="0.439024" m_tx="130.412521" m_ty="154.698441"/>
   <element name="symbol0" layername="timeline_2" frame="0" z_index="10" m_a="0.981728" m_b="-0.190291" m_c="0.190291" m_d="0.981728" m_tx="-96.578674" m_ty="116.609238"/>
  </frame>
  <frame idx="25" w="754" h="1094" x="-99.362183" y="-294.189575">
   <element name="symbol0" layername="timeline_0" frame="1" z_index="12" m_a="0.318014" m_b="-0.948086" m_c="0.948086" m_d="0.318014" m_tx="20.846556" m_ty="154.502502"/>
   <element name="symbol0" layername="timeline_1" frame="2" z_index="11" m_a="0.439024" m_b="0.898475" m_c="-0.898475" m_d="0.439024" m_tx="130.363495" m_ty="150.874908"/>
   <element name="symbol0" layername="timeline_2" frame="0" z_index="10" m_a="0.981728" m_b="-0.190291" m_c="0.190291" m_d="0.981728" m_tx="-96.627686" m_ty="112.785706"/>
  </frame>
  <frame idx="50" w="754" h="1094" x="-99.411194" y="-294.238586">
   <element name="symbol0" layername="timeline_0" frame="1" z_index="12" m_a="0.318014" m_b="-0.948086" m_c="0.948086" m_d="0.318014" m_tx="20.797535" m_ty="150.678955"/>
   <element name="symbol0" layername="timeline_1" frame="2" z_index="11" m_a="0.439024" m_b="0.898475" m_c="-0.898475" m_d="0.439024" m_tx="130.314484" m_ty="147.051376"/>
   <element name="symbol0" layername="timeline_2" frame="0" z_index="10" m_a="0.981728" m_b="-0.190291" m_c="0.190291" m_d="0.981728" m_tx="-96.676727" m_ty="108.962181"/>
  </frame>
  <frame idx="75" w="754" h="1094" x="-99.460205" y="-294.287659">
   <element name="symbol0" layername="timeline_0" frame="1" z_index="12" m_a="0.318014" m_b="-0.948086" m_c="0.948086" m_d="0.318014" m_tx="20.748516" m_ty="146.855438"/>
   <element name="symbol0" layername="timeline_1" frame="2" z_index="11" m_a="0.439024" m_b="0.898475" m_c="-0.898475" m_d="0.439024" m_tx="130.265457" m_ty="143.227844"/>
   <element name="symbol0" layername="timeline_2" frame="0" z_index="10" m_a="0.981728" m_b="-0.190291" m_c="0.190291" m_d="0.981728" m_tx="-96.725739" m_ty="105.138649"/>
  </frame>
  <frame idx="100" w="754" h="1094" x="-99.509216" y="-294.336670">
   <element name="symbol0" layername="timeline_0" frame="1" z_index="12" m_a="0.318014" m_b="-0.948086" m_c="0.948086" m_d="0.318014" m_tx="20.699495" m_ty="143.031921"/>
   <element name="symbol0" layername="timeline_1" frame="2" z_index="11" m_a="0.439024" m_b="0.898475" m_c="-0.898475" m_d="0.439024" m_tx="130.216446" m_ty="139.404327"/>
   <element name="symbol0" layername="timeline_2" frame="0" z_index="10" m_a="0.981728" m_b="-0.190291" m_c="0.190291" m_d="0.981728" m_tx="-96.774750" m_ty="101.315117"/>
  </frame>
  <frame idx="125" w="754" h="1094" x="-99.558228" y="-294.385681">
   <element name="symbol0" layername="timeline_0" frame="1" z_index="12" m_a="0.318014" m_b="-0.948086" m_c="0.948086" m_d="0.318014" m_tx="20.650476" m_ty="139.208374"/>
   <element name="symbol0" layername="timeline_1" frame="2" z_index="11" m_a="0.439024" m_b="0.898475" m_c="-0.898475" m_d="0.439024" m_tx="130.167419" m_ty="135.580795"/>
   <element name="symbol0" layername="timeline_2" frame="0" z_index="10" m_a="0.981728" m_b="-0.190291" m_c="0.190291" m_d="0.981728" m_tx="-96.823761" m_ty="97.491592"/>
  </frame>
  <frame idx="150" w="754" h="1094" x="-99.607239" y="-294.434692">
   <element name="symbol0" layername="timeline_0" frame="1" z_index="12" m_a="0.318014" m_b="-0.948086" m_c="0.948086" m_d="0.318014" m_tx="20.601458" m_ty="135.384857"/>
   <element name="symbol0" layername="timeline_1" frame="2" z_index="11" m_a="0.439024" m_b="0.898475" m_c="-0.898475" m_d="0.439024" m_tx="130.118408" m_ty="131.757263"/>
   <element name="symbol0" layername="timeline_2" frame="0" z_index="10" m_a="0.981728" m_b="-0.190291" m_c="0.190291" m_d="0.981728" m_tx="-96.872803" m_ty="93.668060"/>
  </frame>
  <frame idx="175" w="754" h="1094" x="-99.656281" y="-294.483704">
   <element name="symbol0" layername="timeline_0" frame="1" z_index="12" m_a="0.318014" m_b="-0.948086" m_c="0.948086" m_d="0.318014" m_tx="20.552437" m_ty="131.561310"/>
   <element name="symbol0" layername="timeline_1" frame="2" z_index="11" m_a="0.439024" m_b="0.898475" m_c="-0.898475" m_d="0.439024" m_tx="130.069382" m_ty="127.933739"/>
   <element name="symbol0" layername="timeline_2" frame="0" z_index="10" m_a="0.981728" m_b="-0.190291" m_c="0.190291" m_d="0.981728" m_tx="-96.921814" m_ty="89.844528"/>
  </frame>
  <frame idx="200" w="754" h="1094" x="-99.705292" y="-294.532715">
   <element name="symbol0" layername="timeline_0" frame="1" z_index="12" m_a="0.318014" m_b="-0.948086" m_c="0.948086" m_d="0.318014" m_tx="20.503418" m_ty="127.737793"/>
   <element name="symbol0" layername="timeline_1" frame="2" z_index="11" m_a="0.439024" m_b="0.898475" m_c="-0.898475" m_d="0.439024" m_tx="130.020370" m_ty="124.110214"/>
   <element name="symbol0" layername="timeline_2" frame="0" z_index="10" m_a="0.981728" m_b="-0.190291" m_c="0.190291" m_d="0.981728" m_tx="-96.970825" m_ty="86.021004"/>
  </frame>
  <frame idx="225" w="754" h="1094" x="-99.754333" y="-294.581726">
   <element name="symbol0" layername="timeline_0" frame="1" z_index="12" m_a="0.318014" m_b="-0.948086" m_c="0.948086" m_d="0.318014" m_tx="20.454397" m_ty="123.914268"/>
   <element name="symbol0" layername="timeline_1" frame="2" z_index="11" m_a="0.439024" m_b="0.898475" m_c="-0.898475" m_d="0.439024" m_tx="129.971344" m_ty="120.286690"/>
   <element name="symbol0" layername="timeline_2" frame="0" z_index="10" m_a="0.981728" m_b="-0.190291" m_c="0.190291" m_d="0.981728" m_tx="-97.019836" m_ty="82.197479"/>
  </frame>
  <frame idx="250" w="754" h="1094" x="-99.803345" y="-294.630798">
   <element name="symbol0" layername="timeline_0" frame="1" z_index="12" m_a="0.318014" m_b="-0.948086" m_c="0.948086" m_d="0.318014" m_tx="20.405378" m_ty="120.090736"/>
   <element name="symbol0" layername="timeline_1" frame="2" z_index="11" m_a="0.439024" m_b="0.898475" m_c="-0.898475" m_d="0.439024" m_tx="129.922333" m_ty="116.463158"/>
   <element name="symbol0" layername="timeline_2" frame="0" z_index="10" m_a="0.981728" m_b="-0.190291" m_c="0.190291" m_d="0.981728" m_tx="-97.068878" m_ty="78.373947"/>
  </frame>
  <frame idx="275" w="754" h="1094" x="-99.852356" y="-294.679810">
   <element name="symbol0" layername="timeline_0" frame="1" z_index="12" m_a="0.318014" m_b="-0.948086" m_c="0.948086" m_d="0.318014" m_tx="20.356359" m_ty="116.267204"/>
   <element name="symbol0" layername="timeline_1" frame="2" z_index="11" m_a="0.439024" m_b="0.898475" m_c="-0.898475" m_d="0.439024" m_tx="129.873306" m_ty="112.639626"/>
   <element name="symbol0" layername="timeline_2" frame="0" z_index="10" m_a="0.981728" m_b="-0.190291" m_c="0.190291" m_d="0.981728" m_tx="-97.117889" m_ty="74.550415"/>
  </frame>
  <frame idx="300" w="754" h="1094" x="-99.901367" y="-294.728821">
   <element name="symbol0" layername="timeline_0" frame="1" z_index="12" m_a="0.318014" m_b="-0.948086" m_c="0.948086" m_d="0.318014" m_tx="20.307339" m_ty="112.443672"/>
   <element name="symbol0" layername="timeline_1" frame="2" z_index="11" m_a="0.439024" m_b="0.898475" m_c="-0.898475" m_d="0.439024" m_tx="129.824280" m_ty="108.816093"/>
   <element name="symbol0" layername="timeline_2" frame="0" z_index="10" m_a="0.981728" m_b="-0.190291" m_c="0.190291" m_d="0.981728" m_tx="-97.166901" m_ty="70.726883"/>
  </frame>
  <frame idx="325" w="754" h="1094" x="-99.950378" y="-294.777832">
   <element name="symbol0" layername="timeline_0" frame="1" z_index="12" m_a="0.318014" m_b="-0.948086" m_c="0.948086" m_d="0.318014" m_tx="20.258320" m_ty="108.620148"/>
   <element name="symbol0" layername="timeline_1" frame="2" z_index="11" m_a="0.439024" m_b="0.898475" m_c="-0.898475" m_d="0.439024" m_tx="129.775269" m_ty="104.992569"/>
   <element name="symbol0" layername="timeline_2" frame="0" z_index="10" m_a="0.981728" m_b="-0.190291" m_c="0.190291" m_d="0.981728" m_tx="-97.215942" m_ty="66.903366"/>
  </frame>
  <frame idx="350" w="754" h="1094" x="-99.999420" y="-294.826843">
   <element name="symbol0" layername="timeline_0" frame="1" z_index="12" m_a="0.318014" m_b="-0.948086" m_c="0.948086" m_d="0.318014" m_tx="20.209299" m_ty="104.796616"/>
   <element name="symbol0" layername="timeline_1" frame="2" z_index="11" m_a="0.439024" m_b="0.898475" m_c="-0.898475" m_d="0.439024" m_tx="129.726242" m_ty="101.169037"/>
   <element name="symbol0" layername="timeline_2" frame="0" z_index="10" m_a="0.981728" m_b="-0.190291" m_c="0.190291" m_d="0.981728" m_tx="-97.264954" m_ty="63.079819"/>
  </frame>
  <frame idx="375" w="754" h="1094" x="-100.048431" y="-294.875854">
   <element name="symbol0" layername="timeline_0" frame="1" z_index="12" m_a="0.318014" m_b="-0.948086" m_c="0.948086" m_d="0.318014" m_tx="20.160280" m_ty="100.973083"/>
   <element name="symbol0" layername="timeline_1" frame="2" z_index="11" m_a="0.439024" m_b="0.898475" m_c="-0.898475" m_d="0.439024" m_tx="129.677231" m_ty="97.345505"/>
   <element name="symbol0" layername="timeline_2" frame="0" z_index="10" m_a="0.981728" m_b="-0.190291" m_c="0.190291" m_d="0.981728" m_tx="-97.313965" m_ty="59.256302"/>
  </frame>
  <frame idx="400" w="754" h="1094" x="-100.097473" y="-294.924866">
   <element name="symbol0" layername="timeline_0" frame="1" z_index="12" m_a="0.318014" m_b="-0.948086" m_c="0.948086" m_d="0.318014" m_tx="20.111261" m_ty="97.149559"/>
   <element name="symbol0" layername="timeline_1" frame="2" z_index="11" m_a="0.439024" m_b="0.898475" m_c="-0.898475" m_d="0.439024" m_tx="129.628204" m_ty="93.521980"/>
   <element name="symbol0" layername="timeline_2" frame="0" z_index="10" m_a="0.981728" m_b="-0.190291" m_c="0.190291" m_d="0.981728" m_tx="-97.362976" m_ty="55.432770"/>
  </frame>
  <frame idx="425" w="754" h="1094" x="-100.146484" y="-294.973877">
   <element name="symbol0" layername="timeline_0" frame="1" z_index="12" m_a="0.318014" m_b="-0.948086" m_c="0.948086" m_d="0.318014" m_tx="20.062241" m_ty="93.326027"/>
   <element name="symbol0" layername="timeline_1" frame="2" z_index="11" m_a="0.439024" m_b="0.898475" m_c="-0.898475" m_d="0.439024" m_tx="129.579193" m_ty="89.698448"/>
   <element name="symbol0" layername="timeline_2" frame="0" z_index="10" m_a="0.981728" m_b="-0.190291" m_c="0.190291" m_d="0.981728" m_tx="-97.412018" m_ty="51.609238"/>
  </frame>
  <frame idx="450" w="754" h="1094" x="-100.195496" y="-295.022949">
   <element name="symbol0" layername="timeline_0" frame="1" z_index="12" m_a="0.318014" m_b="-0.948086" m_c="0.948086" m_d="0.318014" m_tx="20.013222" m_ty="89.502502"/>
   <element name="symbol0" layername="timeline_1" frame="2" z_index="11" m_a="0.439024" m_b="0.898475" m_c="-0.898475" m_d="0.439024" m_tx="129.530167" m_ty="85.874924"/>
   <element name="symbol0" layername="timeline_2" frame="0" z_index="10" m_a="0.981728" m_b="-0.190291" m_c="0.190291" m_d="0.981728" m_tx="-97.461029" m_ty="47.785721"/>
  </frame>
  <frame idx="475" w="754" h="1094" x="-100.244507" y="-295.071960">
   <element name="symbol0" layername="timeline_0" frame="1" z_index="12" m_a="0.318014" m_b="-0.948086" m_c="0.948086" m_d="0.318014" m_tx="19.964201" m_ty="85.678970"/>
   <element name="symbol0" layername="timeline_1" frame="2" z_index="11" m_a="0.439024" m_b="0.898475" m_c="-0.898475" m_d="0.439024" m_tx="129.481155" m_ty="82.051392"/>
   <element name="symbol0" layername="timeline_2" frame="0" z_index="10" m_a="0.981728" m_b="-0.190291" m_c="0.190291" m_d="0.981728" m_tx="-97.510040" m_ty="43.962173"/>
  </frame>
  <frame idx="500" w="754" h="1094" x="-100.293518" y="-295.120972">
   <element name="symbol0" layername="timeline_0" frame="1" z_index="12" m_a="0.318014" m_b="-0.948086" m_c="0.948086" m_d="0.318014" m_tx="19.915182" m_ty="81.855438"/>
   <element name="symbol0" layername="timeline_1" frame="2" z_index="11" m_a="0.439024" m_b="0.898475" m_c="-0.898475" m_d="0.439024" m_tx="129.432129" m_ty="78.227859"/>
   <element name="symbol0" layername="timeline_2" frame="0" z_index="10" m_a="0.981728" m_b="-0.190291" m_c="0.190291" m_d="0.981728" m_tx="-97.559052" m_ty="40.138657"/>
  </frame>
  <frame idx="525" w="754" h="1094" x="-100.342560" y="-295.169983">
   <element name="symbol0" layername="timeline_0" frame="1" z_index="12" m_a="0.318014" m_b="-0.948086" m_c="0.948086" m_d="0.318014" m_tx="19.866163" m_ty="78.031914"/>
   <element name="symbol0" layername="timeline_1" frame="2" z_index="11" m_a="0.439024" m_b="0.898475" m_c="-0.898475" m_d="0.439024" m_tx="129.383102" m_ty="74.404335"/>
   <element name="symbol0" layername="timeline_2" frame="0" z_index="10" m_a="0.981728" m_b="-0.190291" m_c="0.190291" m_d="0.981728" m_tx="-97.608093" m_ty="36.315125"/>
  </frame>
  <frame idx="550" w="754" h="1094" x="-100.391571" y="-295.218994">
   <element name="symbol0" layername="timeline_0" frame="1" z_index="12" m_a="0.318014" m_b="-0.948086" m_c="0.948086" m_d="0.318014" m_tx="19.817142" m_ty="74.208374"/>
   <element name="symbol0" layername="timeline_1" frame="2" z_index="11" m_a="0.439024" m_b="0.898475" m_c="-0.898475" m_d="0.439024" m_tx="129.334091" m_ty="70.580795"/>
   <element name="symbol0" layername="timeline_2" frame="0" z_index="10" m_a="0.981728" m_b="-0.190291" m_c="0.190291" m_d="0.981728" m_tx="-97.657104" m_ty="32.491592"/>
  </frame>
  <frame idx="575" w="754" h="1094" x="-100.440613" y="-295.268005">
   <element name="symbol0" layername="timeline_0" frame="1" z_index="12" m_a="0.318014" m_b="-0.948086" m_c="0.948086" m_d="0.318014" m_tx="19.768124" m_ty="70.384850"/>
   <element name="symbol0" layername="timeline_1" frame="2" z_index="11" m_a="0.439024" m_b="0.898475" m_c="-0.898475" m_d="0.439024" m_tx="129.285065" m_ty="66.757271"/>
   <element name="symbol0" layername="timeline_2" frame="0" z_index="10" m_a="0.981728" m_b="-0.190291" m_c="0.190291" m_d="0.981728" m_tx="-97.706116" m_ty="28.668060"/>
  </frame>
  <frame idx="600" w="754" h="1094" x="-100.489624" y="-295.317017">
   <element name="symbol0" layername="timeline_0" frame="1" z_index="12" m_a="0.318014" m_b="-0.948086" m_c="0.948086" m_d="0.318014" m_tx="19.719103" m_ty="66.561317"/>
   <element name="symbol0" layername="timeline_1" frame="2" z_index="11" m_a="0.439024" m_b="0.898475" m_c="-0.898475" m_d="0.439024" m_tx="129.236053" m_ty="62.933739"/>
   <element name="symbol0" layername="timeline_2" frame="0" z_index="10" m_a="0.981728" m_b="-0.190291" m_c="0.190291" m_d="0.981728" m_tx="-97.755157" m_ty="24.844528"/>
  </frame>
  <frame idx="625" w="754" h="1094" x="-100.538635" y="-295.366089">
   <element name="symbol0" layername="timeline_0" frame="1" z_index="12" m_a="0.318014" m_b="-0.948086" m_c="0.948086" m_d="0.318014" m_tx="19.670084" m_ty="62.737793"/>
   <element name="symbol0" layername="timeline_1" frame="2" z_index="11" m_a="0.439024" m_b="0.898475" m_c="-0.898475" m_d="0.439024" m_tx="129.187027" m_ty="59.110214"/>
   <element name="symbol0" layername="timeline_2" frame="0" z_index="10" m_a="0.981728" m_b="-0.190291" m_c="0.190291" m_d="0.981728" m_tx="-97.804169" m_ty="21.021011"/>
  </frame>
  <frame idx="650" w="754" h="1094" x="-100.587646" y="-295.415100">
   <element name="symbol0" layername="timeline_0" frame="1" z_index="12" m_a="0.318014" m_b="-0.948086" m_c="0.948086" m_d="0.318014" m_tx="19.621065" m_ty="58.914268"/>
   <element name="symbol0" layername="timeline_1" frame="2" z_index="11" m_a="0.439024" m_b="0.898475" m_c="-0.898475" m_d="0.439024" m_tx="129.138016" m_ty="55.286690"/>
   <element name="symbol0" layername="timeline_2" frame="0" z_index="10" m_a="0.981728" m_b="-0.190291" m_c="0.190291" m_d="0.981728" m_tx="-97.853180" m_ty="17.197479"/>
  </frame>
  <frame idx="675" w="754" h="1094" x="-100.636658" y="-295.464111">
   <element name="symbol0" layername="timeline_0" frame="1" z_index="12" m_a="0.318014" m_b="-0.948086" m_c="0.948086" m_d="0.318014" m_tx="19.572044" m_ty="55.090729"/>
   <element name="symbol0" layername="timeline_1" frame="2" z_index="11" m_a="0.439024" m_b="0.898475" m_c="-0.898475" m_d="0.439024" m_tx="129.088989" m_ty="51.463150"/>
   <element name="symbol0" layername="timeline_2" frame="0" z_index="10" m_a="0.981728" m_b="-0.190291" m_c="0.190291" m_d="0.981728" m_tx="-97.902191" m_ty="13.373947"/>
  </frame>
  <frame idx="700" w="754" h="1094" x="-100.685669" y="-295.513123">
   <element name="symbol0" layername="timeline_0" frame="1" z_index="12" m_a="0.318014" m_b="-0.948086" m_c="0.948086" m_d="0.318014" m_tx="19.523026" m_ty="51.267204"/>
   <element name="symbol0" layername="timeline_1" frame="2" z_index="11" m_a="0.439024" m_b="0.898475" m_c="-0.898475" m_d="0.439024" m_tx="129.039978" m_ty="47.639626"/>
   <element name="symbol0" layername="timeline_2" frame="0" z_index="10" m_a="0.981728" m_b="-0.190291" m_c="0.190291" m_d="0.981728" m_tx="-97.951233" m_ty="9.550415"/>
  </frame>
  <frame idx="725" w="754" h="1094" x="-100.734711" y="-295.562134">
   <element name="symbol0" layername="timeline_0" frame="1" z_index="12" m_a="0.318014" m_b="-0.948086" m_c="0.948086" m_d="0.318014" m_tx="19.474005" m_ty="47.443672"/>
   <element name="symbol0" layername="timeline_1" frame="2" z_index="11" m_a="0.439024" m_b="0.898475" m_c="-0.898475" m_d="0.439024" m_tx="128.990952" m_ty="43.816093"/>
   <element name="symbol0" layername="timeline_2" frame="0" z_index="10" m_a="0.981728" m_b="-0.190291" m_c="0.190291" m_d="0.981728" m_tx="-98.000244" m_ty="5.726883"/>
  </frame>
  <frame idx="750" w="754" h="1094" x="-100.783752" y="-295.611145">
   <element name="symbol0" layername="timeline_0" frame="1" z_index="12" m_a="0.318014" m_b="-0.948086" m_c="0.948086" m_d="0.318014" m_tx="19.424986" m_ty="43.620140"/>
   <element name="symbol0" layername="timeline_1" frame="2" z_index="11" m_a="0.439024" m_b="0.898475" m_c="-0.898475" m_d="0.439024" m_tx="128.941925" m_ty="39.992561"/>
   <element name="symbol0" layername="timeline_2" frame="0" z_index="10" m_a="0.981728" m_b="-0.190291" m_c="0.190291" m_d="0.981728" m_tx="-98.049255" m_ty="1.903351"/>
  </frame>
  <frame idx="775" w="754" h="1094" x="-100.832764" y="-295.660156">
   <element name="symbol0" layername="timeline_0" frame="1" z_index="12" m_a="0.318014" m_b="-0.948086" m_c="0.948086" m_d="0.318014" m_tx="19.375967" m_ty="39.796616"/>
   <element name="symbol0" layername="timeline_1" frame="2" z_index="11" m_a="0.439024" m_b="0.898475" m_c="-0.898475" m_d="0.439024" m_tx="128.892914" m_ty="36.169037"/>
   <element name="symbol0" layername="timeline_2" frame="0" z_index="10" m_a="0.981728" m_b="-0.190291" m_c="0.190291" m_d="0.981728" m_tx="-98.098297" m_ty="-1.920181"/>
  </frame>
  <frame idx="800" w="754" h="1094" x="-100.881775" y="-295.709229">
   <element name="symbol0" layername="timeline_0" frame="1" z_index="12" m_a="0.318014" m_b="-0.948086" m_c="0.948086" m_d="0.318014" m_tx="19.326946" m_ty="35.973083"/>
   <element name="symbol0" layername="timeline_1" frame="2" z_index="11" m_a="0.439024" m_b="0.898475" m_c="-0.898475" m_d="0.439024" m_tx="128.843887" m_ty="32.345505"/>
   <element name="symbol0" layername="timeline_2" frame="0" z_index="10" m_a="0.981728" m_b="-0.190291" m_c="0.190291" m_d="0.981728" m_tx="-98.147308" m_ty="-5.743698"/>
  </frame>
  <frame idx="825" w="754" h="1094" x="-100.930786" y="-295.758240">
   <element name="symbol0" layername="timeline_0" frame="1" z_index="12" m_a="0.318014" m_b="-0.948086" m_c="0.948086" m_d="0.318014" m_tx="19.277927" m_ty="32.149559"/>
   <element name="symbol0" layername="timeline_1" frame="2" z_index="11" m_a="0.439024" m_b="0.898475" m_c="-0.898475" m_d="0.439024" m_tx="128.794876" m_ty="28.521978"/>
   <element name="symbol0" layername="timeline_2" frame="0" z_index="10" m_a="0.981728" m_b="-0.190291" m_c="0.190291" m_d="0.981728" m_tx="-98.196320" m_ty="-9.567230"/>
  </frame>
  <frame idx="850" w="754" h="1094" x="-100.979797" y="-295.807251">
   <element name="symbol0" layername="timeline_0" frame="1" z_index="12" m_a="0.318014" m_b="-0.948086" m_c="0.948086" m_d="0.318014" m_tx="19.228907" m_ty="28.326027"/>
   <element name="symbol0" layername="timeline_1" frame="2" z_index="11" m_a="0.439024" m_b="0.898475" m_c="-0.898475" m_d="0.439024" m_tx="128.745850" m_ty="24.698446"/>
   <element name="symbol0" layername="timeline_2" frame="0" z_index="10" m_a="0.981728" m_b="-0.190291" m_c="0.190291" m_d="0.981728" m_tx="-98.245331" m_ty="-13.390762"/>
  </frame>
  <frame idx="875" w="754" h="1094" x="-101.028809" y="-295.856262">
   <element name="symbol0" layername="timeline_0" frame="1" z_index="12" m_a="0.318014" m_b="-0.948086" m_c="0.948086" m_d="0.318014" m_tx="19.179888" m_ty="24.502495"/>
   <element name="symbol0" layername="timeline_1" frame="2" z_index="11" m_a="0.439024" m_b="0.898475" m_c="-0.898475" m_d="0.439024" m_tx="128.696838" m_ty="20.874914"/>
   <element name="symbol0" layername="timeline_2" frame="0" z_index="10" m_a="0.981728" m_b="-0.190291" m_c="0.190291" m_d="0.981728" m_tx="-98.294373" m_ty="-17.214294"/>
  </frame>
  <frame idx="900" w="754" h="1094" x="-101.077850" y="-295.905273">
   <element name="symbol0" layername="timeline_0" frame="1" z_index="12" m_a="0.318014" m_b="-0.948086" m_c="0.948086" m_d="0.318014" m_tx="19.130869" m_ty="20.678978"/>
   <element name="symbol0" layername="timeline_1" frame="2" z_index="11" m_a="0.439024" m_b="0.898475" m_c="-0.898475" m_d="0.439024" m_tx="128.647812" m_ty="17.051397"/>
   <element name="symbol0" layername="timeline_2" frame="0" z_index="10" m_a="0.981728" m_b="-0.190291" m_c="0.190291" m_d="0.981728" m_tx="-98.343384" m_ty="-21.037811"/>
  </frame>
  <frame idx="925" w="754" h="1094" x="-101.126862" y="-295.954285">
   <element name="symbol0" layername="timeline_0" frame="1" z_index="12" m_a="0.318014" m_b="-0.948086" m_c="0.948086" m_d="0.318014" m_tx="19.081848" m_ty="16.855431"/>
   <element name="symbol0" layername="timeline_1" frame="2" z_index="11" m_a="0.439024" m_b="0.898475" m_c="-0.898475" m_d="0.439024" m_tx="128.598801" m_ty="13.227851"/>
   <element name="symbol0" layername="timeline_2" frame="0" z_index="10" m_a="0.981728" m_b="-0.190291" m_c="0.190291" m_d="0.981728" m_tx="-98.392395" m_ty="-24.861359"/>
  </frame>
  <frame idx="950" w="754" h="1094" x="-101.175903" y="-296.003296">
   <element name="symbol0" layername="timeline_0" frame="1" z_index="12" m_a="0.318014" m_b="-0.948086" m_c="0.948086" m_d="0.318014" m_tx="19.032829" m_ty="13.031914"/>
   <element name="symbol0" layername="timeline_1" frame="2" z_index="11" m_a="0.439024" m_b="0.898475" m_c="-0.898475" m_d="0.439024" m_tx="128.549774" m_ty="9.404334"/>
   <element name="symbol0" layername="timeline_2" frame="0" z_index="10" m_a="0.981728" m_b="-0.190291" m_c="0.190291" m_d="0.981728" m_tx="-98.441406" m_ty="-28.684875"/>
  </frame>
  <frame idx="975" w="754" h="1094" x="-101.224915" y="-296.052368">
   <element name="symbol0" layername="timeline_0" frame="1" z_index="12" m_a="0.318014" m_b="-0.948086" m_c="0.948086" m_d="0.318014" m_tx="18.983809" m_ty="9.208382"/>
   <element name="symbol0" layername="timeline_1" frame="2" z_index="11" m_a="0.439024" m_b="0.898475" m_c="-0.898475" m_d="0.439024" m_tx="128.500763" m_ty="5.580802"/>
   <element name="symbol0" layername="timeline_2" frame="0" z_index="10" m_a="0.981728" m_b="-0.190291" m_c="0.190291" m_d="0.981728" m_tx="-98.490448" m_ty="-32.508408"/>
  </frame>
 </anim>
 <anim name="idle" root="skytrap" numframes="1000" framerate="40">
  <frame idx="0" w="502" h="778" x="-6.500000" y="-244.099701">
   <element name="symbol0" layername="timeline_0" frame="0" z_index="12" m_a="0.998535" m_b="0.054103" m_c="-0.055452" m_d="1.023449" m_tx="-5.729248" m_ty="-244.099701"/>
   <element name="symbol0" layername="timeline_1" frame="1" z_index="11" m_a="1.000000" m_b="0.000000" m_c="0.000000" m_d="1.000000" m_tx="-6.500000" m_ty="-30.500000"/>
   <element name="symbol0" layername="timeline_2" frame="2" z_index="10" m_a="1.000000" m_b="0.000000" m_c="0.000000" m_d="1.000000" m_tx="-4.500000" m_ty="-127.500000"/>
  </frame>
  <frame idx="25" w="503" h="774" x="-6.302368" y="-243.533752">
   <element name="symbol0" layername="timeline_0" frame="0" z_index="12" m_a="0.998794" m_b="0.049097" m_c="-0.050322" m_d="1.023714" m_tx="-5.949860" m_ty="-243.533752"/>
   <element name="symbol0" layername="timeline_1" frame="1" z_index="11" m_a="1.000000" m_b="0.000300" m_c="-0.000300" m_d="1.000000" m_tx="-6.302368" m_ty="-30.156586"/>
   <element name="symbol0" layername="timeline_2" frame="2" z_index="10" m_a="0.999999" m_b="-0.001370" m_c="0.001370" m_d="0.999999" m_tx="-4.447433" m_ty="-127.165359"/>
  </frame>
  <frame idx="50" w="504" h="771" x="-6.176575" y="-242.974457">
   <element name="symbol0" layername="timeline_0" frame="0" z_index="12" m_a="0.999027" m_b="0.044091" m_c="-0.045191" m_d="1.023953" m_tx="-6.176575" m_ty="-242.974457"/>
   <element name="symbol0" layername="timeline_1" frame="1" z_index="11" m_a="1.000000" m_b="0.000600" m_c="-0.000600" m_d="1.000000" m_tx="-6.104782" m_ty="-29.813171"/>
   <element name="symbol0" layername="timeline_2" frame="2" z_index="10" m_a="0.999996" m_b="-0.002740" m_c="0.002740" m_d="0.999996" m_tx="-4.395340" m_ty="-126.831161"/>
  </frame>
  <frame idx="75" w="505" h="768" x="-6.408859" y="-242.422119">
   <element name="symbol0" layername="timeline_0" frame="0" z_index="12" m_a="0.999236" m_b="0.039082" m_c="-0.040058" m_d="1.024167" m_tx="-6.408859" m_ty="-242.422119"/>
   <element name="symbol0" layername="timeline_1" frame="1" z_index="11" m_a="1.000000" m_b="0.000900" m_c="-0.000900" m_d="1.000000" m_tx="-5.907211" m_ty="-29.469803"/>
   <element name="symbol0" layername="timeline_2" frame="2" z_index="10" m_a="0.999992" m_b="-0.004110" m_c="0.004110" m_d="0.999992" m_tx="-4.343735" m_ty="-126.497437"/>
  </frame>
  <frame idx="100" w="506" h="765" x="-6.647446" y="-241.876312">
   <element name="symbol0" layername="timeline_0" frame="0" z_index="12" m_a="0.999419" m_b="0.034074" m_c="-0.034924" m_d="1.024355" m_tx="-6.647446" m_ty="-241.876312"/>
   <element name="symbol0" layername="timeline_1" frame="1" z_index="11" m_a="0.999999" m_b="0.001201" m_c="-0.001201" m_d="0.999999" m_tx="-5.709656" m_ty="-29.126434"/>
   <element name="symbol0" layername="timeline_2" frame="2" z_index="10" m_a="0.999985" m_b="-0.005480" m_c="0.005480" m_d="0.999985" m_tx="-4.292557" m_ty="-126.164154"/>
  </frame>
  <frame idx="125" w="507" h="762" x="-6.892090" y="-241.337097">
   <element name="symbol0" layername="timeline_0" frame="0" z_index="12" m_a="0.999578" m_b="0.029064" m_c="-0.029789" m_d="1.024517" m_tx="-6.892090" m_ty="-241.337097"/>
   <element name="symbol0" layername="timeline_1" frame="1" z_index="11" m_a="0.999999" m_b="0.001501" m_c="-0.001501" m_d="0.999999" m_tx="-5.512131" m_ty="-28.783112"/>
   <element name="symbol0" layername="timeline_2" frame="2" z_index="10" m_a="0.999977" m_b="-0.006850" m_c="0.006850" m_d="0.999977" m_tx="-4.241882" m_ty="-125.831375"/>
  </frame>
  <frame idx="150" w="508" h="759" x="-7.142807" y="-240.804565">
   <element name="symbol0" layername="timeline_0" frame="0" z_index="12" m_a="0.999711" m_b="0.024054" m_c="-0.024654" m_d="1.024653" m_tx="-7.142807" m_ty="-240.804565"/>
   <element name="symbol0" layername="timeline_1" frame="1" z_index="11" m_a="0.999998" m_b="0.001801" m_c="-0.001801" m_d="0.999998" m_tx="-5.314621" m_ty="-28.439743"/>
   <element name="symbol0" layername="timeline_2" frame="2" z_index="10" m_a="0.999966" m_b="-0.008220" m_c="0.008220" m_d="0.999966" m_tx="-4.191681" m_ty="-125.499054"/>
  </frame>
  <frame idx="175" w="509" h="755" x="-7.399658" y="-240.278564">
   <element name="symbol0" layername="timeline_0" frame="0" z_index="12" m_a="0.999819" m_b="0.019043" m_c="-0.019518" m_d="1.024764" m_tx="-7.399658" m_ty="-240.278564"/>
   <element name="symbol0" layername="timeline_1" frame="1" z_index="11" m_a="0.999998" m_b="0.002101" m_c="-0.002101" m_d="0.999998" m_tx="-5.117126" m_ty="-28.096466"/>
   <element name="symbol0" layername="timeline_2" frame="2" z_index="10" m_a="0.999954" m_b="-0.009590" m_c="0.009590" m_d="0.999954" m_tx="-4.141953" m_ty="-125.167191"/>
  </frame>
  <frame idx="200" w="510" h="752" x="-7.662552" y="-239.759308">
   <element name="symbol0" layername="timeline_0" frame="0" z_index="12" m_a="0.999902" m_b="0.014031" m_c="-0.014381" m_d="1.024849" m_tx="-7.662552" m_ty="-239.759308"/>
   <element name="symbol0" layername="timeline_1" frame="1" z_index="11" m_a="0.999997" m_b="0.002401" m_c="-0.002401" m_d="0.999997" m_tx="-4.919662" m_ty="-27.753204"/>
   <element name="symbol0" layername="timeline_2" frame="2" z_index="10" m_a="0.999940" m_b="-0.010960" m_c="0.010960" m_d="0.999940" m_tx="-4.092682" m_ty="-124.835785"/>
  </frame>
  <frame idx="225" w="511" h="749" x="-7.931732" y="-239.246368">
   <element name="symbol0" layername="timeline_0" frame="0" z_index="12" m_a="0.999959" m_b="0.009020" m_c="-0.009245" m_d="1.024908" m_tx="-7.931732" m_ty="-239.246368"/>
   <element name="symbol0" layername="timeline_1" frame="1" z_index="11" m_a="0.999996" m_b="0.002701" m_c="-0.002701" m_d="0.999996" m_tx="-4.722244" m_ty="-27.409958"/>
   <element name="symbol0" layername="timeline_2" frame="2" z_index="10" m_a="0.999924" m_b="-0.012330" m_c="0.012330" m_d="0.999924" m_tx="-4.043884" m_ty="-124.504852"/>
  </frame>
  <frame idx="250" w="512" h="746" x="-8.207047" y="-238.740051">
   <element name="symbol0" layername="timeline_0" frame="0" z_index="12" m_a="0.999992" m_b="0.004007" m_c="-0.004107" m_d="1.024942" m_tx="-8.207047" m_ty="-238.740051"/>
   <element name="symbol0" layername="timeline_1" frame="1" z_index="11" m_a="0.999995" m_b="0.003001" m_c="-0.003001" m_d="0.999995" m_tx="-4.524811" m_ty="-27.066742"/>
   <element name="symbol0" layername="timeline_2" frame="2" z_index="10" m_a="0.999906" m_b="-0.013700" m_c="0.013700" m_d="0.999906" m_tx="-3.995560" m_ty="-124.174393"/>
  </frame>
  <frame idx="275" w="513" h="742" x="-8.488815" y="-238.239990">
   <element name="symbol0" layername="timeline_0" frame="0" z_index="12" m_a="1.000000" m_b="-0.001004" m_c="0.001029" m_d="1.024950" m_tx="-8.488815" m_ty="-238.239990"/>
   <element name="symbol0" layername="timeline_1" frame="1" z_index="11" m_a="0.999995" m_b="0.003301" m_c="-0.003301" m_d="0.999995" m_tx="-4.327423" m_ty="-26.723526"/>
   <element name="symbol0" layername="timeline_2" frame="2" z_index="10" m_a="0.999886" m_b="-0.015070" m_c="0.015070" m_d="0.999886" m_tx="-3.947723" m_ty="-123.844360"/>
  </frame>
  <frame idx="300" w="514" h="739" x="-8.776688" y="-237.746613">
   <element name="symbol0" layername="timeline_0" frame="0" z_index="12" m_a="0.999982" m_b="-0.006017" m_c="0.006167" m_d="1.024931" m_tx="-8.776688" m_ty="-237.746613"/>
   <element name="symbol0" layername="timeline_1" frame="1" z_index="11" m_a="0.999994" m_b="0.003602" m_c="-0.003602" m_d="0.999994" m_tx="-4.130035" m_ty="-26.380356"/>
   <element name="symbol0" layername="timeline_2" frame="2" z_index="10" m_a="0.999865" m_b="-0.016440" m_c="0.016440" m_d="0.999865" m_tx="-3.900360" m_ty="-123.514832"/>
  </frame>
  <frame idx="325" w="515" h="736" x="-9.071060" y="-237.259384">
   <element name="symbol0" layername="timeline_0" frame="0" z_index="12" m_a="0.999939" m_b="-0.011028" m_c="0.011303" m_d="1.024888" m_tx="-9.071060" m_ty="-237.259384"/>
   <element name="symbol0" layername="timeline_1" frame="1" z_index="11" m_a="0.999992" m_b="0.003902" m_c="-0.003902" m_d="0.999992" m_tx="-3.932709" m_ty="-26.037201"/>
   <element name="symbol0" layername="timeline_2" frame="2" z_index="10" m_a="0.999841" m_b="-0.017809" m_c="0.017809" m_d="0.999841" m_tx="-3.853485" m_ty="-123.185760"/>
  </frame>
  <frame idx="350" w="516" h="736" x="-9.371582" y="-236.778717">
   <element name="symbol0" layername="timeline_0" frame="0" z_index="12" m_a="0.999871" m_b="-0.016040" m_c="0.016440" m_d="1.024818" m_tx="-9.371582" m_ty="-236.778717"/>
   <element name="symbol0" layername="timeline_1" frame="1" z_index="11" m_a="0.999991" m_b="0.004202" m_c="-0.004202" m_d="0.999991" m_tx="-3.735382" m_ty="-25.694077"/>
   <element name="symbol0" layername="timeline_2" frame="2" z_index="10" m_a="0.999816" m_b="-0.019179" m_c="0.019179" m_d="0.999816" m_tx="-3.807068" m_ty="-122.857147"/>
  </frame>
  <frame idx="375" w="517" h="736" x="-9.678589" y="-236.304337">
   <element name="symbol0" layername="timeline_0" frame="0" z_index="12" m_a="0.999778" m_b="-0.021051" m_c="0.021577" m_d="1.024723" m_tx="-9.678589" m_ty="-236.304337"/>
   <element name="symbol0" layername="timeline_1" frame="1" z_index="11" m_a="0.999990" m_b="0.004502" m_c="-0.004502" m_d="0.999990" m_tx="-3.538055" m_ty="-25.350967"/>
   <element name="symbol0" layername="timeline_2" frame="2" z_index="10" m_a="0.999789" m_b="-0.020549" m_c="0.020549" m_d="0.999789" m_tx="-3.761139" m_ty="-122.528992"/>
  </frame>
  <frame idx="400" w="518" h="735" x="-9.991913" y="-235.836349">
   <element name="symbol0" layername="timeline_0" frame="0" z_index="12" m_a="0.999660" m_b="-0.026063" m_c="0.026713" m_d="1.024602" m_tx="-9.991913" m_ty="-235.836349"/>
   <element name="symbol0" layername="timeline_1" frame="1" z_index="11" m_a="0.999988" m_b="0.004802" m_c="-0.004802" m_d="0.999988" m_tx="-3.340775" m_ty="-25.007858"/>
   <element name="symbol0" layername="timeline_2" frame="2" z_index="10" m_a="0.999760" m_b="-0.021919" m_c="0.021919" m_d="0.999760" m_tx="-3.715729" m_ty="-122.201294"/>
  </frame>
  <frame idx="425" w="519" h="735" x="-10.311646" y="-235.374649">
   <element name="symbol0" layername="timeline_0" frame="0" z_index="12" m_a="0.999517" m_b="-0.031073" m_c="0.031848" m_d="1.024455" m_tx="-10.311646" m_ty="-235.374649"/>
   <element name="symbol0" layername="timeline_1" frame="1" z_index="11" m_a="0.999987" m_b="0.005102" m_c="-0.005102" m_d="0.999987" m_tx="-3.143524" m_ty="-24.664780"/>
   <element name="symbol0" layername="timeline_2" frame="2" z_index="10" m_a="0.999729" m_b="-0.023288" m_c="0.023288" m_d="0.999729" m_tx="-3.670731" m_ty="-121.874039"/>
  </frame>
  <frame idx="450" w="520" h="735" x="-10.638153" y="-234.918915">
   <element name="symbol0" layername="timeline_0" frame="0" z_index="12" m_a="0.999349" m_b="-0.036082" m_c="0.036982" m_d="1.024283" m_tx="-10.638153" m_ty="-234.918915"/>
   <element name="symbol0" layername="timeline_1" frame="1" z_index="11" m_a="0.999985" m_b="0.005402" m_c="-0.005402" m_d="0.999985" m_tx="-2.946274" m_ty="-24.321747"/>
   <element name="symbol0" layername="timeline_2" frame="2" z_index="10" m_a="0.999696" m_b="-0.024658" m_c="0.024658" m_d="0.999696" m_tx="-3.626221" m_ty="-121.547256"/>
  </frame>
  <frame idx="475" w="521" h="735" x="-10.970886" y="-234.469620">
   <element name="symbol0" layername="timeline_0" frame="0" z_index="12" m_a="0.999155" m_b="-0.041091" m_c="0.042116" m_d="1.024084" m_tx="-10.970886" m_ty="-234.469620"/>
   <element name="symbol0" layername="timeline_1" frame="1" z_index="11" m_a="0.999984" m_b="0.005703" m_c="-0.005703" m_d="0.999984" m_tx="-2.749084" m_ty="-23.978729"/>
   <element name="symbol0" layername="timeline_2" frame="2" z_index="10" m_a="0.999661" m_b="-0.026028" m_c="0.026028" m_d="0.999661" m_tx="-3.582245" m_ty="-121.220932"/>
  </frame>
  <frame idx="500" w="521" h="735" x="-11.017670" y="-234.317963">
   <element name="symbol0" layername="timeline_0" frame="0" z_index="12" m_a="0.999127" m_b="-0.041786" m_c="0.042829" m_d="1.024055" m_tx="-11.017670" m_ty="-234.317963"/>
   <element name="symbol0" layername="timeline_1" frame="1" z_index="11" m_a="0.999983" m_b="0.005745" m_c="-0.005745" m_d="0.999983" m_tx="-2.721802" m_ty="-23.930954"/>
   <element name="symbol0" layername="timeline_2" frame="2" z_index="10" m_a="0.999656" m_b="-0.026218" m_c="0.026218" m_d="0.999656" m_tx="-3.576141" m_ty="-121.175613"/>
  </frame>
  <frame idx="525" w="520" h="735" x="-10.698181" y="-234.543167">
   <element name="symbol0" layername="timeline_0" frame="0" z_index="12" m_a="0.999316" m_b="-0.036994" m_c="0.037917" m_d="1.024248" m_tx="-10.698181" m_ty="-234.543167"/>
   <element name="symbol0" layername="timeline_1" frame="1" z_index="11" m_a="0.999985" m_b="0.005456" m_c="-0.005456" m_d="0.999985" m_tx="-2.910187" m_ty="-24.259537"/>
   <element name="symbol0" layername="timeline_2" frame="2" z_index="10" m_a="0.999690" m_b="-0.024907" m_c="0.024907" m_d="0.999690" m_tx="-3.618164" m_ty="-121.487839"/>
  </frame>
  <frame idx="550" w="519" h="735" x="-10.384613" y="-234.774078">
   <element name="symbol0" layername="timeline_0" frame="0" z_index="12" m_a="0.999481" m_b="-0.032200" m_c="0.033003" m_d="1.024418" m_tx="-10.384613" m_ty="-234.774078"/>
   <element name="symbol0" layername="timeline_1" frame="1" z_index="11" m_a="0.999987" m_b="0.005170" m_c="-0.005170" m_d="0.999987" m_tx="-3.099091" m_ty="-24.587631"/>
   <element name="symbol0" layername="timeline_2" frame="2" z_index="10" m_a="0.999722" m_b="-0.023597" m_c="0.023597" m_d="0.999722" m_tx="-3.660675" m_ty="-121.800446"/>
  </frame>
  <frame idx="575" w="518" h="735" x="-10.077026" y="-235.010696">
   <element name="symbol0" layername="timeline_0" frame="0" z_index="12" m_a="0.999624" m_b="-0.027406" m_c="0.028090" m_d="1.024565" m_tx="-10.077026" m_ty="-235.010696"/>
   <element name="symbol0" layername="timeline_1" frame="1" z_index="11" m_a="0.999988" m_b="0.004883" m_c="-0.004883" m_d="0.999988" m_tx="-3.287888" m_ty="-24.915894"/>
   <element name="symbol0" layername="timeline_2" frame="2" z_index="10" m_a="0.999752" m_b="-0.022286" m_c="0.022286" m_d="0.999752" m_tx="-3.703598" m_ty="-122.113510"/>
  </frame>
  <frame idx="600" w="517" h="735" x="-9.775345" y="-235.252991">
   <element name="symbol0" layername="timeline_0" frame="0" z_index="12" m_a="0.999744" m_b="-0.022611" m_c="0.023175" m_d="1.024688" m_tx="-9.775345" m_ty="-235.252991"/>
   <element name="symbol0" layername="timeline_1" frame="1" z_index="11" m_a="0.999989" m_b="0.004595" m_c="-0.004595" m_d="0.999989" m_tx="-3.476593" m_ty="-25.244278"/>
   <element name="symbol0" layername="timeline_2" frame="2" z_index="10" m_a="0.999780" m_b="-0.020975" m_c="0.020975" m_d="0.999780" m_tx="-3.746933" m_ty="-122.426956"/>
  </frame>
  <frame idx="625" w="516" h="734" x="-9.479553" y="-235.501099">
   <element name="symbol0" layername="timeline_0" frame="0" z_index="12" m_a="0.999841" m_b="-0.017816" m_c="0.018260" m_d="1.024787" m_tx="-9.479553" m_ty="-235.501099"/>
   <element name="symbol0" layername="timeline_1" frame="1" z_index="11" m_a="0.999991" m_b="0.004308" m_c="-0.004308" m_d="0.999991" m_tx="-3.665436" m_ty="-25.572556"/>
   <element name="symbol0" layername="timeline_2" frame="2" z_index="10" m_a="0.999807" m_b="-0.019664" m_c="0.019664" m_d="0.999807" m_tx="-3.790756" m_ty="-122.740860"/>
  </frame>
  <frame idx="650" w="515" h="734" x="-9.189590" y="-235.754974">
   <element name="symbol0" layername="timeline_0" frame="0" z_index="12" m_a="0.999915" m_b="-0.013020" m_c="0.013345" m_d="1.024863" m_tx="-9.189590" m_ty="-235.754974"/>
   <element name="symbol0" layername="timeline_1" frame="1" z_index="11" m_a="0.999992" m_b="0.004021" m_c="-0.004021" m_d="0.999992" m_tx="-3.854187" m_ty="-25.901016"/>
   <element name="symbol0" layername="timeline_2" frame="2" z_index="10" m_a="0.999832" m_b="-0.018354" m_c="0.018354" m_d="0.999832" m_tx="-3.835007" m_ty="-123.055161"/>
  </frame>
  <frame idx="675" w="514" h="736" x="-8.905487" y="-236.014709">
   <element name="symbol0" layername="timeline_0" frame="0" z_index="12" m_a="0.999966" m_b="-0.008224" m_c="0.008429" m_d="1.024915" m_tx="-8.905487" m_ty="-236.014709"/>
   <element name="symbol0" layername="timeline_1" frame="1" z_index="11" m_a="0.999993" m_b="0.003734" m_c="-0.003734" m_d="0.999993" m_tx="-4.043182" m_ty="-26.229202"/>
   <element name="symbol0" layername="timeline_2" frame="2" z_index="10" m_a="0.999855" m_b="-0.017043" m_c="0.017043" m_d="0.999855" m_tx="-3.879669" m_ty="-123.369904"/>
  </frame>
  <frame idx="700" w="513" h="739" x="-8.627167" y="-236.280228">
   <element name="symbol0" layername="timeline_0" frame="0" z_index="12" m_a="0.999994" m_b="-0.003427" m_c="0.003513" m_d="1.024944" m_tx="-8.627167" m_ty="-236.280228"/>
   <element name="symbol0" layername="timeline_1" frame="1" z_index="11" m_a="0.999994" m_b="0.003446" m_c="-0.003446" m_d="0.999994" m_tx="-4.231979" m_ty="-26.557709"/>
   <element name="symbol0" layername="timeline_2" frame="2" z_index="10" m_a="0.999876" m_b="-0.015732" m_c="0.015732" m_d="0.999876" m_tx="-3.924774" m_ty="-123.685028"/>
  </frame>
  <frame idx="725" w="512" h="742" x="-8.354614" y="-236.551666">
   <element name="symbol0" layername="timeline_0" frame="0" z_index="12" m_a="0.999999" m_b="0.001369" m_c="-0.001403" m_d="1.024949" m_tx="-8.354614" m_ty="-236.551666"/>
   <element name="symbol0" layername="timeline_1" frame="1" z_index="11" m_a="0.999995" m_b="0.003159" m_c="-0.003159" m_d="0.999995" m_tx="-4.420898" m_ty="-26.886063"/>
   <element name="symbol0" layername="timeline_2" frame="2" z_index="10" m_a="0.999896" m_b="-0.014421" m_c="0.014421" m_d="0.999896" m_tx="-3.970322" m_ty="-124.000626"/>
  </frame>
  <frame idx="750" w="511" h="745" x="-8.087830" y="-236.829010">
   <element name="symbol0" layername="timeline_0" frame="0" z_index="12" m_a="0.999981" m_b="0.006165" m_c="-0.006319" m_d="1.024931" m_tx="-8.087830" m_ty="-236.829010"/>
   <element name="symbol0" layername="timeline_1" frame="1" z_index="11" m_a="0.999996" m_b="0.002872" m_c="-0.002872" m_d="0.999996" m_tx="-4.609726" m_ty="-27.214584"/>
   <element name="symbol0" layername="timeline_2" frame="2" z_index="10" m_a="0.999914" m_b="-0.013110" m_c="0.013110" m_d="0.999914" m_tx="-4.016312" m_ty="-124.316605"/>
  </frame>
  <frame idx="775" w="510" h="748" x="-7.826721" y="-237.112274">
   <element name="symbol0" layername="timeline_0" frame="0" z_index="12" m_a="0.999940" m_b="0.010962" m_c="-0.011235" m_d="1.024888" m_tx="-7.826721" m_ty="-237.112274"/>
   <element name="symbol0" layername="timeline_1" frame="1" z_index="11" m_a="0.999997" m_b="0.002585" m_c="-0.002585" m_d="0.999997" m_tx="-4.798706" m_ty="-27.542999"/>
   <element name="symbol0" layername="timeline_2" frame="2" z_index="10" m_a="0.999930" m_b="-0.011799" m_c="0.011799" m_d="0.999930" m_tx="-4.062744" m_ty="-124.633057"/>
  </frame>
  <frame idx="800" w="509" h="751" x="-7.571320" y="-237.401459">
   <element name="symbol0" layername="timeline_0" frame="0" z_index="12" m_a="0.999876" m_b="0.015758" m_c="-0.016151" m_d="1.024823" m_tx="-7.571320" m_ty="-237.401459"/>
   <element name="symbol0" layername="timeline_1" frame="1" z_index="11" m_a="0.999997" m_b="0.002297" m_c="-0.002297" m_d="0.999997" m_tx="-4.987564" m_ty="-27.871536"/>
   <element name="symbol0" layername="timeline_2" frame="2" z_index="10" m_a="0.999945" m_b="-0.010488" m_c="0.010488" m_d="0.999945" m_tx="-4.109573" m_ty="-124.949875"/>
  </frame>
  <frame idx="825" w="508" h="754" x="-7.321564" y="-237.696686">
   <element name="symbol0" layername="timeline_0" frame="0" z_index="12" m_a="0.999789" m_b="0.020553" m_c="-0.021066" m_d="1.024734" m_tx="-7.321564" m_ty="-237.696686"/>
   <element name="symbol0" layername="timeline_1" frame="1" z_index="11" m_a="0.999998" m_b="0.002011" m_c="-0.002011" m_d="0.999998" m_tx="-5.176682" m_ty="-28.199905"/>
   <element name="symbol0" layername="timeline_2" frame="2" z_index="10" m_a="0.999958" m_b="-0.009177" m_c="0.009177" m_d="0.999958" m_tx="-4.156876" m_ty="-125.267166"/>
  </frame>
  <frame idx="850" w="507" h="756" x="-7.077469" y="-237.997925">
   <element name="symbol0" layername="timeline_0" frame="0" z_index="12" m_a="0.999679" m_b="0.025348" m_c="-0.025981" m_d="1.024621" m_tx="-7.077469" m_ty="-237.997925"/>
   <element name="symbol0" layername="timeline_1" frame="1" z_index="11" m_a="0.999999" m_b="0.001723" m_c="-0.001723" m_d="0.999999" m_tx="-5.365585" m_ty="-28.528488"/>
   <element name="symbol0" layername="timeline_2" frame="2" z_index="10" m_a="0.999969" m_b="-0.007866" m_c="0.007866" m_d="0.999969" m_tx="-4.204590" m_ty="-125.584839"/>
  </frame>
  <frame idx="875" w="506" h="759" x="-6.838943" y="-238.305145">
   <element name="symbol0" layername="timeline_0" frame="0" z_index="12" m_a="0.999546" m_b="0.030143" m_c="-0.030895" m_d="1.024484" m_tx="-6.838943" m_ty="-238.305145"/>
   <element name="symbol0" layername="timeline_1" frame="1" z_index="11" m_a="0.999999" m_b="0.001436" m_c="-0.001436" m_d="0.999999" m_tx="-5.554535" m_ty="-28.857117"/>
   <element name="symbol0" layername="timeline_2" frame="2" z_index="10" m_a="0.999979" m_b="-0.006555" m_c="0.006555" m_d="0.999979" m_tx="-4.252747" m_ty="-125.902985"/>
  </frame>
  <frame idx="900" w="505" h="762" x="-6.605988" y="-238.618469">
   <element name="symbol0" layername="timeline_0" frame="0" z_index="12" m_a="0.999390" m_b="0.034937" m_c="-0.035808" m_d="1.024324" m_tx="-6.605988" m_ty="-238.618469"/>
   <element name="symbol0" layername="timeline_1" frame="1" z_index="11" m_a="0.999999" m_b="0.001149" m_c="-0.001149" m_d="0.999999" m_tx="-5.743591" m_ty="-29.185638"/>
   <element name="symbol0" layername="timeline_2" frame="2" z_index="10" m_a="0.999986" m_b="-0.005244" m_c="0.005244" m_d="0.999986" m_tx="-4.301346" m_ty="-126.221527"/>
  </frame>
  <frame idx="925" w="504" h="765" x="-6.378601" y="-238.937836">
   <element name="symbol0" layername="timeline_0" frame="0" z_index="12" m_a="0.999210" m_b="0.039730" m_c="-0.040721" m_d="1.024141" m_tx="-6.378601" m_ty="-238.937836"/>
   <element name="symbol0" layername="timeline_1" frame="1" z_index="11" m_a="1.000000" m_b="0.000862" m_c="-0.000862" m_d="1.000000" m_tx="-5.932800" m_ty="-29.514069"/>
   <element name="symbol0" layername="timeline_2" frame="2" z_index="10" m_a="0.999992" m_b="-0.003933" m_c="0.003933" m_d="0.999992" m_tx="-4.350357" m_ty="-126.540512"/>
  </frame>
  <frame idx="950" w="504" h="768" x="-6.156708" y="-239.263428">
   <element name="symbol0" layername="timeline_0" frame="0" z_index="12" m_a="0.999008" m_b="0.044522" m_c="-0.045633" m_d="1.023934" m_tx="-6.156708" m_ty="-239.263428"/>
   <element name="symbol0" layername="timeline_1" frame="1" z_index="11" m_a="1.000000" m_b="0.000574" m_c="-0.000574" m_d="1.000000" m_tx="-6.121796" m_ty="-29.842743"/>
   <element name="symbol0" layername="timeline_2" frame="2" z_index="10" m_a="0.999997" m_b="-0.002622" m_c="0.002622" m_d="0.999997" m_tx="-4.399826" m_ty="-126.859909"/>
  </frame>
  <frame idx="975" w="503" h="771" x="-6.310806" y="-239.595093">
   <element name="symbol0" layername="timeline_0" frame="0" z_index="12" m_a="0.998783" m_b="0.049313" m_c="-0.050543" m_d="1.023703" m_tx="-5.940292" m_ty="-239.595093"/>
   <element name="symbol0" layername="timeline_1" frame="1" z_index="11" m_a="1.000000" m_b="0.000287" m_c="-0.000287" m_d="1.000000" m_tx="-6.310806" m_ty="-30.171463"/>
   <element name="symbol0" layername="timeline_2" frame="2" z_index="10" m_a="0.999999" m_b="-0.001311" m_c="0.001311" m_d="0.999999" m_tx="-4.449692" m_ty="-127.179749"/>
  </frame>
 </anim>
 <anim name="death" root="skytrap" numframes="1000" framerate="40">
  <frame idx="0" w="534" h="740" x="-13.165894" y="-241.954620">
   <element name="symbol0" layername="timeline_0" frame="1" z_index="12" m_a="1.000000" m_b="0.000000" m_c="0.000000" m_d="1.000000" m_tx="-2.333328" m_ty="-34.666656"/>
   <element name="symbol0" layername="timeline_1" frame="2" z_index="11" m_a="0.998935" m_b="-0.046136" m_c="0.046136" m_d="0.998935" m_tx="-2.065643" m_ty="-132.466751"/>
   <element name="symbol0" layername="timeline_2" frame="0" z_index="10" m_a="0.997759" m_b="-0.066911" m_c="0.066911" m_d="0.997759" m_tx="-13.165894" m_ty="-241.954620"/>
  </frame>
  <frame idx="25" w="526" h="739" x="-9.813507" y="-242.699432">
   <element name="symbol0" layername="timeline_0" frame="1" z_index="12" m_a="0.999995" m_b="-0.003070" m_c="0.003070" m_d="0.999995" m_tx="-2.628479" m_ty="-34.522934"/>
   <element name="symbol0" layername="timeline_1" frame="2" z_index="11" m_a="0.995016" m_b="-0.040132" m_c="0.040739" m_d="1.010075" m_tx="-1.912231" m_ty="-132.492538"/>
   <element name="symbol0" layername="timeline_2" frame="0" z_index="10" m_a="0.979778" m_b="-0.053583" m_c="0.056136" m_d="1.026451" m_tx="-9.813507" m_ty="-242.699432"/>
  </frame>
  <frame idx="50" w="519" h="745" x="-6.678986" y="-243.587250">
   <element name="symbol0" layername="timeline_0" frame="1" z_index="12" m_a="0.999981" m_b="-0.006140" m_c="0.006140" m_d="0.999981" m_tx="-2.925995" m_ty="-34.381531"/>
   <element name="symbol0" layername="timeline_1" frame="2" z_index="11" m_a="0.991060" m_b="-0.034175" m_c="0.035214" m_d="1.021186" m_tx="-1.799927" m_ty="-132.537521"/>
   <element name="symbol0" layername="timeline_2" frame="0" z_index="10" m_a="0.961622" m_b="-0.040710" m_c="0.044664" m_d="1.055024" m_tx="-6.678986" m_ty="-243.587250"/>
  </frame>
  <frame idx="75" w="511" h="769" x="-3.759857" y="-244.621765">
   <element name="symbol0" layername="timeline_0" frame="1" z_index="12" m_a="0.999958" m_b="-0.009209" m_c="0.009209" m_d="0.999958" m_tx="-3.225876" m_ty="-34.242477"/>
   <element name="symbol0" layername="timeline_1" frame="2" z_index="11" m_a="0.987069" m_b="-0.028266" m_c="0.029561" m_d="1.032266" m_tx="-1.728577" m_ty="-132.601974"/>
   <element name="symbol0" layername="timeline_2" frame="0" z_index="10" m_a="0.943301" m_b="-0.028291" m_c="0.032495" m_d="1.083467" m_tx="-3.759857" m_ty="-244.621765"/>
  </frame>
  <frame idx="100" w="507" h="793" x="-3.528152" y="-245.806763">
   <element name="symbol0" layername="timeline_0" frame="1" z_index="12" m_a="0.999925" m_b="-0.012279" m_c="0.012279" m_d="0.999925" m_tx="-3.528152" m_ty="-34.105759"/>
   <element name="symbol0" layername="timeline_1" frame="2" z_index="11" m_a="0.983043" m_b="-0.022405" m_c="0.023779" m_d="1.043315" m_tx="-1.698074" m_ty="-132.686249"/>
   <element name="symbol0" layername="timeline_2" frame="0" z_index="10" m_a="0.924823" m_b="-0.016331" m_c="0.019632" m_d="1.111765" m_tx="-1.053665" m_ty="-245.806763"/>
  </frame>
  <frame idx="125" w="508" h="817" x="-3.832779" y="-247.145905">
   <element name="symbol0" layername="timeline_0" frame="1" z_index="12" m_a="0.999882" m_b="-0.015348" m_c="0.015348" m_d="0.999882" m_tx="-3.832779" m_ty="-33.971390"/>
   <element name="symbol0" layername="timeline_1" frame="2" z_index="11" m_a="0.978983" m_b="-0.016592" m_c="0.017869" m_d="1.054332" m_tx="-1.708267" m_ty="-132.790741"/>
   <element name="symbol0" layername="timeline_2" frame="0" z_index="10" m_a="0.906196" m_b="-0.004831" m_c="0.006077" m_d="1.139907" m_tx="1.442169" m_ty="-247.145905"/>
  </frame>
  <frame idx="150" w="510" h="840" x="-4.139832" y="-248.642761">
   <element name="symbol0" layername="timeline_0" frame="1" z_index="12" m_a="0.999830" m_b="-0.018418" m_c="0.018418" m_d="0.999830" m_tx="-4.139832" m_ty="-33.839325"/>
   <element name="symbol0" layername="timeline_1" frame="2" z_index="11" m_a="0.974888" m_b="-0.010827" m_c="0.011832" m_d="1.065314" m_tx="-1.758972" m_ty="-132.915710"/>
   <element name="symbol0" layername="timeline_2" frame="0" z_index="10" m_a="0.887429" m_b="0.006208" m_c="-0.008169" m_d="1.167880" m_tx="3.730301" m_ty="-248.642761"/>
  </frame>
  <frame idx="175" w="511" h="863" x="-4.449265" y="-250.301147">
   <element name="symbol0" layername="timeline_0" frame="1" z_index="12" m_a="0.999769" m_b="-0.021487" m_c="0.021487" m_d="0.999769" m_tx="-4.449265" m_ty="-33.709549"/>
   <element name="symbol0" layername="timeline_1" frame="2" z_index="11" m_a="0.970759" m_b="-0.005111" m_c="0.005666" m_d="1.076261" m_tx="-1.850052" m_ty="-133.061584"/>
   <element name="symbol0" layername="timeline_2" frame="0" z_index="10" m_a="0.868531" m_b="0.016783" m_c="-0.023104" m_d="1.195670" m_tx="5.813354" m_ty="-250.301147"/>
  </frame>
  <frame idx="200" w="513" h="885" x="-4.761108" y="-252.124451">
   <element name="symbol0" layername="timeline_0" frame="1" z_index="12" m_a="0.999698" m_b="-0.024556" m_c="0.024556" m_d="0.999698" m_tx="-4.761108" m_ty="-33.582123"/>
   <element name="symbol0" layername="timeline_1" frame="2" z_index="11" m_a="0.966597" m_b="0.000557" m_c="-0.000626" m_d="1.087172" m_tx="-1.981354" m_ty="-133.228577"/>
   <element name="symbol0" layername="timeline_2" frame="0" z_index="10" m_a="0.849509" m_b="0.026893" m_c="-0.038726" m_d="1.223265" m_tx="7.694092" m_ty="-252.124451"/>
  </frame>
  <frame idx="225" w="514" h="908" x="-5.075378" y="-254.116241">
   <element name="symbol0" layername="timeline_0" frame="1" z_index="12" m_a="0.999618" m_b="-0.027625" m_c="0.027625" m_d="0.999618" m_tx="-5.075378" m_ty="-33.456985"/>
   <element name="symbol0" layername="timeline_1" frame="2" z_index="11" m_a="0.962402" m_b="0.006176" m_c="-0.007046" m_d="1.098047" m_tx="-2.152679" m_ty="-133.416992"/>
   <element name="symbol0" layername="timeline_2" frame="0" z_index="10" m_a="0.830373" m_b="0.036537" m_c="-0.055030" m_d="1.250652" m_tx="9.375320" m_ty="-254.116241"/>
  </frame>
  <frame idx="250" w="516" h="929" x="-5.392059" y="-256.279938">
   <element name="symbol0" layername="timeline_0" frame="1" z_index="12" m_a="0.999529" m_b="-0.030693" m_c="0.030693" m_d="0.999529" m_tx="-5.392059" m_ty="-33.334106"/>
   <element name="symbol0" layername="timeline_1" frame="2" z_index="11" m_a="0.958175" m_b="0.011746" m_c="-0.013594" m_d="1.108882" m_tx="-2.363922" m_ty="-133.627319"/>
   <element name="symbol0" layername="timeline_2" frame="0" z_index="10" m_a="0.811131" m_b="0.045714" m_c="-0.072016" m_d="1.277819" m_tx="10.859879" m_ty="-256.279938"/>
  </frame>
  <frame idx="275" w="517" h="951" x="-5.711151" y="-258.619141">
   <element name="symbol0" layername="timeline_0" frame="1" z_index="12" m_a="0.999430" m_b="-0.033761" m_c="0.033761" m_d="0.999430" m_tx="-5.711151" m_ty="-33.213531"/>
   <element name="symbol0" layername="timeline_1" frame="2" z_index="11" m_a="0.953915" m_b="0.017267" m_c="-0.020267" m_d="1.119679" m_tx="-2.614914" m_ty="-133.859772"/>
   <element name="symbol0" layername="timeline_2" frame="0" z_index="10" m_a="0.791792" m_b="0.054422" m_c="-0.089679" m_d="1.304753" m_tx="12.150711" m_ty="-258.619141"/>
  </frame>
  <frame idx="300" w="519" h="972" x="-6.032684" y="-261.137024">
   <element name="symbol0" layername="timeline_0" frame="1" z_index="12" m_a="0.999322" m_b="-0.036829" m_c="0.036829" m_d="0.999322" m_tx="-6.032684" m_ty="-33.095215"/>
   <element name="symbol0" layername="timeline_1" frame="2" z_index="11" m_a="0.949624" m_b="0.022739" m_c="-0.027068" m_d="1.130435" m_tx="-2.905441" m_ty="-134.114624"/>
   <element name="symbol0" layername="timeline_2" frame="0" z_index="10" m_a="0.772364" m_b="0.062660" m_c="-0.108017" m_d="1.331442" m_tx="13.250717" m_ty="-261.137024"/>
  </frame>
  <frame idx="325" w="520" h="993" x="-6.356689" y="-263.837036">
   <element name="symbol0" layername="timeline_0" frame="1" z_index="12" m_a="0.999204" m_b="-0.039897" m_c="0.039897" m_d="0.999204" m_tx="-6.356689" m_ty="-32.979187"/>
   <element name="symbol0" layername="timeline_1" frame="2" z_index="11" m_a="0.945302" m_b="0.028161" m_c="-0.033995" m_d="1.141149" m_tx="-3.235352" m_ty="-134.392303"/>
   <element name="symbol0" layername="timeline_2" frame="0" z_index="10" m_a="0.752857" m_b="0.070428" m_c="-0.127027" m_d="1.357872" m_tx="14.162949" m_ty="-263.837036"/>
  </frame>
  <frame idx="350" w="522" h="1013" x="-6.683136" y="-266.722534">
   <element name="symbol0" layername="timeline_0" frame="1" z_index="12" m_a="0.999077" m_b="-0.042964" m_c="0.042964" m_d="0.999077" m_tx="-6.683136" m_ty="-32.865433"/>
   <element name="symbol0" layername="timeline_1" frame="2" z_index="11" m_a="0.940948" m_b="0.033533" m_c="-0.041048" m_d="1.151821" m_tx="-3.604507" m_ty="-134.693115"/>
   <element name="symbol0" layername="timeline_2" frame="0" z_index="10" m_a="0.733278" m_b="0.077725" m_c="-0.146703" m_d="1.384032" m_tx="14.890457" m_ty="-266.722534"/>
  </frame>
  <frame idx="375" w="523" h="1033" x="-7.011993" y="-269.796661">
   <element name="symbol0" layername="timeline_0" frame="1" z_index="12" m_a="0.998940" m_b="-0.046031" m_c="0.046031" m_d="0.998940" m_tx="-7.011993" m_ty="-32.753891"/>
   <element name="symbol0" layername="timeline_1" frame="2" z_index="11" m_a="0.936565" m_b="0.038855" m_c="-0.048227" m_d="1.162449" m_tx="-4.012695" m_ty="-135.017303"/>
   <element name="symbol0" layername="timeline_2" frame="0" z_index="10" m_a="0.713636" m_b="0.084551" m_c="-0.167044" m_d="1.409909" m_tx="15.436356" m_ty="-269.796661"/>
  </frame>
  <frame idx="400" w="524" h="1053" x="-7.343323" y="-273.062592">
   <element name="symbol0" layername="timeline_0" frame="1" z_index="12" m_a="0.998794" m_b="-0.049097" m_c="0.049097" m_d="0.998794" m_tx="-7.343323" m_ty="-32.644623"/>
   <element name="symbol0" layername="timeline_1" frame="2" z_index="11" m_a="0.932151" m_b="0.044128" m_c="-0.055531" m_d="1.173032" m_tx="-4.459747" m_ty="-135.365295"/>
   <element name="symbol0" layername="timeline_2" frame="0" z_index="10" m_a="0.693941" m_b="0.090904" m_c="-0.188044" m_d="1.435491" m_tx="15.803833" m_ty="-273.062592"/>
  </frame>
  <frame idx="425" w="526" h="1072" x="-7.677155" y="-276.523529">
   <element name="symbol0" layername="timeline_0" frame="1" z_index="12" m_a="0.998639" m_b="-0.052163" m_c="0.052163" m_d="0.998639" m_tx="-7.677155" m_ty="-32.537598"/>
   <element name="symbol0" layername="timeline_1" frame="2" z_index="11" m_a="0.927708" m_b="0.049350" m_c="-0.062960" m_d="1.183568" m_tx="-4.945496" m_ty="-135.737335"/>
   <element name="symbol0" layername="timeline_2" frame="0" z_index="10" m_a="0.674200" m_b="0.096785" m_c="-0.209700" m_d="1.460765" m_tx="15.996140" m_ty="-276.523529"/>
  </frame>
  <frame idx="450" w="527" h="1091" x="-8.013458" y="-280.182648">
   <element name="symbol0" layername="timeline_0" frame="1" z_index="12" m_a="0.998474" m_b="-0.055228" m_c="0.055228" m_d="0.998474" m_tx="-8.013458" m_ty="-32.432755"/>
   <element name="symbol0" layername="timeline_1" frame="2" z_index="11" m_a="0.923236" m_b="0.054522" m_c="-0.070515" m_d="1.194058" m_tx="-5.469727" m_ty="-136.133789"/>
   <element name="symbol0" layername="timeline_2" frame="0" z_index="10" m_a="0.654422" m_b="0.102193" m_c="-0.232006" m_d="1.485719" m_tx="16.016479" m_ty="-280.182648"/>
  </frame>
  <frame idx="475" w="529" h="1109" x="-8.352234" y="-284.042786">
   <element name="symbol0" layername="timeline_0" frame="1" z_index="12" m_a="0.998299" m_b="-0.058293" m_c="0.058293" m_d="0.998299" m_tx="-8.352234" m_ty="-32.330170"/>
   <element name="symbol0" layername="timeline_1" frame="2" z_index="11" m_a="0.918735" m_b="0.059643" m_c="-0.078194" m_d="1.204500" m_tx="-6.032303" m_ty="-136.554871"/>
   <element name="symbol0" layername="timeline_2" frame="0" z_index="10" m_a="0.634616" m_b="0.107129" m_c="-0.254960" m_d="1.510341" m_tx="15.868225" m_ty="-284.042786"/>
  </frame>
  <frame idx="500" w="530" h="1106" x="-8.122742" y="-283.489349">
   <element name="symbol0" layername="timeline_0" frame="1" z_index="12" m_a="0.998210" m_b="-0.059807" m_c="0.059807" m_d="0.998210" m_tx="-8.122742" m_ty="-31.910416"/>
   <element name="symbol0" layername="timeline_1" frame="2" z_index="11" m_a="0.916151" m_b="0.067123" m_c="-0.088593" m_d="1.209177" m_tx="-2.890259" m_ty="-137.096161"/>
   <element name="symbol0" layername="timeline_2" frame="0" z_index="10" m_a="0.628303" m_b="0.087226" m_c="-0.212525" m_d="1.530851" m_tx="12.824135" m_ty="-283.489349"/>
  </frame>
  <frame idx="525" w="529" h="1067" x="-7.038086" y="-278.624451">
   <element name="symbol0" layername="timeline_0" frame="1" z_index="12" m_a="0.998258" m_b="-0.058995" m_c="0.058995" m_d="0.998258" m_tx="-7.038086" m_ty="-31.012390"/>
   <element name="symbol0" layername="timeline_1" frame="2" z_index="11" m_a="0.916381" m_b="0.078216" m_c="-0.102864" m_d="1.205148" m_tx="5.845337" m_ty="-137.814331"/>
   <element name="symbol0" layername="timeline_2" frame="0" z_index="10" m_a="0.638617" m_b="0.029550" m_c="-0.071096" m_d="1.536472" m_tx="4.761444" m_ty="-278.624451"/>
  </frame>
  <frame idx="550" w="529" h="1023" x="-5.953583" y="-277.292816">
   <element name="symbol0" layername="timeline_0" frame="1" z_index="12" m_a="0.998306" m_b="-0.058183" m_c="0.058183" m_d="0.998306" m_tx="-5.953583" m_ty="-30.114532"/>
   <element name="symbol0" layername="timeline_1" frame="2" z_index="11" m_a="0.916477" m_b="0.089324" m_c="-0.117050" m_d="1.200951" m_tx="14.568436" m_ty="-138.570770"/>
   <element name="symbol0" layername="timeline_2" frame="0" z_index="10" m_a="0.643606" m_b="-0.029283" m_c="0.069572" m_d="1.529117" m_tx="-4.822784" m_ty="-277.292816"/>
  </frame>
  <frame idx="575" w="540" h="974" x="-16.254715" y="-279.324493">
   <element name="symbol0" layername="timeline_0" frame="1" z_index="12" m_a="0.998353" m_b="-0.057370" m_c="0.057370" m_d="0.998353" m_tx="-4.869263" m_ty="-29.216812"/>
   <element name="symbol0" layername="timeline_1" frame="2" z_index="11" m_a="0.916438" m_b="0.100446" m_c="-0.131152" m_d="1.196588" m_tx="23.279190" m_ty="-139.365326"/>
   <element name="symbol0" layername="timeline_2" frame="0" z_index="10" m_a="0.643145" m_b="-0.088780" m_c="0.208299" m_d="1.508972" m_tx="-16.254715" m_ty="-279.324493"/>
  </frame>
  <frame idx="600" w="554" h="969" x="-29.843445" y="-284.519043">
   <element name="symbol0" layername="timeline_0" frame="1" z_index="12" m_a="0.998399" m_b="-0.056558" m_c="0.056558" m_d="0.998399" m_tx="-3.785095" m_ty="-28.319260"/>
   <element name="symbol0" layername="timeline_1" frame="2" z_index="11" m_a="0.916264" m_b="0.111580" m_c="-0.145165" m_d="1.192059" m_tx="31.978134" m_ty="-140.198181"/>
   <element name="symbol0" layername="timeline_2" frame="0" z_index="10" m_a="0.637154" m_b="-0.148432" m_c="0.343928" m_d="1.476332" m_tx="-29.843445" m_ty="-284.519043"/>
  </frame>
  <frame idx="625" w="571" h="989" x="-45.875702" y="-292.648193">
   <element name="symbol0" layername="timeline_0" frame="1" z_index="12" m_a="0.998445" m_b="-0.055746" m_c="0.055746" m_d="0.998445" m_tx="-2.701141" m_ty="-27.421875"/>
   <element name="symbol0" layername="timeline_1" frame="2" z_index="11" m_a="0.915955" m_b="0.122723" m_c="-0.159087" m_d="1.187367" m_tx="40.666000" m_ty="-141.069580"/>
   <element name="symbol0" layername="timeline_2" frame="0" z_index="10" m_a="0.625602" m_b="-0.207725" m_c="0.475345" m_d="1.431593" m_tx="-45.875702" m_ty="-292.648193"/>
  </frame>
  <frame idx="650" w="605" h="1011" x="-64.615265" y="-303.457642">
   <element name="symbol0" layername="timeline_0" frame="1" z_index="12" m_a="0.998490" m_b="-0.054933" m_c="0.054933" m_d="0.998490" m_tx="-1.617340" m_ty="-26.524612"/>
   <element name="symbol0" layername="timeline_1" frame="2" z_index="11" m_a="0.915510" m_b="0.133875" m_c="-0.172919" m_d="1.182513" m_tx="49.342529" m_ty="-141.979126"/>
   <element name="symbol0" layername="timeline_2" frame="0" z_index="10" m_a="0.608506" m_b="-0.266135" m_c="0.601477" m_d="1.375251" m_tx="-64.615265" m_ty="-303.457642"/>
  </frame>
  <frame idx="675" w="631" h="1025" x="-78.391266" y="-301.758636">
   <element name="symbol0" layername="timeline_0" frame="1" z_index="12" m_a="0.995902" m_b="-0.090442" m_c="0.090442" m_d="0.995902" m_tx="5.295776" m_ty="-22.966782"/>
   <element name="symbol0" layername="timeline_1" frame="2" z_index="11" m_a="0.913582" m_b="0.164610" m_c="-0.210510" m_d="1.168324" m_tx="56.170654" m_ty="-135.340118"/>
   <element name="symbol0" layername="timeline_2" frame="0" z_index="10" m_a="0.608186" m_b="-0.299309" m_c="0.653775" m_d="1.328451" m_tx="-78.391266" m_ty="-301.758636"/>
  </frame>
  <frame idx="700" w="680" h="1023" x="-82.777740" y="-281.718750">
   <element name="symbol0" layername="timeline_0" frame="1" z_index="12" m_a="0.985155" m_b="-0.171668" m_c="0.171668" m_d="0.985155" m_tx="18.298553" m_ty="-17.096802"/>
   <element name="symbol0" layername="timeline_1" frame="2" z_index="11" m_a="0.907457" m_b="0.220277" m_c="-0.276639" m_d="1.139648" m_tx="60.494598" m_ty="-119.743958"/>
   <element name="symbol0" layername="timeline_2" frame="0" z_index="10" m_a="0.634806" m_b="-0.301175" m_c="0.618803" m_d="1.304292" m_tx="-82.777740" m_ty="-281.718750"/>
  </frame>
  <frame idx="725" w="727" h="1018" x="-86.913055" y="-261.683502">
   <element name="symbol0" layername="timeline_0" frame="1" z_index="12" m_a="0.967794" m_b="-0.251742" m_c="0.251742" m_d="0.967794" m_tx="29.359894" m_ty="-12.592056"/>
   <element name="symbol0" layername="timeline_1" frame="2" z_index="11" m_a="0.897924" m_b="0.275796" m_c="-0.340104" m_d="1.107293" m_tx="64.632523" m_ty="-105.103821"/>
   <element name="symbol0" layername="timeline_2" frame="0" z_index="10" m_a="0.661601" m_b="-0.302337" m_c="0.584663" m_d="1.279409" m_tx="-86.913055" m_ty="-261.683502"/>
  </frame>
  <frame idx="750" w="767" h="1012" x="-90.797394" y="-241.647125">
   <element name="symbol0" layername="timeline_0" frame="1" z_index="12" m_a="0.943937" m_b="-0.330125" m_c="0.330125" m_d="0.943937" m_tx="38.374481" m_ty="-9.289032"/>
   <element name="symbol0" layername="timeline_1" frame="2" z_index="11" m_a="0.884981" m_b="0.330957" m_c="-0.400701" m_d="1.071478" m_tx="68.634521" m_ty="-91.418518"/>
   <element name="symbol0" layername="timeline_2" frame="0" z_index="10" m_a="0.688554" m_b="-0.302791" m_c="0.551367" m_d="1.253823" m_tx="-90.797394" m_ty="-241.647125"/>
  </frame>
  <frame idx="775" w="800" h="1004" x="-94.431183" y="-221.603638">
   <element name="symbol0" layername="timeline_0" frame="1" z_index="12" m_a="0.913743" m_b="-0.406292" m_c="0.406292" m_d="0.913743" m_tx="45.250854" m_ty="-7.016174"/>
   <element name="symbol0" layername="timeline_1" frame="2" z_index="11" m_a="0.868636" m_b="0.385551" m_c="-0.458250" m_d="1.032427" m_tx="72.548286" m_ty="-78.684021"/>
   <element name="symbol0" layername="timeline_2" frame="0" z_index="10" m_a="0.715653" m_b="-0.302531" m_c="0.518928" m_d="1.227551" m_tx="-94.431183" m_ty="-221.603638"/>
  </frame>
  <frame idx="800" w="827" h="993" x="-97.815063" y="-201.547302">
   <element name="symbol0" layername="timeline_0" frame="1" z_index="12" m_a="0.877415" m_b="-0.479732" m_c="0.479732" m_d="0.877415" m_tx="49.911835" m_ty="-5.594978"/>
   <element name="symbol0" layername="timeline_1" frame="2" z_index="11" m_a="0.848910" m_b="0.439367" m_c="-0.512584" m_d="0.990375" m_tx="76.420593" m_ty="-66.894012"/>
   <element name="symbol0" layername="timeline_2" frame="0" z_index="10" m_a="0.742880" m_b="-0.301554" m_c="0.487359" m_d="1.200614" m_tx="-97.815063" m_ty="-201.547302"/>
  </frame>
  <frame idx="825" w="846" h="981" x="-100.949707" y="-181.472321">
   <element name="symbol0" layername="timeline_0" frame="1" z_index="12" m_a="0.835197" m_b="-0.549951" m_c="0.549951" m_d="0.835197" m_tx="52.295135" m_ty="-4.841156"/>
   <element name="symbol0" layername="timeline_1" frame="2" z_index="11" m_a="0.825841" m_b="0.492194" m_c="-0.563551" m_d="0.945567" m_tx="80.298767" m_ty="-56.040283"/>
   <element name="symbol0" layername="timeline_2" frame="0" z_index="10" m_a="0.770223" m_b="-0.299856" m_c="0.456674" m_d="1.173030" m_tx="-100.949707" m_ty="-181.472321"/>
  </frame>
  <frame idx="850" w="859" h="967" x="-103.835846" y="-161.372787">
   <element name="symbol0" layername="timeline_0" frame="1" z_index="12" m_a="0.787372" m_b="-0.616478" m_c="0.616478" m_d="0.787372" m_tx="52.353821" m_ty="-4.566132"/>
   <element name="symbol0" layername="timeline_1" frame="2" z_index="11" m_a="0.799474" m_b="0.543826" m_c="-0.611019" m_d="0.898253" m_tx="84.227280" m_ty="-46.112122"/>
   <element name="symbol0" layername="timeline_2" frame="0" z_index="10" m_a="0.797664" m_b="-0.297434" m_c="0.426882" m_d="1.144821" m_tx="-103.835846" m_ty="-161.372787"/>
  </frame>
  <frame idx="875" w="864" h="951" x="-106.474457" y="-141.242935">
   <element name="symbol0" layername="timeline_0" frame="1" z_index="12" m_a="0.734261" m_b="-0.678867" m_c="0.678867" m_d="0.734261" m_tx="50.056366" m_ty="-4.577896"/>
   <element name="symbol0" layername="timeline_1" frame="2" z_index="11" m_a="0.769871" m_b="0.594054" m_c="-0.654873" m_d="0.848690" m_tx="88.250275" m_ty="-37.097107"/>
   <element name="symbol0" layername="timeline_2" frame="0" z_index="10" m_a="0.825190" m_b="-0.294284" m_c="0.397997" m_d="1.116005" m_tx="-106.474457" m_ty="-141.242935"/>
  </frame>
  <frame idx="900" w="861" h="934" x="-108.866516" y="-121.077011">
   <element name="symbol0" layername="timeline_0" frame="1" z_index="12" m_a="0.676221" m_b="-0.736699" m_c="0.736699" m_d="0.676221" m_tx="45.387329" m_ty="-4.682587"/>
   <element name="symbol0" layername="timeline_1" frame="2" z_index="11" m_a="0.737107" m_b="0.642677" m_c="-0.695017" m_d="0.797138" m_tx="92.410370" m_ty="-28.980591"/>
   <element name="symbol0" layername="timeline_2" frame="0" z_index="10" m_a="0.852785" m_b="-0.290405" m_c="0.370028" m_d="1.086603" m_tx="-108.866516" m_ty="-121.077011"/>
  </frame>
  <frame idx="925" w="851" h="915" x="-111.013184" y="-100.869293">
   <element name="symbol0" layername="timeline_0" frame="1" z_index="12" m_a="0.613642" m_b="-0.789585" m_c="0.789585" m_d="0.613642" m_tx="38.347046" m_ty="-4.685806"/>
   <element name="symbol0" layername="timeline_1" frame="2" z_index="11" m_a="0.701267" m_b="0.689495" m_c="-0.731373" m_d="0.743861" m_tx="96.748764" m_ty="-21.746429"/>
   <element name="symbol0" layername="timeline_2" frame="0" z_index="10" m_a="0.880434" m_b="-0.285792" m_c="0.342988" m_d="1.056636" m_tx="-111.013184" m_ty="-100.869293"/>
  </frame>
  <frame idx="950" w="834" h="930" x="-112.915680" y="-116.161957">
   <element name="symbol0" layername="timeline_0" frame="1" z_index="12" m_a="0.546943" m_b="-0.837170" m_c="0.837170" m_d="0.546943" m_tx="28.951691" m_ty="-4.393707"/>
   <element name="symbol0" layername="timeline_1" frame="2" z_index="11" m_a="0.662453" m_b="0.734312" m_c="-0.763880" m_d="0.689128" m_tx="101.305771" m_ty="-15.376587"/>
   <element name="symbol0" layername="timeline_2" frame="0" z_index="10" m_a="0.908121" m_b="-0.280444" m_c="0.316886" m_d="1.026124" m_tx="-112.915680" m_ty="-80.614075"/>
  </frame>
  <frame idx="975" w="810" h="996" x="-114.575378" y="-184.048187">
   <element name="symbol0" layername="timeline_0" frame="1" z_index="12" m_a="0.476572" m_b="-0.879135" m_c="0.879135" m_d="0.476572" m_tx="17.233459" m_ty="-3.614548"/>
   <element name="symbol0" layername="timeline_1" frame="2" z_index="11" m_a="0.620774" m_b="0.776941" m_c="-0.792497" m_d="0.633203" m_tx="106.119141" m_ty="-9.851532"/>
   <element name="symbol0" layername="timeline_2" frame="0" z_index="10" m_a="0.935831" m_b="-0.274360" m_c="0.291732" m_d="0.995087" m_tx="-114.575378" m_ty="-60.305588"/>
  </frame>
 </anim>
 <anim name="attack" root="skytrap" numframes="1000" framerate="40">
  <frame idx="0" w="505" h="729" x="-8.215698" y="-232.019623">
   <element name="symbol0" layername="timeline_0" frame="1" z_index="12" m_a="1.000000" m_b="0.000000" m_c="0.000000" m_d="1.000000" m_tx="-6.215698" m_ty="-19.019623"/>
   <element name="symbol0" layername="timeline_1" frame="2" z_index="11" m_a="1.000000" m_b="0.000000" m_c="0.000000" m_d="1.000000" m_tx="-3.215683" m_ty="-116.019623"/>
   <element name="symbol0" layername="timeline_2" frame="0" z_index="10" m_a="1.000000" m_b="0.000000" m_c="0.000000" m_d="1.000000" m_tx="-8.215698" m_ty="-232.019623"/>
  </frame>
  <frame idx="25" w="508" h="739" x="-7.129700" y="-230.412109">
   <element name="symbol0" layername="timeline_0" frame="1" z_index="12" m_a="0.999997" m_b="-0.002631" m_c="0.002631" m_d="0.999997" m_tx="-6.484253" m_ty="-19.579803"/>
   <element name="symbol0" layername="timeline_1" frame="2" z_index="11" m_a="0.999781" m_b="0.020949" m_c="-0.020949" m_d="0.999781" m_tx="-2.205231" m_ty="-115.245712"/>
   <element name="symbol0" layername="timeline_2" frame="0" z_index="10" m_a="0.999898" m_b="-0.014270" m_c="0.014270" m_d="0.999898" m_tx="-7.129700" m_ty="-230.412109"/>
  </frame>
  <frame idx="50" w="515" h="749" x="-6.754517" y="-228.854797">
   <element name="symbol0" layername="timeline_0" frame="1" z_index="12" m_a="0.999986" m_b="-0.005262" m_c="0.005262" m_d="0.999986" m_tx="-6.754517" m_ty="-20.141724"/>
   <element name="symbol0" layername="timeline_1" frame="2" z_index="11" m_a="0.999122" m_b="0.041888" m_c="-0.041888" m_d="0.999122" m_tx="-1.302170" m_ty="-114.583801"/>
   <element name="symbol0" layername="timeline_2" frame="0" z_index="10" m_a="0.999593" m_b="-0.028537" m_c="0.028537" m_d="0.999593" m_tx="-6.095306" m_ty="-228.854797"/>
  </frame>
  <frame idx="75" w="523" h="758" x="-7.026566" y="-227.346863">
   <element name="symbol0" layername="timeline_0" frame="1" z_index="12" m_a="0.999969" m_b="-0.007892" m_c="0.007892" m_d="0.999969" m_tx="-7.026566" m_ty="-20.705338"/>
   <element name="symbol0" layername="timeline_1" frame="2" z_index="11" m_a="0.998026" m_b="0.062810" m_c="-0.062810" m_d="0.998026" m_tx="-0.504150" m_ty="-114.036102"/>
   <element name="symbol0" layername="timeline_2" frame="0" z_index="10" m_a="0.999084" m_b="-0.042798" m_c="0.042798" m_d="0.999084" m_tx="-5.113281" m_ty="-227.346863"/>
  </frame>
  <frame idx="100" w="531" h="767" x="-7.300293" y="-225.887665">
   <element name="symbol0" layername="timeline_0" frame="1" z_index="12" m_a="0.999945" m_b="-0.010523" m_c="0.010523" m_d="0.999945" m_tx="-7.300293" m_ty="-21.270691"/>
   <element name="symbol0" layername="timeline_1" frame="2" z_index="11" m_a="0.996491" m_b="0.083703" m_c="-0.083703" m_d="0.996491" m_tx="0.191254" m_ty="-113.604828"/>
   <element name="symbol0" layername="timeline_2" frame="0" z_index="10" m_a="0.998371" m_b="-0.057050" m_c="0.057050" m_d="0.998371" m_tx="-4.184296" m_ty="-225.887665"/>
  </frame>
  <frame idx="125" w="539" h="775" x="-7.575806" y="-224.476364">
   <element name="symbol0" layername="timeline_0" frame="1" z_index="12" m_a="0.999914" m_b="-0.013153" m_c="0.013153" m_d="0.999914" m_tx="-7.575806" m_ty="-21.837738"/>
   <element name="symbol0" layername="timeline_1" frame="2" z_index="11" m_a="0.994519" m_b="0.104560" m_c="-0.104560" m_d="0.994519" m_tx="0.786499" m_ty="-113.292084"/>
   <element name="symbol0" layername="timeline_2" frame="0" z_index="10" m_a="0.997456" m_b="-0.071291" m_c="0.071291" m_d="0.997456" m_tx="-3.309021" m_ty="-224.476364"/>
  </frame>
  <frame idx="150" w="547" h="784" x="-7.853058" y="-223.112228">
   <element name="symbol0" layername="timeline_0" frame="1" z_index="12" m_a="0.999875" m_b="-0.015784" m_c="0.015784" m_d="0.999875" m_tx="-7.853058" m_ty="-22.406525"/>
   <element name="symbol0" layername="timeline_1" frame="2" z_index="11" m_a="0.992110" m_b="0.125371" m_c="-0.125371" m_d="0.992110" m_tx="1.284103" m_ty="-113.099884"/>
   <element name="symbol0" layername="timeline_2" frame="0" z_index="10" m_a="0.996337" m_b="-0.085517" m_c="0.085517" m_d="0.996337" m_tx="-2.488159" m_ty="-223.112228"/>
  </frame>
  <frame idx="175" w="554" h="792" x="-8.132095" y="-221.794418">
   <element name="symbol0" layername="timeline_0" frame="1" z_index="12" m_a="0.999830" m_b="-0.018414" m_c="0.018414" m_d="0.999830" m_tx="-8.132095" m_ty="-22.976974"/>
   <element name="symbol0" layername="timeline_1" frame="2" z_index="11" m_a="0.989266" m_b="0.146127" m_c="-0.146127" m_d="0.989266" m_tx="1.686600" m_ty="-113.030334"/>
   <element name="symbol0" layername="timeline_2" frame="0" z_index="10" m_a="0.995015" m_b="-0.099726" m_c="0.099726" m_d="0.995015" m_tx="-1.722351" m_ty="-221.794418"/>
  </frame>
  <frame idx="200" w="562" h="799" x="-8.412872" y="-220.522217">
   <element name="symbol0" layername="timeline_0" frame="1" z_index="12" m_a="0.999779" m_b="-0.021045" m_c="0.021045" m_d="0.999779" m_tx="-8.412872" m_ty="-23.549164"/>
   <element name="symbol0" layername="timeline_1" frame="2" z_index="11" m_a="0.985988" m_b="0.166819" m_c="-0.166819" m_d="0.985988" m_tx="1.996597" m_ty="-113.085388"/>
   <element name="symbol0" layername="timeline_2" frame="0" z_index="10" m_a="0.993491" m_b="-0.113914" m_c="0.113914" m_d="0.993491" m_tx="-1.012329" m_ty="-220.522217"/>
  </frame>
  <frame idx="225" w="569" h="807" x="-8.695419" y="-219.294815">
   <element name="symbol0" layername="timeline_0" frame="1" z_index="12" m_a="0.999720" m_b="-0.023675" m_c="0.023675" m_d="0.999720" m_tx="-8.695419" m_ty="-24.123001"/>
   <element name="symbol0" layername="timeline_1" frame="2" z_index="11" m_a="0.982276" m_b="0.187438" m_c="-0.187438" m_d="0.982276" m_tx="2.216690" m_ty="-113.266907"/>
   <element name="symbol0" layername="timeline_2" frame="0" z_index="10" m_a="0.991764" m_b="-0.128080" m_c="0.128080" m_d="0.991764" m_tx="-0.358673" m_ty="-219.294815"/>
  </frame>
  <frame idx="250" w="576" h="814" x="-8.979706" y="-218.111374">
   <element name="symbol0" layername="timeline_0" frame="1" z_index="12" m_a="0.999654" m_b="-0.026305" m_c="0.026305" m_d="0.999654" m_tx="-8.979706" m_ty="-24.698532"/>
   <element name="symbol0" layername="timeline_1" frame="2" z_index="11" m_a="0.978134" m_b="0.207974" m_c="-0.207974" m_d="0.978134" m_tx="2.349564" m_ty="-113.576752"/>
   <element name="symbol0" layername="timeline_2" frame="0" z_index="10" m_a="0.989835" m_b="-0.142219" m_c="0.142219" m_d="0.989835" m_tx="0.238037" m_ty="-218.111374"/>
  </frame>
  <frame idx="275" w="583" h="821" x="-9.265808" y="-216.971100">
   <element name="symbol0" layername="timeline_0" frame="1" z_index="12" m_a="0.999581" m_b="-0.028934" m_c="0.028934" m_d="0.999581" m_tx="-9.265808" m_ty="-25.275772"/>
   <element name="symbol0" layername="timeline_1" frame="2" z_index="11" m_a="0.973563" m_b="0.228419" m_c="-0.228419" m_d="0.973563" m_tx="2.397949" m_ty="-114.016785"/>
   <element name="symbol0" layername="timeline_2" frame="0" z_index="10" m_a="0.987705" m_b="-0.156329" m_c="0.156329" m_d="0.987705" m_tx="0.777039" m_ty="-216.971100"/>
  </frame>
  <frame idx="300" w="582" h="824" x="-9.455627" y="-215.393814">
   <element name="symbol0" layername="timeline_0" frame="1" z_index="12" m_a="0.999530" m_b="-0.030670" m_c="0.030670" m_d="0.999530" m_tx="-9.455627" m_ty="-25.657715"/>
   <element name="symbol0" layername="timeline_1" frame="2" z_index="11" m_a="0.970311" m_b="0.241860" m_c="-0.241860" m_d="0.970311" m_tx="2.384918" m_ty="-114.379395"/>
   <element name="symbol0" layername="timeline_2" frame="0" z_index="10" m_a="0.988629" m_b="-0.150375" m_c="0.150375" m_d="0.988629" m_tx="2.952423" m_ty="-215.393814"/>
  </frame>
  <frame idx="325" w="558" h="819" x="-9.335785" y="-212.972000">
   <element name="symbol0" layername="timeline_0" frame="1" z_index="12" m_a="0.999563" m_b="-0.029575" m_c="0.029575" m_d="0.999563" m_tx="-9.335785" m_ty="-25.416687"/>
   <element name="symbol0" layername="timeline_1" frame="2" z_index="11" m_a="0.972384" m_b="0.233385" m_c="-0.233385" m_d="0.972384" m_tx="2.397354" m_ty="-114.143982"/>
   <element name="symbol0" layername="timeline_2" frame="0" z_index="10" m_a="0.996749" m_b="-0.080567" m_c="0.080567" m_d="0.996749" m_tx="9.611176" m_ty="-212.972000"/>
  </frame>
  <frame idx="350" w="530" h="814" x="-9.216248" y="-211.681442">
   <element name="symbol0" layername="timeline_0" frame="1" z_index="12" m_a="0.999594" m_b="-0.028480" m_c="0.028480" m_d="0.999594" m_tx="-9.216248" m_ty="-25.175919"/>
   <element name="symbol0" layername="timeline_1" frame="2" z_index="11" m_a="0.974384" m_b="0.224892" m_c="-0.224892" m_d="0.974384" m_tx="2.395721" m_ty="-113.931488"/>
   <element name="symbol0" layername="timeline_2" frame="0" z_index="10" m_a="0.999946" m_b="-0.010361" m_c="0.010361" m_d="0.999946" m_tx="14.939682" m_ty="-211.681442"/>
  </frame>
  <frame idx="375" w="514" h="811" x="-9.097046" y="-211.612854">
   <element name="symbol0" layername="timeline_0" frame="1" z_index="12" m_a="0.999625" m_b="-0.027385" m_c="0.027385" m_d="0.999625" m_tx="-9.097046" m_ty="-24.935455"/>
   <element name="symbol0" layername="timeline_1" frame="2" z_index="11" m_a="0.976308" m_b="0.216384" m_c="-0.216384" m_d="0.976308" m_tx="2.379532" m_ty="-113.741699"/>
   <element name="symbol0" layername="timeline_2" frame="0" z_index="10" m_a="0.998205" m_b="0.059897" m_c="-0.059897" m_d="0.998205" m_tx="19.020660" m_ty="-211.612854"/>
  </frame>
  <frame idx="400" w="513" h="809" x="-8.978119" y="-212.850800">
   <element name="symbol0" layername="timeline_0" frame="1" z_index="12" m_a="0.999654" m_b="-0.026290" m_c="0.026290" m_d="0.999654" m_tx="-8.978119" m_ty="-24.695297"/>
   <element name="symbol0" layername="timeline_1" frame="2" z_index="11" m_a="0.978159" m_b="0.207858" m_c="-0.207858" m_d="0.978159" m_tx="2.349167" m_ty="-113.574738"/>
   <element name="symbol0" layername="timeline_2" frame="0" z_index="10" m_a="0.991533" m_b="0.129858" m_c="-0.129858" m_d="0.991533" m_tx="21.943054" m_ty="-212.850800"/>
  </frame>
  <frame idx="425" w="513" h="829" x="-8.859497" y="-215.473389">
   <element name="symbol0" layername="timeline_0" frame="1" z_index="12" m_a="0.999683" m_b="-0.025195" m_c="0.025195" m_d="0.999683" m_tx="-8.859497" m_ty="-24.455414"/>
   <element name="symbol0" layername="timeline_1" frame="2" z_index="11" m_a="0.979935" m_b="0.199316" m_c="-0.199316" m_d="0.979935" m_tx="2.304169" m_ty="-113.430328"/>
   <element name="symbol0" layername="timeline_2" frame="0" z_index="10" m_a="0.979963" m_b="0.199179" m_c="-0.199179" m_d="0.979963" m_tx="23.801453" m_ty="-215.473389"/>
  </frame>
  <frame idx="450" w="512" h="860" x="-8.741211" y="-219.552002">
   <element name="symbol0" layername="timeline_0" frame="1" z_index="12" m_a="0.999710" m_b="-0.024099" m_c="0.024099" m_d="0.999710" m_tx="-8.741211" m_ty="-24.215820"/>
   <element name="symbol0" layername="timeline_1" frame="2" z_index="11" m_a="0.981637" m_b="0.190760" m_c="-0.190760" m_d="0.981637" m_tx="2.244019" m_ty="-113.308228"/>
   <element name="symbol0" layername="timeline_2" frame="0" z_index="10" m_a="0.963554" m_b="0.267515" m_c="-0.267515" m_d="0.963554" m_tx="24.695709" m_ty="-219.552002"/>
  </frame>
  <frame idx="475" w="512" h="883" x="-8.623215" y="-224.088440">
   <element name="symbol0" layername="timeline_0" frame="1" z_index="12" m_a="0.999735" m_b="-0.023004" m_c="0.023004" m_d="0.999735" m_tx="-8.623215" m_ty="-23.976547"/>
   <element name="symbol0" layername="timeline_1" frame="2" z_index="11" m_a="0.983264" m_b="0.182188" m_c="-0.182188" m_d="0.983264" m_tx="2.168961" m_ty="-113.208496"/>
   <element name="symbol0" layername="timeline_2" frame="0" z_index="10" m_a="0.946893" m_b="0.321549" m_c="-0.321549" m_d="0.946893" m_tx="24.606125" m_ty="-224.088440"/>
  </frame>
  <frame idx="500" w="511" h="877" x="-8.505539" y="-223.745758">
   <element name="symbol0" layername="timeline_0" frame="1" z_index="12" m_a="0.999760" m_b="-0.021909" m_c="0.021909" m_d="0.999760" m_tx="-8.505539" m_ty="-23.737534"/>
   <element name="symbol0" layername="timeline_1" frame="2" z_index="11" m_a="0.984816" m_b="0.173603" m_c="-0.173603" m_d="0.984816" m_tx="2.078781" m_ty="-113.131073"/>
   <element name="symbol0" layername="timeline_2" frame="0" z_index="10" m_a="0.951790" m_b="0.306750" m_c="-0.306750" m_d="0.951790" m_tx="23.506958" m_ty="-223.745758"/>
  </frame>
  <frame idx="525" w="511" h="871" x="-8.388123" y="-223.479736">
   <element name="symbol0" layername="timeline_0" frame="1" z_index="12" m_a="0.999783" m_b="-0.020814" m_c="0.020814" m_d="0.999783" m_tx="-8.388123" m_ty="-23.498840"/>
   <element name="symbol0" layername="timeline_1" frame="2" z_index="11" m_a="0.986293" m_b="0.165004" m_c="-0.165004" m_d="0.986293" m_tx="1.973175" m_ty="-113.075653"/>
   <element name="symbol0" layername="timeline_2" frame="0" z_index="10" m_a="0.956456" m_b="0.291876" m_c="-0.291876" m_d="0.956456" m_tx="22.368973" m_ty="-223.479736"/>
  </frame>
  <frame idx="550" w="510" h="864" x="-8.271072" y="-223.289490">
   <element name="symbol0" layername="timeline_0" frame="1" z_index="12" m_a="0.999806" m_b="-0.019718" m_c="0.019718" m_d="0.999806" m_tx="-8.271072" m_ty="-23.260422"/>
   <element name="symbol0" layername="timeline_1" frame="2" z_index="11" m_a="0.987695" m_b="0.156394" m_c="-0.156394" m_d="0.987695" m_tx="1.851685" m_ty="-113.041931"/>
   <element name="symbol0" layername="timeline_2" frame="0" z_index="10" m_a="0.960890" m_b="0.276931" m_c="-0.276931" m_d="0.960890" m_tx="21.190445" m_ty="-223.289490"/>
  </frame>
  <frame idx="575" w="510" h="857" x="-8.154312" y="-223.174561">
   <element name="symbol0" layername="timeline_0" frame="1" z_index="12" m_a="0.999827" m_b="-0.018623" m_c="0.018623" m_d="0.999827" m_tx="-8.154312" m_ty="-23.022293"/>
   <element name="symbol0" layername="timeline_1" frame="2" z_index="11" m_a="0.989022" m_b="0.147771" m_c="-0.147771" m_d="0.989022" m_tx="1.714630" m_ty="-113.030212"/>
   <element name="symbol0" layername="timeline_2" frame="0" z_index="10" m_a="0.965090" m_b="0.261919" m_c="-0.261919" m_d="0.965090" m_tx="19.970490" m_ty="-223.174561"/>
  </frame>
  <frame idx="600" w="509" h="850" x="-8.037842" y="-223.133972">
   <element name="symbol0" layername="timeline_0" frame="1" z_index="12" m_a="0.999846" m_b="-0.017528" m_c="0.017528" m_d="0.999846" m_tx="-8.037842" m_ty="-22.784485"/>
   <element name="symbol0" layername="timeline_1" frame="2" z_index="11" m_a="0.990273" m_b="0.139136" m_c="-0.139136" m_d="0.990273" m_tx="1.561554" m_ty="-113.040100"/>
   <element name="symbol0" layername="timeline_2" frame="0" z_index="10" m_a="0.969055" m_b="0.246843" m_c="-0.246843" m_d="0.969055" m_tx="18.707550" m_ty="-223.133972"/>
  </frame>
  <frame idx="625" w="509" h="843" x="-7.921661" y="-223.167419">
   <element name="symbol0" layername="timeline_0" frame="1" z_index="12" m_a="0.999865" m_b="-0.016432" m_c="0.016432" m_d="0.999865" m_tx="-7.921661" m_ty="-22.546936"/>
   <element name="symbol0" layername="timeline_1" frame="2" z_index="11" m_a="0.991449" m_b="0.130492" m_c="-0.130492" m_d="0.991449" m_tx="1.392044" m_ty="-113.071320"/>
   <element name="symbol0" layername="timeline_2" frame="0" z_index="10" m_a="0.972786" m_b="0.231707" m_c="-0.231707" m_d="0.972786" m_tx="17.401001" m_ty="-223.167419"/>
  </frame>
  <frame idx="650" w="508" h="836" x="-7.805801" y="-223.273956">
   <element name="symbol0" layername="timeline_0" frame="1" z_index="12" m_a="0.999882" m_b="-0.015337" m_c="0.015337" m_d="0.999882" m_tx="-7.805801" m_ty="-22.309738"/>
   <element name="symbol0" layername="timeline_1" frame="2" z_index="11" m_a="0.992550" m_b="0.121837" m_c="-0.121837" m_d="0.992550" m_tx="1.206406" m_ty="-113.124054"/>
   <element name="symbol0" layername="timeline_2" frame="0" z_index="10" m_a="0.976279" m_b="0.216515" m_c="-0.216515" m_d="0.976279" m_tx="16.049286" m_ty="-223.273956"/>
  </frame>
  <frame idx="675" w="508" h="829" x="-7.690262" y="-223.452911">
   <element name="symbol0" layername="timeline_0" frame="1" z_index="12" m_a="0.999899" m_b="-0.014241" m_c="0.014241" m_d="0.999899" m_tx="-7.690262" m_ty="-22.072769"/>
   <element name="symbol0" layername="timeline_1" frame="2" z_index="11" m_a="0.993575" m_b="0.113173" m_c="-0.113173" m_d="0.993575" m_tx="1.004044" m_ty="-113.197906"/>
   <element name="symbol0" layername="timeline_2" frame="0" z_index="10" m_a="0.979536" m_b="0.201270" m_c="-0.201270" m_d="0.979536" m_tx="14.651443" m_ty="-223.452911"/>
  </frame>
  <frame idx="700" w="507" h="822" x="-7.575027" y="-223.703644">
   <element name="symbol0" layername="timeline_0" frame="1" z_index="12" m_a="0.999914" m_b="-0.013146" m_c="0.013146" m_d="0.999914" m_tx="-7.575027" m_ty="-21.836136"/>
   <element name="symbol0" layername="timeline_1" frame="2" z_index="11" m_a="0.994525" m_b="0.104502" m_c="-0.104502" m_d="0.994525" m_tx="0.784836" m_ty="-113.292694"/>
   <element name="symbol0" layername="timeline_2" frame="0" z_index="10" m_a="0.982554" m_b="0.185977" m_c="-0.185977" m_d="0.982554" m_tx="13.206299" m_ty="-223.703644"/>
  </frame>
  <frame idx="725" w="506" h="814" x="-7.460083" y="-224.025452">
   <element name="symbol0" layername="timeline_0" frame="1" z_index="12" m_a="0.999927" m_b="-0.012051" m_c="0.012051" m_d="0.999927" m_tx="-7.460083" m_ty="-21.599792"/>
   <element name="symbol0" layername="timeline_1" frame="2" z_index="11" m_a="0.995399" m_b="0.095821" m_c="-0.095821" m_d="0.995399" m_tx="0.548950" m_ty="-113.408630"/>
   <element name="symbol0" layername="timeline_2" frame="0" z_index="10" m_a="0.985334" m_b="0.170638" m_c="-0.170638" m_d="0.985334" m_tx="11.712891" m_ty="-224.025452"/>
  </frame>
  <frame idx="750" w="506" h="807" x="-7.345428" y="-224.417419">
   <element name="symbol0" layername="timeline_0" frame="1" z_index="12" m_a="0.999940" m_b="-0.010955" m_c="0.010955" m_d="0.999940" m_tx="-7.345428" m_ty="-21.363739"/>
   <element name="symbol0" layername="timeline_1" frame="2" z_index="11" m_a="0.996197" m_b="0.087133" m_c="-0.087133" m_d="0.996197" m_tx="0.295929" m_ty="-113.545288"/>
   <element name="symbol0" layername="timeline_2" frame="0" z_index="10" m_a="0.987874" m_b="0.155257" m_c="-0.155257" m_d="0.987874" m_tx="10.169891" m_ty="-224.417419"/>
  </frame>
  <frame idx="775" w="505" h="799" x="-7.231094" y="-224.878815">
   <element name="symbol0" layername="timeline_0" frame="1" z_index="12" m_a="0.999951" m_b="-0.009860" m_c="0.009860" m_d="0.999951" m_tx="-7.231094" m_ty="-21.128006"/>
   <element name="symbol0" layername="timeline_1" frame="2" z_index="11" m_a="0.996919" m_b="0.078438" m_c="-0.078438" m_d="0.996919" m_tx="0.025620" m_ty="-113.702606"/>
   <element name="symbol0" layername="timeline_2" frame="0" z_index="10" m_a="0.990174" m_b="0.139839" m_c="-0.139839" m_d="0.990174" m_tx="8.576294" m_ty="-224.878815"/>
  </frame>
  <frame idx="800" w="505" h="791" x="-7.117081" y="-225.408844">
   <element name="symbol0" layername="timeline_0" frame="1" z_index="12" m_a="0.999962" m_b="-0.008764" m_c="0.008764" m_d="0.999962" m_tx="-7.117081" m_ty="-20.892532"/>
   <element name="symbol0" layername="timeline_1" frame="2" z_index="11" m_a="0.997565" m_b="0.069738" m_c="-0.069738" m_d="0.997565" m_tx="-0.262421" m_ty="-113.880157"/>
   <element name="symbol0" layername="timeline_2" frame="0" z_index="10" m_a="0.992234" m_b="0.124387" m_c="-0.124387" m_d="0.992234" m_tx="6.931015" m_ty="-225.408844"/>
  </frame>
  <frame idx="825" w="504" h="783" x="-7.003357" y="-226.006744">
   <element name="symbol0" layername="timeline_0" frame="1" z_index="12" m_a="0.999971" m_b="-0.007669" m_c="0.007669" m_d="0.999971" m_tx="-7.003357" m_ty="-20.657349"/>
   <element name="symbol0" layername="timeline_1" frame="2" z_index="11" m_a="0.998136" m_b="0.061032" m_c="-0.061032" m_d="0.998136" m_tx="-0.567871" m_ty="-114.078217"/>
   <element name="symbol0" layername="timeline_2" frame="0" z_index="10" m_a="0.994052" m_b="0.108905" m_c="-0.108905" m_d="0.994052" m_tx="5.233002" m_ty="-226.006744"/>
  </frame>
  <frame idx="850" w="504" h="775" x="-6.889908" y="-226.671600">
   <element name="symbol0" layername="timeline_0" frame="1" z_index="12" m_a="0.999978" m_b="-0.006573" m_c="0.006573" m_d="0.999978" m_tx="-6.889908" m_ty="-20.422531"/>
   <element name="symbol0" layername="timeline_1" frame="2" z_index="11" m_a="0.998630" m_b="0.052322" m_c="-0.052322" m_d="0.998630" m_tx="-0.891144" m_ty="-114.296448"/>
   <element name="symbol0" layername="timeline_2" frame="0" z_index="10" m_a="0.995629" m_b="0.093397" m_c="-0.093397" m_d="0.995629" m_tx="3.481247" m_ty="-226.671600"/>
  </frame>
  <frame idx="875" w="503" h="767" x="-6.776794" y="-227.402527">
   <element name="symbol0" layername="timeline_0" frame="1" z_index="12" m_a="0.999985" m_b="-0.005478" m_c="0.005478" m_d="0.999985" m_tx="-6.776794" m_ty="-20.187958"/>
   <element name="symbol0" layername="timeline_1" frame="2" z_index="11" m_a="0.999049" m_b="0.043608" m_c="-0.043608" m_d="0.999049" m_tx="-1.232697" m_ty="-114.534454"/>
   <element name="symbol0" layername="timeline_2" frame="0" z_index="10" m_a="0.996964" m_b="0.077866" m_c="-0.077866" m_d="0.996964" m_tx="1.674545" m_ty="-227.402527"/>
  </frame>
  <frame idx="900" w="503" h="759" x="-6.663971" y="-228.199005">
   <element name="symbol0" layername="timeline_0" frame="1" z_index="12" m_a="0.999990" m_b="-0.004382" m_c="0.004382" m_d="0.999990" m_tx="-6.663971" m_ty="-19.953674"/>
   <element name="symbol0" layername="timeline_1" frame="2" z_index="11" m_a="0.999391" m_b="0.034891" m_c="-0.034891" m_d="0.999391" m_tx="-1.592300" m_ty="-114.792450"/>
   <element name="symbol0" layername="timeline_2" frame="0" z_index="10" m_a="0.998057" m_b="0.062315" m_c="-0.062315" m_d="0.998057" m_tx="-0.187744" m_ty="-228.199005"/>
  </frame>
  <frame idx="925" w="502" h="750" x="-6.551468" y="-229.059875">
   <element name="symbol0" layername="timeline_0" frame="1" z_index="12" m_a="0.999995" m_b="-0.003287" m_c="0.003287" m_d="0.999995" m_tx="-6.551468" m_ty="-19.719742"/>
   <element name="symbol0" layername="timeline_1" frame="2" z_index="11" m_a="0.999658" m_b="0.026170" m_c="-0.026170" m_d="0.999658" m_tx="-1.970108" m_ty="-115.070160"/>
   <element name="symbol0" layername="timeline_2" frame="0" z_index="10" m_a="0.998907" m_b="0.046749" m_c="-0.046749" m_d="0.998907" m_tx="-2.106888" m_ty="-229.059875"/>
  </frame>
  <frame idx="950" w="502" h="742" x="-6.439224" y="-229.984192">
   <element name="symbol0" layername="timeline_0" frame="1" z_index="12" m_a="0.999998" m_b="-0.002191" m_c="0.002191" m_d="0.999998" m_tx="-6.439224" m_ty="-19.486038"/>
   <element name="symbol0" layername="timeline_1" frame="2" z_index="11" m_a="0.999848" m_b="0.017447" m_c="-0.017447" m_d="0.999848" m_tx="-2.366455" m_ty="-115.367432"/>
   <element name="symbol0" layername="timeline_2" frame="0" z_index="10" m_a="0.999514" m_b="0.031172" m_c="-0.031172" m_d="0.999514" m_tx="-4.084000" m_ty="-229.984192"/>
  </frame>
  <frame idx="975" w="501" h="733" x="-6.327316" y="-230.970947">
   <element name="symbol0" layername="timeline_0" frame="1" z_index="12" m_a="0.999999" m_b="-0.001096" m_c="0.001096" m_d="0.999999" m_tx="-6.327316" m_ty="-19.252701"/>
   <element name="symbol0" layername="timeline_1" frame="2" z_index="11" m_a="0.999962" m_b="0.008724" m_c="-0.008724" m_d="0.999962" m_tx="-2.781754" m_ty="-115.683853"/>
   <element name="symbol0" layername="timeline_2" frame="0" z_index="10" m_a="0.999878" m_b="0.015588" m_c="-0.015588" m_d="0.999878" m_tx="-6.120056" m_ty="-230.970947"/>
  </frame>
 </anim>
</Anims>
