<Anims>
 <anim name="BUILD" root="swap_cotton_candy" numframes="1000" framerate="40">
  <frame idx="0" w="1014" h="1186" x="-173.386658" y="-679.684326">
   <element name="wand" layername="timeline_0" frame="0" z_index="1" m_a="1.323236" m_b="-0.366831" m_c="0.353178" m_d="1.273987" m_tx="-92.382812" m_ty="-340.893311"/>
  </frame>
  <frame idx="25" w="1002" h="1193" x="-167.055389" y="-676.828125">
   <element name="wand" layername="timeline_0" frame="0" z_index="1" m_a="1.317036" m_b="-0.354123" m_c="0.341185" m_d="1.268916" m_tx="-89.153419" m_ty="-339.487610"/>
  </frame>
  <frame idx="50" w="990" h="1201" x="-160.778687" y="-673.916626">
   <element name="wand" layername="timeline_0" frame="0" z_index="1" m_a="1.310719" m_b="-0.341534" m_c="0.329292" m_d="1.263736" m_tx="-85.951149" m_ty="-338.054047"/>
  </frame>
  <frame idx="75" w="978" h="1207" x="-154.557343" y="-670.950256">
   <element name="wand" layername="timeline_0" frame="0" z_index="1" m_a="1.304286" m_b="-0.329064" m_c="0.317500" m_d="1.258448" m_tx="-82.776550" m_ty="-336.593079"/>
  </frame>
  <frame idx="100" w="966" h="1214" x="-148.391785" y="-667.930115">
   <element name="wand" layername="timeline_0" frame="0" z_index="1" m_a="1.297739" m_b="-0.316715" m_c="0.305810" m_d="1.253054" m_tx="-79.629852" m_ty="-335.105225"/>
  </frame>
  <frame idx="125" w="954" h="1220" x="-142.282593" y="-664.856812">
   <element name="wand" layername="timeline_0" frame="0" z_index="1" m_a="1.291080" m_b="-0.304488" m_c="0.294223" m_d="1.247555" m_tx="-76.511330" m_ty="-333.590790"/>
  </frame>
  <frame idx="150" w="942" h="1226" x="-136.230103" y="-661.730957">
   <element name="wand" layername="timeline_0" frame="0" z_index="1" m_a="1.284310" m_b="-0.292383" m_c="0.282740" m_d="1.241952" m_tx="-73.421158" m_ty="-332.050079"/>
  </frame>
  <frame idx="175" w="930" h="1232" x="-130.234848" y="-658.553345">
   <element name="wand" layername="timeline_0" frame="0" z_index="1" m_a="1.277429" m_b="-0.280402" m_c="0.271362" m_d="1.236247" m_tx="-70.359604" m_ty="-330.483459"/>
  </frame>
  <frame idx="200" w="918" h="1237" x="-124.297241" y="-655.324585">
   <element name="wand" layername="timeline_0" frame="0" z_index="1" m_a="1.270441" m_b="-0.268545" m_c="0.260089" m_d="1.230440" m_tx="-67.326881" m_ty="-328.891296"/>
  </frame>
  <frame idx="225" w="906" h="1243" x="-118.417725" y="-652.045410">
   <element name="wand" layername="timeline_0" frame="0" z_index="1" m_a="1.263347" m_b="-0.256814" m_c="0.248924" m_d="1.224532" m_tx="-64.323196" m_ty="-327.273895"/>
  </frame>
  <frame idx="250" w="894" h="1248" x="-112.596756" y="-648.716553">
   <element name="wand" layername="timeline_0" frame="0" z_index="1" m_a="1.256147" m_b="-0.245209" m_c="0.237866" m_d="1.218527" m_tx="-61.348785" m_ty="-325.631714"/>
  </frame>
  <frame idx="275" w="882" h="1252" x="-106.834702" y="-645.338684">
   <element name="wand" layername="timeline_0" frame="0" z_index="1" m_a="1.248844" m_b="-0.233732" m_c="0.226916" m_d="1.212423" m_tx="-58.403835" m_ty="-323.964966"/>
  </frame>
  <frame idx="300" w="871" h="1257" x="-101.132019" y="-641.912537">
   <element name="wand" layername="timeline_0" frame="0" z_index="1" m_a="1.241439" m_b="-0.222383" m_c="0.216075" m_d="1.206224" m_tx="-55.488567" m_ty="-322.274109"/>
  </frame>
  <frame idx="325" w="859" h="1261" x="-95.489128" y="-638.438843">
   <element name="wand" layername="timeline_0" frame="0" z_index="1" m_a="1.233933" m_b="-0.211164" m_c="0.205345" m_d="1.199930" m_tx="-52.603199" m_ty="-320.559448"/>
  </frame>
  <frame idx="350" w="847" h="1265" x="-89.906387" y="-634.918335">
   <element name="wand" layername="timeline_0" frame="0" z_index="1" m_a="1.226328" m_b="-0.200074" m_c="0.194725" m_d="1.193542" m_tx="-49.747902" m_ty="-318.821411"/>
  </frame>
  <frame idx="375" w="835" h="1269" x="-84.384216" y="-631.351562">
   <element name="wand" layername="timeline_0" frame="0" z_index="1" m_a="1.218627" m_b="-0.189115" m_c="0.184217" m_d="1.187063" m_tx="-46.922897" m_ty="-317.060242"/>
  </frame>
  <frame idx="400" w="823" h="1272" x="-78.923004" y="-627.739380">
   <element name="wand" layername="timeline_0" frame="0" z_index="1" m_a="1.210829" m_b="-0.178288" m_c="0.173821" m_d="1.180492" m_tx="-44.128365" m_ty="-315.276367"/>
  </frame>
  <frame idx="425" w="811" h="1276" x="-73.523102" y="-624.082642">
   <element name="wand" layername="timeline_0" frame="0" z_index="1" m_a="1.202938" m_b="-0.167594" m_c="0.163539" m_d="1.173833" m_tx="-41.364491" m_ty="-313.470215"/>
  </frame>
  <frame idx="450" w="800" h="1279" x="-68.184929" y="-620.382019">
   <element name="wand" layername="timeline_0" frame="0" z_index="1" m_a="1.194954" m_b="-0.157033" m_c="0.153371" m_d="1.167085" m_tx="-38.631477" m_ty="-311.642090"/>
  </frame>
  <frame idx="475" w="788" h="1282" x="-62.908791" y="-616.638062">
   <element name="wand" layername="timeline_0" frame="0" z_index="1" m_a="1.186879" m_b="-0.146606" m_c="0.143317" m_d="1.160250" m_tx="-35.929485" m_ty="-309.792328"/>
  </frame>
  <frame idx="500" w="776" h="1284" x="-57.695068" y="-612.851685">
   <element name="wand" layername="timeline_0" frame="0" z_index="1" m_a="1.178715" m_b="-0.136314" m_c="0.133379" m_d="1.153331" m_tx="-33.258698" m_ty="-307.921356"/>
  </frame>
  <frame idx="525" w="765" h="1286" x="-52.544128" y="-609.023682">
   <element name="wand" layername="timeline_0" frame="0" z_index="1" m_a="1.170463" m_b="-0.126158" m_c="0.123557" m_d="1.146327" m_tx="-30.619305" m_ty="-306.029541"/>
  </frame>
  <frame idx="550" w="753" h="1288" x="-47.456268" y="-605.154541">
   <element name="wand" layername="timeline_0" frame="0" z_index="1" m_a="1.162125" m_b="-0.116138" m_c="0.113851" m_d="1.139241" m_tx="-28.011450" m_ty="-304.117188"/>
  </frame>
  <frame idx="575" w="741" h="1290" x="-42.431866" y="-601.245239">
   <element name="wand" layername="timeline_0" frame="0" z_index="1" m_a="1.153703" m_b="-0.106256" m_c="0.104264" m_d="1.132074" m_tx="-25.435326" m_ty="-302.184753"/>
  </frame>
  <frame idx="600" w="730" h="1292" x="-37.471184" y="-597.296387">
   <element name="wand" layername="timeline_0" frame="0" z_index="1" m_a="1.145197" m_b="-0.096511" m_c="0.094794" m_d="1.124827" m_tx="-22.891060" m_ty="-300.232544"/>
  </frame>
  <frame idx="625" w="718" h="1293" x="-32.574604" y="-593.308960">
   <element name="wand" layername="timeline_0" frame="0" z_index="1" m_a="1.136611" m_b="-0.086904" m_c="0.085443" m_d="1.117501" m_tx="-20.378845" m_ty="-298.261017"/>
  </frame>
  <frame idx="650" w="707" h="1294" x="-27.742414" y="-589.283447">
   <element name="wand" layername="timeline_0" frame="0" z_index="1" m_a="1.127945" m_b="-0.077437" m_c="0.076212" m_d="1.110099" m_tx="-17.898827" m_ty="-296.270477"/>
  </frame>
  <frame idx="675" w="695" h="1295" x="-22.974874" y="-585.220642">
   <element name="wand" layername="timeline_0" frame="0" z_index="1" m_a="1.119201" m_b="-0.068110" m_c="0.067101" m_d="1.102621" m_tx="-15.451132" m_ty="-294.261292"/>
  </frame>
  <frame idx="700" w="684" h="1296" x="-18.272341" y="-581.121460">
   <element name="wand" layername="timeline_0" frame="0" z_index="1" m_a="1.110380" m_b="-0.058924" m_c="0.058111" m_d="1.095070" m_tx="-13.035941" m_ty="-292.233917"/>
  </frame>
  <frame idx="725" w="673" h="1296" x="-13.635036" y="-576.986694">
   <element name="wand" layername="timeline_0" frame="0" z_index="1" m_a="1.101485" m_b="-0.049878" m_c="0.049242" m_d="1.087445" m_tx="-10.653364" m_ty="-290.188721"/>
  </frame>
  <frame idx="750" w="661" h="1296" x="-9.063289" y="-572.816711">
   <element name="wand" layername="timeline_0" frame="0" z_index="1" m_a="1.092517" m_b="-0.040974" m_c="0.040495" m_d="1.079750" m_tx="-8.303566" m_ty="-288.125946"/>
  </frame>
  <frame idx="775" w="650" h="1296" x="-4.557351" y="-568.612793">
   <element name="wand" layername="timeline_0" frame="0" z_index="1" m_a="1.083478" m_b="-0.032213" m_c="0.031871" m_d="1.071984" m_tx="-5.986673" m_ty="-286.046173"/>
  </frame>
  <frame idx="800" w="639" h="1296" x="-0.117453" y="-564.375366">
   <element name="wand" layername="timeline_0" frame="0" z_index="1" m_a="1.074369" m_b="-0.023594" m_c="0.023369" m_d="1.064150" m_tx="-3.702800" m_ty="-283.949677"/>
  </frame>
  <frame idx="825" w="628" h="1295" x="4.256107" y="-560.105286">
   <element name="wand" layername="timeline_0" frame="0" z_index="1" m_a="1.065193" m_b="-0.015118" m_c="0.014992" m_d="1.056250" m_tx="-1.452096" m_ty="-281.836853"/>
  </frame>
  <frame idx="850" w="617" h="1295" x="8.563123" y="-555.803345">
   <element name="wand" layername="timeline_0" frame="0" z_index="1" m_a="1.055949" m_b="-0.006787" m_c="0.006738" m_d="1.048284" m_tx="0.765337" m_ty="-279.708099"/>
  </frame>
  <frame idx="875" w="606" h="1294" x="12.803322" y="-551.470337">
   <element name="wand" layername="timeline_0" frame="0" z_index="1" m_a="1.046642" m_b="0.001400" m_c="-0.001391" m_d="1.040253" m_tx="2.949361" m_ty="-277.563782"/>
  </frame>
  <frame idx="900" w="595" h="1293" x="16.976490" y="-547.106934">
   <element name="wand" layername="timeline_0" frame="0" z_index="1" m_a="1.037271" m_b="0.009442" m_c="-0.009395" m_d="1.032161" m_tx="5.099869" m_ty="-275.404327"/>
  </frame>
  <frame idx="925" w="584" h="1291" x="21.082428" y="-542.714172">
   <element name="wand" layername="timeline_0" frame="0" z_index="1" m_a="1.027839" m_b="0.017338" m_c="-0.017274" m_d="1.024007" m_tx="7.216763" m_ty="-273.230133"/>
  </frame>
  <frame idx="950" w="573" h="1289" x="25.120888" y="-538.292603">
   <element name="wand" layername="timeline_0" frame="0" z_index="1" m_a="1.018348" m_b="0.025089" m_c="-0.025026" m_d="1.015794" m_tx="9.299916" m_ty="-271.041565"/>
  </frame>
  <frame idx="975" w="562" h="1288" x="29.091696" y="-533.843018">
   <element name="wand" layername="timeline_0" frame="0" z_index="1" m_a="1.008799" m_b="0.032693" m_c="-0.032652" m_d="1.007522" m_tx="11.349245" m_ty="-268.838959"/>
  </frame>
 </anim>
</Anims>
