<Anims>
 <anim name="bounce" root="testcritter" numframes="500" framerate="40">
  <frame idx="0" w="200" h="200" x="0" y="0">
   <element name="" layername="foot_L" frame="0" z_index="7" m_a="-1.720719" m_b="-2.435823" m_c="0.816760" m_d="-0.576977" m_tx="92.498314" m_ty="32.452892"/>
   <element name="" layername="foot_R" frame="0" z_index="6" m_a="1.783854" m_b="-2.385904" m_c="0.800897" m_d="0.598802" m_tx="92.248497" m_ty="-25.227766"/>
   <element name="" layername="body" frame="1" z_index="5" m_a="0.000000" m_b="1.990000" m_c="-1.000000" m_d="0.000000" m_tx="137.724426" m_ty="4.457146"/>
   <element name="" layername="head" frame="2" z_index="4" m_a="0.000000" m_b="1.990000" m_c="-1.000000" m_d="0.000000" m_tx="179.960449" m_ty="3.441971"/>
  </frame>
  <frame idx="25" w="200" h="200" x="0" y="0">
   <element name="" layername="foot_L" frame="0" z_index="7" m_a="-1.720719" m_b="-2.435823" m_c="0.816760" m_d="-0.576977" m_tx="92.498314" m_ty="32.452892"/>
   <element name="" layername="foot_R" frame="0" z_index="6" m_a="1.783854" m_b="-2.385904" m_c="0.800897" m_d="0.598802" m_tx="92.248497" m_ty="-25.227766"/>
   <element name="" layername="body" frame="1" z_index="5" m_a="0.000000" m_b="1.990000" m_c="-1.000000" m_d="0.000000" m_tx="117.378189" m_ty="4.701491"/>
   <element name="" layername="head" frame="2" z_index="4" m_a="0.000000" m_b="1.949060" m_c="-1.027462" m_d="0.000000" m_tx="181.759781" m_ty="3.361351"/>
  </frame>
  <frame idx="50" w="200" h="200" x="0" y="0">
   <element name="" layername="foot_L" frame="0" z_index="7" m_a="-1.720719" m_b="-2.435823" m_c="0.816760" m_d="-0.576977" m_tx="92.498314" m_ty="32.452892"/>
   <element name="" layername="foot_R" frame="0" z_index="6" m_a="1.783854" m_b="-2.385904" m_c="0.800897" m_d="0.598802" m_tx="92.248497" m_ty="-25.227766"/>
   <element name="" layername="body" frame="1" z_index="5" m_a="0.000000" m_b="1.990000" m_c="-1.000000" m_d="0.000000" m_tx="97.031944" m_ty="4.945837"/>
   <element name="" layername="head" frame="2" z_index="4" m_a="0.000000" m_b="1.908120" m_c="-1.054924" m_d="0.000000" m_tx="183.559097" m_ty="3.280731"/>
  </frame>
  <frame idx="75" w="200" h="200" x="0" y="0">
   <element name="" layername="foot_L" frame="0" z_index="7" m_a="-1.720719" m_b="-2.435823" m_c="0.816760" m_d="-0.576977" m_tx="92.498314" m_ty="32.452892"/>
   <element name="" layername="foot_R" frame="0" z_index="6" m_a="1.783854" m_b="-2.385904" m_c="0.800897" m_d="0.598802" m_tx="92.248497" m_ty="-25.227766"/>
   <element name="" layername="body" frame="1" z_index="5" m_a="0.000000" m_b="1.990000" m_c="-1.000000" m_d="0.000000" m_tx="76.685707" m_ty="5.190190"/>
   <element name="" layername="head" frame="2" z_index="4" m_a="0.000000" m_b="1.867180" m_c="-1.082387" m_d="0.000000" m_tx="185.358414" m_ty="3.200112"/>
  </frame>
  <frame idx="100" w="200" h="200" x="0" y="0">
   <element name="" layername="foot_L" frame="0" z_index="7" m_a="-1.720719" m_b="-2.435823" m_c="0.816760" m_d="-0.576977" m_tx="92.498314" m_ty="32.452892"/>
   <element name="" layername="foot_R" frame="0" z_index="6" m_a="1.783854" m_b="-2.385904" m_c="0.800897" m_d="0.598802" m_tx="92.248497" m_ty="-25.227766"/>
   <element name="" layername="body" frame="1" z_index="5" m_a="0.000000" m_b="1.990000" m_c="-1.000000" m_d="0.000000" m_tx="56.339458" m_ty="5.434536"/>
   <element name="" layername="head" frame="2" z_index="4" m_a="0.000000" m_b="1.826240" m_c="-1.109849" m_d="0.000000" m_tx="187.157745" m_ty="3.119492"/>
  </frame>
  <frame idx="125" w="200" h="200" x="0" y="0">
   <element name="" layername="foot_L" frame="0" z_index="7" m_a="-1.720719" m_b="-2.435823" m_c="0.816760" m_d="-0.576977" m_tx="92.498314" m_ty="32.452892"/>
   <element name="" layername="foot_R" frame="0" z_index="6" m_a="1.783854" m_b="-2.385904" m_c="0.800897" m_d="0.598802" m_tx="92.248497" m_ty="-25.227766"/>
   <element name="" layername="body" frame="1" z_index="5" m_a="0.000000" m_b="1.990000" m_c="-0.961817" m_d="0.000000" m_tx="52.853184" m_ty="5.681293"/>
   <element name="" layername="head" frame="2" z_index="4" m_a="0.000000" m_b="1.908120" m_c="-1.054924" m_d="0.000000" m_tx="170.732590" m_ty="3.280731"/>
  </frame>
  <frame idx="150" w="200" h="200" x="0" y="0">
   <element name="" layername="foot_L" frame="0" z_index="7" m_a="-1.720719" m_b="-2.435823" m_c="0.816760" m_d="-0.576977" m_tx="92.498314" m_ty="32.452892"/>
   <element name="" layername="foot_R" frame="0" z_index="6" m_a="1.783854" m_b="-2.385904" m_c="0.800897" m_d="0.598802" m_tx="92.248497" m_ty="-25.227766"/>
   <element name="" layername="body" frame="1" z_index="5" m_a="0.000000" m_b="1.990000" m_c="-0.923634" m_d="0.000000" m_tx="49.306690" m_ty="5.928057"/>
   <element name="" layername="head" frame="2" z_index="4" m_a="0.000000" m_b="1.990000" m_c="-1.000000" m_d="0.000000" m_tx="154.307434" m_ty="3.441971"/>
  </frame>
  <frame idx="175" w="200" h="200" x="0" y="0">
   <element name="" layername="foot_L" frame="0" z_index="7" m_a="-1.720719" m_b="-2.435823" m_c="0.816760" m_d="-0.576977" m_tx="92.498314" m_ty="32.452892"/>
   <element name="" layername="foot_R" frame="0" z_index="6" m_a="1.783854" m_b="-2.385904" m_c="0.800897" m_d="0.598802" m_tx="92.248497" m_ty="-25.227766"/>
   <element name="" layername="body" frame="1" z_index="5" m_a="0.000000" m_b="2.141054" m_c="-0.835468" m_d="0.000000" m_tx="41.819668" m_ty="6.736816"/>
   <element name="" layername="head" frame="2" z_index="4" m_a="0.000000" m_b="2.082183" m_c="-0.929628" m_d="0.000000" m_tx="126.417404" m_ty="3.623500"/>
  </frame>
  <frame idx="200" w="200" h="200" x="0" y="0">
   <element name="" layername="foot_L" frame="0" z_index="7" m_a="-1.720719" m_b="-2.435823" m_c="0.816760" m_d="-0.576977" m_tx="92.498314" m_ty="32.452892"/>
   <element name="" layername="foot_R" frame="0" z_index="6" m_a="1.783854" m_b="-2.385904" m_c="0.800897" m_d="0.598802" m_tx="92.248497" m_ty="-25.227766"/>
   <element name="" layername="body" frame="1" z_index="5" m_a="0.000000" m_b="2.292108" m_c="-0.747302" m_d="0.000000" m_tx="34.193623" m_ty="7.620903"/>
   <element name="" layername="head" frame="2" z_index="4" m_a="0.000000" m_b="2.174367" m_c="-0.859257" m_d="0.000000" m_tx="98.527390" m_ty="3.805029"/>
  </frame>
  <frame idx="225" w="200" h="200" x="0" y="0">
   <element name="" layername="foot_L" frame="0" z_index="7" m_a="-1.720719" m_b="-2.435823" m_c="0.816760" m_d="-0.576977" m_tx="92.498314" m_ty="32.452892"/>
   <element name="" layername="foot_R" frame="0" z_index="6" m_a="1.783854" m_b="-2.385904" m_c="0.800897" m_d="0.598802" m_tx="92.248497" m_ty="-25.227766"/>
   <element name="" layername="body" frame="1" z_index="5" m_a="0.000000" m_b="2.141054" m_c="-0.792239" m_d="0.000000" m_tx="42.386826" m_ty="6.167846"/>
   <element name="" layername="head" frame="2" z_index="4" m_a="0.000000" m_b="2.261402" m_c="-0.804999" m_d="0.000000" m_tx="102.198540" m_ty="3.976419"/>
  </frame>
  <frame idx="250" w="200" h="200" x="0" y="0">
   <element name="" layername="foot_L" frame="0" z_index="7" m_a="-1.720719" m_b="-2.435823" m_c="0.816760" m_d="-0.576977" m_tx="92.498314" m_ty="32.452892"/>
   <element name="" layername="foot_R" frame="0" z_index="6" m_a="1.783854" m_b="-2.385904" m_c="0.800897" m_d="0.598802" m_tx="92.248497" m_ty="-25.227766"/>
   <element name="" layername="body" frame="1" z_index="5" m_a="0.000000" m_b="1.990000" m_c="-0.837176" m_d="0.000000" m_tx="50.498791" m_ty="4.940764"/>
   <element name="" layername="head" frame="2" z_index="4" m_a="0.000000" m_b="2.348436" m_c="-0.750741" m_d="0.000000" m_tx="105.869690" m_ty="4.147809"/>
  </frame>
  <frame idx="275" w="200" h="200" x="0" y="0">
   <element name="" layername="foot_L" frame="0" z_index="7" m_a="-1.720719" m_b="-2.435823" m_c="0.816760" m_d="-0.576977" m_tx="92.498314" m_ty="32.452892"/>
   <element name="" layername="foot_R" frame="0" z_index="6" m_a="1.783854" m_b="-2.385904" m_c="0.800897" m_d="0.598802" m_tx="92.248497" m_ty="-25.227766"/>
   <element name="" layername="body" frame="1" z_index="5" m_a="0.000000" m_b="1.990000" m_c="-0.853458" m_d="0.000000" m_tx="60.445755" m_ty="4.892400"/>
   <element name="" layername="head" frame="2" z_index="4" m_a="0.000000" m_b="2.220300" m_c="-0.837347" m_d="0.000000" m_tx="117.877731" m_ty="3.895482"/>
  </frame>
  <frame idx="300" w="200" h="200" x="0" y="0">
   <element name="" layername="foot_L" frame="0" z_index="7" m_a="-1.720719" m_b="-2.435823" m_c="0.816760" m_d="-0.576977" m_tx="92.498314" m_ty="32.452892"/>
   <element name="" layername="foot_R" frame="0" z_index="6" m_a="1.783854" m_b="-2.385904" m_c="0.800897" m_d="0.598802" m_tx="92.248497" m_ty="-25.227766"/>
   <element name="" layername="body" frame="1" z_index="5" m_a="0.000000" m_b="1.990000" m_c="-0.869741" m_d="0.000000" m_tx="70.120636" m_ty="4.844044"/>
   <element name="" layername="head" frame="2" z_index="4" m_a="0.000000" m_b="2.092165" m_c="-0.923953" m_d="0.000000" m_tx="129.885757" m_ty="3.643155"/>
  </frame>
  <frame idx="325" w="200" h="200" x="0" y="0">
   <element name="" layername="foot_L" frame="0" z_index="7" m_a="-1.720719" m_b="-2.435823" m_c="0.816760" m_d="-0.576977" m_tx="92.498314" m_ty="32.452892"/>
   <element name="" layername="foot_R" frame="0" z_index="6" m_a="1.783854" m_b="-2.385904" m_c="0.800897" m_d="0.598802" m_tx="92.248497" m_ty="-25.227766"/>
   <element name="" layername="body" frame="1" z_index="5" m_a="0.000000" m_b="1.990000" m_c="-0.886023" m_d="0.000000" m_tx="79.523415" m_ty="4.795680"/>
   <element name="" layername="head" frame="2" z_index="4" m_a="0.000000" m_b="1.964029" m_c="-1.010560" m_d="0.000000" m_tx="141.893799" m_ty="3.390828"/>
  </frame>
  <frame idx="350" w="200" h="200" x="0" y="0">
   <element name="" layername="foot_L" frame="0" z_index="7" m_a="-1.720719" m_b="-2.435823" m_c="0.816760" m_d="-0.576977" m_tx="92.498314" m_ty="32.452892"/>
   <element name="" layername="foot_R" frame="0" z_index="6" m_a="1.783854" m_b="-2.385904" m_c="0.800897" m_d="0.598802" m_tx="92.248497" m_ty="-25.227766"/>
   <element name="" layername="body" frame="1" z_index="5" m_a="0.000000" m_b="1.990000" m_c="-0.902306" m_d="0.000000" m_tx="88.654114" m_ty="4.747315"/>
   <element name="" layername="head" frame="2" z_index="4" m_a="0.000000" m_b="1.835893" m_c="-1.097166" m_d="0.000000" m_tx="153.901840" m_ty="3.138501"/>
  </frame>
  <frame idx="375" w="200" h="200" x="0" y="0">
   <element name="" layername="foot_L" frame="0" z_index="7" m_a="-1.720719" m_b="-2.435823" m_c="0.816760" m_d="-0.576977" m_tx="92.498314" m_ty="32.452892"/>
   <element name="" layername="foot_R" frame="0" z_index="6" m_a="1.783854" m_b="-2.385904" m_c="0.800897" m_d="0.598802" m_tx="92.248497" m_ty="-25.227766"/>
   <element name="" layername="body" frame="1" z_index="5" m_a="0.000000" m_b="1.990000" m_c="-0.918588" m_d="0.000000" m_tx="97.512718" m_ty="4.698951"/>
   <element name="" layername="head" frame="2" z_index="4" m_a="0.000000" m_b="1.773039" m_c="-1.157302" m_d="0.000000" m_tx="158.395248" m_ty="3.014728"/>
  </frame>
  <frame idx="400" w="200" h="200" x="0" y="0">
   <element name="" layername="foot_L" frame="0" z_index="7" m_a="-1.720719" m_b="-2.435823" m_c="0.816760" m_d="-0.576977" m_tx="92.498314" m_ty="32.452892"/>
   <element name="" layername="foot_R" frame="0" z_index="6" m_a="1.783854" m_b="-2.385904" m_c="0.800897" m_d="0.598802" m_tx="92.248497" m_ty="-25.227766"/>
   <element name="" layername="body" frame="1" z_index="5" m_a="0.000000" m_b="1.990000" m_c="-0.934870" m_d="0.000000" m_tx="106.099243" m_ty="4.650595"/>
   <element name="" layername="head" frame="2" z_index="4" m_a="0.000000" m_b="1.710185" m_c="-1.217439" m_d="0.000000" m_tx="162.888672" m_ty="2.890955"/>
  </frame>
  <frame idx="425" w="200" h="200" x="0" y="0">
   <element name="" layername="foot_L" frame="0" z_index="7" m_a="-1.720719" m_b="-2.435823" m_c="0.816760" m_d="-0.576977" m_tx="92.498314" m_ty="32.452892"/>
   <element name="" layername="foot_R" frame="0" z_index="6" m_a="1.783854" m_b="-2.385904" m_c="0.800897" m_d="0.598802" m_tx="92.248497" m_ty="-25.227766"/>
   <element name="" layername="body" frame="1" z_index="5" m_a="0.000000" m_b="1.990000" m_c="-0.951153" m_d="0.000000" m_tx="114.413666" m_ty="4.602231"/>
   <element name="" layername="head" frame="2" z_index="4" m_a="0.000000" m_b="1.780139" m_c="-1.163079" m_d="0.000000" m_tx="167.156616" m_ty="3.028708"/>
  </frame>
  <frame idx="450" w="200" h="200" x="0" y="0">
   <element name="" layername="foot_L" frame="0" z_index="7" m_a="-1.720719" m_b="-2.435823" m_c="0.816760" m_d="-0.576977" m_tx="92.498314" m_ty="32.452892"/>
   <element name="" layername="foot_R" frame="0" z_index="6" m_a="1.783854" m_b="-2.385904" m_c="0.800897" m_d="0.598802" m_tx="92.248497" m_ty="-25.227766"/>
   <element name="" layername="body" frame="1" z_index="5" m_a="0.000000" m_b="1.990000" m_c="-0.967435" m_d="0.000000" m_tx="122.456001" m_ty="4.553866"/>
   <element name="" layername="head" frame="2" z_index="4" m_a="0.000000" m_b="1.850093" m_c="-1.108720" m_d="0.000000" m_tx="171.424545" m_ty="3.166463"/>
  </frame>
  <frame idx="475" w="200" h="200" x="0" y="0">
   <element name="" layername="foot_L" frame="0" z_index="7" m_a="-1.720719" m_b="-2.435823" m_c="0.816760" m_d="-0.576977" m_tx="92.498314" m_ty="32.452892"/>
   <element name="" layername="foot_R" frame="0" z_index="6" m_a="1.783854" m_b="-2.385904" m_c="0.800897" m_d="0.598802" m_tx="92.248497" m_ty="-25.227766"/>
   <element name="" layername="body" frame="1" z_index="5" m_a="0.000000" m_b="1.990000" m_c="-0.983718" m_d="0.000000" m_tx="130.226257" m_ty="4.505510"/>
   <element name="" layername="head" frame="2" z_index="4" m_a="0.000000" m_b="1.920046" m_c="-1.054360" m_d="0.000000" m_tx="175.692505" m_ty="3.304217"/>
  </frame>
 </anim>
 <anim name="walk" root="testcritter" numframes="1000" framerate="40">
  <frame idx="0" w="200" h="200" x="0" y="0">
   <element name="" layername="body_000" frame="1" z_index="2" m_a="1.000000" m_b="0.000000" m_c="0.000000" m_d="1.000000" m_tx="4.000000" m_ty="3.000000"/>
   <element name="" layername="head_000" frame="2" z_index="1" m_a="-0.019990" m_b="0.999800" m_c="-0.999800" m_d="-0.019990" m_tx="51.923218" m_ty="-20.505905"/>
   <element name="" layername="foot" frame="0" z_index="4" m_a="0.681750" m_b="-0.731585" m_c="0.731585" m_d="0.681750" m_tx="-33.009590" m_ty="56.950172"/>
   <element name="" layername="foot_000" frame="0" z_index="3" m_a="-0.791673" m_b="-0.860972" m_c="0.866535" m_d="-0.796788" m_tx="39.470123" m_ty="56.302963"/>
  </frame>
  <frame idx="25" w="200" h="200" x="0" y="0">
   <element name="" layername="body_000" frame="1" z_index="2" m_a="1.000000" m_b="0.000000" m_c="0.000000" m_d="1.000000" m_tx="6.066116" m_ty="11.213863"/>
   <element name="" layername="head_000" frame="2" z_index="1" m_a="-0.019990" m_b="0.999800" m_c="-0.999800" m_d="-0.019990" m_tx="55.241653" m_ty="-22.900913"/>
   <element name="" layername="foot" frame="0" z_index="4" m_a="0.681750" m_b="-0.731585" m_c="0.731585" m_d="0.681750" m_tx="-23.195539" m_ty="56.433643"/>
   <element name="" layername="foot_000" frame="0" z_index="3" m_a="-0.791673" m_b="-0.860972" m_c="0.866535" m_d="-0.796788" m_tx="26.255941" m_ty="54.810204"/>
  </frame>
  <frame idx="50" w="200" h="200" x="0" y="0">
   <element name="" layername="body_000" frame="1" z_index="2" m_a="1.000000" m_b="0.000000" m_c="0.000000" m_d="1.000000" m_tx="9.779015" m_ty="6.071064"/>
   <element name="" layername="head_000" frame="2" z_index="1" m_a="-0.019990" m_b="0.999800" m_c="-0.999800" m_d="-0.019990" m_tx="60.936733" m_ty="-16.480301"/>
   <element name="" layername="foot" frame="0" z_index="4" m_a="0.681750" m_b="-0.731585" m_c="0.731585" m_d="0.681750" m_tx="-20.474932" m_ty="56.417313"/>
   <element name="" layername="foot_000" frame="0" z_index="3" m_a="-0.791673" m_b="-0.860972" m_c="0.866535" m_d="-0.796788" m_tx="30.432972" m_ty="51.478634"/>
  </frame>
  <frame idx="75" w="200" h="200" x="0" y="0">
   <element name="" layername="body_000" frame="1" z_index="2" m_a="1.000000" m_b="0.000000" m_c="0.000000" m_d="1.000000" m_tx="4.434727" m_ty="5.010754"/>
   <element name="" layername="head_000" frame="2" z_index="1" m_a="-0.019990" m_b="0.999800" m_c="-0.999800" m_d="-0.019990" m_tx="57.056438" m_ty="-13.793765"/>
   <element name="" layername="foot" frame="0" z_index="4" m_a="0.681750" m_b="-0.731585" m_c="0.731585" m_d="0.681750" m_tx="-28.580374" m_ty="55.292034"/>
   <element name="" layername="foot_000" frame="0" z_index="3" m_a="-0.791673" m_b="-0.860972" m_c="0.866535" m_d="-0.796788" m_tx="34.610001" m_ty="48.147064"/>
  </frame>
  <frame idx="100" w="200" h="200" x="0" y="0">
   <element name="" layername="body_000" frame="1" z_index="2" m_a="1.000000" m_b="0.000000" m_c="0.000000" m_d="1.000000" m_tx="3.717495" m_ty="-0.687485"/>
   <element name="" layername="head_000" frame="2" z_index="1" m_a="-0.019990" m_b="0.999800" m_c="-0.999800" m_d="-0.019990" m_tx="56.433395" m_ty="-12.373161"/>
   <element name="" layername="foot" frame="0" z_index="4" m_a="0.681750" m_b="-0.731585" m_c="0.731585" m_d="0.681750" m_tx="-36.926506" m_ty="45.302498"/>
   <element name="" layername="foot_000" frame="0" z_index="3" m_a="-0.791673" m_b="-0.860972" m_c="0.866535" m_d="-0.796788" m_tx="38.499332" m_ty="45.077042"/>
  </frame>
  <frame idx="125" w="200" h="200" x="0" y="0">
   <element name="" layername="body_000" frame="1" z_index="2" m_a="1.000000" m_b="0.000000" m_c="0.000000" m_d="1.000000" m_tx="3.725342" m_ty="-0.585052"/>
   <element name="" layername="head_000" frame="2" z_index="1" m_a="-0.019990" m_b="0.999800" m_c="-0.999800" m_d="-0.019990" m_tx="58.539455" m_ty="-5.770729"/>
   <element name="" layername="foot" frame="0" z_index="4" m_a="0.681750" m_b="-0.731585" m_c="0.731585" m_d="0.681750" m_tx="-36.817703" m_ty="45.626045"/>
   <element name="" layername="foot_000" frame="0" z_index="3" m_a="-0.791673" m_b="-0.860972" m_c="0.866535" m_d="-0.796788" m_tx="39.080109" m_ty="45.014793"/>
  </frame>
  <frame idx="150" w="200" h="200" x="0" y="0">
   <element name="" layername="body_000" frame="1" z_index="2" m_a="1.000000" m_b="0.000000" m_c="0.000000" m_d="1.000000" m_tx="3.733189" m_ty="-0.482628"/>
   <element name="" layername="head_000" frame="2" z_index="1" m_a="-0.019990" m_b="0.999800" m_c="-0.999800" m_d="-0.019990" m_tx="58.350418" m_ty="-5.317679"/>
   <element name="" layername="foot" frame="0" z_index="4" m_a="0.681750" m_b="-0.731585" m_c="0.731585" m_d="0.681750" m_tx="-36.708900" m_ty="45.949593"/>
   <element name="" layername="foot_000" frame="0" z_index="3" m_a="-0.791673" m_b="-0.860972" m_c="0.866535" m_d="-0.796788" m_tx="39.660881" m_ty="44.952545"/>
  </frame>
  <frame idx="175" w="200" h="200" x="0" y="0">
   <element name="" layername="body_000" frame="1" z_index="2" m_a="1.000000" m_b="0.000000" m_c="0.000000" m_d="1.000000" m_tx="3.741035" m_ty="-0.380196"/>
   <element name="" layername="head_000" frame="2" z_index="1" m_a="-0.019990" m_b="0.999800" m_c="-0.999800" m_d="-0.019990" m_tx="58.161385" m_ty="-4.864629"/>
   <element name="" layername="foot" frame="0" z_index="4" m_a="0.681750" m_b="-0.731585" m_c="0.731585" m_d="0.681750" m_tx="-36.600098" m_ty="46.273140"/>
   <element name="" layername="foot_000" frame="0" z_index="3" m_a="-0.791673" m_b="-0.860972" m_c="0.866535" m_d="-0.796788" m_tx="40.241657" m_ty="44.890297"/>
  </frame>
  <frame idx="200" w="200" h="200" x="0" y="0">
   <element name="" layername="body_000" frame="1" z_index="2" m_a="1.000000" m_b="0.000000" m_c="0.000000" m_d="1.000000" m_tx="3.748882" m_ty="-0.277763"/>
   <element name="" layername="head_000" frame="2" z_index="1" m_a="-0.019990" m_b="0.999800" m_c="-0.999800" m_d="-0.019990" m_tx="57.972347" m_ty="-4.411579"/>
   <element name="" layername="foot" frame="0" z_index="4" m_a="0.681750" m_b="-0.731585" m_c="0.731585" m_d="0.681750" m_tx="-36.491295" m_ty="46.596684"/>
   <element name="" layername="foot_000" frame="0" z_index="3" m_a="-0.791673" m_b="-0.860972" m_c="0.866535" m_d="-0.796788" m_tx="40.822433" m_ty="44.828045"/>
  </frame>
  <frame idx="225" w="200" h="200" x="0" y="0">
   <element name="" layername="body_000" frame="1" z_index="2" m_a="1.000000" m_b="0.000000" m_c="0.000000" m_d="1.000000" m_tx="3.756729" m_ty="-0.175331"/>
   <element name="" layername="head_000" frame="2" z_index="1" m_a="-0.019990" m_b="0.999800" m_c="-0.999800" m_d="-0.019990" m_tx="57.783314" m_ty="-3.958529"/>
   <element name="" layername="foot" frame="0" z_index="4" m_a="0.681750" m_b="-0.731585" m_c="0.731585" m_d="0.681750" m_tx="-36.382492" m_ty="46.920231"/>
   <element name="" layername="foot_000" frame="0" z_index="3" m_a="-0.791673" m_b="-0.860972" m_c="0.866535" m_d="-0.796788" m_tx="41.403210" m_ty="44.765797"/>
  </frame>
  <frame idx="250" w="200" h="200" x="0" y="0">
   <element name="" layername="body_000" frame="1" z_index="2" m_a="1.000000" m_b="0.000000" m_c="0.000000" m_d="1.000000" m_tx="3.764576" m_ty="-0.072906"/>
   <element name="" layername="head_000" frame="2" z_index="1" m_a="-0.019990" m_b="0.999800" m_c="-0.999800" m_d="-0.019990" m_tx="57.594276" m_ty="-3.505478"/>
   <element name="" layername="foot" frame="0" z_index="4" m_a="0.681750" m_b="-0.731585" m_c="0.731585" m_d="0.681750" m_tx="-36.273689" m_ty="47.243778"/>
   <element name="" layername="foot_000" frame="0" z_index="3" m_a="-0.791673" m_b="-0.860972" m_c="0.866535" m_d="-0.796788" m_tx="41.983982" m_ty="44.703548"/>
  </frame>
  <frame idx="275" w="200" h="200" x="0" y="0">
   <element name="" layername="body_000" frame="1" z_index="2" m_a="1.000000" m_b="0.000000" m_c="0.000000" m_d="1.000000" m_tx="3.772427" m_ty="0.029526"/>
   <element name="" layername="head_000" frame="2" z_index="1" m_a="-0.019990" m_b="0.999800" m_c="-0.999800" m_d="-0.019990" m_tx="57.405243" m_ty="-3.052428"/>
   <element name="" layername="foot" frame="0" z_index="4" m_a="0.681750" m_b="-0.731585" m_c="0.731585" m_d="0.681750" m_tx="-36.164883" m_ty="47.567326"/>
   <element name="" layername="foot_000" frame="0" z_index="3" m_a="-0.791673" m_b="-0.860972" m_c="0.866535" m_d="-0.796788" m_tx="42.564758" m_ty="44.641300"/>
  </frame>
  <frame idx="300" w="200" h="200" x="0" y="0">
   <element name="" layername="body_000" frame="1" z_index="2" m_a="1.000000" m_b="0.000000" m_c="0.000000" m_d="1.000000" m_tx="3.780273" m_ty="0.131958"/>
   <element name="" layername="head_000" frame="2" z_index="1" m_a="-0.019990" m_b="0.999800" m_c="-0.999800" m_d="-0.019990" m_tx="57.216206" m_ty="-2.599378"/>
   <element name="" layername="foot" frame="0" z_index="4" m_a="0.681750" m_b="-0.731585" m_c="0.731585" m_d="0.681750" m_tx="-36.056080" m_ty="47.890869"/>
   <element name="" layername="foot_000" frame="0" z_index="3" m_a="-0.791673" m_b="-0.860972" m_c="0.866535" m_d="-0.796788" m_tx="43.145535" m_ty="44.579052"/>
  </frame>
  <frame idx="325" w="200" h="200" x="0" y="0">
   <element name="" layername="body_000" frame="1" z_index="2" m_a="1.000000" m_b="0.000000" m_c="0.000000" m_d="1.000000" m_tx="3.788120" m_ty="0.234386"/>
   <element name="" layername="head_000" frame="2" z_index="1" m_a="-0.019990" m_b="0.999800" m_c="-0.999800" m_d="-0.019990" m_tx="57.027172" m_ty="-2.146328"/>
   <element name="" layername="foot" frame="0" z_index="4" m_a="0.681750" m_b="-0.731585" m_c="0.731585" m_d="0.681750" m_tx="-35.947277" m_ty="48.214417"/>
   <element name="" layername="foot_000" frame="0" z_index="3" m_a="-0.791673" m_b="-0.860972" m_c="0.866535" m_d="-0.796788" m_tx="43.726311" m_ty="44.516804"/>
  </frame>
  <frame idx="350" w="200" h="200" x="0" y="0">
   <element name="" layername="body_000" frame="1" z_index="2" m_a="1.000000" m_b="0.000000" m_c="0.000000" m_d="1.000000" m_tx="3.795967" m_ty="0.336819"/>
   <element name="" layername="head_000" frame="2" z_index="1" m_a="-0.019990" m_b="0.999800" m_c="-0.999800" m_d="-0.019990" m_tx="56.838135" m_ty="-1.693278"/>
   <element name="" layername="foot" frame="0" z_index="4" m_a="0.681750" m_b="-0.731585" m_c="0.731585" m_d="0.681750" m_tx="-35.838474" m_ty="48.537964"/>
   <element name="" layername="foot_000" frame="0" z_index="3" m_a="-0.791673" m_b="-0.860972" m_c="0.866535" m_d="-0.796788" m_tx="44.307087" m_ty="44.454556"/>
  </frame>
  <frame idx="375" w="200" h="200" x="0" y="0">
   <element name="" layername="body_000" frame="1" z_index="2" m_a="1.000000" m_b="0.000000" m_c="0.000000" m_d="1.000000" m_tx="3.803814" m_ty="0.439247"/>
   <element name="" layername="head_000" frame="2" z_index="1" m_a="-0.019990" m_b="0.999800" m_c="-0.999800" m_d="-0.019990" m_tx="56.649101" m_ty="-1.240228"/>
   <element name="" layername="foot" frame="0" z_index="4" m_a="0.681750" m_b="-0.731585" m_c="0.731585" m_d="0.681750" m_tx="-35.729671" m_ty="48.861511"/>
   <element name="" layername="foot_000" frame="0" z_index="3" m_a="-0.791673" m_b="-0.860972" m_c="0.866535" m_d="-0.796788" m_tx="44.887859" m_ty="44.392307"/>
  </frame>
  <frame idx="400" w="200" h="200" x="0" y="0">
   <element name="" layername="body_000" frame="1" z_index="2" m_a="1.000000" m_b="0.000000" m_c="0.000000" m_d="1.000000" m_tx="3.811661" m_ty="0.541676"/>
   <element name="" layername="head_000" frame="2" z_index="1" m_a="-0.019990" m_b="0.999800" m_c="-0.999800" m_d="-0.019990" m_tx="56.460068" m_ty="-0.787178"/>
   <element name="" layername="foot" frame="0" z_index="4" m_a="0.681750" m_b="-0.731585" m_c="0.731585" m_d="0.681750" m_tx="-35.620869" m_ty="49.185059"/>
   <element name="" layername="foot_000" frame="0" z_index="3" m_a="-0.791673" m_b="-0.860972" m_c="0.866535" m_d="-0.796788" m_tx="45.468636" m_ty="44.330059"/>
  </frame>
  <frame idx="425" w="200" h="200" x="0" y="0">
   <element name="" layername="body_000" frame="1" z_index="2" m_a="1.000000" m_b="0.000000" m_c="0.000000" m_d="1.000000" m_tx="3.819511" m_ty="0.644108"/>
   <element name="" layername="head_000" frame="2" z_index="1" m_a="-0.019990" m_b="0.999800" m_c="-0.999800" m_d="-0.019990" m_tx="56.271030" m_ty="-0.334128"/>
   <element name="" layername="foot" frame="0" z_index="4" m_a="0.681750" m_b="-0.731585" m_c="0.731585" m_d="0.681750" m_tx="-35.512066" m_ty="49.508602"/>
   <element name="" layername="foot_000" frame="0" z_index="3" m_a="-0.791673" m_b="-0.860972" m_c="0.866535" m_d="-0.796788" m_tx="46.049412" m_ty="44.267811"/>
  </frame>
  <frame idx="450" w="200" h="200" x="0" y="0">
   <element name="" layername="body_000" frame="1" z_index="2" m_a="1.000000" m_b="0.000000" m_c="0.000000" m_d="1.000000" m_tx="3.827358" m_ty="0.746536"/>
   <element name="" layername="head_000" frame="2" z_index="1" m_a="-0.019990" m_b="0.999800" m_c="-0.999800" m_d="-0.019990" m_tx="55.811264" m_ty="-5.505052"/>
   <element name="" layername="foot" frame="0" z_index="4" m_a="0.681750" m_b="-0.731585" m_c="0.731585" m_d="0.681750" m_tx="-35.403263" m_ty="49.832150"/>
   <element name="" layername="foot_000" frame="0" z_index="3" m_a="-0.791673" m_b="-0.860972" m_c="0.866535" m_d="-0.796788" m_tx="44.821064" m_ty="45.188828"/>
  </frame>
  <frame idx="475" w="200" h="200" x="0" y="0">
   <element name="" layername="body_000" frame="1" z_index="2" m_a="1.000000" m_b="0.000000" m_c="0.000000" m_d="1.000000" m_tx="3.835205" m_ty="0.848969"/>
   <element name="" layername="head_000" frame="2" z_index="1" m_a="-0.019990" m_b="0.999800" m_c="-0.999800" m_d="-0.019990" m_tx="55.266003" m_ty="-12.451967"/>
   <element name="" layername="foot" frame="0" z_index="4" m_a="0.681750" m_b="-0.731585" m_c="0.731585" m_d="0.681750" m_tx="-35.294456" m_ty="50.155697"/>
   <element name="" layername="foot_000" frame="0" z_index="3" m_a="-0.791673" m_b="-0.860972" m_c="0.866535" m_d="-0.796788" m_tx="43.021412" m_ty="46.420349"/>
  </frame>
  <frame idx="500" w="200" h="200" x="0" y="0">
   <element name="" layername="body_000" frame="1" z_index="2" m_a="1.000000" m_b="0.000000" m_c="0.000000" m_d="1.000000" m_tx="3.843052" m_ty="0.951397"/>
   <element name="" layername="head_000" frame="2" z_index="1" m_a="-0.019990" m_b="0.999800" m_c="-0.999800" m_d="-0.019990" m_tx="53.948299" m_ty="-19.083384"/>
   <element name="" layername="foot" frame="0" z_index="4" m_a="0.681750" m_b="-0.731585" m_c="0.731585" m_d="0.681750" m_tx="-35.185654" m_ty="50.479244"/>
   <element name="" layername="foot_000" frame="0" z_index="3" m_a="-0.791673" m_b="-0.860972" m_c="0.866535" m_d="-0.796788" m_tx="41.221764" m_ty="47.651867"/>
  </frame>
  <frame idx="525" w="200" h="200" x="0" y="0">
   <element name="" layername="body_000" frame="1" z_index="2" m_a="1.000000" m_b="0.000000" m_c="0.000000" m_d="1.000000" m_tx="3.850899" m_ty="1.053829"/>
   <element name="" layername="head_000" frame="2" z_index="1" m_a="-0.019990" m_b="0.999800" m_c="-0.999800" m_d="-0.019990" m_tx="51.647491" m_ty="-25.313255"/>
   <element name="" layername="foot" frame="0" z_index="4" m_a="0.681750" m_b="-0.731585" m_c="0.731585" m_d="0.681750" m_tx="-35.076851" m_ty="50.802788"/>
   <element name="" layername="foot_000" frame="0" z_index="3" m_a="-0.791673" m_b="-0.860972" m_c="0.866535" m_d="-0.796788" m_tx="39.422112" m_ty="48.883389"/>
  </frame>
  <frame idx="550" w="200" h="200" x="0" y="0">
   <element name="" layername="body_000" frame="1" z_index="2" m_a="1.000000" m_b="0.000000" m_c="0.000000" m_d="1.000000" m_tx="3.858746" m_ty="1.156258"/>
   <element name="" layername="head_000" frame="2" z_index="1" m_a="-0.019990" m_b="0.999800" m_c="-0.999800" m_d="-0.019990" m_tx="49.507477" m_ty="-31.737547"/>
   <element name="" layername="foot" frame="0" z_index="4" m_a="0.681750" m_b="-0.731585" m_c="0.731585" m_d="0.681750" m_tx="-34.968048" m_ty="51.126335"/>
   <element name="" layername="foot_000" frame="0" z_index="3" m_a="-0.791673" m_b="-0.860972" m_c="0.866535" m_d="-0.796788" m_tx="37.622463" m_ty="50.114906"/>
  </frame>
  <frame idx="575" w="200" h="200" x="0" y="0">
   <element name="" layername="body_000" frame="1" z_index="2" m_a="1.000000" m_b="0.000000" m_c="0.000000" m_d="1.000000" m_tx="3.866592" m_ty="1.258686"/>
   <element name="" layername="head_000" frame="2" z_index="1" m_a="-0.019990" m_b="0.999800" m_c="-0.999800" m_d="-0.019990" m_tx="47.515884" m_ty="-38.341301"/>
   <element name="" layername="foot" frame="0" z_index="4" m_a="0.681750" m_b="-0.731585" m_c="0.731585" m_d="0.681750" m_tx="-34.859245" m_ty="51.449883"/>
   <element name="" layername="foot_000" frame="0" z_index="3" m_a="-0.791673" m_b="-0.860972" m_c="0.866535" m_d="-0.796788" m_tx="35.822815" m_ty="51.346428"/>
  </frame>
  <frame idx="600" w="200" h="200" x="0" y="0">
   <element name="" layername="body_000" frame="1" z_index="2" m_a="1.000000" m_b="0.000000" m_c="0.000000" m_d="1.000000" m_tx="3.874443" m_ty="1.361118"/>
   <element name="" layername="head_000" frame="2" z_index="1" m_a="-0.019990" m_b="0.999800" m_c="-0.999800" m_d="-0.019990" m_tx="47.588242" m_ty="-38.486282"/>
   <element name="" layername="foot" frame="0" z_index="4" m_a="0.681750" m_b="-0.731585" m_c="0.731585" m_d="0.681750" m_tx="-34.750443" m_ty="51.773430"/>
   <element name="" layername="foot_000" frame="0" z_index="3" m_a="-0.791673" m_b="-0.860972" m_c="0.866535" m_d="-0.796788" m_tx="34.023163" m_ty="52.577946"/>
  </frame>
  <frame idx="625" w="200" h="200" x="0" y="0">
   <element name="" layername="body_000" frame="1" z_index="2" m_a="1.000000" m_b="0.000000" m_c="0.000000" m_d="1.000000" m_tx="3.882290" m_ty="1.463547"/>
   <element name="" layername="head_000" frame="2" z_index="1" m_a="-0.019990" m_b="0.999800" m_c="-0.999800" m_d="-0.019990" m_tx="49.565788" m_ty="-32.669327"/>
   <element name="" layername="foot" frame="0" z_index="4" m_a="0.681750" m_b="-0.731585" m_c="0.731585" m_d="0.681750" m_tx="-34.641640" m_ty="52.096973"/>
   <element name="" layername="foot_000" frame="0" z_index="3" m_a="-0.791673" m_b="-0.860972" m_c="0.866535" m_d="-0.796788" m_tx="32.223515" m_ty="53.809467"/>
  </frame>
  <frame idx="650" w="200" h="200" x="0" y="0">
   <element name="" layername="body_000" frame="1" z_index="2" m_a="1.000000" m_b="0.000000" m_c="0.000000" m_d="1.000000" m_tx="3.890137" m_ty="1.565979"/>
   <element name="" layername="head_000" frame="2" z_index="1" m_a="-0.019990" m_b="0.999800" m_c="-0.999800" m_d="-0.019990" m_tx="50.341614" m_ty="-27.750944"/>
   <element name="" layername="foot" frame="0" z_index="4" m_a="0.681750" m_b="-0.731585" m_c="0.731585" m_d="0.681750" m_tx="-34.532837" m_ty="52.420521"/>
   <element name="" layername="foot_000" frame="0" z_index="3" m_a="-0.791673" m_b="-0.860972" m_c="0.866535" m_d="-0.796788" m_tx="31.650137" m_ty="54.468727"/>
  </frame>
  <frame idx="675" w="200" h="200" x="0" y="0">
   <element name="" layername="body_000" frame="1" z_index="2" m_a="1.000000" m_b="0.000000" m_c="0.000000" m_d="1.000000" m_tx="3.897984" m_ty="1.668407"/>
   <element name="" layername="head_000" frame="2" z_index="1" m_a="-0.019990" m_b="0.999800" m_c="-0.999800" m_d="-0.019990" m_tx="50.008156" m_ty="-23.662012"/>
   <element name="" layername="foot" frame="0" z_index="4" m_a="0.681750" m_b="-0.731585" m_c="0.731585" m_d="0.681750" m_tx="-34.424034" m_ty="52.744068"/>
   <element name="" layername="foot_000" frame="0" z_index="3" m_a="-0.791673" m_b="-0.860972" m_c="0.866535" m_d="-0.796788" m_tx="32.208710" m_ty="54.599743"/>
  </frame>
  <frame idx="700" w="200" h="200" x="0" y="0">
   <element name="" layername="body_000" frame="1" z_index="2" m_a="1.000000" m_b="0.000000" m_c="0.000000" m_d="1.000000" m_tx="3.905830" m_ty="1.770840"/>
   <element name="" layername="head_000" frame="2" z_index="1" m_a="-0.019990" m_b="0.999800" m_c="-0.999800" m_d="-0.019990" m_tx="50.845993" m_ty="-18.837151"/>
   <element name="" layername="foot" frame="0" z_index="4" m_a="0.681750" m_b="-0.731585" m_c="0.731585" m_d="0.681750" m_tx="-34.315228" m_ty="53.067616"/>
   <element name="" layername="foot_000" frame="0" z_index="3" m_a="-0.791673" m_b="-0.860972" m_c="0.866535" m_d="-0.796788" m_tx="32.767281" m_ty="54.730759"/>
  </frame>
  <frame idx="725" w="200" h="200" x="0" y="0">
   <element name="" layername="body_000" frame="1" z_index="2" m_a="1.000000" m_b="0.000000" m_c="0.000000" m_d="1.000000" m_tx="3.913677" m_ty="1.873268"/>
   <element name="" layername="head_000" frame="2" z_index="1" m_a="-0.019990" m_b="0.999800" m_c="-0.999800" m_d="-0.019990" m_tx="52.464687" m_ty="-13.521669"/>
   <element name="" layername="foot" frame="0" z_index="4" m_a="0.681750" m_b="-0.731585" m_c="0.731585" m_d="0.681750" m_tx="-34.206425" m_ty="53.391163"/>
   <element name="" layername="foot_000" frame="0" z_index="3" m_a="-0.791673" m_b="-0.860972" m_c="0.866535" m_d="-0.796788" m_tx="33.325851" m_ty="54.861778"/>
  </frame>
  <frame idx="750" w="200" h="200" x="0" y="0">
   <element name="" layername="body_000" frame="1" z_index="2" m_a="1.000000" m_b="0.000000" m_c="0.000000" m_d="1.000000" m_tx="3.921524" m_ty="1.975700"/>
   <element name="" layername="head_000" frame="2" z_index="1" m_a="-0.019990" m_b="0.999800" m_c="-0.999800" m_d="-0.019990" m_tx="53.044865" m_ty="-10.140204"/>
   <element name="" layername="foot" frame="0" z_index="4" m_a="0.681750" m_b="-0.731585" m_c="0.731585" m_d="0.681750" m_tx="-34.097622" m_ty="53.714706"/>
   <element name="" layername="foot_000" frame="0" z_index="3" m_a="-0.791673" m_b="-0.860972" m_c="0.866535" m_d="-0.796788" m_tx="33.884418" m_ty="54.992794"/>
  </frame>
  <frame idx="775" w="200" h="200" x="0" y="0">
   <element name="" layername="body_000" frame="1" z_index="2" m_a="1.000000" m_b="0.000000" m_c="0.000000" m_d="1.000000" m_tx="3.929375" m_ty="2.078129"/>
   <element name="" layername="head_000" frame="2" z_index="1" m_a="-0.019990" m_b="0.999800" m_c="-0.999800" m_d="-0.019990" m_tx="52.932701" m_ty="-8.048085"/>
   <element name="" layername="foot" frame="0" z_index="4" m_a="0.681750" m_b="-0.731585" m_c="0.731585" m_d="0.681750" m_tx="-33.988819" m_ty="54.038254"/>
   <element name="" layername="foot_000" frame="0" z_index="3" m_a="-0.791673" m_b="-0.860972" m_c="0.866535" m_d="-0.796788" m_tx="34.442989" m_ty="55.123810"/>
  </frame>
  <frame idx="800" w="200" h="200" x="0" y="0">
   <element name="" layername="body_000" frame="1" z_index="2" m_a="1.000000" m_b="0.000000" m_c="0.000000" m_d="1.000000" m_tx="3.937222" m_ty="2.180557"/>
   <element name="" layername="head_000" frame="2" z_index="1" m_a="-0.019990" m_b="0.999800" m_c="-0.999800" m_d="-0.019990" m_tx="52.269573" m_ty="-7.998032"/>
   <element name="" layername="foot" frame="0" z_index="4" m_a="0.681750" m_b="-0.731585" m_c="0.731585" m_d="0.681750" m_tx="-33.880016" m_ty="54.361801"/>
   <element name="" layername="foot_000" frame="0" z_index="3" m_a="-0.791673" m_b="-0.860972" m_c="0.866535" m_d="-0.796788" m_tx="35.001560" m_ty="55.254826"/>
  </frame>
  <frame idx="825" w="200" h="200" x="0" y="0">
   <element name="" layername="body_000" frame="1" z_index="2" m_a="1.000000" m_b="0.000000" m_c="0.000000" m_d="1.000000" m_tx="3.945068" m_ty="2.282990"/>
   <element name="" layername="head_000" frame="2" z_index="1" m_a="-0.019990" m_b="0.999800" m_c="-0.999800" m_d="-0.019990" m_tx="51.296528" m_ty="-9.096640"/>
   <element name="" layername="foot" frame="0" z_index="4" m_a="0.681750" m_b="-0.731585" m_c="0.731585" m_d="0.681750" m_tx="-33.771214" m_ty="54.685349"/>
   <element name="" layername="foot_000" frame="0" z_index="3" m_a="-0.791673" m_b="-0.860972" m_c="0.866535" m_d="-0.796788" m_tx="35.560131" m_ty="55.385845"/>
  </frame>
  <frame idx="850" w="200" h="200" x="0" y="0">
   <element name="" layername="body_000" frame="1" z_index="2" m_a="1.000000" m_b="0.000000" m_c="0.000000" m_d="1.000000" m_tx="3.952915" m_ty="2.385418"/>
   <element name="" layername="head_000" frame="2" z_index="1" m_a="-0.019990" m_b="0.999800" m_c="-0.999800" m_d="-0.019990" m_tx="50.564976" m_ty="-10.666162"/>
   <element name="" layername="foot" frame="0" z_index="4" m_a="0.681750" m_b="-0.731585" m_c="0.731585" m_d="0.681750" m_tx="-33.662411" m_ty="55.008892"/>
   <element name="" layername="foot_000" frame="0" z_index="3" m_a="-0.791673" m_b="-0.860972" m_c="0.866535" m_d="-0.796788" m_tx="36.118702" m_ty="55.516861"/>
  </frame>
  <frame idx="875" w="200" h="200" x="0" y="0">
   <element name="" layername="body_000" frame="1" z_index="2" m_a="1.000000" m_b="0.000000" m_c="0.000000" m_d="1.000000" m_tx="3.960762" m_ty="2.487850"/>
   <element name="" layername="head_000" frame="2" z_index="1" m_a="-0.019990" m_b="0.999800" m_c="-0.999800" m_d="-0.019990" m_tx="49.927334" m_ty="-12.418816"/>
   <element name="" layername="foot" frame="0" z_index="4" m_a="0.681750" m_b="-0.731585" m_c="0.731585" m_d="0.681750" m_tx="-33.553608" m_ty="55.332439"/>
   <element name="" layername="foot_000" frame="0" z_index="3" m_a="-0.791673" m_b="-0.860972" m_c="0.866535" m_d="-0.796788" m_tx="36.677273" m_ty="55.647877"/>
  </frame>
  <frame idx="900" w="200" h="200" x="0" y="0">
   <element name="" layername="body_000" frame="1" z_index="2" m_a="1.000000" m_b="0.000000" m_c="0.000000" m_d="1.000000" m_tx="3.968609" m_ty="2.590279"/>
   <element name="" layername="head_000" frame="2" z_index="1" m_a="-0.019990" m_b="0.999800" m_c="-0.999800" m_d="-0.019990" m_tx="48.684765" m_ty="-15.645987"/>
   <element name="" layername="foot" frame="0" z_index="4" m_a="0.681750" m_b="-0.731585" m_c="0.731585" m_d="0.681750" m_tx="-33.444801" m_ty="55.655987"/>
   <element name="" layername="foot_000" frame="0" z_index="3" m_a="-0.791673" m_b="-0.860972" m_c="0.866535" m_d="-0.796788" m_tx="37.235844" m_ty="55.778896"/>
  </frame>
  <frame idx="925" w="200" h="200" x="0" y="0">
   <element name="" layername="body_000" frame="1" z_index="2" m_a="1.000000" m_b="0.000000" m_c="0.000000" m_d="1.000000" m_tx="3.976460" m_ty="2.692711"/>
   <element name="" layername="head_000" frame="2" z_index="1" m_a="-0.019990" m_b="0.999800" m_c="-0.999800" m_d="-0.019990" m_tx="47.416992" m_ty="-18.934593"/>
   <element name="" layername="foot" frame="0" z_index="4" m_a="0.681750" m_b="-0.731585" m_c="0.731585" m_d="0.681750" m_tx="-33.335999" m_ty="55.979534"/>
   <element name="" layername="foot_000" frame="0" z_index="3" m_a="-0.791673" m_b="-0.860972" m_c="0.866535" m_d="-0.796788" m_tx="37.794411" m_ty="55.909912"/>
  </frame>
  <frame idx="950" w="200" h="200" x="0" y="0">
   <element name="" layername="body_000" frame="1" z_index="2" m_a="1.000000" m_b="0.000000" m_c="0.000000" m_d="1.000000" m_tx="3.984306" m_ty="2.795139"/>
   <element name="" layername="head_000" frame="2" z_index="1" m_a="-0.019990" m_b="0.999800" m_c="-0.999800" m_d="-0.019990" m_tx="48.437355" m_ty="-19.939205"/>
   <element name="" layername="foot" frame="0" z_index="4" m_a="0.681750" m_b="-0.731585" m_c="0.731585" m_d="0.681750" m_tx="-33.227196" m_ty="56.303078"/>
   <element name="" layername="foot_000" frame="0" z_index="3" m_a="-0.791673" m_b="-0.860972" m_c="0.866535" m_d="-0.796788" m_tx="38.352982" m_ty="56.040928"/>
  </frame>
  <frame idx="975" w="200" h="200" x="0" y="0">
   <element name="" layername="body_000" frame="1" z_index="2" m_a="1.000000" m_b="0.000000" m_c="0.000000" m_d="1.000000" m_tx="3.992153" m_ty="2.897572"/>
   <element name="" layername="head_000" frame="2" z_index="1" m_a="-0.019990" m_b="0.999800" m_c="-0.999800" m_d="-0.019990" m_tx="50.180286" m_ty="-20.222555"/>
   <element name="" layername="foot" frame="0" z_index="4" m_a="0.681750" m_b="-0.731585" m_c="0.731585" m_d="0.681750" m_tx="-33.118393" m_ty="56.626625"/>
   <element name="" layername="foot_000" frame="0" z_index="3" m_a="-0.791673" m_b="-0.860972" m_c="0.866535" m_d="-0.796788" m_tx="38.911552" m_ty="56.171947"/>
  </frame>
 </anim>
</Anims>
