<Anims>
 <anim name="Test" root="Tailball" numframes="666" framerate="40">
  <frame idx="0" w="200" h="200" x="0" y="0">
   <element name="tailball_assets" layername="Tailball_body" frame="0" z_index="5" m_a="0.082560" m_b="5.597602" m_c="-0.999891" m_d="0.014748" m_tx="1.645486" m_ty="-0.006443"/>
   <element name="tailball_assets" layername="Tailball_tail_frontend" frame="1" z_index="6" m_a="2.208088" m_b="-0.015072" m_c="0.006826" m_d="0.999977" m_tx="191.896652" m_ty="-1.752920"/>
   <element name="tailball_assets" layername="Tailball_tail_mid" frame="2" z_index="7" m_a="3.281095" m_b="0.016046" m_c="-0.004890" m_d="0.999988" m_tx="104.507172" m_ty="0.219224"/>
   <element name="tailball_assets" layername="Tailball_tail_backend" frame="1" z_index="8" m_a="-2.413793" m_b="0.000000" m_c="-0.000000" m_d="-1.000000" m_tx="120.465691" m_ty="-0.698423"/>
  </frame>
  <frame idx="25" w="200" h="200" x="0" y="0">
   <element name="tailball_assets" layername="Tailball_body" frame="0" z_index="5" m_a="0.101246" m_b="6.864520" m_c="-0.822214" m_d="0.012127" m_tx="-136.331497" m_ty="-1.891974"/>
   <element name="tailball_assets" layername="Tailball_tail_frontend" frame="1" z_index="6" m_a="2.208088" m_b="-0.015072" m_c="0.006826" m_d="0.999977" m_tx="191.896652" m_ty="-1.752920"/>
   <element name="tailball_assets" layername="Tailball_tail_mid" frame="2" z_index="7" m_a="3.281095" m_b="0.016046" m_c="-0.004890" m_d="0.999988" m_tx="104.507172" m_ty="0.219224"/>
   <element name="tailball_assets" layername="Tailball_tail_backend" frame="1" z_index="8" m_a="-2.413793" m_b="0.000000" m_c="-0.000000" m_d="-1.000000" m_tx="120.465691" m_ty="-0.698423"/>
  </frame>
  <frame idx="50" w="200" h="200" x="0" y="0">
   <element name="tailball_assets" layername="Tailball_body" frame="0" z_index="5" m_a="0.119772" m_b="8.120578" m_c="-0.646060" m_d="0.009529" m_tx="-259.625580" m_ty="-4.572058"/>
   <element name="tailball_assets" layername="Tailball_tail_frontend" frame="1" z_index="6" m_a="2.208088" m_b="-0.015072" m_c="0.006826" m_d="0.999977" m_tx="191.896652" m_ty="-1.752920"/>
   <element name="tailball_assets" layername="Tailball_tail_mid" frame="2" z_index="7" m_a="3.281095" m_b="0.016046" m_c="-0.004890" m_d="0.999988" m_tx="104.507172" m_ty="0.219224"/>
   <element name="tailball_assets" layername="Tailball_tail_backend" frame="1" z_index="8" m_a="-2.413793" m_b="0.000000" m_c="-0.000000" m_d="-1.000000" m_tx="120.465691" m_ty="-0.698423"/>
  </frame>
  <frame idx="75" w="200" h="200" x="0" y="0">
   <element name="tailball_assets" layername="Tailball_body" frame="0" z_index="5" m_a="0.138013" m_b="9.357331" m_c="-0.472614" m_d="0.006971" m_tx="-350.563751" m_ty="-8.045695"/>
   <element name="tailball_assets" layername="Tailball_tail_frontend" frame="1" z_index="6" m_a="2.208088" m_b="-0.015072" m_c="0.006826" m_d="0.999977" m_tx="191.896652" m_ty="-1.752920"/>
   <element name="tailball_assets" layername="Tailball_tail_mid" frame="2" z_index="7" m_a="3.281095" m_b="0.016046" m_c="-0.004890" m_d="0.999988" m_tx="104.507172" m_ty="0.219224"/>
   <element name="tailball_assets" layername="Tailball_tail_backend" frame="1" z_index="8" m_a="-2.413793" m_b="0.000000" m_c="-0.000000" m_d="-1.000000" m_tx="120.465691" m_ty="-0.698423"/>
  </frame>
  <frame idx="100" w="200" h="200" x="0" y="0">
   <element name="tailball_assets" layername="Tailball_body" frame="0" z_index="5" m_a="0.082560" m_b="5.597617" m_c="-0.999891" m_d="0.014748" m_tx="-322.063477" m_ty="-5.131092"/>
   <element name="tailball_assets" layername="Tailball_tail_frontend" frame="1" z_index="6" m_a="2.208088" m_b="-0.015072" m_c="0.006826" m_d="0.999977" m_tx="191.896652" m_ty="-1.752920"/>
   <element name="tailball_assets" layername="Tailball_tail_mid" frame="2" z_index="7" m_a="3.281095" m_b="0.016046" m_c="-0.004890" m_d="0.999988" m_tx="104.507172" m_ty="0.219224"/>
   <element name="tailball_assets" layername="Tailball_tail_backend" frame="1" z_index="8" m_a="-2.413793" m_b="0.000000" m_c="-0.000000" m_d="-1.000000" m_tx="120.465691" m_ty="-0.698423"/>
  </frame>
  <frame idx="125" w="200" h="200" x="0" y="0">
   <element name="tailball_assets" layername="Tailball_body" frame="0" z_index="5" m_a="0.082560" m_b="5.597617" m_c="-0.999891" m_d="0.014748" m_tx="-296.155518" m_ty="-5.034984"/>
   <element name="tailball_assets" layername="Tailball_tail_frontend" frame="1" z_index="6" m_a="2.208088" m_b="-0.015072" m_c="0.006826" m_d="0.999977" m_tx="191.896652" m_ty="-1.752920"/>
   <element name="tailball_assets" layername="Tailball_tail_mid" frame="2" z_index="7" m_a="3.281095" m_b="0.016046" m_c="-0.004890" m_d="0.999988" m_tx="104.507172" m_ty="0.219224"/>
   <element name="tailball_assets" layername="Tailball_tail_backend" frame="1" z_index="8" m_a="-2.413793" m_b="0.000000" m_c="-0.000000" m_d="-1.000000" m_tx="120.465691" m_ty="-0.698423"/>
  </frame>
  <frame idx="150" w="200" h="200" x="0" y="0">
   <element name="tailball_assets" layername="Tailball_body" frame="0" z_index="5" m_a="0.068026" m_b="4.612160" m_c="-1.241089" m_d="0.018305" m_tx="-253.693832" m_ty="-4.131981"/>
   <element name="tailball_assets" layername="Tailball_tail_frontend" frame="1" z_index="6" m_a="2.208088" m_b="-0.015072" m_c="0.006826" m_d="0.999977" m_tx="191.896652" m_ty="-1.752920"/>
   <element name="tailball_assets" layername="Tailball_tail_mid" frame="2" z_index="7" m_a="3.281095" m_b="0.016046" m_c="-0.004890" m_d="0.999988" m_tx="104.507172" m_ty="0.219224"/>
   <element name="tailball_assets" layername="Tailball_tail_backend" frame="1" z_index="8" m_a="-2.413793" m_b="0.000000" m_c="-0.000000" m_d="-1.000000" m_tx="120.465691" m_ty="-0.698423"/>
  </frame>
  <frame idx="175" w="200" h="200" x="0" y="0">
   <element name="tailball_assets" layername="Tailball_body" frame="0" z_index="5" m_a="0.063943" m_b="4.335330" m_c="-1.310691" m_d="0.019332" m_tx="-229.997742" m_ty="-3.822956"/>
   <element name="tailball_assets" layername="Tailball_tail_frontend" frame="1" z_index="6" m_a="2.208088" m_b="-0.015072" m_c="0.006826" m_d="0.999977" m_tx="191.896652" m_ty="-1.752920"/>
   <element name="tailball_assets" layername="Tailball_tail_mid" frame="2" z_index="7" m_a="3.281095" m_b="0.016046" m_c="-0.004890" m_d="0.999988" m_tx="104.507172" m_ty="0.219224"/>
   <element name="tailball_assets" layername="Tailball_tail_backend" frame="1" z_index="8" m_a="-2.413793" m_b="0.000000" m_c="-0.000000" m_d="-1.000000" m_tx="120.465691" m_ty="-0.698423"/>
  </frame>
  <frame idx="200" w="200" h="200" x="0" y="0">
   <element name="tailball_assets" layername="Tailball_body" frame="0" z_index="5" m_a="0.078440" m_b="5.318282" m_c="-1.075237" m_d="0.015859" m_tx="-237.657471" m_ty="-4.467766"/>
   <element name="tailball_assets" layername="Tailball_tail_frontend" frame="1" z_index="6" m_a="2.208088" m_b="-0.015072" m_c="0.006826" m_d="0.999977" m_tx="191.896652" m_ty="-1.752920"/>
   <element name="tailball_assets" layername="Tailball_tail_mid" frame="2" z_index="7" m_a="3.281095" m_b="0.016046" m_c="-0.004890" m_d="0.999988" m_tx="104.507172" m_ty="0.219224"/>
   <element name="tailball_assets" layername="Tailball_tail_backend" frame="1" z_index="8" m_a="-2.413793" m_b="0.000000" m_c="-0.000000" m_d="-1.000000" m_tx="120.465691" m_ty="-0.698423"/>
  </frame>
  <frame idx="225" w="200" h="200" x="0" y="0">
   <element name="tailball_assets" layername="Tailball_body" frame="0" z_index="5" m_a="0.083060" m_b="5.631521" m_c="-0.999891" m_d="0.014748" m_tx="-230.967361" m_ty="-4.490386"/>
   <element name="tailball_assets" layername="Tailball_tail_frontend" frame="1" z_index="6" m_a="2.208088" m_b="-0.015072" m_c="0.006826" m_d="0.999977" m_tx="191.896652" m_ty="-1.752920"/>
   <element name="tailball_assets" layername="Tailball_tail_mid" frame="2" z_index="7" m_a="3.281095" m_b="0.016046" m_c="-0.004890" m_d="0.999988" m_tx="104.507172" m_ty="0.219224"/>
   <element name="tailball_assets" layername="Tailball_tail_backend" frame="1" z_index="8" m_a="-2.413793" m_b="0.000000" m_c="-0.000000" m_d="-1.000000" m_tx="120.465691" m_ty="-0.698423"/>
  </frame>
  <frame idx="250" w="200" h="200" x="0" y="0">
   <element name="tailball_assets" layername="Tailball_body" frame="0" z_index="5" m_a="0.083032" m_b="5.629602" m_c="-0.999891" m_d="0.014748" m_tx="-217.806244" m_ty="-4.235019"/>
   <element name="tailball_assets" layername="Tailball_tail_frontend" frame="1" z_index="6" m_a="2.208088" m_b="-0.015072" m_c="0.006826" m_d="0.999977" m_tx="191.896652" m_ty="-1.752920"/>
   <element name="tailball_assets" layername="Tailball_tail_mid" frame="2" z_index="7" m_a="3.281095" m_b="0.016046" m_c="-0.004890" m_d="0.999988" m_tx="104.507172" m_ty="0.219224"/>
   <element name="tailball_assets" layername="Tailball_tail_backend" frame="1" z_index="8" m_a="-2.413793" m_b="0.000000" m_c="-0.000000" m_d="-1.000000" m_tx="120.465691" m_ty="-0.698423"/>
  </frame>
  <frame idx="275" w="200" h="200" x="0" y="0">
   <element name="tailball_assets" layername="Tailball_body" frame="0" z_index="5" m_a="0.083004" m_b="5.627683" m_c="-0.999891" m_d="0.014748" m_tx="-204.645126" m_ty="-3.979814"/>
   <element name="tailball_assets" layername="Tailball_tail_frontend" frame="1" z_index="6" m_a="2.208088" m_b="-0.015072" m_c="0.006826" m_d="0.999977" m_tx="191.896652" m_ty="-1.752920"/>
   <element name="tailball_assets" layername="Tailball_tail_mid" frame="2" z_index="7" m_a="3.281095" m_b="0.016046" m_c="-0.004890" m_d="0.999988" m_tx="104.507172" m_ty="0.219224"/>
   <element name="tailball_assets" layername="Tailball_tail_backend" frame="1" z_index="8" m_a="-2.413793" m_b="0.000000" m_c="-0.000000" m_d="-1.000000" m_tx="120.465691" m_ty="-0.698423"/>
  </frame>
  <frame idx="300" w="200" h="200" x="0" y="0">
   <element name="tailball_assets" layername="Tailball_body" frame="0" z_index="5" m_a="0.082975" m_b="5.625763" m_c="-0.999891" m_d="0.014748" m_tx="-191.484009" m_ty="-3.724857"/>
   <element name="tailball_assets" layername="Tailball_tail_frontend" frame="1" z_index="6" m_a="2.208088" m_b="-0.015072" m_c="0.006826" m_d="0.999977" m_tx="191.896652" m_ty="-1.752920"/>
   <element name="tailball_assets" layername="Tailball_tail_mid" frame="2" z_index="7" m_a="3.281095" m_b="0.016046" m_c="-0.004890" m_d="0.999988" m_tx="104.507172" m_ty="0.219224"/>
   <element name="tailball_assets" layername="Tailball_tail_backend" frame="1" z_index="8" m_a="-2.413793" m_b="0.000000" m_c="-0.000000" m_d="-1.000000" m_tx="120.465691" m_ty="-0.698423"/>
  </frame>
  <frame idx="325" w="200" h="200" x="0" y="0">
   <element name="tailball_assets" layername="Tailball_body" frame="0" z_index="5" m_a="0.082947" m_b="5.623845" m_c="-0.999891" m_d="0.014748" m_tx="-178.322906" m_ty="-3.470063"/>
   <element name="tailball_assets" layername="Tailball_tail_frontend" frame="1" z_index="6" m_a="2.208088" m_b="-0.015072" m_c="0.006826" m_d="0.999977" m_tx="191.896652" m_ty="-1.752920"/>
   <element name="tailball_assets" layername="Tailball_tail_mid" frame="2" z_index="7" m_a="3.281095" m_b="0.016046" m_c="-0.004890" m_d="0.999988" m_tx="104.507172" m_ty="0.219224"/>
   <element name="tailball_assets" layername="Tailball_tail_backend" frame="1" z_index="8" m_a="-2.413793" m_b="0.000000" m_c="-0.000000" m_d="-1.000000" m_tx="120.465691" m_ty="-0.698423"/>
  </frame>
  <frame idx="350" w="200" h="200" x="0" y="0">
   <element name="tailball_assets" layername="Tailball_body" frame="0" z_index="5" m_a="0.082919" m_b="5.621925" m_c="-0.999891" m_d="0.014748" m_tx="-165.161804" m_ty="-3.215517"/>
   <element name="tailball_assets" layername="Tailball_tail_frontend" frame="1" z_index="6" m_a="2.208088" m_b="-0.015072" m_c="0.006826" m_d="0.999977" m_tx="191.896652" m_ty="-1.752920"/>
   <element name="tailball_assets" layername="Tailball_tail_mid" frame="2" z_index="7" m_a="3.281095" m_b="0.016046" m_c="-0.004890" m_d="0.999988" m_tx="104.507172" m_ty="0.219224"/>
   <element name="tailball_assets" layername="Tailball_tail_backend" frame="1" z_index="8" m_a="-2.413793" m_b="0.000000" m_c="-0.000000" m_d="-1.000000" m_tx="120.465691" m_ty="-0.698423"/>
  </frame>
  <frame idx="375" w="200" h="200" x="0" y="0">
   <element name="tailball_assets" layername="Tailball_body" frame="0" z_index="5" m_a="0.082890" m_b="5.620007" m_c="-0.999891" m_d="0.014748" m_tx="-152.000687" m_ty="-2.961134"/>
   <element name="tailball_assets" layername="Tailball_tail_frontend" frame="1" z_index="6" m_a="2.208088" m_b="-0.015072" m_c="0.006826" m_d="0.999977" m_tx="191.896652" m_ty="-1.752920"/>
   <element name="tailball_assets" layername="Tailball_tail_mid" frame="2" z_index="7" m_a="3.281095" m_b="0.016046" m_c="-0.004890" m_d="0.999988" m_tx="104.507172" m_ty="0.219224"/>
   <element name="tailball_assets" layername="Tailball_tail_backend" frame="1" z_index="8" m_a="-2.413793" m_b="0.000000" m_c="-0.000000" m_d="-1.000000" m_tx="120.465691" m_ty="-0.698423"/>
  </frame>
  <frame idx="400" w="200" h="200" x="0" y="0">
   <element name="tailball_assets" layername="Tailball_body" frame="0" z_index="5" m_a="0.082862" m_b="5.618087" m_c="-0.999891" m_d="0.014748" m_tx="-138.839615" m_ty="-2.706998"/>
   <element name="tailball_assets" layername="Tailball_tail_frontend" frame="1" z_index="6" m_a="2.208088" m_b="-0.015072" m_c="0.006826" m_d="0.999977" m_tx="191.896652" m_ty="-1.752920"/>
   <element name="tailball_assets" layername="Tailball_tail_mid" frame="2" z_index="7" m_a="3.281095" m_b="0.016046" m_c="-0.004890" m_d="0.999988" m_tx="104.507172" m_ty="0.219224"/>
   <element name="tailball_assets" layername="Tailball_tail_backend" frame="1" z_index="8" m_a="-2.413793" m_b="0.000000" m_c="-0.000000" m_d="-1.000000" m_tx="120.465691" m_ty="-0.698423"/>
  </frame>
  <frame idx="425" w="200" h="200" x="0" y="0">
   <element name="tailball_assets" layername="Tailball_body" frame="0" z_index="5" m_a="0.082834" m_b="5.616168" m_c="-0.999891" m_d="0.014748" m_tx="-125.678505" m_ty="-2.453026"/>
   <element name="tailball_assets" layername="Tailball_tail_frontend" frame="1" z_index="6" m_a="2.208088" m_b="-0.015072" m_c="0.006826" m_d="0.999977" m_tx="191.896652" m_ty="-1.752920"/>
   <element name="tailball_assets" layername="Tailball_tail_mid" frame="2" z_index="7" m_a="3.281095" m_b="0.016046" m_c="-0.004890" m_d="0.999988" m_tx="104.507172" m_ty="0.219224"/>
   <element name="tailball_assets" layername="Tailball_tail_backend" frame="1" z_index="8" m_a="-2.413793" m_b="0.000000" m_c="-0.000000" m_d="-1.000000" m_tx="120.465691" m_ty="-0.698423"/>
  </frame>
  <frame idx="450" w="200" h="200" x="0" y="0">
   <element name="tailball_assets" layername="Tailball_body" frame="0" z_index="5" m_a="0.082806" m_b="5.614249" m_c="-0.999891" m_d="0.014748" m_tx="-112.517426" m_ty="-2.199301"/>
   <element name="tailball_assets" layername="Tailball_tail_frontend" frame="1" z_index="6" m_a="2.208088" m_b="-0.015072" m_c="0.006826" m_d="0.999977" m_tx="191.896652" m_ty="-1.752920"/>
   <element name="tailball_assets" layername="Tailball_tail_mid" frame="2" z_index="7" m_a="3.281095" m_b="0.016046" m_c="-0.004890" m_d="0.999988" m_tx="104.507172" m_ty="0.219224"/>
   <element name="tailball_assets" layername="Tailball_tail_backend" frame="1" z_index="8" m_a="-2.413793" m_b="0.000000" m_c="-0.000000" m_d="-1.000000" m_tx="120.465691" m_ty="-0.698423"/>
  </frame>
  <frame idx="475" w="200" h="200" x="0" y="0">
   <element name="tailball_assets" layername="Tailball_body" frame="0" z_index="5" m_a="0.082777" m_b="5.612330" m_c="-0.999891" m_d="0.014748" m_tx="-99.356323" m_ty="-1.945739"/>
   <element name="tailball_assets" layername="Tailball_tail_frontend" frame="1" z_index="6" m_a="2.208088" m_b="-0.015072" m_c="0.006826" m_d="0.999977" m_tx="191.896652" m_ty="-1.752920"/>
   <element name="tailball_assets" layername="Tailball_tail_mid" frame="2" z_index="7" m_a="3.281095" m_b="0.016046" m_c="-0.004890" m_d="0.999988" m_tx="104.507172" m_ty="0.219224"/>
   <element name="tailball_assets" layername="Tailball_tail_backend" frame="1" z_index="8" m_a="-2.413793" m_b="0.000000" m_c="-0.000000" m_d="-1.000000" m_tx="120.465691" m_ty="-0.698423"/>
  </frame>
  <frame idx="500" w="200" h="200" x="0" y="0">
   <element name="tailball_assets" layername="Tailball_body" frame="0" z_index="5" m_a="0.082749" m_b="5.610411" m_c="-0.999891" m_d="0.014748" m_tx="-86.195244" m_ty="-1.692425"/>
   <element name="tailball_assets" layername="Tailball_tail_frontend" frame="1" z_index="6" m_a="2.208088" m_b="-0.015072" m_c="0.006826" m_d="0.999977" m_tx="191.896652" m_ty="-1.752920"/>
   <element name="tailball_assets" layername="Tailball_tail_mid" frame="2" z_index="7" m_a="3.281095" m_b="0.016046" m_c="-0.004890" m_d="0.999988" m_tx="104.507172" m_ty="0.219224"/>
   <element name="tailball_assets" layername="Tailball_tail_backend" frame="1" z_index="8" m_a="-2.413793" m_b="0.000000" m_c="-0.000000" m_d="-1.000000" m_tx="120.465691" m_ty="-0.698423"/>
  </frame>
  <frame idx="525" w="200" h="200" x="0" y="0">
   <element name="tailball_assets" layername="Tailball_body" frame="0" z_index="5" m_a="0.075507" m_b="5.119421" m_c="-1.173801" m_d="0.017313" m_tx="-69.663086" m_ty="-1.338098"/>
   <element name="tailball_assets" layername="Tailball_tail_frontend" frame="1" z_index="6" m_a="2.208088" m_b="-0.015072" m_c="0.006826" m_d="0.999977" m_tx="191.896652" m_ty="-1.752920"/>
   <element name="tailball_assets" layername="Tailball_tail_mid" frame="2" z_index="7" m_a="3.281095" m_b="0.016046" m_c="-0.004890" m_d="0.999988" m_tx="104.507172" m_ty="0.219224"/>
   <element name="tailball_assets" layername="Tailball_tail_backend" frame="1" z_index="8" m_a="-2.413793" m_b="0.000000" m_c="-0.000000" m_d="-1.000000" m_tx="120.465691" m_ty="-0.698423"/>
  </frame>
  <frame idx="550" w="200" h="200" x="0" y="0">
   <element name="tailball_assets" layername="Tailball_body" frame="0" z_index="5" m_a="0.068266" m_b="4.628430" m_c="-1.347711" m_d="0.019878" m_tx="-54.302258" m_ty="-1.019425"/>
   <element name="tailball_assets" layername="Tailball_tail_frontend" frame="1" z_index="6" m_a="2.208088" m_b="-0.015072" m_c="0.006826" m_d="0.999977" m_tx="191.896652" m_ty="-1.752920"/>
   <element name="tailball_assets" layername="Tailball_tail_mid" frame="2" z_index="7" m_a="3.281095" m_b="0.016046" m_c="-0.004890" m_d="0.999988" m_tx="104.507172" m_ty="0.219224"/>
   <element name="tailball_assets" layername="Tailball_tail_backend" frame="1" z_index="8" m_a="-2.413793" m_b="0.000000" m_c="-0.000000" m_d="-1.000000" m_tx="120.465691" m_ty="-0.698423"/>
  </frame>
  <frame idx="575" w="200" h="200" x="0" y="0">
   <element name="tailball_assets" layername="Tailball_body" frame="0" z_index="5" m_a="0.061024" m_b="4.137440" m_c="-1.521620" m_d="0.022443" m_tx="-40.112747" m_ty="-0.736288"/>
   <element name="tailball_assets" layername="Tailball_tail_frontend" frame="1" z_index="6" m_a="2.208088" m_b="-0.015072" m_c="0.006826" m_d="0.999977" m_tx="191.896652" m_ty="-1.752920"/>
   <element name="tailball_assets" layername="Tailball_tail_mid" frame="2" z_index="7" m_a="3.281095" m_b="0.016046" m_c="-0.004890" m_d="0.999988" m_tx="104.507172" m_ty="0.219224"/>
   <element name="tailball_assets" layername="Tailball_tail_backend" frame="1" z_index="8" m_a="-2.413793" m_b="0.000000" m_c="-0.000000" m_d="-1.000000" m_tx="120.465691" m_ty="-0.698423"/>
  </frame>
  <frame idx="600" w="200" h="200" x="0" y="0">
   <element name="tailball_assets" layername="Tailball_body" frame="0" z_index="5" m_a="0.063534" m_b="4.307629" m_c="-1.460421" m_d="0.021540" m_tx="-134.836380" m_ty="-0.017636"/>
   <element name="tailball_assets" layername="Tailball_tail_frontend" frame="1" z_index="6" m_a="2.208088" m_b="-0.015072" m_c="0.006826" m_d="0.999977" m_tx="191.896652" m_ty="-1.752920"/>
   <element name="tailball_assets" layername="Tailball_tail_mid" frame="2" z_index="7" m_a="3.281095" m_b="0.016046" m_c="-0.004890" m_d="0.999988" m_tx="104.507172" m_ty="0.219224"/>
   <element name="tailball_assets" layername="Tailball_tail_backend" frame="1" z_index="8" m_a="-2.413793" m_b="0.000000" m_c="-0.000000" m_d="-1.000000" m_tx="120.465691" m_ty="-0.698423"/>
  </frame>
  <frame idx="625" w="200" h="200" x="0" y="0">
   <element name="tailball_assets" layername="Tailball_body" frame="0" z_index="5" m_a="0.070633" m_b="4.788962" m_c="-1.288582" m_d="0.019006" m_tx="-290.837189" m_ty="1.364975"/>
   <element name="tailball_assets" layername="Tailball_tail_frontend" frame="1" z_index="6" m_a="2.208088" m_b="-0.015072" m_c="0.006826" m_d="0.999977" m_tx="191.896652" m_ty="-1.752920"/>
   <element name="tailball_assets" layername="Tailball_tail_mid" frame="2" z_index="7" m_a="3.281095" m_b="0.016046" m_c="-0.004890" m_d="0.999988" m_tx="104.507172" m_ty="0.219224"/>
   <element name="tailball_assets" layername="Tailball_tail_backend" frame="1" z_index="8" m_a="-2.413793" m_b="0.000000" m_c="-0.000000" m_d="-1.000000" m_tx="120.465691" m_ty="-0.698423"/>
  </frame>
  <frame idx="650" w="200" h="200" x="0" y="0">
   <element name="tailball_assets" layername="Tailball_body" frame="0" z_index="5" m_a="0.077906" m_b="5.282035" m_c="-1.112551" m_d="0.016409" m_tx="-117.414757" m_ty="0.684815"/>
   <element name="tailball_assets" layername="Tailball_tail_frontend" frame="1" z_index="6" m_a="2.208088" m_b="-0.015072" m_c="0.006826" m_d="0.999977" m_tx="191.896652" m_ty="-1.752920"/>
   <element name="tailball_assets" layername="Tailball_tail_mid" frame="2" z_index="7" m_a="3.281095" m_b="0.016046" m_c="-0.004890" m_d="0.999988" m_tx="104.507172" m_ty="0.219224"/>
   <element name="tailball_assets" layername="Tailball_tail_backend" frame="1" z_index="8" m_a="-2.413793" m_b="0.000000" m_c="-0.000000" m_d="-1.000000" m_tx="120.465691" m_ty="-0.698423"/>
  </frame>
 </anim>
</Anims>
