<Anims>
 <anim name="idle_green" root="tea_leaves" numframes="1000" framerate="40">
  <frame idx="0" w="83" h="57" x="-0.843204" y="-3.042912">
   <element name="symbol0" layername="timeline_0" frame="0" z_index="3" m_a="1.000000" m_b="0.000000" m_c="0.000000" m_d="0.676076" m_tx="-0.843204" m_ty="-3.042912"/>
   <element name="symbol0" layername="timeline_1" frame="1" z_index="4" m_a="1.236210" m_b="0.000000" m_c="0.000000" m_d="0.802301" m_tx="2.358509" m_ty="2.437645"/>
  </frame>
  <frame idx="25" w="83" h="57" x="-0.843204" y="-3.042912">
   <element name="symbol0" layername="timeline_0" frame="0" z_index="3" m_a="1.000000" m_b="0.000000" m_c="0.000000" m_d="0.676076" m_tx="-0.843204" m_ty="-3.042912"/>
   <element name="symbol0" layername="timeline_1" frame="1" z_index="4" m_a="1.236210" m_b="0.000000" m_c="0.000000" m_d="0.802301" m_tx="2.358509" m_ty="2.437645"/>
  </frame>
  <frame idx="50" w="83" h="57" x="-0.843204" y="-3.042912">
   <element name="symbol0" layername="timeline_0" frame="0" z_index="3" m_a="1.000000" m_b="0.000000" m_c="0.000000" m_d="0.676076" m_tx="-0.843204" m_ty="-3.042912"/>
   <element name="symbol0" layername="timeline_1" frame="1" z_index="4" m_a="1.236210" m_b="0.000000" m_c="0.000000" m_d="0.802301" m_tx="2.358509" m_ty="2.437645"/>
  </frame>
  <frame idx="75" w="83" h="57" x="-0.843204" y="-3.042912">
   <element name="symbol0" layername="timeline_0" frame="0" z_index="3" m_a="1.000000" m_b="0.000000" m_c="0.000000" m_d="0.676076" m_tx="-0.843204" m_ty="-3.042912"/>
   <element name="symbol0" layername="timeline_1" frame="1" z_index="4" m_a="1.236210" m_b="0.000000" m_c="0.000000" m_d="0.802301" m_tx="2.358509" m_ty="2.437645"/>
  </frame>
  <frame idx="100" w="83" h="57" x="-0.843204" y="-3.042912">
   <element name="symbol0" layername="timeline_0" frame="0" z_index="3" m_a="1.000000" m_b="0.000000" m_c="0.000000" m_d="0.676076" m_tx="-0.843204" m_ty="-3.042912"/>
   <element name="symbol0" layername="timeline_1" frame="1" z_index="4" m_a="1.236210" m_b="0.000000" m_c="0.000000" m_d="0.802301" m_tx="2.358509" m_ty="2.437645"/>
  </frame>
  <frame idx="125" w="83" h="57" x="-0.843204" y="-3.042912">
   <element name="symbol0" layername="timeline_0" frame="0" z_index="3" m_a="1.000000" m_b="0.000000" m_c="0.000000" m_d="0.676076" m_tx="-0.843204" m_ty="-3.042912"/>
   <element name="symbol0" layername="timeline_1" frame="1" z_index="4" m_a="1.236210" m_b="0.000000" m_c="0.000000" m_d="0.802301" m_tx="2.358509" m_ty="2.437645"/>
  </frame>
  <frame idx="150" w="83" h="57" x="-0.843204" y="-3.042912">
   <element name="symbol0" layername="timeline_0" frame="0" z_index="3" m_a="1.000000" m_b="0.000000" m_c="0.000000" m_d="0.676076" m_tx="-0.843204" m_ty="-3.042912"/>
   <element name="symbol0" layername="timeline_1" frame="1" z_index="4" m_a="1.236210" m_b="0.000000" m_c="0.000000" m_d="0.802301" m_tx="2.358509" m_ty="2.437645"/>
  </frame>
  <frame idx="175" w="83" h="57" x="-0.843204" y="-3.042912">
   <element name="symbol0" layername="timeline_0" frame="0" z_index="3" m_a="1.000000" m_b="0.000000" m_c="0.000000" m_d="0.676076" m_tx="-0.843204" m_ty="-3.042912"/>
   <element name="symbol0" layername="timeline_1" frame="1" z_index="4" m_a="1.236210" m_b="0.000000" m_c="0.000000" m_d="0.802301" m_tx="2.358509" m_ty="2.437645"/>
  </frame>
  <frame idx="200" w="83" h="57" x="-0.843204" y="-3.042912">
   <element name="symbol0" layername="timeline_0" frame="0" z_index="3" m_a="1.000000" m_b="0.000000" m_c="0.000000" m_d="0.676076" m_tx="-0.843204" m_ty="-3.042912"/>
   <element name="symbol0" layername="timeline_1" frame="1" z_index="4" m_a="1.236210" m_b="0.000000" m_c="0.000000" m_d="0.802301" m_tx="2.358509" m_ty="2.437645"/>
  </frame>
  <frame idx="225" w="83" h="57" x="-0.843204" y="-3.042912">
   <element name="symbol0" layername="timeline_0" frame="0" z_index="3" m_a="1.000000" m_b="0.000000" m_c="0.000000" m_d="0.676076" m_tx="-0.843204" m_ty="-3.042912"/>
   <element name="symbol0" layername="timeline_1" frame="1" z_index="4" m_a="1.236210" m_b="0.000000" m_c="0.000000" m_d="0.802301" m_tx="2.358509" m_ty="2.437645"/>
  </frame>
  <frame idx="250" w="83" h="57" x="-0.843204" y="-3.042912">
   <element name="symbol0" layername="timeline_0" frame="0" z_index="3" m_a="1.000000" m_b="0.000000" m_c="0.000000" m_d="0.676076" m_tx="-0.843204" m_ty="-3.042912"/>
   <element name="symbol0" layername="timeline_1" frame="1" z_index="4" m_a="1.236210" m_b="0.000000" m_c="0.000000" m_d="0.802301" m_tx="2.358509" m_ty="2.437645"/>
  </frame>
  <frame idx="275" w="83" h="57" x="-0.843204" y="-3.042912">
   <element name="symbol0" layername="timeline_0" frame="0" z_index="3" m_a="1.000000" m_b="0.000000" m_c="0.000000" m_d="0.676076" m_tx="-0.843204" m_ty="-3.042912"/>
   <element name="symbol0" layername="timeline_1" frame="1" z_index="4" m_a="1.236210" m_b="0.000000" m_c="0.000000" m_d="0.802301" m_tx="2.358509" m_ty="2.437645"/>
  </frame>
  <frame idx="300" w="83" h="57" x="-0.843204" y="-3.042912">
   <element name="symbol0" layername="timeline_0" frame="0" z_index="3" m_a="1.000000" m_b="0.000000" m_c="0.000000" m_d="0.676076" m_tx="-0.843204" m_ty="-3.042912"/>
   <element name="symbol0" layername="timeline_1" frame="1" z_index="4" m_a="1.236210" m_b="0.000000" m_c="0.000000" m_d="0.802301" m_tx="2.358509" m_ty="2.437645"/>
  </frame>
  <frame idx="325" w="83" h="57" x="-0.843204" y="-3.042912">
   <element name="symbol0" layername="timeline_0" frame="0" z_index="3" m_a="1.000000" m_b="0.000000" m_c="0.000000" m_d="0.676076" m_tx="-0.843204" m_ty="-3.042912"/>
   <element name="symbol0" layername="timeline_1" frame="1" z_index="4" m_a="1.236210" m_b="0.000000" m_c="0.000000" m_d="0.802301" m_tx="2.358509" m_ty="2.437645"/>
  </frame>
  <frame idx="350" w="83" h="57" x="-0.843204" y="-3.042912">
   <element name="symbol0" layername="timeline_0" frame="0" z_index="3" m_a="1.000000" m_b="0.000000" m_c="0.000000" m_d="0.676076" m_tx="-0.843204" m_ty="-3.042912"/>
   <element name="symbol0" layername="timeline_1" frame="1" z_index="4" m_a="1.236210" m_b="0.000000" m_c="0.000000" m_d="0.802301" m_tx="2.358509" m_ty="2.437645"/>
  </frame>
  <frame idx="375" w="83" h="57" x="-0.843204" y="-3.042912">
   <element name="symbol0" layername="timeline_0" frame="0" z_index="3" m_a="1.000000" m_b="0.000000" m_c="0.000000" m_d="0.676076" m_tx="-0.843204" m_ty="-3.042912"/>
   <element name="symbol0" layername="timeline_1" frame="1" z_index="4" m_a="1.236210" m_b="0.000000" m_c="0.000000" m_d="0.802301" m_tx="2.358509" m_ty="2.437645"/>
  </frame>
  <frame idx="400" w="83" h="57" x="-0.843204" y="-3.042912">
   <element name="symbol0" layername="timeline_0" frame="0" z_index="3" m_a="1.000000" m_b="0.000000" m_c="0.000000" m_d="0.676076" m_tx="-0.843204" m_ty="-3.042912"/>
   <element name="symbol0" layername="timeline_1" frame="1" z_index="4" m_a="1.236210" m_b="0.000000" m_c="0.000000" m_d="0.802301" m_tx="2.358509" m_ty="2.437645"/>
  </frame>
  <frame idx="425" w="83" h="57" x="-0.843204" y="-3.042912">
   <element name="symbol0" layername="timeline_0" frame="0" z_index="3" m_a="1.000000" m_b="0.000000" m_c="0.000000" m_d="0.676076" m_tx="-0.843204" m_ty="-3.042912"/>
   <element name="symbol0" layername="timeline_1" frame="1" z_index="4" m_a="1.236210" m_b="0.000000" m_c="0.000000" m_d="0.802301" m_tx="2.358509" m_ty="2.437645"/>
  </frame>
  <frame idx="450" w="83" h="57" x="-0.843204" y="-3.042912">
   <element name="symbol0" layername="timeline_0" frame="0" z_index="3" m_a="1.000000" m_b="0.000000" m_c="0.000000" m_d="0.676076" m_tx="-0.843204" m_ty="-3.042912"/>
   <element name="symbol0" layername="timeline_1" frame="1" z_index="4" m_a="1.236210" m_b="0.000000" m_c="0.000000" m_d="0.802301" m_tx="2.358509" m_ty="2.437645"/>
  </frame>
  <frame idx="475" w="83" h="57" x="-0.843204" y="-3.042912">
   <element name="symbol0" layername="timeline_0" frame="0" z_index="3" m_a="1.000000" m_b="0.000000" m_c="0.000000" m_d="0.676076" m_tx="-0.843204" m_ty="-3.042912"/>
   <element name="symbol0" layername="timeline_1" frame="1" z_index="4" m_a="1.236210" m_b="0.000000" m_c="0.000000" m_d="0.802301" m_tx="2.358509" m_ty="2.437645"/>
  </frame>
  <frame idx="500" w="83" h="57" x="-0.843204" y="-3.042912">
   <element name="symbol0" layername="timeline_0" frame="0" z_index="3" m_a="1.000000" m_b="0.000000" m_c="0.000000" m_d="0.676076" m_tx="-0.843204" m_ty="-3.042912"/>
   <element name="symbol0" layername="timeline_1" frame="1" z_index="4" m_a="1.236210" m_b="0.000000" m_c="0.000000" m_d="0.802301" m_tx="2.358509" m_ty="2.437645"/>
  </frame>
  <frame idx="525" w="83" h="57" x="-0.843204" y="-3.042912">
   <element name="symbol0" layername="timeline_0" frame="0" z_index="3" m_a="1.000000" m_b="0.000000" m_c="0.000000" m_d="0.676076" m_tx="-0.843204" m_ty="-3.042912"/>
   <element name="symbol0" layername="timeline_1" frame="1" z_index="4" m_a="1.236210" m_b="0.000000" m_c="0.000000" m_d="0.802301" m_tx="2.358509" m_ty="2.437645"/>
  </frame>
  <frame idx="550" w="83" h="57" x="-0.843204" y="-3.042912">
   <element name="symbol0" layername="timeline_0" frame="0" z_index="3" m_a="1.000000" m_b="0.000000" m_c="0.000000" m_d="0.676076" m_tx="-0.843204" m_ty="-3.042912"/>
   <element name="symbol0" layername="timeline_1" frame="1" z_index="4" m_a="1.236210" m_b="0.000000" m_c="0.000000" m_d="0.802301" m_tx="2.358509" m_ty="2.437645"/>
  </frame>
  <frame idx="575" w="83" h="57" x="-0.843204" y="-3.042912">
   <element name="symbol0" layername="timeline_0" frame="0" z_index="3" m_a="1.000000" m_b="0.000000" m_c="0.000000" m_d="0.676076" m_tx="-0.843204" m_ty="-3.042912"/>
   <element name="symbol0" layername="timeline_1" frame="1" z_index="4" m_a="1.236210" m_b="0.000000" m_c="0.000000" m_d="0.802301" m_tx="2.358509" m_ty="2.437645"/>
  </frame>
  <frame idx="600" w="83" h="57" x="-0.843204" y="-3.042912">
   <element name="symbol0" layername="timeline_0" frame="0" z_index="3" m_a="1.000000" m_b="0.000000" m_c="0.000000" m_d="0.676076" m_tx="-0.843204" m_ty="-3.042912"/>
   <element name="symbol0" layername="timeline_1" frame="1" z_index="4" m_a="1.236210" m_b="0.000000" m_c="0.000000" m_d="0.802301" m_tx="2.358509" m_ty="2.437645"/>
  </frame>
  <frame idx="625" w="83" h="57" x="-0.843204" y="-3.042912">
   <element name="symbol0" layername="timeline_0" frame="0" z_index="3" m_a="1.000000" m_b="0.000000" m_c="0.000000" m_d="0.676076" m_tx="-0.843204" m_ty="-3.042912"/>
   <element name="symbol0" layername="timeline_1" frame="1" z_index="4" m_a="1.236210" m_b="0.000000" m_c="0.000000" m_d="0.802301" m_tx="2.358509" m_ty="2.437645"/>
  </frame>
  <frame idx="650" w="83" h="57" x="-0.843204" y="-3.042912">
   <element name="symbol0" layername="timeline_0" frame="0" z_index="3" m_a="1.000000" m_b="0.000000" m_c="0.000000" m_d="0.676076" m_tx="-0.843204" m_ty="-3.042912"/>
   <element name="symbol0" layername="timeline_1" frame="1" z_index="4" m_a="1.236210" m_b="0.000000" m_c="0.000000" m_d="0.802301" m_tx="2.358509" m_ty="2.437645"/>
  </frame>
  <frame idx="675" w="83" h="57" x="-0.843204" y="-3.042912">
   <element name="symbol0" layername="timeline_0" frame="0" z_index="3" m_a="1.000000" m_b="0.000000" m_c="0.000000" m_d="0.676076" m_tx="-0.843204" m_ty="-3.042912"/>
   <element name="symbol0" layername="timeline_1" frame="1" z_index="4" m_a="1.236210" m_b="0.000000" m_c="0.000000" m_d="0.802301" m_tx="2.358509" m_ty="2.437645"/>
  </frame>
  <frame idx="700" w="83" h="57" x="-0.843204" y="-3.042912">
   <element name="symbol0" layername="timeline_0" frame="0" z_index="3" m_a="1.000000" m_b="0.000000" m_c="0.000000" m_d="0.676076" m_tx="-0.843204" m_ty="-3.042912"/>
   <element name="symbol0" layername="timeline_1" frame="1" z_index="4" m_a="1.236210" m_b="0.000000" m_c="0.000000" m_d="0.802301" m_tx="2.358509" m_ty="2.437645"/>
  </frame>
  <frame idx="725" w="83" h="57" x="-0.843204" y="-3.042912">
   <element name="symbol0" layername="timeline_0" frame="0" z_index="3" m_a="1.000000" m_b="0.000000" m_c="0.000000" m_d="0.676076" m_tx="-0.843204" m_ty="-3.042912"/>
   <element name="symbol0" layername="timeline_1" frame="1" z_index="4" m_a="1.236210" m_b="0.000000" m_c="0.000000" m_d="0.802301" m_tx="2.358509" m_ty="2.437645"/>
  </frame>
  <frame idx="750" w="83" h="57" x="-0.843204" y="-3.042912">
   <element name="symbol0" layername="timeline_0" frame="0" z_index="3" m_a="1.000000" m_b="0.000000" m_c="0.000000" m_d="0.676076" m_tx="-0.843204" m_ty="-3.042912"/>
   <element name="symbol0" layername="timeline_1" frame="1" z_index="4" m_a="1.236210" m_b="0.000000" m_c="0.000000" m_d="0.802301" m_tx="2.358509" m_ty="2.437645"/>
  </frame>
  <frame idx="775" w="83" h="57" x="-0.843204" y="-3.042912">
   <element name="symbol0" layername="timeline_0" frame="0" z_index="3" m_a="1.000000" m_b="0.000000" m_c="0.000000" m_d="0.676076" m_tx="-0.843204" m_ty="-3.042912"/>
   <element name="symbol0" layername="timeline_1" frame="1" z_index="4" m_a="1.236210" m_b="0.000000" m_c="0.000000" m_d="0.802301" m_tx="2.358509" m_ty="2.437645"/>
  </frame>
  <frame idx="800" w="83" h="57" x="-0.843204" y="-3.042912">
   <element name="symbol0" layername="timeline_0" frame="0" z_index="3" m_a="1.000000" m_b="0.000000" m_c="0.000000" m_d="0.676076" m_tx="-0.843204" m_ty="-3.042912"/>
   <element name="symbol0" layername="timeline_1" frame="1" z_index="4" m_a="1.236210" m_b="0.000000" m_c="0.000000" m_d="0.802301" m_tx="2.358509" m_ty="2.437645"/>
  </frame>
  <frame idx="825" w="83" h="57" x="-0.843204" y="-3.042912">
   <element name="symbol0" layername="timeline_0" frame="0" z_index="3" m_a="1.000000" m_b="0.000000" m_c="0.000000" m_d="0.676076" m_tx="-0.843204" m_ty="-3.042912"/>
   <element name="symbol0" layername="timeline_1" frame="1" z_index="4" m_a="1.236210" m_b="0.000000" m_c="0.000000" m_d="0.802301" m_tx="2.358509" m_ty="2.437645"/>
  </frame>
  <frame idx="850" w="83" h="57" x="-0.843204" y="-3.042912">
   <element name="symbol0" layername="timeline_0" frame="0" z_index="3" m_a="1.000000" m_b="0.000000" m_c="0.000000" m_d="0.676076" m_tx="-0.843204" m_ty="-3.042912"/>
   <element name="symbol0" layername="timeline_1" frame="1" z_index="4" m_a="1.236210" m_b="0.000000" m_c="0.000000" m_d="0.802301" m_tx="2.358509" m_ty="2.437645"/>
  </frame>
  <frame idx="875" w="83" h="57" x="-0.843204" y="-3.042912">
   <element name="symbol0" layername="timeline_0" frame="0" z_index="3" m_a="1.000000" m_b="0.000000" m_c="0.000000" m_d="0.676076" m_tx="-0.843204" m_ty="-3.042912"/>
   <element name="symbol0" layername="timeline_1" frame="1" z_index="4" m_a="1.236210" m_b="0.000000" m_c="0.000000" m_d="0.802301" m_tx="2.358509" m_ty="2.437645"/>
  </frame>
  <frame idx="900" w="83" h="57" x="-0.843204" y="-3.042912">
   <element name="symbol0" layername="timeline_0" frame="0" z_index="3" m_a="1.000000" m_b="0.000000" m_c="0.000000" m_d="0.676076" m_tx="-0.843204" m_ty="-3.042912"/>
   <element name="symbol0" layername="timeline_1" frame="1" z_index="4" m_a="1.236210" m_b="0.000000" m_c="0.000000" m_d="0.802301" m_tx="2.358509" m_ty="2.437645"/>
  </frame>
  <frame idx="925" w="83" h="57" x="-0.843204" y="-3.042912">
   <element name="symbol0" layername="timeline_0" frame="0" z_index="3" m_a="1.000000" m_b="0.000000" m_c="0.000000" m_d="0.676076" m_tx="-0.843204" m_ty="-3.042912"/>
   <element name="symbol0" layername="timeline_1" frame="1" z_index="4" m_a="1.236210" m_b="0.000000" m_c="0.000000" m_d="0.802301" m_tx="2.358509" m_ty="2.437645"/>
  </frame>
  <frame idx="950" w="83" h="57" x="-0.843204" y="-3.042912">
   <element name="symbol0" layername="timeline_0" frame="0" z_index="3" m_a="1.000000" m_b="0.000000" m_c="0.000000" m_d="0.676076" m_tx="-0.843204" m_ty="-3.042912"/>
   <element name="symbol0" layername="timeline_1" frame="1" z_index="4" m_a="1.236210" m_b="0.000000" m_c="0.000000" m_d="0.802301" m_tx="2.358509" m_ty="2.437645"/>
  </frame>
  <frame idx="975" w="83" h="57" x="-0.843204" y="-3.042912">
   <element name="symbol0" layername="timeline_0" frame="0" z_index="3" m_a="1.000000" m_b="0.000000" m_c="0.000000" m_d="0.676076" m_tx="-0.843204" m_ty="-3.042912"/>
   <element name="symbol0" layername="timeline_1" frame="1" z_index="4" m_a="1.236210" m_b="0.000000" m_c="0.000000" m_d="0.802301" m_tx="2.358509" m_ty="2.437645"/>
  </frame>
 </anim>
 <anim name="idle_black" root="tea_leaves" numframes="1000" framerate="40">
  <frame idx="0" w="83" h="57" x="-0.843204" y="-3.042912">
   <element name="symbol0" layername="timeline_0" frame="2" z_index="3" m_a="1.000000" m_b="0.000000" m_c="0.000000" m_d="0.676076" m_tx="-0.843204" m_ty="-3.042912"/>
   <element name="symbol0" layername="timeline_1" frame="1" z_index="4" m_a="1.236210" m_b="0.000000" m_c="0.000000" m_d="0.802301" m_tx="2.358509" m_ty="2.437645"/>
  </frame>
  <frame idx="25" w="83" h="57" x="-0.843204" y="-3.042912">
   <element name="symbol0" layername="timeline_0" frame="2" z_index="3" m_a="1.000000" m_b="0.000000" m_c="0.000000" m_d="0.676076" m_tx="-0.843204" m_ty="-3.042912"/>
   <element name="symbol0" layername="timeline_1" frame="1" z_index="4" m_a="1.236210" m_b="0.000000" m_c="0.000000" m_d="0.802301" m_tx="2.358509" m_ty="2.437645"/>
  </frame>
  <frame idx="50" w="83" h="57" x="-0.843204" y="-3.042912">
   <element name="symbol0" layername="timeline_0" frame="2" z_index="3" m_a="1.000000" m_b="0.000000" m_c="0.000000" m_d="0.676076" m_tx="-0.843204" m_ty="-3.042912"/>
   <element name="symbol0" layername="timeline_1" frame="1" z_index="4" m_a="1.236210" m_b="0.000000" m_c="0.000000" m_d="0.802301" m_tx="2.358509" m_ty="2.437645"/>
  </frame>
  <frame idx="75" w="83" h="57" x="-0.843204" y="-3.042912">
   <element name="symbol0" layername="timeline_0" frame="2" z_index="3" m_a="1.000000" m_b="0.000000" m_c="0.000000" m_d="0.676076" m_tx="-0.843204" m_ty="-3.042912"/>
   <element name="symbol0" layername="timeline_1" frame="1" z_index="4" m_a="1.236210" m_b="0.000000" m_c="0.000000" m_d="0.802301" m_tx="2.358509" m_ty="2.437645"/>
  </frame>
  <frame idx="100" w="83" h="57" x="-0.843204" y="-3.042912">
   <element name="symbol0" layername="timeline_0" frame="2" z_index="3" m_a="1.000000" m_b="0.000000" m_c="0.000000" m_d="0.676076" m_tx="-0.843204" m_ty="-3.042912"/>
   <element name="symbol0" layername="timeline_1" frame="1" z_index="4" m_a="1.236210" m_b="0.000000" m_c="0.000000" m_d="0.802301" m_tx="2.358509" m_ty="2.437645"/>
  </frame>
  <frame idx="125" w="83" h="57" x="-0.843204" y="-3.042912">
   <element name="symbol0" layername="timeline_0" frame="2" z_index="3" m_a="1.000000" m_b="0.000000" m_c="0.000000" m_d="0.676076" m_tx="-0.843204" m_ty="-3.042912"/>
   <element name="symbol0" layername="timeline_1" frame="1" z_index="4" m_a="1.236210" m_b="0.000000" m_c="0.000000" m_d="0.802301" m_tx="2.358509" m_ty="2.437645"/>
  </frame>
  <frame idx="150" w="83" h="57" x="-0.843204" y="-3.042912">
   <element name="symbol0" layername="timeline_0" frame="2" z_index="3" m_a="1.000000" m_b="0.000000" m_c="0.000000" m_d="0.676076" m_tx="-0.843204" m_ty="-3.042912"/>
   <element name="symbol0" layername="timeline_1" frame="1" z_index="4" m_a="1.236210" m_b="0.000000" m_c="0.000000" m_d="0.802301" m_tx="2.358509" m_ty="2.437645"/>
  </frame>
  <frame idx="175" w="83" h="57" x="-0.843204" y="-3.042912">
   <element name="symbol0" layername="timeline_0" frame="2" z_index="3" m_a="1.000000" m_b="0.000000" m_c="0.000000" m_d="0.676076" m_tx="-0.843204" m_ty="-3.042912"/>
   <element name="symbol0" layername="timeline_1" frame="1" z_index="4" m_a="1.236210" m_b="0.000000" m_c="0.000000" m_d="0.802301" m_tx="2.358509" m_ty="2.437645"/>
  </frame>
  <frame idx="200" w="83" h="57" x="-0.843204" y="-3.042912">
   <element name="symbol0" layername="timeline_0" frame="2" z_index="3" m_a="1.000000" m_b="0.000000" m_c="0.000000" m_d="0.676076" m_tx="-0.843204" m_ty="-3.042912"/>
   <element name="symbol0" layername="timeline_1" frame="1" z_index="4" m_a="1.236210" m_b="0.000000" m_c="0.000000" m_d="0.802301" m_tx="2.358509" m_ty="2.437645"/>
  </frame>
  <frame idx="225" w="83" h="57" x="-0.843204" y="-3.042912">
   <element name="symbol0" layername="timeline_0" frame="2" z_index="3" m_a="1.000000" m_b="0.000000" m_c="0.000000" m_d="0.676076" m_tx="-0.843204" m_ty="-3.042912"/>
   <element name="symbol0" layername="timeline_1" frame="1" z_index="4" m_a="1.236210" m_b="0.000000" m_c="0.000000" m_d="0.802301" m_tx="2.358509" m_ty="2.437645"/>
  </frame>
  <frame idx="250" w="83" h="57" x="-0.843204" y="-3.042912">
   <element name="symbol0" layername="timeline_0" frame="2" z_index="3" m_a="1.000000" m_b="0.000000" m_c="0.000000" m_d="0.676076" m_tx="-0.843204" m_ty="-3.042912"/>
   <element name="symbol0" layername="timeline_1" frame="1" z_index="4" m_a="1.236210" m_b="0.000000" m_c="0.000000" m_d="0.802301" m_tx="2.358509" m_ty="2.437645"/>
  </frame>
  <frame idx="275" w="83" h="57" x="-0.843204" y="-3.042912">
   <element name="symbol0" layername="timeline_0" frame="2" z_index="3" m_a="1.000000" m_b="0.000000" m_c="0.000000" m_d="0.676076" m_tx="-0.843204" m_ty="-3.042912"/>
   <element name="symbol0" layername="timeline_1" frame="1" z_index="4" m_a="1.236210" m_b="0.000000" m_c="0.000000" m_d="0.802301" m_tx="2.358509" m_ty="2.437645"/>
  </frame>
  <frame idx="300" w="83" h="57" x="-0.843204" y="-3.042912">
   <element name="symbol0" layername="timeline_0" frame="2" z_index="3" m_a="1.000000" m_b="0.000000" m_c="0.000000" m_d="0.676076" m_tx="-0.843204" m_ty="-3.042912"/>
   <element name="symbol0" layername="timeline_1" frame="1" z_index="4" m_a="1.236210" m_b="0.000000" m_c="0.000000" m_d="0.802301" m_tx="2.358509" m_ty="2.437645"/>
  </frame>
  <frame idx="325" w="83" h="57" x="-0.843204" y="-3.042912">
   <element name="symbol0" layername="timeline_0" frame="2" z_index="3" m_a="1.000000" m_b="0.000000" m_c="0.000000" m_d="0.676076" m_tx="-0.843204" m_ty="-3.042912"/>
   <element name="symbol0" layername="timeline_1" frame="1" z_index="4" m_a="1.236210" m_b="0.000000" m_c="0.000000" m_d="0.802301" m_tx="2.358509" m_ty="2.437645"/>
  </frame>
  <frame idx="350" w="83" h="57" x="-0.843204" y="-3.042912">
   <element name="symbol0" layername="timeline_0" frame="2" z_index="3" m_a="1.000000" m_b="0.000000" m_c="0.000000" m_d="0.676076" m_tx="-0.843204" m_ty="-3.042912"/>
   <element name="symbol0" layername="timeline_1" frame="1" z_index="4" m_a="1.236210" m_b="0.000000" m_c="0.000000" m_d="0.802301" m_tx="2.358509" m_ty="2.437645"/>
  </frame>
  <frame idx="375" w="83" h="57" x="-0.843204" y="-3.042912">
   <element name="symbol0" layername="timeline_0" frame="2" z_index="3" m_a="1.000000" m_b="0.000000" m_c="0.000000" m_d="0.676076" m_tx="-0.843204" m_ty="-3.042912"/>
   <element name="symbol0" layername="timeline_1" frame="1" z_index="4" m_a="1.236210" m_b="0.000000" m_c="0.000000" m_d="0.802301" m_tx="2.358509" m_ty="2.437645"/>
  </frame>
  <frame idx="400" w="83" h="57" x="-0.843204" y="-3.042912">
   <element name="symbol0" layername="timeline_0" frame="2" z_index="3" m_a="1.000000" m_b="0.000000" m_c="0.000000" m_d="0.676076" m_tx="-0.843204" m_ty="-3.042912"/>
   <element name="symbol0" layername="timeline_1" frame="1" z_index="4" m_a="1.236210" m_b="0.000000" m_c="0.000000" m_d="0.802301" m_tx="2.358509" m_ty="2.437645"/>
  </frame>
  <frame idx="425" w="83" h="57" x="-0.843204" y="-3.042912">
   <element name="symbol0" layername="timeline_0" frame="2" z_index="3" m_a="1.000000" m_b="0.000000" m_c="0.000000" m_d="0.676076" m_tx="-0.843204" m_ty="-3.042912"/>
   <element name="symbol0" layername="timeline_1" frame="1" z_index="4" m_a="1.236210" m_b="0.000000" m_c="0.000000" m_d="0.802301" m_tx="2.358509" m_ty="2.437645"/>
  </frame>
  <frame idx="450" w="83" h="57" x="-0.843204" y="-3.042912">
   <element name="symbol0" layername="timeline_0" frame="2" z_index="3" m_a="1.000000" m_b="0.000000" m_c="0.000000" m_d="0.676076" m_tx="-0.843204" m_ty="-3.042912"/>
   <element name="symbol0" layername="timeline_1" frame="1" z_index="4" m_a="1.236210" m_b="0.000000" m_c="0.000000" m_d="0.802301" m_tx="2.358509" m_ty="2.437645"/>
  </frame>
  <frame idx="475" w="83" h="57" x="-0.843204" y="-3.042912">
   <element name="symbol0" layername="timeline_0" frame="2" z_index="3" m_a="1.000000" m_b="0.000000" m_c="0.000000" m_d="0.676076" m_tx="-0.843204" m_ty="-3.042912"/>
   <element name="symbol0" layername="timeline_1" frame="1" z_index="4" m_a="1.236210" m_b="0.000000" m_c="0.000000" m_d="0.802301" m_tx="2.358509" m_ty="2.437645"/>
  </frame>
  <frame idx="500" w="83" h="57" x="-0.843204" y="-3.042912">
   <element name="symbol0" layername="timeline_0" frame="2" z_index="3" m_a="1.000000" m_b="0.000000" m_c="0.000000" m_d="0.676076" m_tx="-0.843204" m_ty="-3.042912"/>
   <element name="symbol0" layername="timeline_1" frame="1" z_index="4" m_a="1.236210" m_b="0.000000" m_c="0.000000" m_d="0.802301" m_tx="2.358509" m_ty="2.437645"/>
  </frame>
  <frame idx="525" w="83" h="57" x="-0.843204" y="-3.042912">
   <element name="symbol0" layername="timeline_0" frame="2" z_index="3" m_a="1.000000" m_b="0.000000" m_c="0.000000" m_d="0.676076" m_tx="-0.843204" m_ty="-3.042912"/>
   <element name="symbol0" layername="timeline_1" frame="1" z_index="4" m_a="1.236210" m_b="0.000000" m_c="0.000000" m_d="0.802301" m_tx="2.358509" m_ty="2.437645"/>
  </frame>
  <frame idx="550" w="83" h="57" x="-0.843204" y="-3.042912">
   <element name="symbol0" layername="timeline_0" frame="2" z_index="3" m_a="1.000000" m_b="0.000000" m_c="0.000000" m_d="0.676076" m_tx="-0.843204" m_ty="-3.042912"/>
   <element name="symbol0" layername="timeline_1" frame="1" z_index="4" m_a="1.236210" m_b="0.000000" m_c="0.000000" m_d="0.802301" m_tx="2.358509" m_ty="2.437645"/>
  </frame>
  <frame idx="575" w="83" h="57" x="-0.843204" y="-3.042912">
   <element name="symbol0" layername="timeline_0" frame="2" z_index="3" m_a="1.000000" m_b="0.000000" m_c="0.000000" m_d="0.676076" m_tx="-0.843204" m_ty="-3.042912"/>
   <element name="symbol0" layername="timeline_1" frame="1" z_index="4" m_a="1.236210" m_b="0.000000" m_c="0.000000" m_d="0.802301" m_tx="2.358509" m_ty="2.437645"/>
  </frame>
  <frame idx="600" w="83" h="57" x="-0.843204" y="-3.042912">
   <element name="symbol0" layername="timeline_0" frame="2" z_index="3" m_a="1.000000" m_b="0.000000" m_c="0.000000" m_d="0.676076" m_tx="-0.843204" m_ty="-3.042912"/>
   <element name="symbol0" layername="timeline_1" frame="1" z_index="4" m_a="1.236210" m_b="0.000000" m_c="0.000000" m_d="0.802301" m_tx="2.358509" m_ty="2.437645"/>
  </frame>
  <frame idx="625" w="83" h="57" x="-0.843204" y="-3.042912">
   <element name="symbol0" layername="timeline_0" frame="2" z_index="3" m_a="1.000000" m_b="0.000000" m_c="0.000000" m_d="0.676076" m_tx="-0.843204" m_ty="-3.042912"/>
   <element name="symbol0" layername="timeline_1" frame="1" z_index="4" m_a="1.236210" m_b="0.000000" m_c="0.000000" m_d="0.802301" m_tx="2.358509" m_ty="2.437645"/>
  </frame>
  <frame idx="650" w="83" h="57" x="-0.843204" y="-3.042912">
   <element name="symbol0" layername="timeline_0" frame="2" z_index="3" m_a="1.000000" m_b="0.000000" m_c="0.000000" m_d="0.676076" m_tx="-0.843204" m_ty="-3.042912"/>
   <element name="symbol0" layername="timeline_1" frame="1" z_index="4" m_a="1.236210" m_b="0.000000" m_c="0.000000" m_d="0.802301" m_tx="2.358509" m_ty="2.437645"/>
  </frame>
  <frame idx="675" w="83" h="57" x="-0.843204" y="-3.042912">
   <element name="symbol0" layername="timeline_0" frame="2" z_index="3" m_a="1.000000" m_b="0.000000" m_c="0.000000" m_d="0.676076" m_tx="-0.843204" m_ty="-3.042912"/>
   <element name="symbol0" layername="timeline_1" frame="1" z_index="4" m_a="1.236210" m_b="0.000000" m_c="0.000000" m_d="0.802301" m_tx="2.358509" m_ty="2.437645"/>
  </frame>
  <frame idx="700" w="83" h="57" x="-0.843204" y="-3.042912">
   <element name="symbol0" layername="timeline_0" frame="2" z_index="3" m_a="1.000000" m_b="0.000000" m_c="0.000000" m_d="0.676076" m_tx="-0.843204" m_ty="-3.042912"/>
   <element name="symbol0" layername="timeline_1" frame="1" z_index="4" m_a="1.236210" m_b="0.000000" m_c="0.000000" m_d="0.802301" m_tx="2.358509" m_ty="2.437645"/>
  </frame>
  <frame idx="725" w="83" h="57" x="-0.843204" y="-3.042912">
   <element name="symbol0" layername="timeline_0" frame="2" z_index="3" m_a="1.000000" m_b="0.000000" m_c="0.000000" m_d="0.676076" m_tx="-0.843204" m_ty="-3.042912"/>
   <element name="symbol0" layername="timeline_1" frame="1" z_index="4" m_a="1.236210" m_b="0.000000" m_c="0.000000" m_d="0.802301" m_tx="2.358509" m_ty="2.437645"/>
  </frame>
  <frame idx="750" w="83" h="57" x="-0.843204" y="-3.042912">
   <element name="symbol0" layername="timeline_0" frame="2" z_index="3" m_a="1.000000" m_b="0.000000" m_c="0.000000" m_d="0.676076" m_tx="-0.843204" m_ty="-3.042912"/>
   <element name="symbol0" layername="timeline_1" frame="1" z_index="4" m_a="1.236210" m_b="0.000000" m_c="0.000000" m_d="0.802301" m_tx="2.358509" m_ty="2.437645"/>
  </frame>
  <frame idx="775" w="83" h="57" x="-0.843204" y="-3.042912">
   <element name="symbol0" layername="timeline_0" frame="2" z_index="3" m_a="1.000000" m_b="0.000000" m_c="0.000000" m_d="0.676076" m_tx="-0.843204" m_ty="-3.042912"/>
   <element name="symbol0" layername="timeline_1" frame="1" z_index="4" m_a="1.236210" m_b="0.000000" m_c="0.000000" m_d="0.802301" m_tx="2.358509" m_ty="2.437645"/>
  </frame>
  <frame idx="800" w="83" h="57" x="-0.843204" y="-3.042912">
   <element name="symbol0" layername="timeline_0" frame="2" z_index="3" m_a="1.000000" m_b="0.000000" m_c="0.000000" m_d="0.676076" m_tx="-0.843204" m_ty="-3.042912"/>
   <element name="symbol0" layername="timeline_1" frame="1" z_index="4" m_a="1.236210" m_b="0.000000" m_c="0.000000" m_d="0.802301" m_tx="2.358509" m_ty="2.437645"/>
  </frame>
  <frame idx="825" w="83" h="57" x="-0.843204" y="-3.042912">
   <element name="symbol0" layername="timeline_0" frame="2" z_index="3" m_a="1.000000" m_b="0.000000" m_c="0.000000" m_d="0.676076" m_tx="-0.843204" m_ty="-3.042912"/>
   <element name="symbol0" layername="timeline_1" frame="1" z_index="4" m_a="1.236210" m_b="0.000000" m_c="0.000000" m_d="0.802301" m_tx="2.358509" m_ty="2.437645"/>
  </frame>
  <frame idx="850" w="83" h="57" x="-0.843204" y="-3.042912">
   <element name="symbol0" layername="timeline_0" frame="2" z_index="3" m_a="1.000000" m_b="0.000000" m_c="0.000000" m_d="0.676076" m_tx="-0.843204" m_ty="-3.042912"/>
   <element name="symbol0" layername="timeline_1" frame="1" z_index="4" m_a="1.236210" m_b="0.000000" m_c="0.000000" m_d="0.802301" m_tx="2.358509" m_ty="2.437645"/>
  </frame>
  <frame idx="875" w="83" h="57" x="-0.843204" y="-3.042912">
   <element name="symbol0" layername="timeline_0" frame="2" z_index="3" m_a="1.000000" m_b="0.000000" m_c="0.000000" m_d="0.676076" m_tx="-0.843204" m_ty="-3.042912"/>
   <element name="symbol0" layername="timeline_1" frame="1" z_index="4" m_a="1.236210" m_b="0.000000" m_c="0.000000" m_d="0.802301" m_tx="2.358509" m_ty="2.437645"/>
  </frame>
  <frame idx="900" w="83" h="57" x="-0.843204" y="-3.042912">
   <element name="symbol0" layername="timeline_0" frame="2" z_index="3" m_a="1.000000" m_b="0.000000" m_c="0.000000" m_d="0.676076" m_tx="-0.843204" m_ty="-3.042912"/>
   <element name="symbol0" layername="timeline_1" frame="1" z_index="4" m_a="1.236210" m_b="0.000000" m_c="0.000000" m_d="0.802301" m_tx="2.358509" m_ty="2.437645"/>
  </frame>
  <frame idx="925" w="83" h="57" x="-0.843204" y="-3.042912">
   <element name="symbol0" layername="timeline_0" frame="2" z_index="3" m_a="1.000000" m_b="0.000000" m_c="0.000000" m_d="0.676076" m_tx="-0.843204" m_ty="-3.042912"/>
   <element name="symbol0" layername="timeline_1" frame="1" z_index="4" m_a="1.236210" m_b="0.000000" m_c="0.000000" m_d="0.802301" m_tx="2.358509" m_ty="2.437645"/>
  </frame>
  <frame idx="950" w="83" h="57" x="-0.843204" y="-3.042912">
   <element name="symbol0" layername="timeline_0" frame="2" z_index="3" m_a="1.000000" m_b="0.000000" m_c="0.000000" m_d="0.676076" m_tx="-0.843204" m_ty="-3.042912"/>
   <element name="symbol0" layername="timeline_1" frame="1" z_index="4" m_a="1.236210" m_b="0.000000" m_c="0.000000" m_d="0.802301" m_tx="2.358509" m_ty="2.437645"/>
  </frame>
  <frame idx="975" w="83" h="57" x="-0.843204" y="-3.042912">
   <element name="symbol0" layername="timeline_0" frame="2" z_index="3" m_a="1.000000" m_b="0.000000" m_c="0.000000" m_d="0.676076" m_tx="-0.843204" m_ty="-3.042912"/>
   <element name="symbol0" layername="timeline_1" frame="1" z_index="4" m_a="1.236210" m_b="0.000000" m_c="0.000000" m_d="0.802301" m_tx="2.358509" m_ty="2.437645"/>
  </frame>
 </anim>
</Anims>
