<Anims>
 <anim name="anim" root="whirlwind" numframes="25" framerate="40">
  <frame idx="0" w="586" h="726" x="-15.008614" y="-226.768555">
   <element name="spin" layername="timeline_0" frame="0" z_index="6" m_a="1.200000" m_b="0.000000" m_c="0.000000" m_d="1.200000" m_tx="-15.008614" m_ty="-226.768555"/>
  </frame>
 </anim>
 <anim name="spin_loop" root="whirlwind" numframes="2350" framerate="40">
  <frame idx="0" w="586" h="726" x="-15.008614" y="-226.768555">
   <element name="spin" layername="timeline_0" frame="0" z_index="6" m_a="1.200000" m_b="0.000000" m_c="0.000000" m_d="1.200000" m_tx="-15.008614" m_ty="-226.768555"/>
  </frame>
  <frame idx="25" w="586" h="726" x="-15.008614" y="-226.768555">
   <element name="spin" layername="timeline_0" frame="0" z_index="6" m_a="1.200000" m_b="0.000000" m_c="0.000000" m_d="1.200000" m_tx="-15.008614" m_ty="-226.768555"/>
  </frame>
  <frame idx="50" w="600" h="752" x="-12.365395" y="-217.012329">
   <element name="spin" layername="timeline_0" frame="1" z_index="6" m_a="1.200000" m_b="0.000000" m_c="0.000000" m_d="1.200000" m_tx="-12.365395" m_ty="-217.012329"/>
  </frame>
  <frame idx="75" w="648" h="792" x="-3.554710" y="-204.468643">
   <element name="spin" layername="timeline_0" frame="2" z_index="6" m_a="1.200000" m_b="0.000000" m_c="0.000000" m_d="1.200000" m_tx="-3.554710" m_ty="-204.468643"/>
  </frame>
  <frame idx="100" w="648" h="792" x="-3.554710" y="-204.468643">
   <element name="spin" layername="timeline_0" frame="2" z_index="6" m_a="1.200000" m_b="0.000000" m_c="0.000000" m_d="1.200000" m_tx="-3.554710" m_ty="-204.468643"/>
  </frame>
  <frame idx="125" w="644" h="798" x="-4.435776" y="-201.681152">
   <element name="spin" layername="timeline_0" frame="3" z_index="6" m_a="1.200000" m_b="0.000000" m_c="0.000000" m_d="1.200000" m_tx="-4.435776" m_ty="-201.681152"/>
  </frame>
  <frame idx="150" w="572" h="778" x="-17.651817" y="-204.468643">
   <element name="spin" layername="timeline_0" frame="4" z_index="6" m_a="1.200000" m_b="0.000000" m_c="0.000000" m_d="1.200000" m_tx="-17.651817" m_ty="-204.468643"/>
  </frame>
  <frame idx="175" w="572" h="784" x="-17.651817" y="-202.029602">
   <element name="spin" layername="timeline_0" frame="5" z_index="6" m_a="1.200000" m_b="0.000000" m_c="0.000000" m_d="1.200000" m_tx="-17.651817" m_ty="-202.029602"/>
  </frame>
  <frame idx="200" w="605" h="794" x="-11.484329" y="-200.287430">
   <element name="spin" layername="timeline_0" frame="6" z_index="6" m_a="1.200000" m_b="0.000000" m_c="0.000000" m_d="1.200000" m_tx="-11.484329" m_ty="-200.287430"/>
  </frame>
  <frame idx="225" w="605" h="794" x="-11.484329" y="-200.287430">
   <element name="spin" layername="timeline_0" frame="6" z_index="6" m_a="1.200000" m_b="0.000000" m_c="0.000000" m_d="1.200000" m_tx="-11.484329" m_ty="-200.287430"/>
  </frame>
  <frame idx="250" w="562" h="711" x="-19.413948" y="-230.949768">
   <element name="spin" layername="timeline_0" frame="7" z_index="6" m_a="1.200000" m_b="0.000000" m_c="0.000000" m_d="1.200000" m_tx="-19.413948" m_ty="-230.949768"/>
  </frame>
  <frame idx="275" w="596" h="704" x="-13.246460" y="-236.524734">
   <element name="spin" layername="timeline_0" frame="8" z_index="6" m_a="1.200000" m_b="0.000000" m_c="0.000000" m_d="1.200000" m_tx="-13.246460" m_ty="-236.524734"/>
  </frame>
  <frame idx="300" w="600" h="721" x="-12.365395" y="-229.904449">
   <element name="spin" layername="timeline_0" frame="9" z_index="6" m_a="1.200000" m_b="0.000000" m_c="0.000000" m_d="1.200000" m_tx="-12.365395" m_ty="-229.904449"/>
  </frame>
  <frame idx="325" w="600" h="721" x="-12.365395" y="-229.904449">
   <element name="spin" layername="timeline_0" frame="9" z_index="6" m_a="1.200000" m_b="0.000000" m_c="0.000000" m_d="1.200000" m_tx="-12.365395" m_ty="-229.904449"/>
  </frame>
  <frame idx="350" w="543" h="708" x="-22.938232" y="-230.949768">
   <element name="spin" layername="timeline_0" frame="10" z_index="6" m_a="1.200000" m_b="0.000000" m_c="0.000000" m_d="1.200000" m_tx="-22.938232" m_ty="-230.949768"/>
  </frame>
  <frame idx="375" w="495" h="709" x="-31.748924" y="-226.768555">
   <element name="spin" layername="timeline_0" frame="11" z_index="6" m_a="1.200000" m_b="0.000000" m_c="0.000000" m_d="1.200000" m_tx="-31.748924" m_ty="-226.768555"/>
  </frame>
  <frame idx="400" w="586" h="726" x="-15.008614" y="-226.768555">
   <element name="spin" layername="timeline_0" frame="0" z_index="6" m_a="1.200000" m_b="0.000000" m_c="0.000000" m_d="1.200000" m_tx="-15.008614" m_ty="-226.768555"/>
  </frame>
  <frame idx="425" w="586" h="726" x="-15.008614" y="-226.768555">
   <element name="spin" layername="timeline_0" frame="0" z_index="6" m_a="1.200000" m_b="0.000000" m_c="0.000000" m_d="1.200000" m_tx="-15.008614" m_ty="-226.768555"/>
  </frame>
  <frame idx="450" w="600" h="752" x="-12.365395" y="-217.012329">
   <element name="spin" layername="timeline_0" frame="1" z_index="6" m_a="1.200000" m_b="0.000000" m_c="0.000000" m_d="1.200000" m_tx="-12.365395" m_ty="-217.012329"/>
  </frame>
  <frame idx="475" w="648" h="792" x="-3.554710" y="-204.468643">
   <element name="spin" layername="timeline_0" frame="2" z_index="6" m_a="1.200000" m_b="0.000000" m_c="0.000000" m_d="1.200000" m_tx="-3.554710" m_ty="-204.468643"/>
  </frame>
  <frame idx="500" w="644" h="798" x="-4.435776" y="-201.681152">
   <element name="spin" layername="timeline_0" frame="3" z_index="6" m_a="1.200000" m_b="0.000000" m_c="0.000000" m_d="1.200000" m_tx="-4.435776" m_ty="-201.681152"/>
  </frame>
  <frame idx="525" w="644" h="798" x="-4.435776" y="-201.681152">
   <element name="spin" layername="timeline_0" frame="3" z_index="6" m_a="1.200000" m_b="0.000000" m_c="0.000000" m_d="1.200000" m_tx="-4.435776" m_ty="-201.681152"/>
  </frame>
  <frame idx="550" w="572" h="778" x="-17.651817" y="-204.468643">
   <element name="spin" layername="timeline_0" frame="4" z_index="6" m_a="1.200000" m_b="0.000000" m_c="0.000000" m_d="1.200000" m_tx="-17.651817" m_ty="-204.468643"/>
  </frame>
  <frame idx="575" w="572" h="784" x="-17.651817" y="-202.029602">
   <element name="spin" layername="timeline_0" frame="5" z_index="6" m_a="1.200000" m_b="0.000000" m_c="0.000000" m_d="1.200000" m_tx="-17.651817" m_ty="-202.029602"/>
  </frame>
  <frame idx="600" w="572" h="784" x="-17.651817" y="-202.029602">
   <element name="spin" layername="timeline_0" frame="5" z_index="6" m_a="1.200000" m_b="0.000000" m_c="0.000000" m_d="1.200000" m_tx="-17.651817" m_ty="-202.029602"/>
  </frame>
  <frame idx="625" w="605" h="794" x="-11.484329" y="-200.287430">
   <element name="spin" layername="timeline_0" frame="6" z_index="6" m_a="1.200000" m_b="0.000000" m_c="0.000000" m_d="1.200000" m_tx="-11.484329" m_ty="-200.287430"/>
  </frame>
  <frame idx="650" w="562" h="711" x="-19.413948" y="-230.949768">
   <element name="spin" layername="timeline_0" frame="7" z_index="6" m_a="1.200000" m_b="0.000000" m_c="0.000000" m_d="1.200000" m_tx="-19.413948" m_ty="-230.949768"/>
  </frame>
  <frame idx="675" w="596" h="704" x="-13.246460" y="-236.524734">
   <element name="spin" layername="timeline_0" frame="8" z_index="6" m_a="1.200000" m_b="0.000000" m_c="0.000000" m_d="1.200000" m_tx="-13.246460" m_ty="-236.524734"/>
  </frame>
  <frame idx="700" w="596" h="704" x="-13.246460" y="-236.524734">
   <element name="spin" layername="timeline_0" frame="8" z_index="6" m_a="1.200000" m_b="0.000000" m_c="0.000000" m_d="1.200000" m_tx="-13.246460" m_ty="-236.524734"/>
  </frame>
  <frame idx="725" w="600" h="721" x="-12.365395" y="-229.904449">
   <element name="spin" layername="timeline_0" frame="9" z_index="6" m_a="1.200000" m_b="0.000000" m_c="0.000000" m_d="1.200000" m_tx="-12.365395" m_ty="-229.904449"/>
  </frame>
  <frame idx="750" w="543" h="708" x="-22.938232" y="-230.949768">
   <element name="spin" layername="timeline_0" frame="10" z_index="6" m_a="1.200000" m_b="0.000000" m_c="0.000000" m_d="1.200000" m_tx="-22.938232" m_ty="-230.949768"/>
  </frame>
  <frame idx="775" w="495" h="709" x="-31.748924" y="-226.768555">
   <element name="spin" layername="timeline_0" frame="11" z_index="6" m_a="1.200000" m_b="0.000000" m_c="0.000000" m_d="1.200000" m_tx="-31.748924" m_ty="-226.768555"/>
  </frame>
  <frame idx="800" w="495" h="709" x="-31.748924" y="-226.768555">
   <element name="spin" layername="timeline_0" frame="11" z_index="6" m_a="1.200000" m_b="0.000000" m_c="0.000000" m_d="1.200000" m_tx="-31.748924" m_ty="-226.768555"/>
  </frame>
  <frame idx="825" w="586" h="726" x="-15.008614" y="-226.768555">
   <element name="spin" layername="timeline_0" frame="0" z_index="6" m_a="1.200000" m_b="0.000000" m_c="0.000000" m_d="1.200000" m_tx="-15.008614" m_ty="-226.768555"/>
  </frame>
  <frame idx="850" w="600" h="752" x="-12.365395" y="-217.012329">
   <element name="spin" layername="timeline_0" frame="1" z_index="6" m_a="1.200000" m_b="0.000000" m_c="0.000000" m_d="1.200000" m_tx="-12.365395" m_ty="-217.012329"/>
  </frame>
  <frame idx="875" w="648" h="792" x="-3.554710" y="-204.468643">
   <element name="spin" layername="timeline_0" frame="2" z_index="6" m_a="1.200000" m_b="0.000000" m_c="0.000000" m_d="1.200000" m_tx="-3.554710" m_ty="-204.468643"/>
  </frame>
  <frame idx="900" w="648" h="792" x="-3.554710" y="-204.468643">
   <element name="spin" layername="timeline_0" frame="2" z_index="6" m_a="1.200000" m_b="0.000000" m_c="0.000000" m_d="1.200000" m_tx="-3.554710" m_ty="-204.468643"/>
  </frame>
  <frame idx="925" w="644" h="798" x="-4.435776" y="-201.681152">
   <element name="spin" layername="timeline_0" frame="3" z_index="6" m_a="1.200000" m_b="0.000000" m_c="0.000000" m_d="1.200000" m_tx="-4.435776" m_ty="-201.681152"/>
  </frame>
  <frame idx="950" w="572" h="778" x="-17.651817" y="-204.468643">
   <element name="spin" layername="timeline_0" frame="4" z_index="6" m_a="1.200000" m_b="0.000000" m_c="0.000000" m_d="1.200000" m_tx="-17.651817" m_ty="-204.468643"/>
  </frame>
  <frame idx="975" w="572" h="784" x="-17.651817" y="-202.029602">
   <element name="spin" layername="timeline_0" frame="5" z_index="6" m_a="1.200000" m_b="0.000000" m_c="0.000000" m_d="1.200000" m_tx="-17.651817" m_ty="-202.029602"/>
  </frame>
  <frame idx="1000" w="572" h="784" x="-17.651817" y="-202.029602">
   <element name="spin" layername="timeline_0" frame="5" z_index="6" m_a="1.200000" m_b="0.000000" m_c="0.000000" m_d="1.200000" m_tx="-17.651817" m_ty="-202.029602"/>
  </frame>
  <frame idx="1025" w="605" h="794" x="-11.484329" y="-200.287430">
   <element name="spin" layername="timeline_0" frame="6" z_index="6" m_a="1.200000" m_b="0.000000" m_c="0.000000" m_d="1.200000" m_tx="-11.484329" m_ty="-200.287430"/>
  </frame>
  <frame idx="1050" w="562" h="711" x="-19.413948" y="-230.949768">
   <element name="spin" layername="timeline_0" frame="7" z_index="6" m_a="1.200000" m_b="0.000000" m_c="0.000000" m_d="1.200000" m_tx="-19.413948" m_ty="-230.949768"/>
  </frame>
  <frame idx="1075" w="596" h="704" x="-13.246460" y="-236.524734">
   <element name="spin" layername="timeline_0" frame="8" z_index="6" m_a="1.200000" m_b="0.000000" m_c="0.000000" m_d="1.200000" m_tx="-13.246460" m_ty="-236.524734"/>
  </frame>
  <frame idx="1100" w="596" h="704" x="-13.246460" y="-236.524734">
   <element name="spin" layername="timeline_0" frame="8" z_index="6" m_a="1.200000" m_b="0.000000" m_c="0.000000" m_d="1.200000" m_tx="-13.246460" m_ty="-236.524734"/>
  </frame>
  <frame idx="1125" w="600" h="721" x="-12.365395" y="-229.904449">
   <element name="spin" layername="timeline_0" frame="9" z_index="6" m_a="1.200000" m_b="0.000000" m_c="0.000000" m_d="1.200000" m_tx="-12.365395" m_ty="-229.904449"/>
  </frame>
  <frame idx="1150" w="543" h="708" x="-22.938232" y="-230.949768">
   <element name="spin" layername="timeline_0" frame="10" z_index="6" m_a="1.200000" m_b="0.000000" m_c="0.000000" m_d="1.200000" m_tx="-22.938232" m_ty="-230.949768"/>
  </frame>
  <frame idx="1175" w="495" h="709" x="-31.748924" y="-226.768555">
   <element name="spin" layername="timeline_0" frame="11" z_index="6" m_a="1.200000" m_b="0.000000" m_c="0.000000" m_d="1.200000" m_tx="-31.748924" m_ty="-226.768555"/>
  </frame>
  <frame idx="1200" w="495" h="709" x="-31.748924" y="-226.768555">
   <element name="spin" layername="timeline_0" frame="11" z_index="6" m_a="1.200000" m_b="0.000000" m_c="0.000000" m_d="1.200000" m_tx="-31.748924" m_ty="-226.768555"/>
  </frame>
  <frame idx="1225" w="586" h="726" x="-15.008614" y="-226.768555">
   <element name="spin" layername="timeline_0" frame="0" z_index="6" m_a="1.200000" m_b="0.000000" m_c="0.000000" m_d="1.200000" m_tx="-15.008614" m_ty="-226.768555"/>
  </frame>
  <frame idx="1250" w="600" h="752" x="-12.365395" y="-217.012329">
   <element name="spin" layername="timeline_0" frame="1" z_index="6" m_a="1.200000" m_b="0.000000" m_c="0.000000" m_d="1.200000" m_tx="-12.365395" m_ty="-217.012329"/>
  </frame>
  <frame idx="1275" w="648" h="792" x="-3.554710" y="-204.468643">
   <element name="spin" layername="timeline_0" frame="2" z_index="6" m_a="1.200000" m_b="0.000000" m_c="0.000000" m_d="1.200000" m_tx="-3.554710" m_ty="-204.468643"/>
  </frame>
  <frame idx="1300" w="648" h="792" x="-3.554710" y="-204.468643">
   <element name="spin" layername="timeline_0" frame="2" z_index="6" m_a="1.200000" m_b="0.000000" m_c="0.000000" m_d="1.200000" m_tx="-3.554710" m_ty="-204.468643"/>
  </frame>
  <frame idx="1325" w="644" h="798" x="-4.435776" y="-201.681152">
   <element name="spin" layername="timeline_0" frame="3" z_index="6" m_a="1.200000" m_b="0.000000" m_c="0.000000" m_d="1.200000" m_tx="-4.435776" m_ty="-201.681152"/>
  </frame>
  <frame idx="1350" w="572" h="778" x="-17.651817" y="-204.468643">
   <element name="spin" layername="timeline_0" frame="4" z_index="6" m_a="1.200000" m_b="0.000000" m_c="0.000000" m_d="1.200000" m_tx="-17.651817" m_ty="-204.468643"/>
  </frame>
  <frame idx="1375" w="572" h="784" x="-17.651817" y="-202.029602">
   <element name="spin" layername="timeline_0" frame="5" z_index="6" m_a="1.200000" m_b="0.000000" m_c="0.000000" m_d="1.200000" m_tx="-17.651817" m_ty="-202.029602"/>
  </frame>
  <frame idx="1400" w="605" h="794" x="-11.484329" y="-200.287430">
   <element name="spin" layername="timeline_0" frame="6" z_index="6" m_a="1.200000" m_b="0.000000" m_c="0.000000" m_d="1.200000" m_tx="-11.484329" m_ty="-200.287430"/>
  </frame>
  <frame idx="1425" w="605" h="794" x="-11.484329" y="-200.287430">
   <element name="spin" layername="timeline_0" frame="6" z_index="6" m_a="1.200000" m_b="0.000000" m_c="0.000000" m_d="1.200000" m_tx="-11.484329" m_ty="-200.287430"/>
  </frame>
  <frame idx="1450" w="562" h="711" x="-19.413948" y="-230.949768">
   <element name="spin" layername="timeline_0" frame="7" z_index="6" m_a="1.200000" m_b="0.000000" m_c="0.000000" m_d="1.200000" m_tx="-19.413948" m_ty="-230.949768"/>
  </frame>
  <frame idx="1475" w="596" h="704" x="-13.246460" y="-236.524734">
   <element name="spin" layername="timeline_0" frame="8" z_index="6" m_a="1.200000" m_b="0.000000" m_c="0.000000" m_d="1.200000" m_tx="-13.246460" m_ty="-236.524734"/>
  </frame>
  <frame idx="1500" w="600" h="721" x="-12.365395" y="-229.904449">
   <element name="spin" layername="timeline_0" frame="9" z_index="6" m_a="1.200000" m_b="0.000000" m_c="0.000000" m_d="1.200000" m_tx="-12.365395" m_ty="-229.904449"/>
  </frame>
  <frame idx="1525" w="600" h="721" x="-12.365395" y="-229.904449">
   <element name="spin" layername="timeline_0" frame="9" z_index="6" m_a="1.200000" m_b="0.000000" m_c="0.000000" m_d="1.200000" m_tx="-12.365395" m_ty="-229.904449"/>
  </frame>
  <frame idx="1550" w="543" h="708" x="-22.938232" y="-230.949768">
   <element name="spin" layername="timeline_0" frame="10" z_index="6" m_a="1.200000" m_b="0.000000" m_c="0.000000" m_d="1.200000" m_tx="-22.938232" m_ty="-230.949768"/>
  </frame>
  <frame idx="1575" w="495" h="709" x="-31.748924" y="-226.768555">
   <element name="spin" layername="timeline_0" frame="11" z_index="6" m_a="1.200000" m_b="0.000000" m_c="0.000000" m_d="1.200000" m_tx="-31.748924" m_ty="-226.768555"/>
  </frame>
  <frame idx="1600" w="586" h="726" x="-15.008614" y="-226.768555">
   <element name="spin" layername="timeline_0" frame="0" z_index="6" m_a="1.200000" m_b="0.000000" m_c="0.000000" m_d="1.200000" m_tx="-15.008614" m_ty="-226.768555"/>
  </frame>
  <frame idx="1625" w="586" h="726" x="-15.008614" y="-226.768555">
   <element name="spin" layername="timeline_0" frame="0" z_index="6" m_a="1.200000" m_b="0.000000" m_c="0.000000" m_d="1.200000" m_tx="-15.008614" m_ty="-226.768555"/>
  </frame>
  <frame idx="1650" w="600" h="752" x="-12.365395" y="-217.012329">
   <element name="spin" layername="timeline_0" frame="1" z_index="6" m_a="1.200000" m_b="0.000000" m_c="0.000000" m_d="1.200000" m_tx="-12.365395" m_ty="-217.012329"/>
  </frame>
  <frame idx="1675" w="648" h="792" x="-3.554710" y="-204.468643">
   <element name="spin" layername="timeline_0" frame="2" z_index="6" m_a="1.200000" m_b="0.000000" m_c="0.000000" m_d="1.200000" m_tx="-3.554710" m_ty="-204.468643"/>
  </frame>
  <frame idx="1700" w="644" h="798" x="-4.435776" y="-201.681152">
   <element name="spin" layername="timeline_0" frame="3" z_index="6" m_a="1.200000" m_b="0.000000" m_c="0.000000" m_d="1.200000" m_tx="-4.435776" m_ty="-201.681152"/>
  </frame>
  <frame idx="1725" w="644" h="798" x="-4.435776" y="-201.681152">
   <element name="spin" layername="timeline_0" frame="3" z_index="6" m_a="1.200000" m_b="0.000000" m_c="0.000000" m_d="1.200000" m_tx="-4.435776" m_ty="-201.681152"/>
  </frame>
  <frame idx="1750" w="572" h="778" x="-17.651817" y="-204.468643">
   <element name="spin" layername="timeline_0" frame="4" z_index="6" m_a="1.200000" m_b="0.000000" m_c="0.000000" m_d="1.200000" m_tx="-17.651817" m_ty="-204.468643"/>
  </frame>
  <frame idx="1775" w="572" h="784" x="-17.651817" y="-202.029602">
   <element name="spin" layername="timeline_0" frame="5" z_index="6" m_a="1.200000" m_b="0.000000" m_c="0.000000" m_d="1.200000" m_tx="-17.651817" m_ty="-202.029602"/>
  </frame>
  <frame idx="1800" w="605" h="794" x="-11.484329" y="-200.287430">
   <element name="spin" layername="timeline_0" frame="6" z_index="6" m_a="1.200000" m_b="0.000000" m_c="0.000000" m_d="1.200000" m_tx="-11.484329" m_ty="-200.287430"/>
  </frame>
  <frame idx="1825" w="605" h="794" x="-11.484329" y="-200.287430">
   <element name="spin" layername="timeline_0" frame="6" z_index="6" m_a="1.200000" m_b="0.000000" m_c="0.000000" m_d="1.200000" m_tx="-11.484329" m_ty="-200.287430"/>
  </frame>
  <frame idx="1850" w="562" h="711" x="-19.413948" y="-230.949768">
   <element name="spin" layername="timeline_0" frame="7" z_index="6" m_a="1.200000" m_b="0.000000" m_c="0.000000" m_d="1.200000" m_tx="-19.413948" m_ty="-230.949768"/>
  </frame>
  <frame idx="1875" w="596" h="704" x="-13.246460" y="-236.524734">
   <element name="spin" layername="timeline_0" frame="8" z_index="6" m_a="1.200000" m_b="0.000000" m_c="0.000000" m_d="1.200000" m_tx="-13.246460" m_ty="-236.524734"/>
  </frame>
  <frame idx="1900" w="600" h="721" x="-12.365395" y="-229.904449">
   <element name="spin" layername="timeline_0" frame="9" z_index="6" m_a="1.200000" m_b="0.000000" m_c="0.000000" m_d="1.200000" m_tx="-12.365395" m_ty="-229.904449"/>
  </frame>
  <frame idx="1925" w="600" h="721" x="-12.365395" y="-229.904449">
   <element name="spin" layername="timeline_0" frame="9" z_index="6" m_a="1.200000" m_b="0.000000" m_c="0.000000" m_d="1.200000" m_tx="-12.365395" m_ty="-229.904449"/>
  </frame>
  <frame idx="1950" w="543" h="708" x="-22.938232" y="-230.949768">
   <element name="spin" layername="timeline_0" frame="10" z_index="6" m_a="1.200000" m_b="0.000000" m_c="0.000000" m_d="1.200000" m_tx="-22.938232" m_ty="-230.949768"/>
  </frame>
  <frame idx="1975" w="495" h="709" x="-31.748924" y="-226.768555">
   <element name="spin" layername="timeline_0" frame="11" z_index="6" m_a="1.200000" m_b="0.000000" m_c="0.000000" m_d="1.200000" m_tx="-31.748924" m_ty="-226.768555"/>
  </frame>
  <frame idx="2000" w="586" h="726" x="-15.008614" y="-226.768555">
   <element name="spin" layername="timeline_0" frame="0" z_index="6" m_a="1.200000" m_b="0.000000" m_c="0.000000" m_d="1.200000" m_tx="-15.008614" m_ty="-226.768555"/>
  </frame>
  <frame idx="2025" w="586" h="726" x="-15.008614" y="-226.768555">
   <element name="spin" layername="timeline_0" frame="0" z_index="6" m_a="1.200000" m_b="0.000000" m_c="0.000000" m_d="1.200000" m_tx="-15.008614" m_ty="-226.768555"/>
  </frame>
  <frame idx="2050" w="600" h="752" x="-12.365395" y="-217.012329">
   <element name="spin" layername="timeline_0" frame="1" z_index="6" m_a="1.200000" m_b="0.000000" m_c="0.000000" m_d="1.200000" m_tx="-12.365395" m_ty="-217.012329"/>
  </frame>
  <frame idx="2075" w="648" h="792" x="-3.554710" y="-204.468643">
   <element name="spin" layername="timeline_0" frame="2" z_index="6" m_a="1.200000" m_b="0.000000" m_c="0.000000" m_d="1.200000" m_tx="-3.554710" m_ty="-204.468643"/>
  </frame>
  <frame idx="2100" w="644" h="798" x="-4.435776" y="-201.681152">
   <element name="spin" layername="timeline_0" frame="3" z_index="6" m_a="1.200000" m_b="0.000000" m_c="0.000000" m_d="1.200000" m_tx="-4.435776" m_ty="-201.681152"/>
  </frame>
  <frame idx="2125" w="644" h="798" x="-4.435776" y="-201.681152">
   <element name="spin" layername="timeline_0" frame="3" z_index="6" m_a="1.200000" m_b="0.000000" m_c="0.000000" m_d="1.200000" m_tx="-4.435776" m_ty="-201.681152"/>
  </frame>
  <frame idx="2150" w="572" h="778" x="-17.651817" y="-204.468643">
   <element name="spin" layername="timeline_0" frame="4" z_index="6" m_a="1.200000" m_b="0.000000" m_c="0.000000" m_d="1.200000" m_tx="-17.651817" m_ty="-204.468643"/>
  </frame>
  <frame idx="2175" w="572" h="784" x="-17.651817" y="-202.029602">
   <element name="spin" layername="timeline_0" frame="5" z_index="6" m_a="1.200000" m_b="0.000000" m_c="0.000000" m_d="1.200000" m_tx="-17.651817" m_ty="-202.029602"/>
  </frame>
  <frame idx="2200" w="605" h="794" x="-11.484329" y="-200.287430">
   <element name="spin" layername="timeline_0" frame="6" z_index="6" m_a="1.200000" m_b="0.000000" m_c="0.000000" m_d="1.200000" m_tx="-11.484329" m_ty="-200.287430"/>
  </frame>
  <frame idx="2225" w="605" h="794" x="-11.484329" y="-200.287430">
   <element name="spin" layername="timeline_0" frame="6" z_index="6" m_a="1.200000" m_b="0.000000" m_c="0.000000" m_d="1.200000" m_tx="-11.484329" m_ty="-200.287430"/>
  </frame>
  <frame idx="2250" w="562" h="711" x="-19.413948" y="-230.949768">
   <element name="spin" layername="timeline_0" frame="7" z_index="6" m_a="1.200000" m_b="0.000000" m_c="0.000000" m_d="1.200000" m_tx="-19.413948" m_ty="-230.949768"/>
  </frame>
  <frame idx="2275" w="596" h="704" x="-13.246460" y="-236.524734">
   <element name="spin" layername="timeline_0" frame="8" z_index="6" m_a="1.200000" m_b="0.000000" m_c="0.000000" m_d="1.200000" m_tx="-13.246460" m_ty="-236.524734"/>
  </frame>
  <frame idx="2300" w="600" h="721" x="-12.365395" y="-229.904449">
   <element name="spin" layername="timeline_0" frame="9" z_index="6" m_a="1.200000" m_b="0.000000" m_c="0.000000" m_d="1.200000" m_tx="-12.365395" m_ty="-229.904449"/>
  </frame>
  <frame idx="2325" w="600" h="721" x="-12.365395" y="-229.904449">
   <element name="spin" layername="timeline_0" frame="9" z_index="6" m_a="1.200000" m_b="0.000000" m_c="0.000000" m_d="1.200000" m_tx="-12.365395" m_ty="-229.904449"/>
  </frame>
 </anim>
 <anim name="tornado_pre" root="whirlwind" numframes="150" framerate="40">
  <frame idx="0" w="-2147483648" h="-2147483648" x="214306361125634048.000000" y="214306910881447936.000000"/>
  <frame idx="25" w="-2147483648" h="-2147483648" x="214306361125634048.000000" y="214306910881447936.000000"/>
  <frame idx="50" w="194" h="289" x="-14.524181" y="-205.710770">
   <element name="spin_fade" layername="timeline_0" frame="0" z_index="6" m_a="0.350433" m_b="0.000000" m_c="0.000000" m_d="0.228027" m_tx="-14.524181" m_ty="-205.710770"/>
  </frame>
  <frame idx="75" w="294" h="378" x="-14.524181" y="-205.710770">
   <element name="spin_fade" layername="timeline_0" frame="0" z_index="6" m_a="0.350433" m_b="0.000000" m_c="0.000000" m_d="0.228027" m_tx="-14.524181" m_ty="-205.710770"/>
   <element name="spin" layername="timeline_1" frame="8" z_index="6" m_a="0.579057" m_b="0.000000" m_c="0.000000" m_d="0.450175" m_tx="-8.675201" m_ty="-177.548538"/>
  </frame>
  <frame idx="100" w="309" h="373" x="-9.493378" y="-180.192245">
   <element name="spin" layername="timeline_1" frame="8" z_index="6" m_a="0.621545" m_b="0.000000" m_c="0.000000" m_d="0.503468" m_tx="-9.493378" m_ty="-180.192245"/>
  </frame>
  <frame idx="125" w="375" h="451" x="-11.413239" y="-183.912079">
   <element name="spin" layername="timeline_1" frame="9" z_index="6" m_a="0.749300" m_b="0.000000" m_c="0.000000" m_d="0.663748" m_tx="-11.413239" m_ty="-183.912079"/>
  </frame>
 </anim>
 <anim name="tornado_pst" root="whirlwind" numframes="325" framerate="40">
  <frame idx="0" w="586" h="726" x="-15.008614" y="-226.768555">
   <element name="spin" layername="timeline_0" frame="0" z_index="6" m_a="1.200000" m_b="0.000000" m_c="0.000000" m_d="1.200000" m_tx="-15.008614" m_ty="-226.768555"/>
  </frame>
  <frame idx="25" w="520" h="637" x="-16.512268" y="-199.672318">
   <element name="spin" layername="timeline_0" frame="0" z_index="6" m_a="1.065419" m_b="0.000000" m_c="0.000000" m_d="1.058301" m_tx="-16.512268" m_ty="-199.672318"/>
  </frame>
  <frame idx="50" w="471" h="575" x="-15.862305" y="-167.226868">
   <element name="spin" layername="timeline_0" frame="1" z_index="6" m_a="0.941884" m_b="0.000000" m_c="0.000000" m_d="0.928227" m_tx="-15.862305" m_ty="-167.226868"/>
  </frame>
  <frame idx="75" w="450" h="527" x="-11.271866" y="-137.572403">
   <element name="spin" layername="timeline_0" frame="2" z_index="6" m_a="0.832299" m_b="0.000000" m_c="0.000000" m_d="0.812837" m_tx="-11.271866" m_ty="-137.572403"/>
  </frame>
  <frame idx="100" w="400" h="460" x="-13.225075" y="-120.628426">
   <element name="spin" layername="timeline_0" frame="2" z_index="6" m_a="0.739154" m_b="0.000000" m_c="0.000000" m_d="0.714754" m_tx="-13.225075" m_ty="-120.628426"/>
  </frame>
  <frame idx="125" w="356" h="408" x="-15.258904" y="-105.435371">
   <element name="spin" layername="timeline_0" frame="3" z_index="6" m_a="0.663750" m_b="0.000000" m_c="0.000000" m_d="0.635380" m_tx="-15.258904" m_ty="-105.435371"/>
  </frame>
  <frame idx="150" w="287" h="354" x="-23.142643" y="-95.810455">
   <element name="spin" layername="timeline_0" frame="4" z_index="6" m_a="0.602751" m_b="0.000000" m_c="0.000000" m_d="0.571146" m_tx="-23.142643" m_ty="-95.810455"/>
  </frame>
  <frame idx="175" w="265" h="324" x="-23.585403" y="-86.295830">
   <element name="spin" layername="timeline_0" frame="5" z_index="6" m_a="0.556255" m_b="0.000000" m_c="0.000000" m_d="0.522180" m_tx="-23.585403" m_ty="-86.295830"/>
  </frame>
  <frame idx="200" w="265" h="305" x="-21.149841" y="-79.861198">
   <element name="spin" layername="timeline_0" frame="6" z_index="6" m_a="0.524246" m_b="0.000000" m_c="0.000000" m_d="0.488495" m_tx="-21.149841" m_ty="-79.861198"/>
  </frame>
  <frame idx="225" w="265" h="305" x="-21.149841" y="-79.861198">
   <element name="spin" layername="timeline_0" frame="6" z_index="6" m_a="0.524246" m_b="0.000000" m_c="0.000000" m_d="0.488495" m_tx="-21.149841" m_ty="-79.861198"/>
  </frame>
  <frame idx="250" w="319" h="384" x="-19.603359" y="-99.129387">
   <element name="spin" layername="timeline_0" frame="6" z_index="6" m_a="0.632367" m_b="0.000000" m_c="0.000000" m_d="0.602336" m_tx="-19.603359" m_ty="-99.129387"/>
   <element name="spin_fade" layername="timeline_1" frame="0" z_index="6" m_a="0.380688" m_b="0.000000" m_c="0.000000" m_d="0.368713" m_tx="4.139992" m_ty="-69.191895"/>
  </frame>
  <frame idx="275" w="119" h="169" x="27.622566" y="-43.894325">
   <element name="spin_fade" layername="timeline_1" frame="0" z_index="6" m_a="0.214516" m_b="0.000000" m_c="0.000000" m_d="0.226958" m_tx="27.622566" m_ty="-43.894325"/>
  </frame>
  <frame idx="300" w="70" h="93" x="9.705743" y="-25.696295">
   <element name="spin_fade" layername="timeline_1" frame="0" z_index="6" m_a="0.125229" m_b="0.000000" m_c="0.000000" m_d="0.132492" m_tx="9.705743" m_ty="-25.696295"/>
  </frame>
 </anim>
</Anims>
