<Anims>
 <anim name="1" root="crystal_wall" numframes="1000" framerate="40">
  <frame idx="0" w="258" h="646" x="-3.732178" y="-163.627197">
   <element name="symbol0" layername="timeline_0" frame="0" z_index="5" m_a="3.000000" m_b="0.000000" m_c="0.000000" m_d="3.000000" m_tx="-3.732178" m_ty="-163.627197"/>
  </frame>
  <frame idx="25" w="258" h="646" x="-3.732178" y="-163.627197">
   <element name="symbol0" layername="timeline_0" frame="0" z_index="5" m_a="3.000000" m_b="0.000000" m_c="0.000000" m_d="3.000000" m_tx="-3.732178" m_ty="-163.627197"/>
  </frame>
  <frame idx="50" w="258" h="646" x="-3.732178" y="-163.627197">
   <element name="symbol0" layername="timeline_0" frame="0" z_index="5" m_a="3.000000" m_b="0.000000" m_c="0.000000" m_d="3.000000" m_tx="-3.732178" m_ty="-163.627197"/>
  </frame>
  <frame idx="75" w="258" h="646" x="-3.732178" y="-163.627197">
   <element name="symbol0" layername="timeline_0" frame="0" z_index="5" m_a="3.000000" m_b="0.000000" m_c="0.000000" m_d="3.000000" m_tx="-3.732178" m_ty="-163.627197"/>
  </frame>
  <frame idx="100" w="258" h="646" x="-3.732178" y="-163.627197">
   <element name="symbol0" layername="timeline_0" frame="0" z_index="5" m_a="3.000000" m_b="0.000000" m_c="0.000000" m_d="3.000000" m_tx="-3.732178" m_ty="-163.627197"/>
  </frame>
  <frame idx="125" w="258" h="646" x="-3.732178" y="-163.627197">
   <element name="symbol0" layername="timeline_0" frame="0" z_index="5" m_a="3.000000" m_b="0.000000" m_c="0.000000" m_d="3.000000" m_tx="-3.732178" m_ty="-163.627197"/>
  </frame>
  <frame idx="150" w="258" h="646" x="-3.732178" y="-163.627197">
   <element name="symbol0" layername="timeline_0" frame="0" z_index="5" m_a="3.000000" m_b="0.000000" m_c="0.000000" m_d="3.000000" m_tx="-3.732178" m_ty="-163.627197"/>
  </frame>
  <frame idx="175" w="258" h="646" x="-3.732178" y="-163.627197">
   <element name="symbol0" layername="timeline_0" frame="0" z_index="5" m_a="3.000000" m_b="0.000000" m_c="0.000000" m_d="3.000000" m_tx="-3.732178" m_ty="-163.627197"/>
  </frame>
  <frame idx="200" w="258" h="646" x="-3.732178" y="-163.627197">
   <element name="symbol0" layername="timeline_0" frame="0" z_index="5" m_a="3.000000" m_b="0.000000" m_c="0.000000" m_d="3.000000" m_tx="-3.732178" m_ty="-163.627197"/>
  </frame>
  <frame idx="225" w="258" h="646" x="-3.732178" y="-163.627197">
   <element name="symbol0" layername="timeline_0" frame="0" z_index="5" m_a="3.000000" m_b="0.000000" m_c="0.000000" m_d="3.000000" m_tx="-3.732178" m_ty="-163.627197"/>
  </frame>
  <frame idx="250" w="258" h="646" x="-3.732178" y="-163.627197">
   <element name="symbol0" layername="timeline_0" frame="0" z_index="5" m_a="3.000000" m_b="0.000000" m_c="0.000000" m_d="3.000000" m_tx="-3.732178" m_ty="-163.627197"/>
  </frame>
  <frame idx="275" w="258" h="646" x="-3.732178" y="-163.627197">
   <element name="symbol0" layername="timeline_0" frame="0" z_index="5" m_a="3.000000" m_b="0.000000" m_c="0.000000" m_d="3.000000" m_tx="-3.732178" m_ty="-163.627197"/>
  </frame>
  <frame idx="300" w="258" h="646" x="-3.732178" y="-163.627197">
   <element name="symbol0" layername="timeline_0" frame="0" z_index="5" m_a="3.000000" m_b="0.000000" m_c="0.000000" m_d="3.000000" m_tx="-3.732178" m_ty="-163.627197"/>
  </frame>
  <frame idx="325" w="258" h="646" x="-3.732178" y="-163.627197">
   <element name="symbol0" layername="timeline_0" frame="0" z_index="5" m_a="3.000000" m_b="0.000000" m_c="0.000000" m_d="3.000000" m_tx="-3.732178" m_ty="-163.627197"/>
  </frame>
  <frame idx="350" w="258" h="646" x="-3.732178" y="-163.627197">
   <element name="symbol0" layername="timeline_0" frame="0" z_index="5" m_a="3.000000" m_b="0.000000" m_c="0.000000" m_d="3.000000" m_tx="-3.732178" m_ty="-163.627197"/>
  </frame>
  <frame idx="375" w="258" h="646" x="-3.732178" y="-163.627197">
   <element name="symbol0" layername="timeline_0" frame="0" z_index="5" m_a="3.000000" m_b="0.000000" m_c="0.000000" m_d="3.000000" m_tx="-3.732178" m_ty="-163.627197"/>
  </frame>
  <frame idx="400" w="258" h="646" x="-3.732178" y="-163.627197">
   <element name="symbol0" layername="timeline_0" frame="0" z_index="5" m_a="3.000000" m_b="0.000000" m_c="0.000000" m_d="3.000000" m_tx="-3.732178" m_ty="-163.627197"/>
  </frame>
  <frame idx="425" w="258" h="646" x="-3.732178" y="-163.627197">
   <element name="symbol0" layername="timeline_0" frame="0" z_index="5" m_a="3.000000" m_b="0.000000" m_c="0.000000" m_d="3.000000" m_tx="-3.732178" m_ty="-163.627197"/>
  </frame>
  <frame idx="450" w="258" h="646" x="-3.732178" y="-163.627197">
   <element name="symbol0" layername="timeline_0" frame="0" z_index="5" m_a="3.000000" m_b="0.000000" m_c="0.000000" m_d="3.000000" m_tx="-3.732178" m_ty="-163.627197"/>
  </frame>
  <frame idx="475" w="258" h="646" x="-3.732178" y="-163.627197">
   <element name="symbol0" layername="timeline_0" frame="0" z_index="5" m_a="3.000000" m_b="0.000000" m_c="0.000000" m_d="3.000000" m_tx="-3.732178" m_ty="-163.627197"/>
  </frame>
  <frame idx="500" w="258" h="646" x="-3.732178" y="-163.627197">
   <element name="symbol0" layername="timeline_0" frame="0" z_index="5" m_a="3.000000" m_b="0.000000" m_c="0.000000" m_d="3.000000" m_tx="-3.732178" m_ty="-163.627197"/>
  </frame>
  <frame idx="525" w="258" h="646" x="-3.732178" y="-163.627197">
   <element name="symbol0" layername="timeline_0" frame="0" z_index="5" m_a="3.000000" m_b="0.000000" m_c="0.000000" m_d="3.000000" m_tx="-3.732178" m_ty="-163.627197"/>
  </frame>
  <frame idx="550" w="258" h="646" x="-3.732178" y="-163.627197">
   <element name="symbol0" layername="timeline_0" frame="0" z_index="5" m_a="3.000000" m_b="0.000000" m_c="0.000000" m_d="3.000000" m_tx="-3.732178" m_ty="-163.627197"/>
  </frame>
  <frame idx="575" w="258" h="646" x="-3.732178" y="-163.627197">
   <element name="symbol0" layername="timeline_0" frame="0" z_index="5" m_a="3.000000" m_b="0.000000" m_c="0.000000" m_d="3.000000" m_tx="-3.732178" m_ty="-163.627197"/>
  </frame>
  <frame idx="600" w="258" h="646" x="-3.732178" y="-163.627197">
   <element name="symbol0" layername="timeline_0" frame="0" z_index="5" m_a="3.000000" m_b="0.000000" m_c="0.000000" m_d="3.000000" m_tx="-3.732178" m_ty="-163.627197"/>
  </frame>
  <frame idx="625" w="258" h="646" x="-3.732178" y="-163.627197">
   <element name="symbol0" layername="timeline_0" frame="0" z_index="5" m_a="3.000000" m_b="0.000000" m_c="0.000000" m_d="3.000000" m_tx="-3.732178" m_ty="-163.627197"/>
  </frame>
  <frame idx="650" w="258" h="646" x="-3.732178" y="-163.627197">
   <element name="symbol0" layername="timeline_0" frame="0" z_index="5" m_a="3.000000" m_b="0.000000" m_c="0.000000" m_d="3.000000" m_tx="-3.732178" m_ty="-163.627197"/>
  </frame>
  <frame idx="675" w="258" h="646" x="-3.732178" y="-163.627197">
   <element name="symbol0" layername="timeline_0" frame="0" z_index="5" m_a="3.000000" m_b="0.000000" m_c="0.000000" m_d="3.000000" m_tx="-3.732178" m_ty="-163.627197"/>
  </frame>
  <frame idx="700" w="258" h="646" x="-3.732178" y="-163.627197">
   <element name="symbol0" layername="timeline_0" frame="0" z_index="5" m_a="3.000000" m_b="0.000000" m_c="0.000000" m_d="3.000000" m_tx="-3.732178" m_ty="-163.627197"/>
  </frame>
  <frame idx="725" w="258" h="646" x="-3.732178" y="-163.627197">
   <element name="symbol0" layername="timeline_0" frame="0" z_index="5" m_a="3.000000" m_b="0.000000" m_c="0.000000" m_d="3.000000" m_tx="-3.732178" m_ty="-163.627197"/>
  </frame>
  <frame idx="750" w="258" h="646" x="-3.732178" y="-163.627197">
   <element name="symbol0" layername="timeline_0" frame="0" z_index="5" m_a="3.000000" m_b="0.000000" m_c="0.000000" m_d="3.000000" m_tx="-3.732178" m_ty="-163.627197"/>
  </frame>
  <frame idx="775" w="258" h="646" x="-3.732178" y="-163.627197">
   <element name="symbol0" layername="timeline_0" frame="0" z_index="5" m_a="3.000000" m_b="0.000000" m_c="0.000000" m_d="3.000000" m_tx="-3.732178" m_ty="-163.627197"/>
  </frame>
  <frame idx="800" w="258" h="646" x="-3.732178" y="-163.627197">
   <element name="symbol0" layername="timeline_0" frame="0" z_index="5" m_a="3.000000" m_b="0.000000" m_c="0.000000" m_d="3.000000" m_tx="-3.732178" m_ty="-163.627197"/>
  </frame>
  <frame idx="825" w="258" h="646" x="-3.732178" y="-163.627197">
   <element name="symbol0" layername="timeline_0" frame="0" z_index="5" m_a="3.000000" m_b="0.000000" m_c="0.000000" m_d="3.000000" m_tx="-3.732178" m_ty="-163.627197"/>
  </frame>
  <frame idx="850" w="258" h="646" x="-3.732178" y="-163.627197">
   <element name="symbol0" layername="timeline_0" frame="0" z_index="5" m_a="3.000000" m_b="0.000000" m_c="0.000000" m_d="3.000000" m_tx="-3.732178" m_ty="-163.627197"/>
  </frame>
  <frame idx="875" w="258" h="646" x="-3.732178" y="-163.627197">
   <element name="symbol0" layername="timeline_0" frame="0" z_index="5" m_a="3.000000" m_b="0.000000" m_c="0.000000" m_d="3.000000" m_tx="-3.732178" m_ty="-163.627197"/>
  </frame>
  <frame idx="900" w="258" h="646" x="-3.732178" y="-163.627197">
   <element name="symbol0" layername="timeline_0" frame="0" z_index="5" m_a="3.000000" m_b="0.000000" m_c="0.000000" m_d="3.000000" m_tx="-3.732178" m_ty="-163.627197"/>
  </frame>
  <frame idx="925" w="258" h="646" x="-3.732178" y="-163.627197">
   <element name="symbol0" layername="timeline_0" frame="0" z_index="5" m_a="3.000000" m_b="0.000000" m_c="0.000000" m_d="3.000000" m_tx="-3.732178" m_ty="-163.627197"/>
  </frame>
  <frame idx="950" w="258" h="646" x="-3.732178" y="-163.627197">
   <element name="symbol0" layername="timeline_0" frame="0" z_index="5" m_a="3.000000" m_b="0.000000" m_c="0.000000" m_d="3.000000" m_tx="-3.732178" m_ty="-163.627197"/>
  </frame>
  <frame idx="975" w="258" h="646" x="-3.732178" y="-163.627197">
   <element name="symbol0" layername="timeline_0" frame="0" z_index="5" m_a="3.000000" m_b="0.000000" m_c="0.000000" m_d="3.000000" m_tx="-3.732178" m_ty="-163.627197"/>
  </frame>
 </anim>
 <anim name="1_2" root="crystal_wall" numframes="1000" framerate="40">
  <frame idx="0" w="258" h="406" x="-1.974579" y="-77.766022">
   <element name="symbol0" layername="timeline_0" frame="1" z_index="5" m_a="3.000000" m_b="0.000000" m_c="0.000000" m_d="3.000000" m_tx="-1.974579" m_ty="-77.766022"/>
  </frame>
  <frame idx="25" w="258" h="406" x="-1.974579" y="-77.766022">
   <element name="symbol0" layername="timeline_0" frame="1" z_index="5" m_a="3.000000" m_b="0.000000" m_c="0.000000" m_d="3.000000" m_tx="-1.974579" m_ty="-77.766022"/>
  </frame>
  <frame idx="50" w="258" h="406" x="-1.974579" y="-77.766022">
   <element name="symbol0" layername="timeline_0" frame="1" z_index="5" m_a="3.000000" m_b="0.000000" m_c="0.000000" m_d="3.000000" m_tx="-1.974579" m_ty="-77.766022"/>
  </frame>
  <frame idx="75" w="258" h="406" x="-1.974579" y="-77.766022">
   <element name="symbol0" layername="timeline_0" frame="1" z_index="5" m_a="3.000000" m_b="0.000000" m_c="0.000000" m_d="3.000000" m_tx="-1.974579" m_ty="-77.766022"/>
  </frame>
  <frame idx="100" w="258" h="406" x="-1.974579" y="-77.766022">
   <element name="symbol0" layername="timeline_0" frame="1" z_index="5" m_a="3.000000" m_b="0.000000" m_c="0.000000" m_d="3.000000" m_tx="-1.974579" m_ty="-77.766022"/>
  </frame>
  <frame idx="125" w="258" h="406" x="-1.974579" y="-77.766022">
   <element name="symbol0" layername="timeline_0" frame="1" z_index="5" m_a="3.000000" m_b="0.000000" m_c="0.000000" m_d="3.000000" m_tx="-1.974579" m_ty="-77.766022"/>
  </frame>
  <frame idx="150" w="258" h="406" x="-1.974579" y="-77.766022">
   <element name="symbol0" layername="timeline_0" frame="1" z_index="5" m_a="3.000000" m_b="0.000000" m_c="0.000000" m_d="3.000000" m_tx="-1.974579" m_ty="-77.766022"/>
  </frame>
  <frame idx="175" w="258" h="406" x="-1.974579" y="-77.766022">
   <element name="symbol0" layername="timeline_0" frame="1" z_index="5" m_a="3.000000" m_b="0.000000" m_c="0.000000" m_d="3.000000" m_tx="-1.974579" m_ty="-77.766022"/>
  </frame>
  <frame idx="200" w="258" h="406" x="-1.974579" y="-77.766022">
   <element name="symbol0" layername="timeline_0" frame="1" z_index="5" m_a="3.000000" m_b="0.000000" m_c="0.000000" m_d="3.000000" m_tx="-1.974579" m_ty="-77.766022"/>
  </frame>
  <frame idx="225" w="258" h="406" x="-1.974579" y="-77.766022">
   <element name="symbol0" layername="timeline_0" frame="1" z_index="5" m_a="3.000000" m_b="0.000000" m_c="0.000000" m_d="3.000000" m_tx="-1.974579" m_ty="-77.766022"/>
  </frame>
  <frame idx="250" w="258" h="406" x="-1.974579" y="-77.766022">
   <element name="symbol0" layername="timeline_0" frame="1" z_index="5" m_a="3.000000" m_b="0.000000" m_c="0.000000" m_d="3.000000" m_tx="-1.974579" m_ty="-77.766022"/>
  </frame>
  <frame idx="275" w="258" h="406" x="-1.974579" y="-77.766022">
   <element name="symbol0" layername="timeline_0" frame="1" z_index="5" m_a="3.000000" m_b="0.000000" m_c="0.000000" m_d="3.000000" m_tx="-1.974579" m_ty="-77.766022"/>
  </frame>
  <frame idx="300" w="258" h="406" x="-1.974579" y="-77.766022">
   <element name="symbol0" layername="timeline_0" frame="1" z_index="5" m_a="3.000000" m_b="0.000000" m_c="0.000000" m_d="3.000000" m_tx="-1.974579" m_ty="-77.766022"/>
  </frame>
  <frame idx="325" w="258" h="406" x="-1.974579" y="-77.766022">
   <element name="symbol0" layername="timeline_0" frame="1" z_index="5" m_a="3.000000" m_b="0.000000" m_c="0.000000" m_d="3.000000" m_tx="-1.974579" m_ty="-77.766022"/>
  </frame>
  <frame idx="350" w="258" h="406" x="-1.974579" y="-77.766022">
   <element name="symbol0" layername="timeline_0" frame="1" z_index="5" m_a="3.000000" m_b="0.000000" m_c="0.000000" m_d="3.000000" m_tx="-1.974579" m_ty="-77.766022"/>
  </frame>
  <frame idx="375" w="258" h="406" x="-1.974579" y="-77.766022">
   <element name="symbol0" layername="timeline_0" frame="1" z_index="5" m_a="3.000000" m_b="0.000000" m_c="0.000000" m_d="3.000000" m_tx="-1.974579" m_ty="-77.766022"/>
  </frame>
  <frame idx="400" w="258" h="406" x="-1.974579" y="-77.766022">
   <element name="symbol0" layername="timeline_0" frame="1" z_index="5" m_a="3.000000" m_b="0.000000" m_c="0.000000" m_d="3.000000" m_tx="-1.974579" m_ty="-77.766022"/>
  </frame>
  <frame idx="425" w="258" h="406" x="-1.974579" y="-77.766022">
   <element name="symbol0" layername="timeline_0" frame="1" z_index="5" m_a="3.000000" m_b="0.000000" m_c="0.000000" m_d="3.000000" m_tx="-1.974579" m_ty="-77.766022"/>
  </frame>
  <frame idx="450" w="258" h="406" x="-1.974579" y="-77.766022">
   <element name="symbol0" layername="timeline_0" frame="1" z_index="5" m_a="3.000000" m_b="0.000000" m_c="0.000000" m_d="3.000000" m_tx="-1.974579" m_ty="-77.766022"/>
  </frame>
  <frame idx="475" w="258" h="406" x="-1.974579" y="-77.766022">
   <element name="symbol0" layername="timeline_0" frame="1" z_index="5" m_a="3.000000" m_b="0.000000" m_c="0.000000" m_d="3.000000" m_tx="-1.974579" m_ty="-77.766022"/>
  </frame>
  <frame idx="500" w="258" h="406" x="-1.974579" y="-77.766022">
   <element name="symbol0" layername="timeline_0" frame="1" z_index="5" m_a="3.000000" m_b="0.000000" m_c="0.000000" m_d="3.000000" m_tx="-1.974579" m_ty="-77.766022"/>
  </frame>
  <frame idx="525" w="258" h="406" x="-1.974579" y="-77.766022">
   <element name="symbol0" layername="timeline_0" frame="1" z_index="5" m_a="3.000000" m_b="0.000000" m_c="0.000000" m_d="3.000000" m_tx="-1.974579" m_ty="-77.766022"/>
  </frame>
  <frame idx="550" w="258" h="406" x="-1.974579" y="-77.766022">
   <element name="symbol0" layername="timeline_0" frame="1" z_index="5" m_a="3.000000" m_b="0.000000" m_c="0.000000" m_d="3.000000" m_tx="-1.974579" m_ty="-77.766022"/>
  </frame>
  <frame idx="575" w="258" h="406" x="-1.974579" y="-77.766022">
   <element name="symbol0" layername="timeline_0" frame="1" z_index="5" m_a="3.000000" m_b="0.000000" m_c="0.000000" m_d="3.000000" m_tx="-1.974579" m_ty="-77.766022"/>
  </frame>
  <frame idx="600" w="258" h="406" x="-1.974579" y="-77.766022">
   <element name="symbol0" layername="timeline_0" frame="1" z_index="5" m_a="3.000000" m_b="0.000000" m_c="0.000000" m_d="3.000000" m_tx="-1.974579" m_ty="-77.766022"/>
  </frame>
  <frame idx="625" w="258" h="406" x="-1.974579" y="-77.766022">
   <element name="symbol0" layername="timeline_0" frame="1" z_index="5" m_a="3.000000" m_b="0.000000" m_c="0.000000" m_d="3.000000" m_tx="-1.974579" m_ty="-77.766022"/>
  </frame>
  <frame idx="650" w="258" h="406" x="-1.974579" y="-77.766022">
   <element name="symbol0" layername="timeline_0" frame="1" z_index="5" m_a="3.000000" m_b="0.000000" m_c="0.000000" m_d="3.000000" m_tx="-1.974579" m_ty="-77.766022"/>
  </frame>
  <frame idx="675" w="258" h="406" x="-1.974579" y="-77.766022">
   <element name="symbol0" layername="timeline_0" frame="1" z_index="5" m_a="3.000000" m_b="0.000000" m_c="0.000000" m_d="3.000000" m_tx="-1.974579" m_ty="-77.766022"/>
  </frame>
  <frame idx="700" w="258" h="406" x="-1.974579" y="-77.766022">
   <element name="symbol0" layername="timeline_0" frame="1" z_index="5" m_a="3.000000" m_b="0.000000" m_c="0.000000" m_d="3.000000" m_tx="-1.974579" m_ty="-77.766022"/>
  </frame>
  <frame idx="725" w="258" h="406" x="-1.974579" y="-77.766022">
   <element name="symbol0" layername="timeline_0" frame="1" z_index="5" m_a="3.000000" m_b="0.000000" m_c="0.000000" m_d="3.000000" m_tx="-1.974579" m_ty="-77.766022"/>
  </frame>
  <frame idx="750" w="258" h="406" x="-1.974579" y="-77.766022">
   <element name="symbol0" layername="timeline_0" frame="1" z_index="5" m_a="3.000000" m_b="0.000000" m_c="0.000000" m_d="3.000000" m_tx="-1.974579" m_ty="-77.766022"/>
  </frame>
  <frame idx="775" w="258" h="406" x="-1.974579" y="-77.766022">
   <element name="symbol0" layername="timeline_0" frame="1" z_index="5" m_a="3.000000" m_b="0.000000" m_c="0.000000" m_d="3.000000" m_tx="-1.974579" m_ty="-77.766022"/>
  </frame>
  <frame idx="800" w="258" h="406" x="-1.974579" y="-77.766022">
   <element name="symbol0" layername="timeline_0" frame="1" z_index="5" m_a="3.000000" m_b="0.000000" m_c="0.000000" m_d="3.000000" m_tx="-1.974579" m_ty="-77.766022"/>
  </frame>
  <frame idx="825" w="258" h="406" x="-1.974579" y="-77.766022">
   <element name="symbol0" layername="timeline_0" frame="1" z_index="5" m_a="3.000000" m_b="0.000000" m_c="0.000000" m_d="3.000000" m_tx="-1.974579" m_ty="-77.766022"/>
  </frame>
  <frame idx="850" w="258" h="406" x="-1.974579" y="-77.766022">
   <element name="symbol0" layername="timeline_0" frame="1" z_index="5" m_a="3.000000" m_b="0.000000" m_c="0.000000" m_d="3.000000" m_tx="-1.974579" m_ty="-77.766022"/>
  </frame>
  <frame idx="875" w="258" h="406" x="-1.974579" y="-77.766022">
   <element name="symbol0" layername="timeline_0" frame="1" z_index="5" m_a="3.000000" m_b="0.000000" m_c="0.000000" m_d="3.000000" m_tx="-1.974579" m_ty="-77.766022"/>
  </frame>
  <frame idx="900" w="258" h="406" x="-1.974579" y="-77.766022">
   <element name="symbol0" layername="timeline_0" frame="1" z_index="5" m_a="3.000000" m_b="0.000000" m_c="0.000000" m_d="3.000000" m_tx="-1.974579" m_ty="-77.766022"/>
  </frame>
  <frame idx="925" w="258" h="406" x="-1.974579" y="-77.766022">
   <element name="symbol0" layername="timeline_0" frame="1" z_index="5" m_a="3.000000" m_b="0.000000" m_c="0.000000" m_d="3.000000" m_tx="-1.974579" m_ty="-77.766022"/>
  </frame>
  <frame idx="950" w="258" h="406" x="-1.974579" y="-77.766022">
   <element name="symbol0" layername="timeline_0" frame="1" z_index="5" m_a="3.000000" m_b="0.000000" m_c="0.000000" m_d="3.000000" m_tx="-1.974579" m_ty="-77.766022"/>
  </frame>
  <frame idx="975" w="258" h="406" x="-1.974579" y="-77.766022">
   <element name="symbol0" layername="timeline_0" frame="1" z_index="5" m_a="3.000000" m_b="0.000000" m_c="0.000000" m_d="3.000000" m_tx="-1.974579" m_ty="-77.766022"/>
  </frame>
 </anim>
 <anim name="1_4" root="crystal_wall" numframes="1000" framerate="40">
  <frame idx="0" w="258" h="314" x="-1.268341" y="-54.073837">
   <element name="symbol0" layername="timeline_0" frame="2" z_index="5" m_a="3.000000" m_b="0.000000" m_c="0.000000" m_d="3.000000" m_tx="-1.268341" m_ty="-54.073837"/>
  </frame>
  <frame idx="25" w="258" h="314" x="-1.268341" y="-54.073837">
   <element name="symbol0" layername="timeline_0" frame="2" z_index="5" m_a="3.000000" m_b="0.000000" m_c="0.000000" m_d="3.000000" m_tx="-1.268341" m_ty="-54.073837"/>
  </frame>
  <frame idx="50" w="258" h="314" x="-1.268341" y="-54.073837">
   <element name="symbol0" layername="timeline_0" frame="2" z_index="5" m_a="3.000000" m_b="0.000000" m_c="0.000000" m_d="3.000000" m_tx="-1.268341" m_ty="-54.073837"/>
  </frame>
  <frame idx="75" w="258" h="314" x="-1.268341" y="-54.073837">
   <element name="symbol0" layername="timeline_0" frame="2" z_index="5" m_a="3.000000" m_b="0.000000" m_c="0.000000" m_d="3.000000" m_tx="-1.268341" m_ty="-54.073837"/>
  </frame>
  <frame idx="100" w="258" h="314" x="-1.268341" y="-54.073837">
   <element name="symbol0" layername="timeline_0" frame="2" z_index="5" m_a="3.000000" m_b="0.000000" m_c="0.000000" m_d="3.000000" m_tx="-1.268341" m_ty="-54.073837"/>
  </frame>
  <frame idx="125" w="258" h="314" x="-1.268341" y="-54.073837">
   <element name="symbol0" layername="timeline_0" frame="2" z_index="5" m_a="3.000000" m_b="0.000000" m_c="0.000000" m_d="3.000000" m_tx="-1.268341" m_ty="-54.073837"/>
  </frame>
  <frame idx="150" w="258" h="314" x="-1.268341" y="-54.073837">
   <element name="symbol0" layername="timeline_0" frame="2" z_index="5" m_a="3.000000" m_b="0.000000" m_c="0.000000" m_d="3.000000" m_tx="-1.268341" m_ty="-54.073837"/>
  </frame>
  <frame idx="175" w="258" h="314" x="-1.268341" y="-54.073837">
   <element name="symbol0" layername="timeline_0" frame="2" z_index="5" m_a="3.000000" m_b="0.000000" m_c="0.000000" m_d="3.000000" m_tx="-1.268341" m_ty="-54.073837"/>
  </frame>
  <frame idx="200" w="258" h="314" x="-1.268341" y="-54.073837">
   <element name="symbol0" layername="timeline_0" frame="2" z_index="5" m_a="3.000000" m_b="0.000000" m_c="0.000000" m_d="3.000000" m_tx="-1.268341" m_ty="-54.073837"/>
  </frame>
  <frame idx="225" w="258" h="314" x="-1.268341" y="-54.073837">
   <element name="symbol0" layername="timeline_0" frame="2" z_index="5" m_a="3.000000" m_b="0.000000" m_c="0.000000" m_d="3.000000" m_tx="-1.268341" m_ty="-54.073837"/>
  </frame>
  <frame idx="250" w="258" h="314" x="-1.268341" y="-54.073837">
   <element name="symbol0" layername="timeline_0" frame="2" z_index="5" m_a="3.000000" m_b="0.000000" m_c="0.000000" m_d="3.000000" m_tx="-1.268341" m_ty="-54.073837"/>
  </frame>
  <frame idx="275" w="258" h="314" x="-1.268341" y="-54.073837">
   <element name="symbol0" layername="timeline_0" frame="2" z_index="5" m_a="3.000000" m_b="0.000000" m_c="0.000000" m_d="3.000000" m_tx="-1.268341" m_ty="-54.073837"/>
  </frame>
  <frame idx="300" w="258" h="314" x="-1.268341" y="-54.073837">
   <element name="symbol0" layername="timeline_0" frame="2" z_index="5" m_a="3.000000" m_b="0.000000" m_c="0.000000" m_d="3.000000" m_tx="-1.268341" m_ty="-54.073837"/>
  </frame>
  <frame idx="325" w="258" h="314" x="-1.268341" y="-54.073837">
   <element name="symbol0" layername="timeline_0" frame="2" z_index="5" m_a="3.000000" m_b="0.000000" m_c="0.000000" m_d="3.000000" m_tx="-1.268341" m_ty="-54.073837"/>
  </frame>
  <frame idx="350" w="258" h="314" x="-1.268341" y="-54.073837">
   <element name="symbol0" layername="timeline_0" frame="2" z_index="5" m_a="3.000000" m_b="0.000000" m_c="0.000000" m_d="3.000000" m_tx="-1.268341" m_ty="-54.073837"/>
  </frame>
  <frame idx="375" w="258" h="314" x="-1.268341" y="-54.073837">
   <element name="symbol0" layername="timeline_0" frame="2" z_index="5" m_a="3.000000" m_b="0.000000" m_c="0.000000" m_d="3.000000" m_tx="-1.268341" m_ty="-54.073837"/>
  </frame>
  <frame idx="400" w="258" h="314" x="-1.268341" y="-54.073837">
   <element name="symbol0" layername="timeline_0" frame="2" z_index="5" m_a="3.000000" m_b="0.000000" m_c="0.000000" m_d="3.000000" m_tx="-1.268341" m_ty="-54.073837"/>
  </frame>
  <frame idx="425" w="258" h="314" x="-1.268341" y="-54.073837">
   <element name="symbol0" layername="timeline_0" frame="2" z_index="5" m_a="3.000000" m_b="0.000000" m_c="0.000000" m_d="3.000000" m_tx="-1.268341" m_ty="-54.073837"/>
  </frame>
  <frame idx="450" w="258" h="314" x="-1.268341" y="-54.073837">
   <element name="symbol0" layername="timeline_0" frame="2" z_index="5" m_a="3.000000" m_b="0.000000" m_c="0.000000" m_d="3.000000" m_tx="-1.268341" m_ty="-54.073837"/>
  </frame>
  <frame idx="475" w="258" h="314" x="-1.268341" y="-54.073837">
   <element name="symbol0" layername="timeline_0" frame="2" z_index="5" m_a="3.000000" m_b="0.000000" m_c="0.000000" m_d="3.000000" m_tx="-1.268341" m_ty="-54.073837"/>
  </frame>
  <frame idx="500" w="258" h="314" x="-1.268341" y="-54.073837">
   <element name="symbol0" layername="timeline_0" frame="2" z_index="5" m_a="3.000000" m_b="0.000000" m_c="0.000000" m_d="3.000000" m_tx="-1.268341" m_ty="-54.073837"/>
  </frame>
  <frame idx="525" w="258" h="314" x="-1.268341" y="-54.073837">
   <element name="symbol0" layername="timeline_0" frame="2" z_index="5" m_a="3.000000" m_b="0.000000" m_c="0.000000" m_d="3.000000" m_tx="-1.268341" m_ty="-54.073837"/>
  </frame>
  <frame idx="550" w="258" h="314" x="-1.268341" y="-54.073837">
   <element name="symbol0" layername="timeline_0" frame="2" z_index="5" m_a="3.000000" m_b="0.000000" m_c="0.000000" m_d="3.000000" m_tx="-1.268341" m_ty="-54.073837"/>
  </frame>
  <frame idx="575" w="258" h="314" x="-1.268341" y="-54.073837">
   <element name="symbol0" layername="timeline_0" frame="2" z_index="5" m_a="3.000000" m_b="0.000000" m_c="0.000000" m_d="3.000000" m_tx="-1.268341" m_ty="-54.073837"/>
  </frame>
  <frame idx="600" w="258" h="314" x="-1.268341" y="-54.073837">
   <element name="symbol0" layername="timeline_0" frame="2" z_index="5" m_a="3.000000" m_b="0.000000" m_c="0.000000" m_d="3.000000" m_tx="-1.268341" m_ty="-54.073837"/>
  </frame>
  <frame idx="625" w="258" h="314" x="-1.268341" y="-54.073837">
   <element name="symbol0" layername="timeline_0" frame="2" z_index="5" m_a="3.000000" m_b="0.000000" m_c="0.000000" m_d="3.000000" m_tx="-1.268341" m_ty="-54.073837"/>
  </frame>
  <frame idx="650" w="258" h="314" x="-1.268341" y="-54.073837">
   <element name="symbol0" layername="timeline_0" frame="2" z_index="5" m_a="3.000000" m_b="0.000000" m_c="0.000000" m_d="3.000000" m_tx="-1.268341" m_ty="-54.073837"/>
  </frame>
  <frame idx="675" w="258" h="314" x="-1.268341" y="-54.073837">
   <element name="symbol0" layername="timeline_0" frame="2" z_index="5" m_a="3.000000" m_b="0.000000" m_c="0.000000" m_d="3.000000" m_tx="-1.268341" m_ty="-54.073837"/>
  </frame>
  <frame idx="700" w="258" h="314" x="-1.268341" y="-54.073837">
   <element name="symbol0" layername="timeline_0" frame="2" z_index="5" m_a="3.000000" m_b="0.000000" m_c="0.000000" m_d="3.000000" m_tx="-1.268341" m_ty="-54.073837"/>
  </frame>
  <frame idx="725" w="258" h="314" x="-1.268341" y="-54.073837">
   <element name="symbol0" layername="timeline_0" frame="2" z_index="5" m_a="3.000000" m_b="0.000000" m_c="0.000000" m_d="3.000000" m_tx="-1.268341" m_ty="-54.073837"/>
  </frame>
  <frame idx="750" w="258" h="314" x="-1.268341" y="-54.073837">
   <element name="symbol0" layername="timeline_0" frame="2" z_index="5" m_a="3.000000" m_b="0.000000" m_c="0.000000" m_d="3.000000" m_tx="-1.268341" m_ty="-54.073837"/>
  </frame>
  <frame idx="775" w="258" h="314" x="-1.268341" y="-54.073837">
   <element name="symbol0" layername="timeline_0" frame="2" z_index="5" m_a="3.000000" m_b="0.000000" m_c="0.000000" m_d="3.000000" m_tx="-1.268341" m_ty="-54.073837"/>
  </frame>
  <frame idx="800" w="258" h="314" x="-1.268341" y="-54.073837">
   <element name="symbol0" layername="timeline_0" frame="2" z_index="5" m_a="3.000000" m_b="0.000000" m_c="0.000000" m_d="3.000000" m_tx="-1.268341" m_ty="-54.073837"/>
  </frame>
  <frame idx="825" w="258" h="314" x="-1.268341" y="-54.073837">
   <element name="symbol0" layername="timeline_0" frame="2" z_index="5" m_a="3.000000" m_b="0.000000" m_c="0.000000" m_d="3.000000" m_tx="-1.268341" m_ty="-54.073837"/>
  </frame>
  <frame idx="850" w="258" h="314" x="-1.268341" y="-54.073837">
   <element name="symbol0" layername="timeline_0" frame="2" z_index="5" m_a="3.000000" m_b="0.000000" m_c="0.000000" m_d="3.000000" m_tx="-1.268341" m_ty="-54.073837"/>
  </frame>
  <frame idx="875" w="258" h="314" x="-1.268341" y="-54.073837">
   <element name="symbol0" layername="timeline_0" frame="2" z_index="5" m_a="3.000000" m_b="0.000000" m_c="0.000000" m_d="3.000000" m_tx="-1.268341" m_ty="-54.073837"/>
  </frame>
  <frame idx="900" w="258" h="314" x="-1.268341" y="-54.073837">
   <element name="symbol0" layername="timeline_0" frame="2" z_index="5" m_a="3.000000" m_b="0.000000" m_c="0.000000" m_d="3.000000" m_tx="-1.268341" m_ty="-54.073837"/>
  </frame>
  <frame idx="925" w="258" h="314" x="-1.268341" y="-54.073837">
   <element name="symbol0" layername="timeline_0" frame="2" z_index="5" m_a="3.000000" m_b="0.000000" m_c="0.000000" m_d="3.000000" m_tx="-1.268341" m_ty="-54.073837"/>
  </frame>
  <frame idx="950" w="258" h="314" x="-1.268341" y="-54.073837">
   <element name="symbol0" layername="timeline_0" frame="2" z_index="5" m_a="3.000000" m_b="0.000000" m_c="0.000000" m_d="3.000000" m_tx="-1.268341" m_ty="-54.073837"/>
  </frame>
  <frame idx="975" w="258" h="314" x="-1.268341" y="-54.073837">
   <element name="symbol0" layername="timeline_0" frame="2" z_index="5" m_a="3.000000" m_b="0.000000" m_c="0.000000" m_d="3.000000" m_tx="-1.268341" m_ty="-54.073837"/>
  </frame>
 </anim>
 <anim name="3_4" root="crystal_wall" numframes="1000" framerate="40">
  <frame idx="0" w="240" h="531" x="1.789253" y="-117.329529">
   <element name="symbol0" layername="timeline_0" frame="3" z_index="5" m_a="3.000000" m_b="0.000000" m_c="0.000000" m_d="3.000000" m_tx="1.789253" m_ty="-117.329529"/>
  </frame>
  <frame idx="25" w="240" h="531" x="1.786720" y="-117.324310">
   <element name="symbol0" layername="timeline_0" frame="3" z_index="5" m_a="3.000000" m_b="0.000000" m_c="0.000000" m_d="3.000000" m_tx="1.786720" m_ty="-117.324310"/>
  </frame>
  <frame idx="50" w="240" h="531" x="1.784180" y="-117.319122">
   <element name="symbol0" layername="timeline_0" frame="3" z_index="5" m_a="3.000000" m_b="0.000000" m_c="0.000000" m_d="3.000000" m_tx="1.784180" m_ty="-117.319122"/>
  </frame>
  <frame idx="75" w="240" h="531" x="1.781647" y="-117.313904">
   <element name="symbol0" layername="timeline_0" frame="3" z_index="5" m_a="3.000000" m_b="0.000000" m_c="0.000000" m_d="3.000000" m_tx="1.781647" m_ty="-117.313904"/>
  </frame>
  <frame idx="100" w="240" h="531" x="1.779114" y="-117.308685">
   <element name="symbol0" layername="timeline_0" frame="3" z_index="5" m_a="3.000000" m_b="0.000000" m_c="0.000000" m_d="3.000000" m_tx="1.779114" m_ty="-117.308685"/>
  </frame>
  <frame idx="125" w="240" h="531" x="1.776573" y="-117.303467">
   <element name="symbol0" layername="timeline_0" frame="3" z_index="5" m_a="3.000000" m_b="0.000000" m_c="0.000000" m_d="3.000000" m_tx="1.776573" m_ty="-117.303467"/>
  </frame>
  <frame idx="150" w="240" h="531" x="1.774040" y="-117.298279">
   <element name="symbol0" layername="timeline_0" frame="3" z_index="5" m_a="3.000000" m_b="0.000000" m_c="0.000000" m_d="3.000000" m_tx="1.774040" m_ty="-117.298279"/>
  </frame>
  <frame idx="175" w="240" h="531" x="1.771507" y="-117.293060">
   <element name="symbol0" layername="timeline_0" frame="3" z_index="5" m_a="3.000000" m_b="0.000000" m_c="0.000000" m_d="3.000000" m_tx="1.771507" m_ty="-117.293060"/>
  </frame>
  <frame idx="200" w="240" h="531" x="1.768967" y="-117.287842">
   <element name="symbol0" layername="timeline_0" frame="3" z_index="5" m_a="3.000000" m_b="0.000000" m_c="0.000000" m_d="3.000000" m_tx="1.768967" m_ty="-117.287842"/>
  </frame>
  <frame idx="225" w="240" h="531" x="1.766434" y="-117.282654">
   <element name="symbol0" layername="timeline_0" frame="3" z_index="5" m_a="3.000000" m_b="0.000000" m_c="0.000000" m_d="3.000000" m_tx="1.766434" m_ty="-117.282654"/>
  </frame>
  <frame idx="250" w="240" h="531" x="1.763901" y="-117.277435">
   <element name="symbol0" layername="timeline_0" frame="3" z_index="5" m_a="3.000000" m_b="0.000000" m_c="0.000000" m_d="3.000000" m_tx="1.763901" m_ty="-117.277435"/>
  </frame>
  <frame idx="275" w="240" h="531" x="1.761360" y="-117.272217">
   <element name="symbol0" layername="timeline_0" frame="3" z_index="5" m_a="3.000000" m_b="0.000000" m_c="0.000000" m_d="3.000000" m_tx="1.761360" m_ty="-117.272217"/>
  </frame>
  <frame idx="300" w="240" h="531" x="1.758827" y="-117.267029">
   <element name="symbol0" layername="timeline_0" frame="3" z_index="5" m_a="3.000000" m_b="0.000000" m_c="0.000000" m_d="3.000000" m_tx="1.758827" m_ty="-117.267029"/>
  </frame>
  <frame idx="325" w="240" h="531" x="1.756294" y="-117.261810">
   <element name="symbol0" layername="timeline_0" frame="3" z_index="5" m_a="3.000000" m_b="0.000000" m_c="0.000000" m_d="3.000000" m_tx="1.756294" m_ty="-117.261810"/>
  </frame>
  <frame idx="350" w="240" h="531" x="1.753754" y="-117.256592">
   <element name="symbol0" layername="timeline_0" frame="3" z_index="5" m_a="3.000000" m_b="0.000000" m_c="0.000000" m_d="3.000000" m_tx="1.753754" m_ty="-117.256592"/>
  </frame>
  <frame idx="375" w="240" h="531" x="1.751221" y="-117.251404">
   <element name="symbol0" layername="timeline_0" frame="3" z_index="5" m_a="3.000000" m_b="0.000000" m_c="0.000000" m_d="3.000000" m_tx="1.751221" m_ty="-117.251404"/>
  </frame>
  <frame idx="400" w="240" h="530" x="1.748688" y="-117.246185">
   <element name="symbol0" layername="timeline_0" frame="3" z_index="5" m_a="3.000000" m_b="0.000000" m_c="0.000000" m_d="3.000000" m_tx="1.748688" m_ty="-117.246185"/>
  </frame>
  <frame idx="425" w="240" h="530" x="1.746147" y="-117.240967">
   <element name="symbol0" layername="timeline_0" frame="3" z_index="5" m_a="3.000000" m_b="0.000000" m_c="0.000000" m_d="3.000000" m_tx="1.746147" m_ty="-117.240967"/>
  </frame>
  <frame idx="450" w="240" h="530" x="1.743614" y="-117.235748">
   <element name="symbol0" layername="timeline_0" frame="3" z_index="5" m_a="3.000000" m_b="0.000000" m_c="0.000000" m_d="3.000000" m_tx="1.743614" m_ty="-117.235748"/>
  </frame>
  <frame idx="475" w="240" h="530" x="1.741081" y="-117.230560">
   <element name="symbol0" layername="timeline_0" frame="3" z_index="5" m_a="3.000000" m_b="0.000000" m_c="0.000000" m_d="3.000000" m_tx="1.741081" m_ty="-117.230560"/>
  </frame>
  <frame idx="500" w="240" h="530" x="1.738541" y="-117.225342">
   <element name="symbol0" layername="timeline_0" frame="3" z_index="5" m_a="3.000000" m_b="0.000000" m_c="0.000000" m_d="3.000000" m_tx="1.738541" m_ty="-117.225342"/>
  </frame>
  <frame idx="525" w="240" h="530" x="1.736008" y="-117.220123">
   <element name="symbol0" layername="timeline_0" frame="3" z_index="5" m_a="3.000000" m_b="0.000000" m_c="0.000000" m_d="3.000000" m_tx="1.736008" m_ty="-117.220123"/>
  </frame>
  <frame idx="550" w="240" h="530" x="1.733475" y="-117.214935">
   <element name="symbol0" layername="timeline_0" frame="3" z_index="5" m_a="3.000000" m_b="0.000000" m_c="0.000000" m_d="3.000000" m_tx="1.733475" m_ty="-117.214935"/>
  </frame>
  <frame idx="575" w="240" h="530" x="1.730942" y="-117.209717">
   <element name="symbol0" layername="timeline_0" frame="3" z_index="5" m_a="3.000000" m_b="0.000000" m_c="0.000000" m_d="3.000000" m_tx="1.730942" m_ty="-117.209717"/>
  </frame>
  <frame idx="600" w="240" h="530" x="1.728401" y="-117.204498">
   <element name="symbol0" layername="timeline_0" frame="3" z_index="5" m_a="3.000000" m_b="0.000000" m_c="0.000000" m_d="3.000000" m_tx="1.728401" m_ty="-117.204498"/>
  </frame>
  <frame idx="625" w="240" h="530" x="1.725868" y="-117.199280">
   <element name="symbol0" layername="timeline_0" frame="3" z_index="5" m_a="3.000000" m_b="0.000000" m_c="0.000000" m_d="3.000000" m_tx="1.725868" m_ty="-117.199280"/>
  </frame>
  <frame idx="650" w="240" h="530" x="1.723335" y="-117.194092">
   <element name="symbol0" layername="timeline_0" frame="3" z_index="5" m_a="3.000000" m_b="0.000000" m_c="0.000000" m_d="3.000000" m_tx="1.723335" m_ty="-117.194092"/>
  </frame>
  <frame idx="675" w="240" h="530" x="1.720795" y="-117.188873">
   <element name="symbol0" layername="timeline_0" frame="3" z_index="5" m_a="3.000000" m_b="0.000000" m_c="0.000000" m_d="3.000000" m_tx="1.720795" m_ty="-117.188873"/>
  </frame>
  <frame idx="700" w="240" h="530" x="1.718262" y="-117.183655">
   <element name="symbol0" layername="timeline_0" frame="3" z_index="5" m_a="3.000000" m_b="0.000000" m_c="0.000000" m_d="3.000000" m_tx="1.718262" m_ty="-117.183655"/>
  </frame>
  <frame idx="725" w="240" h="530" x="1.715729" y="-117.178467">
   <element name="symbol0" layername="timeline_0" frame="3" z_index="5" m_a="3.000000" m_b="0.000000" m_c="0.000000" m_d="3.000000" m_tx="1.715729" m_ty="-117.178467"/>
  </frame>
  <frame idx="750" w="240" h="530" x="1.713188" y="-117.173248">
   <element name="symbol0" layername="timeline_0" frame="3" z_index="5" m_a="3.000000" m_b="0.000000" m_c="0.000000" m_d="3.000000" m_tx="1.713188" m_ty="-117.173248"/>
  </frame>
  <frame idx="775" w="240" h="530" x="1.710655" y="-117.168030">
   <element name="symbol0" layername="timeline_0" frame="3" z_index="5" m_a="3.000000" m_b="0.000000" m_c="0.000000" m_d="3.000000" m_tx="1.710655" m_ty="-117.168030"/>
  </frame>
  <frame idx="800" w="240" h="530" x="1.708122" y="-117.162842">
   <element name="symbol0" layername="timeline_0" frame="3" z_index="5" m_a="3.000000" m_b="0.000000" m_c="0.000000" m_d="3.000000" m_tx="1.708122" m_ty="-117.162842"/>
  </frame>
  <frame idx="825" w="240" h="530" x="1.705582" y="-117.157623">
   <element name="symbol0" layername="timeline_0" frame="3" z_index="5" m_a="3.000000" m_b="0.000000" m_c="0.000000" m_d="3.000000" m_tx="1.705582" m_ty="-117.157623"/>
  </frame>
  <frame idx="850" w="240" h="530" x="1.703049" y="-117.152405">
   <element name="symbol0" layername="timeline_0" frame="3" z_index="5" m_a="3.000000" m_b="0.000000" m_c="0.000000" m_d="3.000000" m_tx="1.703049" m_ty="-117.152405"/>
  </frame>
  <frame idx="875" w="240" h="530" x="1.700516" y="-117.147217">
   <element name="symbol0" layername="timeline_0" frame="3" z_index="5" m_a="3.000000" m_b="0.000000" m_c="0.000000" m_d="3.000000" m_tx="1.700516" m_ty="-117.147217"/>
  </frame>
  <frame idx="900" w="240" h="530" x="1.697975" y="-117.141998">
   <element name="symbol0" layername="timeline_0" frame="3" z_index="5" m_a="3.000000" m_b="0.000000" m_c="0.000000" m_d="3.000000" m_tx="1.697975" m_ty="-117.141998"/>
  </frame>
  <frame idx="925" w="240" h="530" x="1.695442" y="-117.136780">
   <element name="symbol0" layername="timeline_0" frame="3" z_index="5" m_a="3.000000" m_b="0.000000" m_c="0.000000" m_d="3.000000" m_tx="1.695442" m_ty="-117.136780"/>
  </frame>
  <frame idx="950" w="240" h="530" x="1.692909" y="-117.131561">
   <element name="symbol0" layername="timeline_0" frame="3" z_index="5" m_a="3.000000" m_b="0.000000" m_c="0.000000" m_d="3.000000" m_tx="1.692909" m_ty="-117.131561"/>
  </frame>
  <frame idx="975" w="240" h="530" x="1.690369" y="-117.126373">
   <element name="symbol0" layername="timeline_0" frame="3" z_index="5" m_a="3.000000" m_b="0.000000" m_c="0.000000" m_d="3.000000" m_tx="1.690369" m_ty="-117.126373"/>
  </frame>
 </anim>
 <anim name="0" root="crystal_wall" numframes="1000" framerate="40">
  <frame idx="0" w="255" h="201" x="-6.384232" y="-5.522064">
   <element name="symbol0" layername="timeline_0" frame="4" z_index="5" m_a="3.000000" m_b="0.000000" m_c="0.000000" m_d="3.000000" m_tx="-6.384232" m_ty="-5.522064"/>
  </frame>
  <frame idx="25" w="255" h="201" x="-6.384232" y="-5.522064">
   <element name="symbol0" layername="timeline_0" frame="4" z_index="5" m_a="3.000000" m_b="0.000000" m_c="0.000000" m_d="3.000000" m_tx="-6.384232" m_ty="-5.522064"/>
  </frame>
  <frame idx="50" w="255" h="201" x="-6.384232" y="-5.522064">
   <element name="symbol0" layername="timeline_0" frame="4" z_index="5" m_a="3.000000" m_b="0.000000" m_c="0.000000" m_d="3.000000" m_tx="-6.384232" m_ty="-5.522064"/>
  </frame>
  <frame idx="75" w="255" h="201" x="-6.384232" y="-5.522064">
   <element name="symbol0" layername="timeline_0" frame="4" z_index="5" m_a="3.000000" m_b="0.000000" m_c="0.000000" m_d="3.000000" m_tx="-6.384232" m_ty="-5.522064"/>
  </frame>
  <frame idx="100" w="255" h="201" x="-6.384232" y="-5.522064">
   <element name="symbol0" layername="timeline_0" frame="4" z_index="5" m_a="3.000000" m_b="0.000000" m_c="0.000000" m_d="3.000000" m_tx="-6.384232" m_ty="-5.522064"/>
  </frame>
  <frame idx="125" w="255" h="201" x="-6.384232" y="-5.522064">
   <element name="symbol0" layername="timeline_0" frame="4" z_index="5" m_a="3.000000" m_b="0.000000" m_c="0.000000" m_d="3.000000" m_tx="-6.384232" m_ty="-5.522064"/>
  </frame>
  <frame idx="150" w="255" h="201" x="-6.384232" y="-5.522064">
   <element name="symbol0" layername="timeline_0" frame="4" z_index="5" m_a="3.000000" m_b="0.000000" m_c="0.000000" m_d="3.000000" m_tx="-6.384232" m_ty="-5.522064"/>
  </frame>
  <frame idx="175" w="255" h="201" x="-6.384232" y="-5.522064">
   <element name="symbol0" layername="timeline_0" frame="4" z_index="5" m_a="3.000000" m_b="0.000000" m_c="0.000000" m_d="3.000000" m_tx="-6.384232" m_ty="-5.522064"/>
  </frame>
  <frame idx="200" w="255" h="201" x="-6.384232" y="-5.522064">
   <element name="symbol0" layername="timeline_0" frame="4" z_index="5" m_a="3.000000" m_b="0.000000" m_c="0.000000" m_d="3.000000" m_tx="-6.384232" m_ty="-5.522064"/>
  </frame>
  <frame idx="225" w="255" h="201" x="-6.384232" y="-5.522064">
   <element name="symbol0" layername="timeline_0" frame="4" z_index="5" m_a="3.000000" m_b="0.000000" m_c="0.000000" m_d="3.000000" m_tx="-6.384232" m_ty="-5.522064"/>
  </frame>
  <frame idx="250" w="255" h="201" x="-6.384232" y="-5.522064">
   <element name="symbol0" layername="timeline_0" frame="4" z_index="5" m_a="3.000000" m_b="0.000000" m_c="0.000000" m_d="3.000000" m_tx="-6.384232" m_ty="-5.522064"/>
  </frame>
  <frame idx="275" w="255" h="201" x="-6.384232" y="-5.522064">
   <element name="symbol0" layername="timeline_0" frame="4" z_index="5" m_a="3.000000" m_b="0.000000" m_c="0.000000" m_d="3.000000" m_tx="-6.384232" m_ty="-5.522064"/>
  </frame>
  <frame idx="300" w="255" h="201" x="-6.384232" y="-5.522064">
   <element name="symbol0" layername="timeline_0" frame="4" z_index="5" m_a="3.000000" m_b="0.000000" m_c="0.000000" m_d="3.000000" m_tx="-6.384232" m_ty="-5.522064"/>
  </frame>
  <frame idx="325" w="255" h="201" x="-6.384232" y="-5.522064">
   <element name="symbol0" layername="timeline_0" frame="4" z_index="5" m_a="3.000000" m_b="0.000000" m_c="0.000000" m_d="3.000000" m_tx="-6.384232" m_ty="-5.522064"/>
  </frame>
  <frame idx="350" w="255" h="201" x="-6.384232" y="-5.522064">
   <element name="symbol0" layername="timeline_0" frame="4" z_index="5" m_a="3.000000" m_b="0.000000" m_c="0.000000" m_d="3.000000" m_tx="-6.384232" m_ty="-5.522064"/>
  </frame>
  <frame idx="375" w="255" h="201" x="-6.384232" y="-5.522064">
   <element name="symbol0" layername="timeline_0" frame="4" z_index="5" m_a="3.000000" m_b="0.000000" m_c="0.000000" m_d="3.000000" m_tx="-6.384232" m_ty="-5.522064"/>
  </frame>
  <frame idx="400" w="255" h="201" x="-6.384232" y="-5.522064">
   <element name="symbol0" layername="timeline_0" frame="4" z_index="5" m_a="3.000000" m_b="0.000000" m_c="0.000000" m_d="3.000000" m_tx="-6.384232" m_ty="-5.522064"/>
  </frame>
  <frame idx="425" w="255" h="201" x="-6.384232" y="-5.522064">
   <element name="symbol0" layername="timeline_0" frame="4" z_index="5" m_a="3.000000" m_b="0.000000" m_c="0.000000" m_d="3.000000" m_tx="-6.384232" m_ty="-5.522064"/>
  </frame>
  <frame idx="450" w="255" h="201" x="-6.384232" y="-5.522064">
   <element name="symbol0" layername="timeline_0" frame="4" z_index="5" m_a="3.000000" m_b="0.000000" m_c="0.000000" m_d="3.000000" m_tx="-6.384232" m_ty="-5.522064"/>
  </frame>
  <frame idx="475" w="255" h="201" x="-6.384232" y="-5.522064">
   <element name="symbol0" layername="timeline_0" frame="4" z_index="5" m_a="3.000000" m_b="0.000000" m_c="0.000000" m_d="3.000000" m_tx="-6.384232" m_ty="-5.522064"/>
  </frame>
  <frame idx="500" w="255" h="201" x="-6.384232" y="-5.522064">
   <element name="symbol0" layername="timeline_0" frame="4" z_index="5" m_a="3.000000" m_b="0.000000" m_c="0.000000" m_d="3.000000" m_tx="-6.384232" m_ty="-5.522064"/>
  </frame>
  <frame idx="525" w="255" h="201" x="-6.384232" y="-5.522064">
   <element name="symbol0" layername="timeline_0" frame="4" z_index="5" m_a="3.000000" m_b="0.000000" m_c="0.000000" m_d="3.000000" m_tx="-6.384232" m_ty="-5.522064"/>
  </frame>
  <frame idx="550" w="255" h="201" x="-6.384232" y="-5.522064">
   <element name="symbol0" layername="timeline_0" frame="4" z_index="5" m_a="3.000000" m_b="0.000000" m_c="0.000000" m_d="3.000000" m_tx="-6.384232" m_ty="-5.522064"/>
  </frame>
  <frame idx="575" w="255" h="201" x="-6.384232" y="-5.522064">
   <element name="symbol0" layername="timeline_0" frame="4" z_index="5" m_a="3.000000" m_b="0.000000" m_c="0.000000" m_d="3.000000" m_tx="-6.384232" m_ty="-5.522064"/>
  </frame>
  <frame idx="600" w="255" h="201" x="-6.384232" y="-5.522064">
   <element name="symbol0" layername="timeline_0" frame="4" z_index="5" m_a="3.000000" m_b="0.000000" m_c="0.000000" m_d="3.000000" m_tx="-6.384232" m_ty="-5.522064"/>
  </frame>
  <frame idx="625" w="255" h="201" x="-6.384232" y="-5.522064">
   <element name="symbol0" layername="timeline_0" frame="4" z_index="5" m_a="3.000000" m_b="0.000000" m_c="0.000000" m_d="3.000000" m_tx="-6.384232" m_ty="-5.522064"/>
  </frame>
  <frame idx="650" w="255" h="201" x="-6.384232" y="-5.522064">
   <element name="symbol0" layername="timeline_0" frame="4" z_index="5" m_a="3.000000" m_b="0.000000" m_c="0.000000" m_d="3.000000" m_tx="-6.384232" m_ty="-5.522064"/>
  </frame>
  <frame idx="675" w="255" h="201" x="-6.384232" y="-5.522064">
   <element name="symbol0" layername="timeline_0" frame="4" z_index="5" m_a="3.000000" m_b="0.000000" m_c="0.000000" m_d="3.000000" m_tx="-6.384232" m_ty="-5.522064"/>
  </frame>
  <frame idx="700" w="255" h="201" x="-6.384232" y="-5.522064">
   <element name="symbol0" layername="timeline_0" frame="4" z_index="5" m_a="3.000000" m_b="0.000000" m_c="0.000000" m_d="3.000000" m_tx="-6.384232" m_ty="-5.522064"/>
  </frame>
  <frame idx="725" w="255" h="201" x="-6.384232" y="-5.522064">
   <element name="symbol0" layername="timeline_0" frame="4" z_index="5" m_a="3.000000" m_b="0.000000" m_c="0.000000" m_d="3.000000" m_tx="-6.384232" m_ty="-5.522064"/>
  </frame>
  <frame idx="750" w="255" h="201" x="-6.384232" y="-5.522064">
   <element name="symbol0" layername="timeline_0" frame="4" z_index="5" m_a="3.000000" m_b="0.000000" m_c="0.000000" m_d="3.000000" m_tx="-6.384232" m_ty="-5.522064"/>
  </frame>
  <frame idx="775" w="255" h="201" x="-6.384232" y="-5.522064">
   <element name="symbol0" layername="timeline_0" frame="4" z_index="5" m_a="3.000000" m_b="0.000000" m_c="0.000000" m_d="3.000000" m_tx="-6.384232" m_ty="-5.522064"/>
  </frame>
  <frame idx="800" w="255" h="201" x="-6.384232" y="-5.522064">
   <element name="symbol0" layername="timeline_0" frame="4" z_index="5" m_a="3.000000" m_b="0.000000" m_c="0.000000" m_d="3.000000" m_tx="-6.384232" m_ty="-5.522064"/>
  </frame>
  <frame idx="825" w="255" h="201" x="-6.384232" y="-5.522064">
   <element name="symbol0" layername="timeline_0" frame="4" z_index="5" m_a="3.000000" m_b="0.000000" m_c="0.000000" m_d="3.000000" m_tx="-6.384232" m_ty="-5.522064"/>
  </frame>
  <frame idx="850" w="255" h="201" x="-6.384232" y="-5.522064">
   <element name="symbol0" layername="timeline_0" frame="4" z_index="5" m_a="3.000000" m_b="0.000000" m_c="0.000000" m_d="3.000000" m_tx="-6.384232" m_ty="-5.522064"/>
  </frame>
  <frame idx="875" w="255" h="201" x="-6.384232" y="-5.522064">
   <element name="symbol0" layername="timeline_0" frame="4" z_index="5" m_a="3.000000" m_b="0.000000" m_c="0.000000" m_d="3.000000" m_tx="-6.384232" m_ty="-5.522064"/>
  </frame>
  <frame idx="900" w="255" h="201" x="-6.384232" y="-5.522064">
   <element name="symbol0" layername="timeline_0" frame="4" z_index="5" m_a="3.000000" m_b="0.000000" m_c="0.000000" m_d="3.000000" m_tx="-6.384232" m_ty="-5.522064"/>
  </frame>
  <frame idx="925" w="255" h="201" x="-6.384232" y="-5.522064">
   <element name="symbol0" layername="timeline_0" frame="4" z_index="5" m_a="3.000000" m_b="0.000000" m_c="0.000000" m_d="3.000000" m_tx="-6.384232" m_ty="-5.522064"/>
  </frame>
  <frame idx="950" w="255" h="201" x="-6.384232" y="-5.522064">
   <element name="symbol0" layername="timeline_0" frame="4" z_index="5" m_a="3.000000" m_b="0.000000" m_c="0.000000" m_d="3.000000" m_tx="-6.384232" m_ty="-5.522064"/>
  </frame>
  <frame idx="975" w="255" h="201" x="-6.384232" y="-5.522064">
   <element name="symbol0" layername="timeline_0" frame="4" z_index="5" m_a="3.000000" m_b="0.000000" m_c="0.000000" m_d="3.000000" m_tx="-6.384232" m_ty="-5.522064"/>
  </frame>
 </anim>
</Anims>
