<Anims>
 <anim name="1" root="crystal_wall" numframes="1000" framerate="40">
  <frame idx="0" w="86" h="221" x="-0.506493" y="-58.610397">
   <element name="symbol0" layername="timeline_0" frame="0" z_index="5" m_a="1.000000" m_b="0.000000" m_c="0.000000" m_d="1.000000" m_tx="-0.506493" m_ty="-58.610397"/>
  </frame>
  <frame idx="25" w="86" h="221" x="-0.506493" y="-58.610397">
   <element name="symbol0" layername="timeline_0" frame="0" z_index="5" m_a="1.000000" m_b="0.000000" m_c="0.000000" m_d="1.000000" m_tx="-0.506493" m_ty="-58.610397"/>
  </frame>
  <frame idx="50" w="86" h="221" x="-0.506493" y="-58.610397"/>
  <frame idx="75" w="86" h="221" x="-0.506493" y="-58.610397"/>
  <frame idx="100" w="86" h="221" x="-0.506493" y="-58.610397"/>
  <frame idx="125" w="86" h="221" x="-0.506493" y="-58.610397"/>
  <frame idx="150" w="86" h="221" x="-0.506493" y="-58.610397"/>
  <frame idx="175" w="86" h="221" x="-0.506493" y="-58.610397"/>
  <frame idx="200" w="86" h="221" x="-0.506493" y="-58.610397"/>
  <frame idx="225" w="86" h="221" x="-0.506493" y="-58.610397"/>
  <frame idx="250" w="86" h="221" x="-0.506493" y="-58.610397"/>
  <frame idx="275" w="86" h="221" x="-0.506493" y="-58.610397"/>
  <frame idx="300" w="86" h="221" x="-0.506493" y="-58.610397"/>
  <frame idx="325" w="86" h="221" x="-0.506493" y="-58.610397"/>
  <frame idx="350" w="86" h="221" x="-0.506493" y="-58.610397"/>
  <frame idx="375" w="86" h="221" x="-0.506493" y="-58.610397"/>
  <frame idx="400" w="86" h="221" x="-0.506493" y="-58.610397"/>
  <frame idx="425" w="86" h="221" x="-0.506493" y="-58.610397"/>
  <frame idx="450" w="86" h="221" x="-0.506493" y="-58.610397"/>
  <frame idx="475" w="86" h="221" x="-0.506493" y="-58.610397"/>
  <frame idx="500" w="86" h="221" x="-0.506493" y="-58.610397"/>
  <frame idx="525" w="86" h="221" x="-0.506493" y="-58.610397"/>
  <frame idx="550" w="86" h="221" x="-0.506493" y="-58.610397"/>
  <frame idx="575" w="86" h="221" x="-0.506493" y="-58.610397"/>
  <frame idx="600" w="86" h="221" x="-0.506493" y="-58.610397"/>
  <frame idx="625" w="86" h="221" x="-0.506493" y="-58.610397"/>
  <frame idx="650" w="86" h="221" x="-0.506493" y="-58.610397"/>
  <frame idx="675" w="86" h="221" x="-0.506493" y="-58.610397"/>
  <frame idx="700" w="86" h="221" x="-0.506493" y="-58.610397"/>
  <frame idx="725" w="86" h="221" x="-0.506493" y="-58.610397"/>
  <frame idx="750" w="86" h="221" x="-0.506493" y="-58.610397"/>
  <frame idx="775" w="86" h="221" x="-0.506493" y="-58.610397"/>
  <frame idx="800" w="86" h="221" x="-0.506493" y="-58.610397"/>
  <frame idx="825" w="86" h="221" x="-0.506493" y="-58.610397"/>
  <frame idx="850" w="86" h="221" x="-0.506493" y="-58.610397"/>
  <frame idx="875" w="86" h="221" x="-0.506493" y="-58.610397"/>
  <frame idx="900" w="86" h="221" x="-0.506493" y="-58.610397"/>
  <frame idx="925" w="86" h="221" x="-0.506493" y="-58.610397"/>
  <frame idx="950" w="86" h="221" x="-0.506493" y="-58.610397"/>
  <frame idx="975" w="86" h="221" x="-0.506493" y="-58.610397"/>
 </anim>
 <anim name="1_2" root="crystal_wall" numframes="1000" framerate="40">
  <frame idx="0" w="86" h="138" x="-1.389210" y="-29.229439">
   <element name="symbol0" layername="timeline_0" frame="1" z_index="5" m_a="1.000000" m_b="0.000000" m_c="0.000000" m_d="1.000000" m_tx="-1.389210" m_ty="-29.229439"/>
  </frame>
  <frame idx="25" w="86" h="138" x="-1.389210" y="-29.229439">
   <element name="symbol0" layername="timeline_0" frame="1" z_index="5" m_a="1.000000" m_b="0.000000" m_c="0.000000" m_d="1.000000" m_tx="-1.389210" m_ty="-29.229439"/>
  </frame>
  <frame idx="50" w="86" h="138" x="-1.389210" y="-29.229439"/>
  <frame idx="75" w="86" h="138" x="-1.389210" y="-29.229439"/>
  <frame idx="100" w="86" h="138" x="-1.389210" y="-29.229439"/>
  <frame idx="125" w="86" h="138" x="-1.389210" y="-29.229439"/>
  <frame idx="150" w="86" h="138" x="-1.389210" y="-29.229439"/>
  <frame idx="175" w="86" h="138" x="-1.389210" y="-29.229439"/>
  <frame idx="200" w="86" h="138" x="-1.389210" y="-29.229439"/>
  <frame idx="225" w="86" h="138" x="-1.389210" y="-29.229439"/>
  <frame idx="250" w="86" h="138" x="-1.389210" y="-29.229439"/>
  <frame idx="275" w="86" h="138" x="-1.389210" y="-29.229439"/>
  <frame idx="300" w="86" h="138" x="-1.389210" y="-29.229439"/>
  <frame idx="325" w="86" h="138" x="-1.389210" y="-29.229439"/>
  <frame idx="350" w="86" h="138" x="-1.389210" y="-29.229439"/>
  <frame idx="375" w="86" h="138" x="-1.389210" y="-29.229439"/>
  <frame idx="400" w="86" h="138" x="-1.389210" y="-29.229439"/>
  <frame idx="425" w="86" h="138" x="-1.389210" y="-29.229439"/>
  <frame idx="450" w="86" h="138" x="-1.389210" y="-29.229439"/>
  <frame idx="475" w="86" h="138" x="-1.389210" y="-29.229439"/>
  <frame idx="500" w="86" h="138" x="-1.389210" y="-29.229439"/>
  <frame idx="525" w="86" h="138" x="-1.389210" y="-29.229439"/>
  <frame idx="550" w="86" h="138" x="-1.389210" y="-29.229439"/>
  <frame idx="575" w="86" h="138" x="-1.389210" y="-29.229439"/>
  <frame idx="600" w="86" h="138" x="-1.389210" y="-29.229439"/>
  <frame idx="625" w="86" h="138" x="-1.389210" y="-29.229439"/>
  <frame idx="650" w="86" h="138" x="-1.389210" y="-29.229439"/>
  <frame idx="675" w="86" h="138" x="-1.389210" y="-29.229439"/>
  <frame idx="700" w="86" h="138" x="-1.389210" y="-29.229439"/>
  <frame idx="725" w="86" h="138" x="-1.389210" y="-29.229439"/>
  <frame idx="750" w="86" h="138" x="-1.389210" y="-29.229439"/>
  <frame idx="775" w="86" h="138" x="-1.389210" y="-29.229439"/>
  <frame idx="800" w="86" h="138" x="-1.389210" y="-29.229439"/>
  <frame idx="825" w="86" h="138" x="-1.389210" y="-29.229439"/>
  <frame idx="850" w="86" h="138" x="-1.389210" y="-29.229439"/>
  <frame idx="875" w="86" h="138" x="-1.389210" y="-29.229439"/>
  <frame idx="900" w="86" h="138" x="-1.389210" y="-29.229439"/>
  <frame idx="925" w="86" h="138" x="-1.389210" y="-29.229439"/>
  <frame idx="950" w="86" h="138" x="-1.389210" y="-29.229439"/>
  <frame idx="975" w="86" h="138" x="-1.389210" y="-29.229439"/>
 </anim>
 <anim name="1_4" root="crystal_wall" numframes="1000" framerate="40">
  <frame idx="0" w="86" h="107" x="-0.682976" y="-19.903103">
   <element name="symbol0" layername="timeline_0" frame="2" z_index="5" m_a="1.000000" m_b="0.000000" m_c="0.000000" m_d="1.000000" m_tx="-0.682976" m_ty="-19.903103"/>
  </frame>
  <frame idx="25" w="86" h="107" x="-0.682976" y="-19.903103">
   <element name="symbol0" layername="timeline_0" frame="2" z_index="5" m_a="1.000000" m_b="0.000000" m_c="0.000000" m_d="1.000000" m_tx="-0.682976" m_ty="-19.903103"/>
  </frame>
  <frame idx="50" w="86" h="107" x="-0.682976" y="-19.903103"/>
  <frame idx="75" w="86" h="107" x="-0.682976" y="-19.903103"/>
  <frame idx="100" w="86" h="107" x="-0.682976" y="-19.903103"/>
  <frame idx="125" w="86" h="107" x="-0.682976" y="-19.903103"/>
  <frame idx="150" w="86" h="107" x="-0.682976" y="-19.903103"/>
  <frame idx="175" w="86" h="107" x="-0.682976" y="-19.903103"/>
  <frame idx="200" w="86" h="107" x="-0.682976" y="-19.903103"/>
  <frame idx="225" w="86" h="107" x="-0.682976" y="-19.903103"/>
  <frame idx="250" w="86" h="107" x="-0.682976" y="-19.903103"/>
  <frame idx="275" w="86" h="107" x="-0.682976" y="-19.903103"/>
  <frame idx="300" w="86" h="107" x="-0.682976" y="-19.903103"/>
  <frame idx="325" w="86" h="107" x="-0.682976" y="-19.903103"/>
  <frame idx="350" w="86" h="107" x="-0.682976" y="-19.903103"/>
  <frame idx="375" w="86" h="107" x="-0.682976" y="-19.903103"/>
  <frame idx="400" w="86" h="107" x="-0.682976" y="-19.903103"/>
  <frame idx="425" w="86" h="107" x="-0.682976" y="-19.903103"/>
  <frame idx="450" w="86" h="107" x="-0.682976" y="-19.903103"/>
  <frame idx="475" w="86" h="107" x="-0.682976" y="-19.903103"/>
  <frame idx="500" w="86" h="107" x="-0.682976" y="-19.903103"/>
  <frame idx="525" w="86" h="107" x="-0.682976" y="-19.903103"/>
  <frame idx="550" w="86" h="107" x="-0.682976" y="-19.903103"/>
  <frame idx="575" w="86" h="107" x="-0.682976" y="-19.903103"/>
  <frame idx="600" w="86" h="107" x="-0.682976" y="-19.903103"/>
  <frame idx="625" w="86" h="107" x="-0.682976" y="-19.903103"/>
  <frame idx="650" w="86" h="107" x="-0.682976" y="-19.903103"/>
  <frame idx="675" w="86" h="107" x="-0.682976" y="-19.903103"/>
  <frame idx="700" w="86" h="107" x="-0.682976" y="-19.903103"/>
  <frame idx="725" w="86" h="107" x="-0.682976" y="-19.903103"/>
  <frame idx="750" w="86" h="107" x="-0.682976" y="-19.903103"/>
  <frame idx="775" w="86" h="107" x="-0.682976" y="-19.903103"/>
  <frame idx="800" w="86" h="107" x="-0.682976" y="-19.903103"/>
  <frame idx="825" w="86" h="107" x="-0.682976" y="-19.903103"/>
  <frame idx="850" w="86" h="107" x="-0.682976" y="-19.903103"/>
  <frame idx="875" w="86" h="107" x="-0.682976" y="-19.903103"/>
  <frame idx="900" w="86" h="107" x="-0.682976" y="-19.903103"/>
  <frame idx="925" w="86" h="107" x="-0.682976" y="-19.903103"/>
  <frame idx="950" w="86" h="107" x="-0.682976" y="-19.903103"/>
  <frame idx="975" w="86" h="107" x="-0.682976" y="-19.903103"/>
 </anim>
 <anim name="3_4" root="crystal_wall" numframes="1000" framerate="40">
  <frame idx="0" w="80" h="179" x="-0.263382" y="-41.926025">
   <element name="symbol0" layername="timeline_0" frame="3" z_index="5" m_a="1.000000" m_b="0.000000" m_c="0.000000" m_d="1.000000" m_tx="-0.263382" m_ty="-41.926025"/>
  </frame>
  <frame idx="25" w="80" h="179" x="-0.263382" y="-41.926025">
   <element name="symbol0" layername="timeline_0" frame="3" z_index="5" m_a="1.000000" m_b="0.000000" m_c="0.000000" m_d="1.000000" m_tx="-0.263382" m_ty="-41.926025"/>
  </frame>
  <frame idx="50" w="80" h="179" x="-0.263382" y="-41.926025"/>
  <frame idx="75" w="80" h="179" x="-0.263382" y="-41.926025"/>
  <frame idx="100" w="80" h="179" x="-0.263382" y="-41.926025"/>
  <frame idx="125" w="80" h="179" x="-0.263382" y="-41.926025"/>
  <frame idx="150" w="80" h="179" x="-0.263382" y="-41.926025"/>
  <frame idx="175" w="80" h="179" x="-0.263382" y="-41.926025"/>
  <frame idx="200" w="80" h="179" x="-0.263382" y="-41.926025"/>
  <frame idx="225" w="80" h="179" x="-0.263382" y="-41.926025"/>
  <frame idx="250" w="80" h="179" x="-0.263382" y="-41.926025"/>
  <frame idx="275" w="80" h="179" x="-0.263382" y="-41.926025"/>
  <frame idx="300" w="80" h="179" x="-0.263382" y="-41.926025"/>
  <frame idx="325" w="80" h="179" x="-0.263382" y="-41.926025"/>
  <frame idx="350" w="80" h="179" x="-0.263382" y="-41.926025"/>
  <frame idx="375" w="80" h="179" x="-0.263382" y="-41.926025"/>
  <frame idx="400" w="80" h="179" x="-0.263382" y="-41.926025"/>
  <frame idx="425" w="80" h="179" x="-0.263382" y="-41.926025"/>
  <frame idx="450" w="80" h="179" x="-0.263382" y="-41.926025"/>
  <frame idx="475" w="80" h="179" x="-0.263382" y="-41.926025"/>
  <frame idx="500" w="80" h="179" x="-0.263382" y="-41.926025"/>
  <frame idx="525" w="80" h="179" x="-0.263382" y="-41.926025"/>
  <frame idx="550" w="80" h="179" x="-0.263382" y="-41.926025"/>
  <frame idx="575" w="80" h="179" x="-0.263382" y="-41.926025"/>
  <frame idx="600" w="80" h="179" x="-0.263382" y="-41.926025"/>
  <frame idx="625" w="80" h="179" x="-0.263382" y="-41.926025"/>
  <frame idx="650" w="80" h="179" x="-0.263382" y="-41.926025"/>
  <frame idx="675" w="80" h="179" x="-0.263382" y="-41.926025"/>
  <frame idx="700" w="80" h="179" x="-0.263382" y="-41.926025"/>
  <frame idx="725" w="80" h="179" x="-0.263382" y="-41.926025"/>
  <frame idx="750" w="80" h="179" x="-0.263382" y="-41.926025"/>
  <frame idx="775" w="80" h="179" x="-0.263382" y="-41.926025"/>
  <frame idx="800" w="80" h="179" x="-0.263382" y="-41.926025"/>
  <frame idx="825" w="80" h="179" x="-0.263382" y="-41.926025"/>
  <frame idx="850" w="80" h="179" x="-0.263382" y="-41.926025"/>
  <frame idx="875" w="80" h="179" x="-0.263382" y="-41.926025"/>
  <frame idx="900" w="80" h="179" x="-0.263382" y="-41.926025"/>
  <frame idx="925" w="80" h="179" x="-0.263382" y="-41.926025"/>
  <frame idx="950" w="80" h="179" x="-0.263382" y="-41.926025"/>
  <frame idx="975" w="80" h="179" x="-0.263382" y="-41.926025"/>
 </anim>
 <anim name="0" root="crystal_wall" numframes="1000" framerate="40">
  <frame idx="0" w="85" h="72" x="0.721031" y="-3.960663">
   <element name="symbol0" layername="timeline_0" frame="4" z_index="5" m_a="1.000000" m_b="0.000000" m_c="0.000000" m_d="1.000000" m_tx="0.721031" m_ty="-3.960663"/>
  </frame>
  <frame idx="25" w="85" h="72" x="0.721031" y="-3.960663">
   <element name="symbol0" layername="timeline_0" frame="4" z_index="5" m_a="1.000000" m_b="0.000000" m_c="0.000000" m_d="1.000000" m_tx="0.721031" m_ty="-3.960663"/>
  </frame>
  <frame idx="50" w="85" h="72" x="0.721031" y="-3.960663"/>
  <frame idx="75" w="85" h="72" x="0.721031" y="-3.960663"/>
  <frame idx="100" w="85" h="72" x="0.721031" y="-3.960663"/>
  <frame idx="125" w="85" h="72" x="0.721031" y="-3.960663"/>
  <frame idx="150" w="85" h="72" x="0.721031" y="-3.960663"/>
  <frame idx="175" w="85" h="72" x="0.721031" y="-3.960663"/>
  <frame idx="200" w="85" h="72" x="0.721031" y="-3.960663"/>
  <frame idx="225" w="85" h="72" x="0.721031" y="-3.960663"/>
  <frame idx="250" w="85" h="72" x="0.721031" y="-3.960663"/>
  <frame idx="275" w="85" h="72" x="0.721031" y="-3.960663"/>
  <frame idx="300" w="85" h="72" x="0.721031" y="-3.960663"/>
  <frame idx="325" w="85" h="72" x="0.721031" y="-3.960663"/>
  <frame idx="350" w="85" h="72" x="0.721031" y="-3.960663"/>
  <frame idx="375" w="85" h="72" x="0.721031" y="-3.960663"/>
  <frame idx="400" w="85" h="72" x="0.721031" y="-3.960663"/>
  <frame idx="425" w="85" h="72" x="0.721031" y="-3.960663"/>
  <frame idx="450" w="85" h="72" x="0.721031" y="-3.960663"/>
  <frame idx="475" w="85" h="72" x="0.721031" y="-3.960663"/>
  <frame idx="500" w="85" h="72" x="0.721031" y="-3.960663"/>
  <frame idx="525" w="85" h="72" x="0.721031" y="-3.960663"/>
  <frame idx="550" w="85" h="72" x="0.721031" y="-3.960663"/>
  <frame idx="575" w="85" h="72" x="0.721031" y="-3.960663"/>
  <frame idx="600" w="85" h="72" x="0.721031" y="-3.960663"/>
  <frame idx="625" w="85" h="72" x="0.721031" y="-3.960663"/>
  <frame idx="650" w="85" h="72" x="0.721031" y="-3.960663"/>
  <frame idx="675" w="85" h="72" x="0.721031" y="-3.960663"/>
  <frame idx="700" w="85" h="72" x="0.721031" y="-3.960663"/>
  <frame idx="725" w="85" h="72" x="0.721031" y="-3.960663"/>
  <frame idx="750" w="85" h="72" x="0.721031" y="-3.960663"/>
  <frame idx="775" w="85" h="72" x="0.721031" y="-3.960663"/>
  <frame idx="800" w="85" h="72" x="0.721031" y="-3.960663"/>
  <frame idx="825" w="85" h="72" x="0.721031" y="-3.960663"/>
  <frame idx="850" w="85" h="72" x="0.721031" y="-3.960663"/>
  <frame idx="875" w="85" h="72" x="0.721031" y="-3.960663"/>
  <frame idx="900" w="85" h="72" x="0.721031" y="-3.960663"/>
  <frame idx="925" w="85" h="72" x="0.721031" y="-3.960663"/>
  <frame idx="950" w="85" h="72" x="0.721031" y="-3.960663"/>
  <frame idx="975" w="85" h="72" x="0.721031" y="-3.960663"/>
 </anim>
</Anims>
