<Anims>
 <anim name="wrecked_fixed" root="sky_octopus_wreckage" numframes="1000" framerate="40">
  <frame idx="0" w="2057" h="2753" x="-1219.642822" y="-850.661194">
   <element name="symbol0" layername="timeline_0" frame="0" z_index="39" m_a="0.415528" m_b="0.909580" m_c="-0.909580" m_d="0.415528" m_tx="240.115280" m_ty="-255.908508"/>
   <element name="symbol0" layername="timeline_1" frame="0" z_index="39" m_a="0.415528" m_b="0.909580" m_c="-0.909580" m_d="0.415528" m_tx="-106.637581" m_ty="188.346436"/>
   <element name="symbol0" layername="timeline_2" frame="0" z_index="39" m_a="0.503664" m_b="0.863899" m_c="-0.863899" m_d="0.503664" m_tx="-85.810585" m_ty="206.489075"/>
   <element name="symbol0" layername="timeline_3" frame="0" z_index="39" m_a="-0.403772" m_b="-0.989848" m_c="-0.925929" m_d="0.377699" m_tx="-395.835052" m_ty="-378.571991"/>
   <element name="symbol0" layername="timeline_4" frame="0" z_index="39" m_a="0.345275" m_b="0.938502" m_c="-0.938502" m_d="0.345275" m_tx="-276.107635" m_ty="-31.955658"/>
   <element name="symbol0" layername="timeline_5" frame="0" z_index="39" m_a="-0.559254" m_b="-0.519578" m_c="-0.554450" m_d="0.596788" m_tx="-214.619690" m_ty="4.930971"/>
   <element name="symbol0" layername="timeline_6" frame="0" z_index="39" m_a="-0.327175" m_b="-0.716177" m_c="-0.539011" m_d="0.246239" m_tx="-237.234589" m_ty="-290.988434"/>
   <element name="symbol0" layername="timeline_7" frame="0" z_index="39" m_a="0.307075" m_b="0.574407" m_c="-1.164890" m_d="0.622744" m_tx="-285.854706" m_ty="-4.361420"/>
   <element name="symbol0" layername="timeline_8" frame="0" z_index="39" m_a="-0.245604" m_b="-0.537620" m_c="-1.237528" m_d="0.565346" m_tx="-313.737061" m_ty="-53.469940"/>
   <element name="symbol0" layername="timeline_9" frame="0" z_index="39" m_a="0.415528" m_b="0.909580" m_c="-0.909580" m_d="0.415528" m_tx="-140.845612" m_ty="109.889862"/>
   <element name="symbol0" layername="timeline_10" frame="0" z_index="39" m_a="0.415528" m_b="0.909580" m_c="-0.771309" m_d="0.352361" m_tx="500.574097" m_ty="-619.779114"/>
   <element name="symbol0" layername="timeline_11" frame="0" z_index="33" m_a="0.574282" m_b="0.818657" m_c="-0.818657" m_d="0.574282" m_tx="317.635620" m_ty="-235.623718"/>
   <element name="symbol0" layername="timeline_12" frame="1" z_index="32" m_a="0.585316" m_b="0.810805" m_c="-0.810805" m_d="0.585316" m_tx="55.182735" m_ty="-83.856247"/>
   <element name="symbol0" layername="timeline_13" frame="2" z_index="31" m_a="0.614819" m_b="0.788668" m_c="-0.788668" m_d="0.614819" m_tx="630.851379" m_ty="-488.146667"/>
   <element name="symbol0" layername="timeline_14" frame="3" z_index="39" m_a="0.384945" m_b="0.922939" m_c="-0.922939" m_d="0.384945" m_tx="-15.281845" m_ty="37.707809"/>
   <element name="symbol0" layername="timeline_15" frame="4" z_index="38" m_a="0.228485" m_b="0.973547" m_c="-0.973547" m_d="0.228485" m_tx="-148.327942" m_ty="-110.800781"/>
   <element name="symbol0" layername="timeline_16" frame="5" z_index="37" m_a="0.436904" m_b="0.899508" m_c="-0.899508" m_d="0.436904" m_tx="-130.122513" m_ty="-42.462372"/>
   <element name="symbol0" layername="timeline_17" frame="6" z_index="36" m_a="0.320807" m_b="0.947145" m_c="-0.947145" m_d="0.320807" m_tx="-144.251343" m_ty="-157.265045"/>
   <element name="symbol0" layername="timeline_18" frame="7" z_index="35" m_a="0.193984" m_b="0.981005" m_c="-0.981005" m_d="0.193984" m_tx="-115.550980" m_ty="32.581268"/>
   <element name="symbol0" layername="timeline_19" frame="8" z_index="34" m_a="-0.192485" m_b="0.981300" m_c="-0.981300" m_d="-0.192485" m_tx="-149.899673" m_ty="-106.497360"/>
  </frame>
  <frame idx="25" w="2057" h="2753" x="-1219.642822" y="-850.661194">
   <element name="symbol0" layername="timeline_0" frame="0" z_index="39" m_a="0.415528" m_b="0.909580" m_c="-0.909580" m_d="0.415528" m_tx="240.115280" m_ty="-255.908508"/>
   <element name="symbol0" layername="timeline_1" frame="0" z_index="39" m_a="0.415528" m_b="0.909580" m_c="-0.909580" m_d="0.415528" m_tx="-106.637581" m_ty="188.346436"/>
   <element name="symbol0" layername="timeline_2" frame="0" z_index="39" m_a="0.503664" m_b="0.863899" m_c="-0.863899" m_d="0.503664" m_tx="-85.810585" m_ty="206.489075"/>
   <element name="symbol0" layername="timeline_3" frame="0" z_index="39" m_a="-0.403772" m_b="-0.989848" m_c="-0.925929" m_d="0.377699" m_tx="-395.835052" m_ty="-378.571991"/>
   <element name="symbol0" layername="timeline_4" frame="0" z_index="39" m_a="0.345275" m_b="0.938502" m_c="-0.938502" m_d="0.345275" m_tx="-276.107635" m_ty="-31.955658"/>
   <element name="symbol0" layername="timeline_5" frame="0" z_index="39" m_a="-0.559254" m_b="-0.519578" m_c="-0.554450" m_d="0.596788" m_tx="-214.619690" m_ty="4.930971"/>
   <element name="symbol0" layername="timeline_6" frame="0" z_index="39" m_a="-0.327175" m_b="-0.716177" m_c="-0.539011" m_d="0.246239" m_tx="-237.234589" m_ty="-290.988434"/>
   <element name="symbol0" layername="timeline_7" frame="0" z_index="39" m_a="0.307075" m_b="0.574407" m_c="-1.164890" m_d="0.622744" m_tx="-285.854706" m_ty="-4.361420"/>
   <element name="symbol0" layername="timeline_8" frame="0" z_index="39" m_a="-0.245604" m_b="-0.537620" m_c="-1.237528" m_d="0.565346" m_tx="-313.737061" m_ty="-53.469940"/>
   <element name="symbol0" layername="timeline_9" frame="0" z_index="39" m_a="0.415528" m_b="0.909580" m_c="-0.909580" m_d="0.415528" m_tx="-140.845612" m_ty="109.889862"/>
   <element name="symbol0" layername="timeline_10" frame="0" z_index="39" m_a="0.415528" m_b="0.909580" m_c="-0.771309" m_d="0.352361" m_tx="500.574097" m_ty="-619.779114"/>
   <element name="symbol0" layername="timeline_11" frame="0" z_index="33" m_a="0.574282" m_b="0.818657" m_c="-0.818657" m_d="0.574282" m_tx="317.635620" m_ty="-235.623718"/>
   <element name="symbol0" layername="timeline_12" frame="1" z_index="32" m_a="0.585316" m_b="0.810805" m_c="-0.810805" m_d="0.585316" m_tx="55.182735" m_ty="-83.856247"/>
   <element name="symbol0" layername="timeline_13" frame="2" z_index="31" m_a="0.614819" m_b="0.788668" m_c="-0.788668" m_d="0.614819" m_tx="630.851379" m_ty="-488.146667"/>
   <element name="symbol0" layername="timeline_14" frame="3" z_index="39" m_a="0.384945" m_b="0.922939" m_c="-0.922939" m_d="0.384945" m_tx="-15.281845" m_ty="37.707809"/>
   <element name="symbol0" layername="timeline_15" frame="4" z_index="38" m_a="0.228485" m_b="0.973547" m_c="-0.973547" m_d="0.228485" m_tx="-148.327942" m_ty="-110.800781"/>
   <element name="symbol0" layername="timeline_16" frame="5" z_index="37" m_a="0.436904" m_b="0.899508" m_c="-0.899508" m_d="0.436904" m_tx="-130.122513" m_ty="-42.462372"/>
   <element name="symbol0" layername="timeline_17" frame="6" z_index="36" m_a="0.320807" m_b="0.947145" m_c="-0.947145" m_d="0.320807" m_tx="-144.251343" m_ty="-157.265045"/>
   <element name="symbol0" layername="timeline_18" frame="7" z_index="35" m_a="0.193984" m_b="0.981005" m_c="-0.981005" m_d="0.193984" m_tx="-115.550980" m_ty="32.581268"/>
   <element name="symbol0" layername="timeline_19" frame="8" z_index="34" m_a="-0.192485" m_b="0.981300" m_c="-0.981300" m_d="-0.192485" m_tx="-149.899673" m_ty="-106.497360"/>
  </frame>
  <frame idx="50" w="2057" h="2753" x="-1219.642822" y="-850.661194"/>
  <frame idx="75" w="2057" h="2753" x="-1219.642822" y="-850.661194"/>
  <frame idx="100" w="2057" h="2753" x="-1219.642822" y="-850.661194"/>
  <frame idx="125" w="2057" h="2753" x="-1219.642822" y="-850.661194"/>
  <frame idx="150" w="2057" h="2753" x="-1219.642822" y="-850.661194"/>
  <frame idx="175" w="2057" h="2753" x="-1219.642822" y="-850.661194"/>
  <frame idx="200" w="2057" h="2753" x="-1219.642822" y="-850.661194"/>
  <frame idx="225" w="2057" h="2753" x="-1219.642822" y="-850.661194"/>
  <frame idx="250" w="2057" h="2753" x="-1219.642822" y="-850.661194"/>
  <frame idx="275" w="2057" h="2753" x="-1219.642822" y="-850.661194"/>
  <frame idx="300" w="2057" h="2753" x="-1219.642822" y="-850.661194"/>
  <frame idx="325" w="2057" h="2753" x="-1219.642822" y="-850.661194"/>
  <frame idx="350" w="2057" h="2753" x="-1219.642822" y="-850.661194"/>
  <frame idx="375" w="2057" h="2753" x="-1219.642822" y="-850.661194"/>
  <frame idx="400" w="2057" h="2753" x="-1219.642822" y="-850.661194"/>
  <frame idx="425" w="2057" h="2753" x="-1219.642822" y="-850.661194"/>
  <frame idx="450" w="2057" h="2753" x="-1219.642822" y="-850.661194"/>
  <frame idx="475" w="2057" h="2753" x="-1219.642822" y="-850.661194"/>
  <frame idx="500" w="2057" h="2753" x="-1219.642822" y="-850.661194"/>
  <frame idx="525" w="2057" h="2753" x="-1219.642822" y="-850.661194"/>
  <frame idx="550" w="2057" h="2753" x="-1219.642822" y="-850.661194"/>
  <frame idx="575" w="2057" h="2753" x="-1219.642822" y="-850.661194"/>
  <frame idx="600" w="2057" h="2753" x="-1219.642822" y="-850.661194"/>
  <frame idx="625" w="2057" h="2753" x="-1219.642822" y="-850.661194"/>
  <frame idx="650" w="2057" h="2753" x="-1219.642822" y="-850.661194"/>
  <frame idx="675" w="2057" h="2753" x="-1219.642822" y="-850.661194"/>
  <frame idx="700" w="2057" h="2753" x="-1219.642822" y="-850.661194"/>
  <frame idx="725" w="2057" h="2753" x="-1219.642822" y="-850.661194"/>
  <frame idx="750" w="2057" h="2753" x="-1219.642822" y="-850.661194"/>
  <frame idx="775" w="2057" h="2753" x="-1219.642822" y="-850.661194"/>
  <frame idx="800" w="2057" h="2753" x="-1219.642822" y="-850.661194"/>
  <frame idx="825" w="2057" h="2753" x="-1219.642822" y="-850.661194"/>
  <frame idx="850" w="2057" h="2753" x="-1219.642822" y="-850.661194"/>
  <frame idx="875" w="2057" h="2753" x="-1219.642822" y="-850.661194"/>
  <frame idx="900" w="2057" h="2753" x="-1219.642822" y="-850.661194"/>
  <frame idx="925" w="2057" h="2753" x="-1219.642822" y="-850.661194"/>
  <frame idx="950" w="2057" h="2753" x="-1219.642822" y="-850.661194"/>
  <frame idx="975" w="2057" h="2753" x="-1219.642822" y="-850.661194"/>
 </anim>
 <anim name="wrecked_idle" root="sky_octopus_wreckage" numframes="1000" framerate="40">
  <frame idx="0" w="1721" h="2183" x="-1219.642822" y="-850.661194">
   <element name="symbol0" layername="timeline_0" frame="0" z_index="39" m_a="0.415528" m_b="0.909580" m_c="-0.909580" m_d="0.415528" m_tx="240.115280" m_ty="-255.908508"/>
   <element name="symbol0" layername="timeline_1" frame="0" z_index="39" m_a="0.415528" m_b="0.909580" m_c="-0.909580" m_d="0.415528" m_tx="-106.637581" m_ty="188.346436"/>
   <element name="symbol0" layername="timeline_2" frame="0" z_index="39" m_a="0.503664" m_b="0.863899" m_c="-0.863899" m_d="0.503664" m_tx="-85.810585" m_ty="206.489075"/>
   <element name="symbol0" layername="timeline_3" frame="0" z_index="39" m_a="-0.403772" m_b="-0.989848" m_c="-0.925929" m_d="0.377699" m_tx="-395.835052" m_ty="-378.571991"/>
   <element name="symbol0" layername="timeline_4" frame="0" z_index="39" m_a="0.345275" m_b="0.938502" m_c="-0.938502" m_d="0.345275" m_tx="-276.107635" m_ty="-31.955658"/>
   <element name="symbol0" layername="timeline_5" frame="0" z_index="39" m_a="-0.559254" m_b="-0.519578" m_c="-0.554450" m_d="0.596788" m_tx="-214.619690" m_ty="4.930971"/>
   <element name="symbol0" layername="timeline_6" frame="0" z_index="39" m_a="-0.327175" m_b="-0.716177" m_c="-0.539011" m_d="0.246239" m_tx="-237.234589" m_ty="-290.988434"/>
   <element name="symbol0" layername="timeline_7" frame="0" z_index="39" m_a="0.307075" m_b="0.574407" m_c="-1.164890" m_d="0.622744" m_tx="-285.854706" m_ty="-4.361420"/>
   <element name="symbol0" layername="timeline_8" frame="0" z_index="39" m_a="-0.245604" m_b="-0.537620" m_c="-1.237528" m_d="0.565346" m_tx="-313.737061" m_ty="-53.469940"/>
   <element name="symbol0" layername="timeline_9" frame="0" z_index="39" m_a="0.415528" m_b="0.909580" m_c="-0.909580" m_d="0.415528" m_tx="-140.845612" m_ty="109.889862"/>
   <element name="symbol0" layername="timeline_10" frame="0" z_index="39" m_a="0.415528" m_b="0.909580" m_c="-0.771309" m_d="0.352361" m_tx="500.574097" m_ty="-619.779114"/>
   <element name="symbol0" layername="timeline_11" frame="0" z_index="33" m_a="0.574282" m_b="0.818657" m_c="-0.818657" m_d="0.574282" m_tx="317.635620" m_ty="-235.623718"/>
   <element name="symbol0" layername="timeline_12" frame="1" z_index="32" m_a="0.585316" m_b="0.810805" m_c="-0.810805" m_d="0.585316" m_tx="55.182735" m_ty="-83.856247"/>
   <element name="symbol0" layername="timeline_13" frame="3" z_index="39" m_a="0.384945" m_b="0.922939" m_c="-0.922939" m_d="0.384945" m_tx="-15.281845" m_ty="37.707809"/>
   <element name="symbol0" layername="timeline_14" frame="4" z_index="38" m_a="0.228485" m_b="0.973547" m_c="-0.973547" m_d="0.228485" m_tx="-148.327942" m_ty="-110.800781"/>
   <element name="symbol0" layername="timeline_15" frame="5" z_index="37" m_a="0.436904" m_b="0.899508" m_c="-0.899508" m_d="0.436904" m_tx="-130.122513" m_ty="-42.462372"/>
   <element name="symbol0" layername="timeline_16" frame="6" z_index="36" m_a="0.320807" m_b="0.947145" m_c="-0.947145" m_d="0.320807" m_tx="-144.251343" m_ty="-157.265045"/>
   <element name="symbol0" layername="timeline_17" frame="7" z_index="35" m_a="0.193984" m_b="0.981005" m_c="-0.981005" m_d="0.193984" m_tx="-115.550980" m_ty="32.581268"/>
   <element name="symbol0" layername="timeline_18" frame="8" z_index="34" m_a="-0.192485" m_b="0.981300" m_c="-0.981300" m_d="-0.192485" m_tx="-149.899673" m_ty="-106.497360"/>
  </frame>
  <frame idx="25" w="1721" h="2183" x="-1219.642822" y="-850.661194">
   <element name="symbol0" layername="timeline_0" frame="0" z_index="39" m_a="0.415528" m_b="0.909580" m_c="-0.909580" m_d="0.415528" m_tx="240.115280" m_ty="-255.908508"/>
   <element name="symbol0" layername="timeline_1" frame="0" z_index="39" m_a="0.415528" m_b="0.909580" m_c="-0.909580" m_d="0.415528" m_tx="-106.637581" m_ty="188.346436"/>
   <element name="symbol0" layername="timeline_2" frame="0" z_index="39" m_a="0.503664" m_b="0.863899" m_c="-0.863899" m_d="0.503664" m_tx="-85.810585" m_ty="206.489075"/>
   <element name="symbol0" layername="timeline_3" frame="0" z_index="39" m_a="-0.403772" m_b="-0.989848" m_c="-0.925929" m_d="0.377699" m_tx="-395.835052" m_ty="-378.571991"/>
   <element name="symbol0" layername="timeline_4" frame="0" z_index="39" m_a="0.345275" m_b="0.938502" m_c="-0.938502" m_d="0.345275" m_tx="-276.107635" m_ty="-31.955658"/>
   <element name="symbol0" layername="timeline_5" frame="0" z_index="39" m_a="-0.559254" m_b="-0.519578" m_c="-0.554450" m_d="0.596788" m_tx="-214.619690" m_ty="4.930971"/>
   <element name="symbol0" layername="timeline_6" frame="0" z_index="39" m_a="-0.327175" m_b="-0.716177" m_c="-0.539011" m_d="0.246239" m_tx="-237.234589" m_ty="-290.988434"/>
   <element name="symbol0" layername="timeline_7" frame="0" z_index="39" m_a="0.307075" m_b="0.574407" m_c="-1.164890" m_d="0.622744" m_tx="-285.854706" m_ty="-4.361420"/>
   <element name="symbol0" layername="timeline_8" frame="0" z_index="39" m_a="-0.245604" m_b="-0.537620" m_c="-1.237528" m_d="0.565346" m_tx="-313.737061" m_ty="-53.469940"/>
   <element name="symbol0" layername="timeline_9" frame="0" z_index="39" m_a="0.415528" m_b="0.909580" m_c="-0.909580" m_d="0.415528" m_tx="-140.845612" m_ty="109.889862"/>
   <element name="symbol0" layername="timeline_10" frame="0" z_index="39" m_a="0.415528" m_b="0.909580" m_c="-0.771309" m_d="0.352361" m_tx="500.574097" m_ty="-619.779114"/>
   <element name="symbol0" layername="timeline_11" frame="0" z_index="33" m_a="0.574282" m_b="0.818657" m_c="-0.818657" m_d="0.574282" m_tx="317.635620" m_ty="-235.623718"/>
   <element name="symbol0" layername="timeline_12" frame="1" z_index="32" m_a="0.585316" m_b="0.810805" m_c="-0.810805" m_d="0.585316" m_tx="55.182735" m_ty="-83.856247"/>
   <element name="symbol0" layername="timeline_13" frame="3" z_index="39" m_a="0.384945" m_b="0.922939" m_c="-0.922939" m_d="0.384945" m_tx="-15.281845" m_ty="37.707809"/>
   <element name="symbol0" layername="timeline_14" frame="4" z_index="38" m_a="0.228485" m_b="0.973547" m_c="-0.973547" m_d="0.228485" m_tx="-148.327942" m_ty="-110.800781"/>
   <element name="symbol0" layername="timeline_15" frame="5" z_index="37" m_a="0.436904" m_b="0.899508" m_c="-0.899508" m_d="0.436904" m_tx="-130.122513" m_ty="-42.462372"/>
   <element name="symbol0" layername="timeline_16" frame="6" z_index="36" m_a="0.320807" m_b="0.947145" m_c="-0.947145" m_d="0.320807" m_tx="-144.251343" m_ty="-157.265045"/>
   <element name="symbol0" layername="timeline_17" frame="7" z_index="35" m_a="0.193984" m_b="0.981005" m_c="-0.981005" m_d="0.193984" m_tx="-115.550980" m_ty="32.581268"/>
   <element name="symbol0" layername="timeline_18" frame="8" z_index="34" m_a="-0.192485" m_b="0.981300" m_c="-0.981300" m_d="-0.192485" m_tx="-149.899673" m_ty="-106.497360"/>
  </frame>
  <frame idx="50" w="1721" h="2183" x="-1219.642822" y="-850.661194"/>
  <frame idx="75" w="1721" h="2183" x="-1219.642822" y="-850.661194"/>
  <frame idx="100" w="1721" h="2183" x="-1219.642822" y="-850.661194"/>
  <frame idx="125" w="1721" h="2183" x="-1219.642822" y="-850.661194"/>
  <frame idx="150" w="1721" h="2183" x="-1219.642822" y="-850.661194"/>
  <frame idx="175" w="1721" h="2183" x="-1219.642822" y="-850.661194"/>
  <frame idx="200" w="1721" h="2183" x="-1219.642822" y="-850.661194"/>
  <frame idx="225" w="1721" h="2183" x="-1219.642822" y="-850.661194"/>
  <frame idx="250" w="1721" h="2183" x="-1219.642822" y="-850.661194"/>
  <frame idx="275" w="1721" h="2183" x="-1219.642822" y="-850.661194"/>
  <frame idx="300" w="1721" h="2183" x="-1219.642822" y="-850.661194"/>
  <frame idx="325" w="1721" h="2183" x="-1219.642822" y="-850.661194"/>
  <frame idx="350" w="1721" h="2183" x="-1219.642822" y="-850.661194"/>
  <frame idx="375" w="1721" h="2183" x="-1219.642822" y="-850.661194"/>
  <frame idx="400" w="1721" h="2183" x="-1219.642822" y="-850.661194"/>
  <frame idx="425" w="1721" h="2183" x="-1219.642822" y="-850.661194"/>
  <frame idx="450" w="1721" h="2183" x="-1219.642822" y="-850.661194"/>
  <frame idx="475" w="1721" h="2183" x="-1219.642822" y="-850.661194"/>
  <frame idx="500" w="1721" h="2183" x="-1219.642822" y="-850.661194"/>
  <frame idx="525" w="1721" h="2183" x="-1219.642822" y="-850.661194"/>
  <frame idx="550" w="1721" h="2183" x="-1219.642822" y="-850.661194"/>
  <frame idx="575" w="1721" h="2183" x="-1219.642822" y="-850.661194"/>
  <frame idx="600" w="1721" h="2183" x="-1219.642822" y="-850.661194"/>
  <frame idx="625" w="1721" h="2183" x="-1219.642822" y="-850.661194"/>
  <frame idx="650" w="1721" h="2183" x="-1219.642822" y="-850.661194"/>
  <frame idx="675" w="1721" h="2183" x="-1219.642822" y="-850.661194"/>
  <frame idx="700" w="1721" h="2183" x="-1219.642822" y="-850.661194"/>
  <frame idx="725" w="1721" h="2183" x="-1219.642822" y="-850.661194"/>
  <frame idx="750" w="1721" h="2183" x="-1219.642822" y="-850.661194"/>
  <frame idx="775" w="1721" h="2183" x="-1219.642822" y="-850.661194"/>
  <frame idx="800" w="1721" h="2183" x="-1219.642822" y="-850.661194"/>
  <frame idx="825" w="1721" h="2183" x="-1219.642822" y="-850.661194"/>
  <frame idx="850" w="1721" h="2183" x="-1219.642822" y="-850.661194"/>
  <frame idx="875" w="1721" h="2183" x="-1219.642822" y="-850.661194"/>
  <frame idx="900" w="1721" h="2183" x="-1219.642822" y="-850.661194"/>
  <frame idx="925" w="1721" h="2183" x="-1219.642822" y="-850.661194"/>
  <frame idx="950" w="1721" h="2183" x="-1219.642822" y="-850.661194"/>
  <frame idx="975" w="1721" h="2183" x="-1219.642822" y="-850.661194"/>
 </anim>
</Anims>
