<Anims>
 <anim name="idle_full" root="cloud_coral" numframes="1000" framerate="40">
  <frame idx="0" w="228" h="313" x="8.419846" y="-72.980911">
   <element name="symbol0" layername="timeline_0" frame="0" z_index="3" m_a="1.000000" m_b="0.000000" m_c="0.000000" m_d="1.000000" m_tx="8.419846" m_ty="-72.980911"/>
  </frame>
  <frame idx="25" w="228" h="313" x="8.419846" y="-72.980911">
   <element name="symbol0" layername="timeline_0" frame="0" z_index="3" m_a="1.000000" m_b="0.000000" m_c="0.000000" m_d="1.000000" m_tx="8.419846" m_ty="-72.980911"/>
  </frame>
  <frame idx="50" w="228" h="313" x="8.419846" y="-72.980911">
   <element name="symbol0" layername="timeline_0" frame="0" z_index="3" m_a="1.000000" m_b="0.000000" m_c="0.000000" m_d="1.000000" m_tx="8.419846" m_ty="-72.980911"/>
  </frame>
  <frame idx="75" w="228" h="313" x="8.419846" y="-72.980911">
   <element name="symbol0" layername="timeline_0" frame="0" z_index="3" m_a="1.000000" m_b="0.000000" m_c="0.000000" m_d="1.000000" m_tx="8.419846" m_ty="-72.980911"/>
  </frame>
  <frame idx="100" w="228" h="313" x="8.419846" y="-72.980911">
   <element name="symbol0" layername="timeline_0" frame="0" z_index="3" m_a="1.000000" m_b="0.000000" m_c="0.000000" m_d="1.000000" m_tx="8.419846" m_ty="-72.980911"/>
  </frame>
  <frame idx="125" w="228" h="313" x="8.419846" y="-72.980911">
   <element name="symbol0" layername="timeline_0" frame="0" z_index="3" m_a="1.000000" m_b="0.000000" m_c="0.000000" m_d="1.000000" m_tx="8.419846" m_ty="-72.980911"/>
  </frame>
  <frame idx="150" w="228" h="313" x="8.419846" y="-72.980911">
   <element name="symbol0" layername="timeline_0" frame="0" z_index="3" m_a="1.000000" m_b="0.000000" m_c="0.000000" m_d="1.000000" m_tx="8.419846" m_ty="-72.980911"/>
  </frame>
  <frame idx="175" w="228" h="313" x="8.419846" y="-72.980911">
   <element name="symbol0" layername="timeline_0" frame="0" z_index="3" m_a="1.000000" m_b="0.000000" m_c="0.000000" m_d="1.000000" m_tx="8.419846" m_ty="-72.980911"/>
  </frame>
  <frame idx="200" w="228" h="313" x="8.419846" y="-72.980911">
   <element name="symbol0" layername="timeline_0" frame="0" z_index="3" m_a="1.000000" m_b="0.000000" m_c="0.000000" m_d="1.000000" m_tx="8.419846" m_ty="-72.980911"/>
  </frame>
  <frame idx="225" w="228" h="313" x="8.419846" y="-72.980911">
   <element name="symbol0" layername="timeline_0" frame="0" z_index="3" m_a="1.000000" m_b="0.000000" m_c="0.000000" m_d="1.000000" m_tx="8.419846" m_ty="-72.980911"/>
  </frame>
  <frame idx="250" w="228" h="313" x="8.419846" y="-72.980911">
   <element name="symbol0" layername="timeline_0" frame="0" z_index="3" m_a="1.000000" m_b="0.000000" m_c="0.000000" m_d="1.000000" m_tx="8.419846" m_ty="-72.980911"/>
  </frame>
  <frame idx="275" w="228" h="313" x="8.419846" y="-72.980911">
   <element name="symbol0" layername="timeline_0" frame="0" z_index="3" m_a="1.000000" m_b="0.000000" m_c="0.000000" m_d="1.000000" m_tx="8.419846" m_ty="-72.980911"/>
  </frame>
  <frame idx="300" w="228" h="313" x="8.419846" y="-72.980911">
   <element name="symbol0" layername="timeline_0" frame="0" z_index="3" m_a="1.000000" m_b="0.000000" m_c="0.000000" m_d="1.000000" m_tx="8.419846" m_ty="-72.980911"/>
  </frame>
  <frame idx="325" w="228" h="313" x="8.419846" y="-72.980911">
   <element name="symbol0" layername="timeline_0" frame="0" z_index="3" m_a="1.000000" m_b="0.000000" m_c="0.000000" m_d="1.000000" m_tx="8.419846" m_ty="-72.980911"/>
  </frame>
  <frame idx="350" w="228" h="313" x="8.419846" y="-72.980911">
   <element name="symbol0" layername="timeline_0" frame="0" z_index="3" m_a="1.000000" m_b="0.000000" m_c="0.000000" m_d="1.000000" m_tx="8.419846" m_ty="-72.980911"/>
  </frame>
  <frame idx="375" w="228" h="313" x="8.419846" y="-72.980911">
   <element name="symbol0" layername="timeline_0" frame="0" z_index="3" m_a="1.000000" m_b="0.000000" m_c="0.000000" m_d="1.000000" m_tx="8.419846" m_ty="-72.980911"/>
  </frame>
  <frame idx="400" w="228" h="313" x="8.419846" y="-72.980911">
   <element name="symbol0" layername="timeline_0" frame="0" z_index="3" m_a="1.000000" m_b="0.000000" m_c="0.000000" m_d="1.000000" m_tx="8.419846" m_ty="-72.980911"/>
  </frame>
  <frame idx="425" w="228" h="313" x="8.419846" y="-72.980911">
   <element name="symbol0" layername="timeline_0" frame="0" z_index="3" m_a="1.000000" m_b="0.000000" m_c="0.000000" m_d="1.000000" m_tx="8.419846" m_ty="-72.980911"/>
  </frame>
  <frame idx="450" w="228" h="313" x="8.419846" y="-72.980911">
   <element name="symbol0" layername="timeline_0" frame="0" z_index="3" m_a="1.000000" m_b="0.000000" m_c="0.000000" m_d="1.000000" m_tx="8.419846" m_ty="-72.980911"/>
  </frame>
  <frame idx="475" w="228" h="313" x="8.419846" y="-72.980911">
   <element name="symbol0" layername="timeline_0" frame="0" z_index="3" m_a="1.000000" m_b="0.000000" m_c="0.000000" m_d="1.000000" m_tx="8.419846" m_ty="-72.980911"/>
  </frame>
  <frame idx="500" w="228" h="313" x="8.419846" y="-72.980911">
   <element name="symbol0" layername="timeline_0" frame="0" z_index="3" m_a="1.000000" m_b="0.000000" m_c="0.000000" m_d="1.000000" m_tx="8.419846" m_ty="-72.980911"/>
  </frame>
  <frame idx="525" w="228" h="313" x="8.419846" y="-72.980911">
   <element name="symbol0" layername="timeline_0" frame="0" z_index="3" m_a="1.000000" m_b="0.000000" m_c="0.000000" m_d="1.000000" m_tx="8.419846" m_ty="-72.980911"/>
  </frame>
  <frame idx="550" w="228" h="313" x="8.419846" y="-72.980911">
   <element name="symbol0" layername="timeline_0" frame="0" z_index="3" m_a="1.000000" m_b="0.000000" m_c="0.000000" m_d="1.000000" m_tx="8.419846" m_ty="-72.980911"/>
  </frame>
  <frame idx="575" w="228" h="313" x="8.419846" y="-72.980911">
   <element name="symbol0" layername="timeline_0" frame="0" z_index="3" m_a="1.000000" m_b="0.000000" m_c="0.000000" m_d="1.000000" m_tx="8.419846" m_ty="-72.980911"/>
  </frame>
  <frame idx="600" w="228" h="313" x="8.419846" y="-72.980911">
   <element name="symbol0" layername="timeline_0" frame="0" z_index="3" m_a="1.000000" m_b="0.000000" m_c="0.000000" m_d="1.000000" m_tx="8.419846" m_ty="-72.980911"/>
  </frame>
  <frame idx="625" w="228" h="313" x="8.419846" y="-72.980911">
   <element name="symbol0" layername="timeline_0" frame="0" z_index="3" m_a="1.000000" m_b="0.000000" m_c="0.000000" m_d="1.000000" m_tx="8.419846" m_ty="-72.980911"/>
  </frame>
  <frame idx="650" w="228" h="313" x="8.419846" y="-72.980911">
   <element name="symbol0" layername="timeline_0" frame="0" z_index="3" m_a="1.000000" m_b="0.000000" m_c="0.000000" m_d="1.000000" m_tx="8.419846" m_ty="-72.980911"/>
  </frame>
  <frame idx="675" w="228" h="313" x="8.419846" y="-72.980911">
   <element name="symbol0" layername="timeline_0" frame="0" z_index="3" m_a="1.000000" m_b="0.000000" m_c="0.000000" m_d="1.000000" m_tx="8.419846" m_ty="-72.980911"/>
  </frame>
  <frame idx="700" w="228" h="313" x="8.419846" y="-72.980911">
   <element name="symbol0" layername="timeline_0" frame="0" z_index="3" m_a="1.000000" m_b="0.000000" m_c="0.000000" m_d="1.000000" m_tx="8.419846" m_ty="-72.980911"/>
  </frame>
  <frame idx="725" w="228" h="313" x="8.419846" y="-72.980911">
   <element name="symbol0" layername="timeline_0" frame="0" z_index="3" m_a="1.000000" m_b="0.000000" m_c="0.000000" m_d="1.000000" m_tx="8.419846" m_ty="-72.980911"/>
  </frame>
  <frame idx="750" w="228" h="313" x="8.419846" y="-72.980911">
   <element name="symbol0" layername="timeline_0" frame="0" z_index="3" m_a="1.000000" m_b="0.000000" m_c="0.000000" m_d="1.000000" m_tx="8.419846" m_ty="-72.980911"/>
  </frame>
  <frame idx="775" w="228" h="313" x="8.419846" y="-72.980911">
   <element name="symbol0" layername="timeline_0" frame="0" z_index="3" m_a="1.000000" m_b="0.000000" m_c="0.000000" m_d="1.000000" m_tx="8.419846" m_ty="-72.980911"/>
  </frame>
  <frame idx="800" w="228" h="313" x="8.419846" y="-72.980911">
   <element name="symbol0" layername="timeline_0" frame="0" z_index="3" m_a="1.000000" m_b="0.000000" m_c="0.000000" m_d="1.000000" m_tx="8.419846" m_ty="-72.980911"/>
  </frame>
  <frame idx="825" w="228" h="313" x="8.419846" y="-72.980911">
   <element name="symbol0" layername="timeline_0" frame="0" z_index="3" m_a="1.000000" m_b="0.000000" m_c="0.000000" m_d="1.000000" m_tx="8.419846" m_ty="-72.980911"/>
  </frame>
  <frame idx="850" w="228" h="313" x="8.419846" y="-72.980911">
   <element name="symbol0" layername="timeline_0" frame="0" z_index="3" m_a="1.000000" m_b="0.000000" m_c="0.000000" m_d="1.000000" m_tx="8.419846" m_ty="-72.980911"/>
  </frame>
  <frame idx="875" w="228" h="313" x="8.419846" y="-72.980911">
   <element name="symbol0" layername="timeline_0" frame="0" z_index="3" m_a="1.000000" m_b="0.000000" m_c="0.000000" m_d="1.000000" m_tx="8.419846" m_ty="-72.980911"/>
  </frame>
  <frame idx="900" w="228" h="313" x="8.419846" y="-72.980911">
   <element name="symbol0" layername="timeline_0" frame="0" z_index="3" m_a="1.000000" m_b="0.000000" m_c="0.000000" m_d="1.000000" m_tx="8.419846" m_ty="-72.980911"/>
  </frame>
  <frame idx="925" w="228" h="313" x="8.419846" y="-72.980911">
   <element name="symbol0" layername="timeline_0" frame="0" z_index="3" m_a="1.000000" m_b="0.000000" m_c="0.000000" m_d="1.000000" m_tx="8.419846" m_ty="-72.980911"/>
  </frame>
  <frame idx="950" w="228" h="313" x="8.419846" y="-72.980911">
   <element name="symbol0" layername="timeline_0" frame="0" z_index="3" m_a="1.000000" m_b="0.000000" m_c="0.000000" m_d="1.000000" m_tx="8.419846" m_ty="-72.980911"/>
  </frame>
  <frame idx="975" w="228" h="313" x="8.419846" y="-72.980911">
   <element name="symbol0" layername="timeline_0" frame="0" z_index="3" m_a="1.000000" m_b="0.000000" m_c="0.000000" m_d="1.000000" m_tx="8.419846" m_ty="-72.980911"/>
  </frame>
 </anim>
 <anim name="idle_med" root="cloud_coral" numframes="1000" framerate="40">
  <frame idx="0" w="228" h="314" x="8.698921" y="-73.747314">
   <element name="symbol0" layername="timeline_0" frame="0" z_index="3" m_a="1.000000" m_b="0.000000" m_c="0.000000" m_d="1.000000" m_tx="8.698921" m_ty="-73.747314"/>
  </frame>
  <frame idx="25" w="228" h="314" x="8.698921" y="-73.747314">
   <element name="symbol0" layername="timeline_0" frame="0" z_index="3" m_a="1.000000" m_b="0.000000" m_c="0.000000" m_d="1.000000" m_tx="8.698921" m_ty="-73.747314"/>
  </frame>
  <frame idx="50" w="228" h="314" x="8.698921" y="-73.747314">
   <element name="symbol0" layername="timeline_0" frame="0" z_index="3" m_a="1.000000" m_b="0.000000" m_c="0.000000" m_d="1.000000" m_tx="8.698921" m_ty="-73.747314"/>
  </frame>
  <frame idx="75" w="228" h="314" x="8.698921" y="-73.747314">
   <element name="symbol0" layername="timeline_0" frame="0" z_index="3" m_a="1.000000" m_b="0.000000" m_c="0.000000" m_d="1.000000" m_tx="8.698921" m_ty="-73.747314"/>
  </frame>
  <frame idx="100" w="228" h="314" x="8.698921" y="-73.747314">
   <element name="symbol0" layername="timeline_0" frame="0" z_index="3" m_a="1.000000" m_b="0.000000" m_c="0.000000" m_d="1.000000" m_tx="8.698921" m_ty="-73.747314"/>
  </frame>
  <frame idx="125" w="228" h="314" x="8.698921" y="-73.747314">
   <element name="symbol0" layername="timeline_0" frame="0" z_index="3" m_a="1.000000" m_b="0.000000" m_c="0.000000" m_d="1.000000" m_tx="8.698921" m_ty="-73.747314"/>
  </frame>
  <frame idx="150" w="228" h="314" x="8.698921" y="-73.747314">
   <element name="symbol0" layername="timeline_0" frame="0" z_index="3" m_a="1.000000" m_b="0.000000" m_c="0.000000" m_d="1.000000" m_tx="8.698921" m_ty="-73.747314"/>
  </frame>
  <frame idx="175" w="228" h="314" x="8.698921" y="-73.747314">
   <element name="symbol0" layername="timeline_0" frame="0" z_index="3" m_a="1.000000" m_b="0.000000" m_c="0.000000" m_d="1.000000" m_tx="8.698921" m_ty="-73.747314"/>
  </frame>
  <frame idx="200" w="228" h="314" x="8.698921" y="-73.747314">
   <element name="symbol0" layername="timeline_0" frame="0" z_index="3" m_a="1.000000" m_b="0.000000" m_c="0.000000" m_d="1.000000" m_tx="8.698921" m_ty="-73.747314"/>
  </frame>
  <frame idx="225" w="228" h="314" x="8.698921" y="-73.747314">
   <element name="symbol0" layername="timeline_0" frame="0" z_index="3" m_a="1.000000" m_b="0.000000" m_c="0.000000" m_d="1.000000" m_tx="8.698921" m_ty="-73.747314"/>
  </frame>
  <frame idx="250" w="228" h="314" x="8.698921" y="-73.747314">
   <element name="symbol0" layername="timeline_0" frame="0" z_index="3" m_a="1.000000" m_b="0.000000" m_c="0.000000" m_d="1.000000" m_tx="8.698921" m_ty="-73.747314"/>
  </frame>
  <frame idx="275" w="228" h="314" x="8.698921" y="-73.747314">
   <element name="symbol0" layername="timeline_0" frame="0" z_index="3" m_a="1.000000" m_b="0.000000" m_c="0.000000" m_d="1.000000" m_tx="8.698921" m_ty="-73.747314"/>
  </frame>
  <frame idx="300" w="228" h="314" x="8.698921" y="-73.747314">
   <element name="symbol0" layername="timeline_0" frame="0" z_index="3" m_a="1.000000" m_b="0.000000" m_c="0.000000" m_d="1.000000" m_tx="8.698921" m_ty="-73.747314"/>
  </frame>
  <frame idx="325" w="228" h="314" x="8.698921" y="-73.747314">
   <element name="symbol0" layername="timeline_0" frame="0" z_index="3" m_a="1.000000" m_b="0.000000" m_c="0.000000" m_d="1.000000" m_tx="8.698921" m_ty="-73.747314"/>
  </frame>
  <frame idx="350" w="228" h="314" x="8.698921" y="-73.747314">
   <element name="symbol0" layername="timeline_0" frame="0" z_index="3" m_a="1.000000" m_b="0.000000" m_c="0.000000" m_d="1.000000" m_tx="8.698921" m_ty="-73.747314"/>
  </frame>
  <frame idx="375" w="228" h="314" x="8.698921" y="-73.747314">
   <element name="symbol0" layername="timeline_0" frame="0" z_index="3" m_a="1.000000" m_b="0.000000" m_c="0.000000" m_d="1.000000" m_tx="8.698921" m_ty="-73.747314"/>
  </frame>
  <frame idx="400" w="228" h="314" x="8.698921" y="-73.747314">
   <element name="symbol0" layername="timeline_0" frame="0" z_index="3" m_a="1.000000" m_b="0.000000" m_c="0.000000" m_d="1.000000" m_tx="8.698921" m_ty="-73.747314"/>
  </frame>
  <frame idx="425" w="228" h="314" x="8.698921" y="-73.747314">
   <element name="symbol0" layername="timeline_0" frame="0" z_index="3" m_a="1.000000" m_b="0.000000" m_c="0.000000" m_d="1.000000" m_tx="8.698921" m_ty="-73.747314"/>
  </frame>
  <frame idx="450" w="228" h="314" x="8.698921" y="-73.747314">
   <element name="symbol0" layername="timeline_0" frame="0" z_index="3" m_a="1.000000" m_b="0.000000" m_c="0.000000" m_d="1.000000" m_tx="8.698921" m_ty="-73.747314"/>
  </frame>
  <frame idx="475" w="228" h="314" x="8.698921" y="-73.747314">
   <element name="symbol0" layername="timeline_0" frame="0" z_index="3" m_a="1.000000" m_b="0.000000" m_c="0.000000" m_d="1.000000" m_tx="8.698921" m_ty="-73.747314"/>
  </frame>
  <frame idx="500" w="228" h="314" x="8.698921" y="-73.747314">
   <element name="symbol0" layername="timeline_0" frame="0" z_index="3" m_a="1.000000" m_b="0.000000" m_c="0.000000" m_d="1.000000" m_tx="8.698921" m_ty="-73.747314"/>
  </frame>
  <frame idx="525" w="228" h="314" x="8.698921" y="-73.747314">
   <element name="symbol0" layername="timeline_0" frame="0" z_index="3" m_a="1.000000" m_b="0.000000" m_c="0.000000" m_d="1.000000" m_tx="8.698921" m_ty="-73.747314"/>
  </frame>
  <frame idx="550" w="228" h="314" x="8.698921" y="-73.747314">
   <element name="symbol0" layername="timeline_0" frame="0" z_index="3" m_a="1.000000" m_b="0.000000" m_c="0.000000" m_d="1.000000" m_tx="8.698921" m_ty="-73.747314"/>
  </frame>
  <frame idx="575" w="228" h="314" x="8.698921" y="-73.747314">
   <element name="symbol0" layername="timeline_0" frame="0" z_index="3" m_a="1.000000" m_b="0.000000" m_c="0.000000" m_d="1.000000" m_tx="8.698921" m_ty="-73.747314"/>
  </frame>
  <frame idx="600" w="228" h="314" x="8.698921" y="-73.747314">
   <element name="symbol0" layername="timeline_0" frame="0" z_index="3" m_a="1.000000" m_b="0.000000" m_c="0.000000" m_d="1.000000" m_tx="8.698921" m_ty="-73.747314"/>
  </frame>
  <frame idx="625" w="228" h="314" x="8.698921" y="-73.747314">
   <element name="symbol0" layername="timeline_0" frame="0" z_index="3" m_a="1.000000" m_b="0.000000" m_c="0.000000" m_d="1.000000" m_tx="8.698921" m_ty="-73.747314"/>
  </frame>
  <frame idx="650" w="228" h="314" x="8.698921" y="-73.747314">
   <element name="symbol0" layername="timeline_0" frame="0" z_index="3" m_a="1.000000" m_b="0.000000" m_c="0.000000" m_d="1.000000" m_tx="8.698921" m_ty="-73.747314"/>
  </frame>
  <frame idx="675" w="228" h="314" x="8.698921" y="-73.747314">
   <element name="symbol0" layername="timeline_0" frame="0" z_index="3" m_a="1.000000" m_b="0.000000" m_c="0.000000" m_d="1.000000" m_tx="8.698921" m_ty="-73.747314"/>
  </frame>
  <frame idx="700" w="228" h="314" x="8.698921" y="-73.747314">
   <element name="symbol0" layername="timeline_0" frame="0" z_index="3" m_a="1.000000" m_b="0.000000" m_c="0.000000" m_d="1.000000" m_tx="8.698921" m_ty="-73.747314"/>
  </frame>
  <frame idx="725" w="228" h="314" x="8.698921" y="-73.747314">
   <element name="symbol0" layername="timeline_0" frame="0" z_index="3" m_a="1.000000" m_b="0.000000" m_c="0.000000" m_d="1.000000" m_tx="8.698921" m_ty="-73.747314"/>
  </frame>
  <frame idx="750" w="228" h="314" x="8.698921" y="-73.747314">
   <element name="symbol0" layername="timeline_0" frame="0" z_index="3" m_a="1.000000" m_b="0.000000" m_c="0.000000" m_d="1.000000" m_tx="8.698921" m_ty="-73.747314"/>
  </frame>
  <frame idx="775" w="228" h="314" x="8.698921" y="-73.747314">
   <element name="symbol0" layername="timeline_0" frame="0" z_index="3" m_a="1.000000" m_b="0.000000" m_c="0.000000" m_d="1.000000" m_tx="8.698921" m_ty="-73.747314"/>
  </frame>
  <frame idx="800" w="228" h="314" x="8.698921" y="-73.747314">
   <element name="symbol0" layername="timeline_0" frame="0" z_index="3" m_a="1.000000" m_b="0.000000" m_c="0.000000" m_d="1.000000" m_tx="8.698921" m_ty="-73.747314"/>
  </frame>
  <frame idx="825" w="228" h="314" x="8.698921" y="-73.747314">
   <element name="symbol0" layername="timeline_0" frame="0" z_index="3" m_a="1.000000" m_b="0.000000" m_c="0.000000" m_d="1.000000" m_tx="8.698921" m_ty="-73.747314"/>
  </frame>
  <frame idx="850" w="228" h="314" x="8.698921" y="-73.747314">
   <element name="symbol0" layername="timeline_0" frame="0" z_index="3" m_a="1.000000" m_b="0.000000" m_c="0.000000" m_d="1.000000" m_tx="8.698921" m_ty="-73.747314"/>
  </frame>
  <frame idx="875" w="228" h="314" x="8.698921" y="-73.747314">
   <element name="symbol0" layername="timeline_0" frame="0" z_index="3" m_a="1.000000" m_b="0.000000" m_c="0.000000" m_d="1.000000" m_tx="8.698921" m_ty="-73.747314"/>
  </frame>
  <frame idx="900" w="228" h="314" x="8.698921" y="-73.747314">
   <element name="symbol0" layername="timeline_0" frame="0" z_index="3" m_a="1.000000" m_b="0.000000" m_c="0.000000" m_d="1.000000" m_tx="8.698921" m_ty="-73.747314"/>
  </frame>
  <frame idx="925" w="228" h="314" x="8.698921" y="-73.747314">
   <element name="symbol0" layername="timeline_0" frame="0" z_index="3" m_a="1.000000" m_b="0.000000" m_c="0.000000" m_d="1.000000" m_tx="8.698921" m_ty="-73.747314"/>
  </frame>
  <frame idx="950" w="228" h="314" x="8.698921" y="-73.747314">
   <element name="symbol0" layername="timeline_0" frame="0" z_index="3" m_a="1.000000" m_b="0.000000" m_c="0.000000" m_d="1.000000" m_tx="8.698921" m_ty="-73.747314"/>
  </frame>
  <frame idx="975" w="228" h="314" x="8.698921" y="-73.747314">
   <element name="symbol0" layername="timeline_0" frame="0" z_index="3" m_a="1.000000" m_b="0.000000" m_c="0.000000" m_d="1.000000" m_tx="8.698921" m_ty="-73.747314"/>
  </frame>
 </anim>
 <anim name="idle_low" root="cloud_coral" numframes="1000" framerate="40">
  <frame idx="0" w="228" h="321" x="12.924728" y="-76.973114">
   <element name="symbol0" layername="timeline_0" frame="0" z_index="3" m_a="1.000000" m_b="0.000000" m_c="0.000000" m_d="1.000000" m_tx="12.924728" m_ty="-76.973114"/>
  </frame>
  <frame idx="25" w="228" h="321" x="12.924728" y="-76.973114">
   <element name="symbol0" layername="timeline_0" frame="0" z_index="3" m_a="1.000000" m_b="0.000000" m_c="0.000000" m_d="1.000000" m_tx="12.924728" m_ty="-76.973114"/>
  </frame>
  <frame idx="50" w="228" h="321" x="12.924728" y="-76.973114">
   <element name="symbol0" layername="timeline_0" frame="0" z_index="3" m_a="1.000000" m_b="0.000000" m_c="0.000000" m_d="1.000000" m_tx="12.924728" m_ty="-76.973114"/>
  </frame>
  <frame idx="75" w="228" h="321" x="12.924728" y="-76.973114">
   <element name="symbol0" layername="timeline_0" frame="0" z_index="3" m_a="1.000000" m_b="0.000000" m_c="0.000000" m_d="1.000000" m_tx="12.924728" m_ty="-76.973114"/>
  </frame>
  <frame idx="100" w="228" h="321" x="12.924728" y="-76.973114">
   <element name="symbol0" layername="timeline_0" frame="0" z_index="3" m_a="1.000000" m_b="0.000000" m_c="0.000000" m_d="1.000000" m_tx="12.924728" m_ty="-76.973114"/>
  </frame>
  <frame idx="125" w="228" h="321" x="12.924728" y="-76.973114">
   <element name="symbol0" layername="timeline_0" frame="0" z_index="3" m_a="1.000000" m_b="0.000000" m_c="0.000000" m_d="1.000000" m_tx="12.924728" m_ty="-76.973114"/>
  </frame>
  <frame idx="150" w="228" h="321" x="12.924728" y="-76.973114">
   <element name="symbol0" layername="timeline_0" frame="0" z_index="3" m_a="1.000000" m_b="0.000000" m_c="0.000000" m_d="1.000000" m_tx="12.924728" m_ty="-76.973114"/>
  </frame>
  <frame idx="175" w="228" h="321" x="12.924728" y="-76.973114">
   <element name="symbol0" layername="timeline_0" frame="0" z_index="3" m_a="1.000000" m_b="0.000000" m_c="0.000000" m_d="1.000000" m_tx="12.924728" m_ty="-76.973114"/>
  </frame>
  <frame idx="200" w="228" h="321" x="12.924728" y="-76.973114">
   <element name="symbol0" layername="timeline_0" frame="0" z_index="3" m_a="1.000000" m_b="0.000000" m_c="0.000000" m_d="1.000000" m_tx="12.924728" m_ty="-76.973114"/>
  </frame>
  <frame idx="225" w="228" h="321" x="12.924728" y="-76.973114">
   <element name="symbol0" layername="timeline_0" frame="0" z_index="3" m_a="1.000000" m_b="0.000000" m_c="0.000000" m_d="1.000000" m_tx="12.924728" m_ty="-76.973114"/>
  </frame>
  <frame idx="250" w="228" h="321" x="12.924728" y="-76.973114">
   <element name="symbol0" layername="timeline_0" frame="0" z_index="3" m_a="1.000000" m_b="0.000000" m_c="0.000000" m_d="1.000000" m_tx="12.924728" m_ty="-76.973114"/>
  </frame>
  <frame idx="275" w="228" h="321" x="12.924728" y="-76.973114">
   <element name="symbol0" layername="timeline_0" frame="0" z_index="3" m_a="1.000000" m_b="0.000000" m_c="0.000000" m_d="1.000000" m_tx="12.924728" m_ty="-76.973114"/>
  </frame>
  <frame idx="300" w="228" h="321" x="12.924728" y="-76.973114">
   <element name="symbol0" layername="timeline_0" frame="0" z_index="3" m_a="1.000000" m_b="0.000000" m_c="0.000000" m_d="1.000000" m_tx="12.924728" m_ty="-76.973114"/>
  </frame>
  <frame idx="325" w="228" h="321" x="12.924728" y="-76.973114">
   <element name="symbol0" layername="timeline_0" frame="0" z_index="3" m_a="1.000000" m_b="0.000000" m_c="0.000000" m_d="1.000000" m_tx="12.924728" m_ty="-76.973114"/>
  </frame>
  <frame idx="350" w="228" h="321" x="12.924728" y="-76.973114">
   <element name="symbol0" layername="timeline_0" frame="0" z_index="3" m_a="1.000000" m_b="0.000000" m_c="0.000000" m_d="1.000000" m_tx="12.924728" m_ty="-76.973114"/>
  </frame>
  <frame idx="375" w="228" h="321" x="12.924728" y="-76.973114">
   <element name="symbol0" layername="timeline_0" frame="0" z_index="3" m_a="1.000000" m_b="0.000000" m_c="0.000000" m_d="1.000000" m_tx="12.924728" m_ty="-76.973114"/>
  </frame>
  <frame idx="400" w="228" h="321" x="12.924728" y="-76.973114">
   <element name="symbol0" layername="timeline_0" frame="0" z_index="3" m_a="1.000000" m_b="0.000000" m_c="0.000000" m_d="1.000000" m_tx="12.924728" m_ty="-76.973114"/>
  </frame>
  <frame idx="425" w="228" h="321" x="12.924728" y="-76.973114">
   <element name="symbol0" layername="timeline_0" frame="0" z_index="3" m_a="1.000000" m_b="0.000000" m_c="0.000000" m_d="1.000000" m_tx="12.924728" m_ty="-76.973114"/>
  </frame>
  <frame idx="450" w="228" h="321" x="12.924728" y="-76.973114">
   <element name="symbol0" layername="timeline_0" frame="0" z_index="3" m_a="1.000000" m_b="0.000000" m_c="0.000000" m_d="1.000000" m_tx="12.924728" m_ty="-76.973114"/>
  </frame>
  <frame idx="475" w="228" h="321" x="12.924728" y="-76.973114">
   <element name="symbol0" layername="timeline_0" frame="0" z_index="3" m_a="1.000000" m_b="0.000000" m_c="0.000000" m_d="1.000000" m_tx="12.924728" m_ty="-76.973114"/>
  </frame>
  <frame idx="500" w="228" h="321" x="12.924728" y="-76.973114">
   <element name="symbol0" layername="timeline_0" frame="0" z_index="3" m_a="1.000000" m_b="0.000000" m_c="0.000000" m_d="1.000000" m_tx="12.924728" m_ty="-76.973114"/>
  </frame>
  <frame idx="525" w="228" h="321" x="12.924728" y="-76.973114">
   <element name="symbol0" layername="timeline_0" frame="0" z_index="3" m_a="1.000000" m_b="0.000000" m_c="0.000000" m_d="1.000000" m_tx="12.924728" m_ty="-76.973114"/>
  </frame>
  <frame idx="550" w="228" h="321" x="12.924728" y="-76.973114">
   <element name="symbol0" layername="timeline_0" frame="0" z_index="3" m_a="1.000000" m_b="0.000000" m_c="0.000000" m_d="1.000000" m_tx="12.924728" m_ty="-76.973114"/>
  </frame>
  <frame idx="575" w="228" h="321" x="12.924728" y="-76.973114">
   <element name="symbol0" layername="timeline_0" frame="0" z_index="3" m_a="1.000000" m_b="0.000000" m_c="0.000000" m_d="1.000000" m_tx="12.924728" m_ty="-76.973114"/>
  </frame>
  <frame idx="600" w="228" h="321" x="12.924728" y="-76.973114">
   <element name="symbol0" layername="timeline_0" frame="0" z_index="3" m_a="1.000000" m_b="0.000000" m_c="0.000000" m_d="1.000000" m_tx="12.924728" m_ty="-76.973114"/>
  </frame>
  <frame idx="625" w="228" h="321" x="12.924728" y="-76.973114">
   <element name="symbol0" layername="timeline_0" frame="0" z_index="3" m_a="1.000000" m_b="0.000000" m_c="0.000000" m_d="1.000000" m_tx="12.924728" m_ty="-76.973114"/>
  </frame>
  <frame idx="650" w="228" h="321" x="12.924728" y="-76.973114">
   <element name="symbol0" layername="timeline_0" frame="0" z_index="3" m_a="1.000000" m_b="0.000000" m_c="0.000000" m_d="1.000000" m_tx="12.924728" m_ty="-76.973114"/>
  </frame>
  <frame idx="675" w="228" h="321" x="12.924728" y="-76.973114">
   <element name="symbol0" layername="timeline_0" frame="0" z_index="3" m_a="1.000000" m_b="0.000000" m_c="0.000000" m_d="1.000000" m_tx="12.924728" m_ty="-76.973114"/>
  </frame>
  <frame idx="700" w="228" h="321" x="12.924728" y="-76.973114">
   <element name="symbol0" layername="timeline_0" frame="0" z_index="3" m_a="1.000000" m_b="0.000000" m_c="0.000000" m_d="1.000000" m_tx="12.924728" m_ty="-76.973114"/>
  </frame>
  <frame idx="725" w="228" h="321" x="12.924728" y="-76.973114">
   <element name="symbol0" layername="timeline_0" frame="0" z_index="3" m_a="1.000000" m_b="0.000000" m_c="0.000000" m_d="1.000000" m_tx="12.924728" m_ty="-76.973114"/>
  </frame>
  <frame idx="750" w="228" h="321" x="12.924728" y="-76.973114">
   <element name="symbol0" layername="timeline_0" frame="0" z_index="3" m_a="1.000000" m_b="0.000000" m_c="0.000000" m_d="1.000000" m_tx="12.924728" m_ty="-76.973114"/>
  </frame>
  <frame idx="775" w="228" h="321" x="12.924728" y="-76.973114">
   <element name="symbol0" layername="timeline_0" frame="0" z_index="3" m_a="1.000000" m_b="0.000000" m_c="0.000000" m_d="1.000000" m_tx="12.924728" m_ty="-76.973114"/>
  </frame>
  <frame idx="800" w="228" h="321" x="12.924728" y="-76.973114">
   <element name="symbol0" layername="timeline_0" frame="0" z_index="3" m_a="1.000000" m_b="0.000000" m_c="0.000000" m_d="1.000000" m_tx="12.924728" m_ty="-76.973114"/>
  </frame>
  <frame idx="825" w="228" h="321" x="12.924728" y="-76.973114">
   <element name="symbol0" layername="timeline_0" frame="0" z_index="3" m_a="1.000000" m_b="0.000000" m_c="0.000000" m_d="1.000000" m_tx="12.924728" m_ty="-76.973114"/>
  </frame>
  <frame idx="850" w="228" h="321" x="12.924728" y="-76.973114">
   <element name="symbol0" layername="timeline_0" frame="0" z_index="3" m_a="1.000000" m_b="0.000000" m_c="0.000000" m_d="1.000000" m_tx="12.924728" m_ty="-76.973114"/>
  </frame>
  <frame idx="875" w="228" h="321" x="12.924728" y="-76.973114">
   <element name="symbol0" layername="timeline_0" frame="0" z_index="3" m_a="1.000000" m_b="0.000000" m_c="0.000000" m_d="1.000000" m_tx="12.924728" m_ty="-76.973114"/>
  </frame>
  <frame idx="900" w="228" h="321" x="12.924728" y="-76.973114">
   <element name="symbol0" layername="timeline_0" frame="0" z_index="3" m_a="1.000000" m_b="0.000000" m_c="0.000000" m_d="1.000000" m_tx="12.924728" m_ty="-76.973114"/>
  </frame>
  <frame idx="925" w="228" h="321" x="12.924728" y="-76.973114">
   <element name="symbol0" layername="timeline_0" frame="0" z_index="3" m_a="1.000000" m_b="0.000000" m_c="0.000000" m_d="1.000000" m_tx="12.924728" m_ty="-76.973114"/>
  </frame>
  <frame idx="950" w="228" h="321" x="12.924728" y="-76.973114">
   <element name="symbol0" layername="timeline_0" frame="0" z_index="3" m_a="1.000000" m_b="0.000000" m_c="0.000000" m_d="1.000000" m_tx="12.924728" m_ty="-76.973114"/>
  </frame>
  <frame idx="975" w="228" h="321" x="12.924728" y="-76.973114">
   <element name="symbol0" layername="timeline_0" frame="0" z_index="3" m_a="1.000000" m_b="0.000000" m_c="0.000000" m_d="1.000000" m_tx="12.924728" m_ty="-76.973114"/>
  </frame>
 </anim>
</Anims>
