<Anims>
 <anim name="bounce" root="testcritter" numframes="500" framerate="40">
  <frame idx="0" w="64" h="64" x="0.000000" y="0.000000">
   <element name="symbol0" layername="timeline_0" frame="0" z_index="14" m_a="1.000002" m_b="-0.000001" m_c="0.000001" m_d="1.000000" m_tx="-29.000029" m_ty="-14.000014"/>
   <element name="symbol0" layername="timeline_1" frame="0" z_index="13" m_a="1.000001" m_b="0.000000" m_c="-0.000000" m_d="1.000000" m_tx="33.000031" m_ty="-14.000026"/>
   <element name="symbol0" layername="timeline_2" frame="1" z_index="12" m_a="1.000001" m_b="-0.000000" m_c="0.000000" m_d="1.000000" m_tx="4.000020" m_ty="-71.000084"/>
   <element name="symbol0" layername="timeline_3" frame="2" z_index="11" m_a="1.000001" m_b="-0.000000" m_c="0.000000" m_d="1.000000" m_tx="2.999983" m_ty="-109.000053"/>
  </frame>
  <frame idx="25" w="64" h="64" x="0.000000" y="0.000000">
   <element name="symbol0" layername="timeline_0" frame="0" z_index="14" m_a="0.998602" m_b="0.052863" m_c="-0.052863" m_d="0.998602" m_tx="-31.217625" m_ty="-13.828654"/>
   <element name="symbol0" layername="timeline_1" frame="0" z_index="13" m_a="0.998344" m_b="-0.057528" m_c="0.057528" m_d="0.998344" m_tx="35.381878" m_ty="-13.926894"/>
   <element name="symbol0" layername="timeline_2" frame="1" z_index="12" m_a="0.999999" m_b="-0.000000" m_c="0.000000" m_d="1.000000" m_tx="4.000013" m_ty="-69.102966"/>
   <element name="symbol0" layername="timeline_3" frame="2" z_index="11" m_a="0.979426" m_b="-0.000000" m_c="0.000000" m_d="1.027462" m_tx="2.959467" m_ty="-108.034027"/>
  </frame>
  <frame idx="50" w="64" h="64" x="0.000000" y="0.000000">
   <element name="symbol0" layername="timeline_0" frame="0" z_index="14" m_a="0.994410" m_b="0.105577" m_c="-0.105577" m_d="0.994411" m_tx="-33.340862" m_ty="-13.772081"/>
   <element name="symbol0" layername="timeline_1" frame="0" z_index="13" m_a="0.993379" m_b="-0.114865" m_c="0.114866" m_d="0.993381" m_tx="37.654854" m_ty="-13.987782"/>
   <element name="symbol0" layername="timeline_2" frame="1" z_index="12" m_a="0.999998" m_b="-0.000000" m_c="0.000000" m_d="1.000000" m_tx="4.000006" m_ty="-67.205933"/>
   <element name="symbol0" layername="timeline_3" frame="2" z_index="11" m_a="0.958852" m_b="-0.000000" m_c="0.000000" m_d="1.054924" m_tx="2.918952" m_ty="-107.068001"/>
  </frame>
  <frame idx="75" w="64" h="64" x="0.000000" y="0.000000">
   <element name="symbol0" layername="timeline_0" frame="0" z_index="14" m_a="0.987437" m_b="0.157996" m_c="-0.157996" m_d="0.987440" m_tx="-35.363842" m_ty="-13.825178"/>
   <element name="symbol0" layername="timeline_1" frame="0" z_index="13" m_a="0.985125" m_b="-0.171821" m_c="0.171822" m_d="0.985128" m_tx="39.811398" m_ty="-14.176145"/>
   <element name="symbol0" layername="timeline_2" frame="1" z_index="12" m_a="0.999996" m_b="-0.000000" m_c="0.000000" m_d="1.000000" m_tx="4.000002" m_ty="-65.308945"/>
   <element name="symbol0" layername="timeline_3" frame="2" z_index="11" m_a="0.938278" m_b="-0.000000" m_c="0.000000" m_d="1.082387" m_tx="2.878437" m_ty="-106.101967"/>
  </frame>
  <frame idx="100" w="64" h="64" x="0.000000" y="0.000000">
   <element name="symbol0" layername="timeline_0" frame="0" z_index="14" m_a="0.977703" m_b="0.209974" m_c="-0.209975" m_d="0.977707" m_tx="-37.280933" m_ty="-13.982510"/>
   <element name="symbol0" layername="timeline_1" frame="0" z_index="13" m_a="0.973607" m_b="-0.228209" m_c="0.228210" m_d="0.973612" m_tx="41.844429" m_ty="-14.485142"/>
   <element name="symbol0" layername="timeline_2" frame="1" z_index="12" m_a="0.999995" m_b="-0.000000" m_c="0.000000" m_d="1.000000" m_tx="3.999993" m_ty="-63.412022"/>
   <element name="symbol0" layername="timeline_3" frame="2" z_index="11" m_a="0.917704" m_b="-0.000000" m_c="0.000000" m_d="1.109849" m_tx="2.837922" m_ty="-105.135918"/>
  </frame>
  <frame idx="125" w="64" h="64" x="0.000000" y="0.000000">
   <element name="symbol0" layername="timeline_0" frame="0" z_index="14" m_a="0.999336" m_b="0.036371" m_c="-0.036371" m_d="0.999338" m_tx="-30.535196" m_ty="-13.531761"/>
   <element name="symbol0" layername="timeline_1" frame="0" z_index="13" m_a="0.999543" m_b="-0.030137" m_c="0.030137" m_d="0.999546" m_tx="34.260330" m_ty="-13.295311"/>
   <element name="symbol0" layername="timeline_2" frame="1" z_index="12" m_a="0.999996" m_b="-0.000000" m_c="0.000000" m_d="0.961817" m_tx="3.999968" m_ty="-67.024338"/>
   <element name="symbol0" layername="timeline_3" frame="2" z_index="11" m_a="0.958851" m_b="-0.000000" m_c="0.000000" m_d="1.054924" m_tx="2.918950" m_ty="-102.773788"/>
  </frame>
  <frame idx="150" w="64" h="64" x="0.000000" y="0.000000">
   <element name="symbol0" layername="timeline_0" frame="0" z_index="14" m_a="0.990383" m_b="-0.138344" m_c="0.138345" m_d="0.990384" m_tx="-22.778038" m_ty="-14.354511"/>
   <element name="symbol0" layername="timeline_1" frame="0" z_index="13" m_a="0.985591" m_b="0.169137" m_c="-0.169138" m_d="0.985592" m_tx="25.409353" m_ty="-13.755307"/>
   <element name="symbol0" layername="timeline_2" frame="1" z_index="12" m_a="0.999998" m_b="-0.000000" m_c="0.000000" m_d="0.923634" m_tx="3.999946" m_ty="-70.576439"/>
   <element name="symbol0" layername="timeline_3" frame="2" z_index="11" m_a="0.999998" m_b="-0.000000" m_c="0.000000" m_d="1.000000" m_tx="2.999978" m_ty="-100.411621"/>
  </frame>
  <frame idx="175" w="64" h="64" x="0.000000" y="0.000000">
   <element name="symbol0" layername="timeline_0" frame="0" z_index="14" m_a="0.978923" m_b="-0.204230" m_c="0.204230" m_d="0.978923" m_tx="-19.598083" m_ty="-18.714050"/>
   <element name="symbol0" layername="timeline_1" frame="0" z_index="13" m_a="0.969173" m_b="0.246382" m_c="-0.246382" m_d="0.969173" m_tx="21.642782" m_ty="-18.039940"/>
   <element name="symbol0" layername="timeline_2" frame="1" z_index="12" m_a="1.075906" m_b="-0.000000" m_c="0.000000" m_d="0.835468" m_tx="4.282335" m_ty="-70.804962"/>
   <element name="symbol0" layername="timeline_3" frame="2" z_index="11" m_a="1.046323" m_b="-0.000000" m_c="0.000000" m_d="0.929628" m_tx="3.091201" m_ty="-92.273064"/>
  </frame>
  <frame idx="200" w="64" h="64" x="0.000000" y="0.000000">
   <element name="symbol0" layername="timeline_0" frame="0" z_index="14" m_a="0.963086" m_b="-0.269202" m_c="0.269201" m_d="0.963084" m_tx="-16.319246" m_ty="-23.289669"/>
   <element name="symbol0" layername="timeline_1" frame="0" z_index="13" m_a="0.946710" m_b="0.322091" m_c="-0.322091" m_d="0.946709" m_tx="17.756857" m_ty="-22.626970"/>
   <element name="symbol0" layername="timeline_2" frame="1" z_index="12" m_a="1.151814" m_b="-0.000000" m_c="0.000000" m_d="0.747302" m_tx="4.602580" m_ty="-70.894455"/>
   <element name="symbol0" layername="timeline_3" frame="2" z_index="11" m_a="1.092648" m_b="-0.000000" m_c="0.000000" m_d="0.859257" m_tx="3.182426" m_ty="-84.134468"/>
  </frame>
  <frame idx="225" w="64" h="64" x="0.000000" y="0.000000">
   <element name="symbol0" layername="timeline_0" frame="0" z_index="14" m_a="0.955138" m_b="-0.296167" m_c="0.296166" m_d="0.955136" m_tx="-14.915149" m_ty="-24.761749"/>
   <element name="symbol0" layername="timeline_1" frame="0" z_index="13" m_a="0.935321" m_b="0.353803" m_c="-0.353803" m_d="0.935320" m_tx="16.068838" m_ty="-24.123482"/>
   <element name="symbol0" layername="timeline_2" frame="1" z_index="12" m_a="1.075907" m_b="-0.000000" m_c="0.000000" m_d="0.792239" m_tx="4.244483" m_ty="-77.835648"/>
   <element name="symbol0" layername="timeline_3" frame="2" z_index="11" m_a="1.136384" m_b="-0.000000" m_c="0.000000" m_d="0.804999" m_tx="3.268552" m_ty="-87.907906"/>
  </frame>
  <frame idx="250" w="64" h="64" x="0.000000" y="0.000000">
   <element name="symbol0" layername="timeline_0" frame="0" z_index="14" m_a="0.946436" m_b="-0.322897" m_c="0.322897" m_d="0.946434" m_tx="-13.497276" m_ty="-26.273506"/>
   <element name="symbol0" layername="timeline_1" frame="0" z_index="13" m_a="0.922871" m_b="0.385113" m_c="-0.385113" m_d="0.922870" m_tx="14.365431" m_ty="-25.677132"/>
   <element name="symbol0" layername="timeline_2" frame="1" z_index="12" m_a="1.000001" m_b="-0.000000" m_c="0.000000" m_d="0.837176" m_tx="3.999941" m_ty="-84.695602"/>
   <element name="symbol0" layername="timeline_3" frame="2" z_index="11" m_a="1.180120" m_b="-0.000000" m_c="0.000000" m_d="0.750741" m_tx="3.354677" m_ty="-91.681328"/>
  </frame>
  <frame idx="275" w="64" h="64" x="0.000000" y="0.000000">
   <element name="symbol0" layername="timeline_0" frame="0" z_index="14" m_a="0.943050" m_b="-0.332656" m_c="0.332655" m_d="0.943049" m_tx="-12.973072" m_ty="-28.092615"/>
   <element name="symbol0" layername="timeline_1" frame="0" z_index="13" m_a="0.927700" m_b="0.373329" m_c="-0.373329" m_d="0.927699" m_tx="15.010917" m_ty="-27.813984"/>
   <element name="symbol0" layername="timeline_2" frame="1" z_index="12" m_a="1.000001" m_b="-0.000000" m_c="0.000000" m_d="0.853458" m_tx="3.999947" m_ty="-88.547935"/>
   <element name="symbol0" layername="timeline_3" frame="2" z_index="11" m_a="1.115730" m_b="-0.000000" m_c="0.000000" m_d="0.837347" m_tx="3.227880" m_ty="-99.782158"/>
  </frame>
  <frame idx="300" w="64" h="64" x="0.000000" y="0.000000">
   <element name="symbol0" layername="timeline_0" frame="0" z_index="14" m_a="0.939564" m_b="-0.342380" m_c="0.342379" m_d="0.939562" m_tx="-12.447170" m_ty="-29.917147"/>
   <element name="symbol0" layername="timeline_1" frame="0" z_index="13" m_a="0.932380" m_b="0.361484" m_c="-0.361483" m_d="0.932379" m_tx="15.654424" m_ty="-29.959051"/>
   <element name="symbol0" layername="timeline_2" frame="1" z_index="12" m_a="1.000001" m_b="-0.000000" m_c="0.000000" m_d="0.869741" m_tx="3.999958" m_ty="-92.128189"/>
   <element name="symbol0" layername="timeline_3" frame="2" z_index="11" m_a="1.051340" m_b="-0.000000" m_c="0.000000" m_d="0.923953" m_tx="3.101082" m_ty="-107.882988"/>
  </frame>
  <frame idx="325" w="64" h="64" x="0.000000" y="0.000000">
   <element name="symbol0" layername="timeline_0" frame="0" z_index="14" m_a="0.953618" m_b="-0.301026" m_c="0.301025" m_d="0.953616" m_tx="-14.659336" m_ty="-29.613995"/>
   <element name="symbol0" layername="timeline_1" frame="0" z_index="13" m_a="0.948090" m_b="0.318007" m_c="-0.318006" m_d="0.948089" m_tx="17.971642" m_ty="-29.615292"/>
   <element name="symbol0" layername="timeline_2" frame="1" z_index="12" m_a="1.000001" m_b="-0.000000" m_c="0.000000" m_d="0.886023" m_tx="3.999964" m_ty="-92.449532"/>
   <element name="symbol0" layername="timeline_3" frame="2" z_index="11" m_a="0.986950" m_b="-0.000000" m_c="0.000000" m_d="1.010560" m_tx="2.974284" m_ty="-112.997002"/>
  </frame>
  <frame idx="350" w="64" h="64" x="0.000000" y="0.000000">
   <element name="symbol0" layername="timeline_0" frame="0" z_index="14" m_a="0.965853" m_b="-0.259097" m_c="0.259096" m_d="0.965851" m_tx="-16.838787" m_ty="-29.406788"/>
   <element name="symbol0" layername="timeline_1" frame="0" z_index="13" m_a="0.961774" m_b="0.273850" m_c="-0.273850" m_d="0.961772" m_tx="20.255823" m_ty="-29.377903"/>
   <element name="symbol0" layername="timeline_2" frame="1" z_index="12" m_a="1.000001" m_b="-0.000000" m_c="0.000000" m_d="0.902306" m_tx="3.999971" m_ty="-92.498795"/>
   <element name="symbol0" layername="timeline_3" frame="2" z_index="11" m_a="0.922560" m_b="-0.000000" m_c="0.000000" m_d="1.097166" m_tx="2.847486" m_ty="-118.111008"/>
  </frame>
  <frame idx="375" w="64" h="64" x="0.000000" y="0.000000">
   <element name="symbol0" layername="timeline_0" frame="0" z_index="14" m_a="0.976246" m_b="-0.216674" m_c="0.216673" m_d="0.976244" m_tx="-18.981319" m_ty="-29.293985"/>
   <element name="symbol0" layername="timeline_1" frame="0" z_index="13" m_a="0.973402" m_b="0.229108" m_c="-0.229108" m_d="0.973401" m_tx="22.502089" m_ty="-29.245275"/>
   <element name="symbol0" layername="timeline_2" frame="1" z_index="12" m_a="1.000001" m_b="-0.000000" m_c="0.000000" m_d="0.918588" m_tx="3.999978" m_ty="-92.275970"/>
   <element name="symbol0" layername="timeline_3" frame="2" z_index="11" m_a="0.890975" m_b="-0.000000" m_c="0.000000" m_d="1.157302" m_tx="2.785288" m_ty="-119.422897"/>
  </frame>
  <frame idx="400" w="64" h="64" x="0.000000" y="0.000000">
   <element name="symbol0" layername="timeline_0" frame="0" z_index="14" m_a="0.984776" m_b="-0.173837" m_c="0.173837" m_d="0.984775" m_tx="-21.082850" m_ty="-29.273884"/>
   <element name="symbol0" layername="timeline_1" frame="0" z_index="13" m_a="0.982951" m_b="0.183877" m_c="-0.183877" m_d="0.982949" m_tx="24.705633" m_ty="-29.215523"/>
   <element name="symbol0" layername="timeline_2" frame="1" z_index="12" m_a="1.000001" m_b="-0.000000" m_c="0.000000" m_d="0.934870" m_tx="3.999988" m_ty="-91.781044"/>
   <element name="symbol0" layername="timeline_3" frame="2" z_index="11" m_a="0.859390" m_b="-0.000000" m_c="0.000000" m_d="1.217439" m_tx="2.723090" m_ty="-120.734787"/>
  </frame>
  <frame idx="425" w="64" h="64" x="0.000000" y="0.000000">
   <element name="symbol0" layername="timeline_0" frame="0" z_index="14" m_a="0.991428" m_b="-0.130669" m_c="0.130668" m_d="0.991426" m_tx="-23.139364" m_ty="-25.324524"/>
   <element name="symbol0" layername="timeline_1" frame="0" z_index="13" m_a="0.990398" m_b="0.138253" m_c="-0.138253" m_d="0.990397" m_tx="26.861752" m_ty="-25.266462"/>
   <element name="symbol0" layername="timeline_2" frame="1" z_index="12" m_a="1.000001" m_b="-0.000000" m_c="0.000000" m_d="0.951153" m_tx="3.999995" m_ty="-86.993935"/>
   <element name="symbol0" layername="timeline_3" frame="2" z_index="11" m_a="0.894543" m_b="-0.000000" m_c="0.000000" m_d="1.163079" m_tx="2.792313" m_ty="-117.801102"/>
  </frame>
  <frame idx="450" w="64" h="64" x="0.000000" y="0.000000">
   <element name="symbol0" layername="timeline_0" frame="0" z_index="14" m_a="0.996188" m_b="-0.087251" m_c="0.087251" m_d="0.996186" m_tx="-25.146942" m_ty="-21.463938"/>
   <element name="symbol0" layername="timeline_1" frame="0" z_index="13" m_a="0.995730" m_b="0.092333" m_c="-0.092333" m_d="0.995728" m_tx="28.965834" m_ty="-21.415899"/>
   <element name="symbol0" layername="timeline_2" frame="1" z_index="12" m_a="1.000001" m_b="-0.000000" m_c="0.000000" m_d="0.967435" m_tx="4.000002" m_ty="-81.934738"/>
   <element name="symbol0" layername="timeline_3" frame="2" z_index="11" m_a="0.929696" m_b="-0.000000" m_c="0.000000" m_d="1.108720" m_tx="2.861537" m_ty="-114.867424"/>
  </frame>
  <frame idx="475" w="64" h="64" x="0.000000" y="0.000000">
   <element name="symbol0" layername="timeline_0" frame="0" z_index="14" m_a="0.999048" m_b="-0.043667" m_c="0.043667" m_d="0.999046" m_tx="-27.101753" m_ty="-17.689903"/>
   <element name="symbol0" layername="timeline_1" frame="0" z_index="13" m_a="0.998933" m_b="0.046216" m_c="-0.046216" m_d="0.998931" m_tx="31.013386" m_ty="-17.661327"/>
   <element name="symbol0" layername="timeline_2" frame="1" z_index="12" m_a="1.000001" m_b="-0.000000" m_c="0.000000" m_d="0.983718" m_tx="4.000013" m_ty="-76.603447"/>
   <element name="symbol0" layername="timeline_3" frame="2" z_index="11" m_a="0.964848" m_b="-0.000000" m_c="0.000000" m_d="1.054360" m_tx="2.930760" m_ty="-111.933739"/>
  </frame>
 </anim>
 <anim name="walk" root="testcritter" numframes="1000" framerate="40">
  <frame idx="0" w="32" h="32" x="0.000000" y="0.000000">
   <element name="symbol0" layername="timeline_0" frame="1" z_index="12" m_a="1.000000" m_b="0.000000" m_c="0.000000" m_d="1.000000" m_tx="4.000000" m_ty="3.000000"/>
   <element name="symbol0" layername="timeline_1" frame="2" z_index="11" m_a="-0.019990" m_b="0.999800" m_c="-0.999800" m_d="-0.019990" m_tx="51.923218" m_ty="-20.505905"/>
   <element name="symbol0" layername="timeline_2" frame="0" z_index="14" m_a="0.681750" m_b="-0.731585" m_c="0.731585" m_d="0.681750" m_tx="-33.009590" m_ty="56.950172"/>
   <element name="symbol0" layername="timeline_3" frame="0" z_index="13" m_a="-0.791673" m_b="-0.860972" m_c="0.866535" m_d="-0.796788" m_tx="39.470123" m_ty="56.302963"/>
  </frame>
  <frame idx="25" w="32" h="32" x="0.000000" y="0.000000">
   <element name="symbol0" layername="timeline_0" frame="1" z_index="12" m_a="1.000000" m_b="0.000000" m_c="0.000000" m_d="1.000000" m_tx="6.066116" m_ty="11.213863"/>
   <element name="symbol0" layername="timeline_1" frame="2" z_index="11" m_a="-0.019990" m_b="0.999800" m_c="-0.999800" m_d="-0.019990" m_tx="55.241653" m_ty="-22.900913"/>
   <element name="symbol0" layername="timeline_2" frame="0" z_index="14" m_a="0.681750" m_b="-0.731585" m_c="0.731585" m_d="0.681750" m_tx="-23.195539" m_ty="56.433643"/>
   <element name="symbol0" layername="timeline_3" frame="0" z_index="13" m_a="-0.791673" m_b="-0.860972" m_c="0.866535" m_d="-0.796788" m_tx="26.255941" m_ty="54.810204"/>
  </frame>
  <frame idx="50" w="32" h="32" x="0.000000" y="0.000000">
   <element name="symbol0" layername="timeline_0" frame="1" z_index="12" m_a="1.000000" m_b="0.000000" m_c="0.000000" m_d="1.000000" m_tx="9.779015" m_ty="6.071064"/>
   <element name="symbol0" layername="timeline_1" frame="2" z_index="11" m_a="-0.019990" m_b="0.999800" m_c="-0.999800" m_d="-0.019990" m_tx="60.936733" m_ty="-16.480301"/>
   <element name="symbol0" layername="timeline_2" frame="0" z_index="14" m_a="0.681750" m_b="-0.731585" m_c="0.731585" m_d="0.681750" m_tx="-20.474932" m_ty="56.417313"/>
   <element name="symbol0" layername="timeline_3" frame="0" z_index="13" m_a="-0.791673" m_b="-0.860972" m_c="0.866535" m_d="-0.796788" m_tx="30.432972" m_ty="51.478634"/>
  </frame>
  <frame idx="75" w="32" h="32" x="0.000000" y="0.000000">
   <element name="symbol0" layername="timeline_0" frame="1" z_index="12" m_a="1.000000" m_b="0.000000" m_c="0.000000" m_d="1.000000" m_tx="4.434727" m_ty="5.010754"/>
   <element name="symbol0" layername="timeline_1" frame="2" z_index="11" m_a="-0.019990" m_b="0.999800" m_c="-0.999800" m_d="-0.019990" m_tx="57.056438" m_ty="-13.793765"/>
   <element name="symbol0" layername="timeline_2" frame="0" z_index="14" m_a="0.681750" m_b="-0.731585" m_c="0.731585" m_d="0.681750" m_tx="-28.580374" m_ty="55.292034"/>
   <element name="symbol0" layername="timeline_3" frame="0" z_index="13" m_a="-0.791673" m_b="-0.860972" m_c="0.866535" m_d="-0.796788" m_tx="34.610001" m_ty="48.147064"/>
  </frame>
  <frame idx="100" w="32" h="32" x="0.000000" y="0.000000">
   <element name="symbol0" layername="timeline_0" frame="1" z_index="12" m_a="1.000000" m_b="0.000000" m_c="0.000000" m_d="1.000000" m_tx="3.717495" m_ty="-0.687485"/>
   <element name="symbol0" layername="timeline_1" frame="2" z_index="11" m_a="-0.019990" m_b="0.999800" m_c="-0.999800" m_d="-0.019990" m_tx="56.433395" m_ty="-12.373161"/>
   <element name="symbol0" layername="timeline_2" frame="0" z_index="14" m_a="0.681750" m_b="-0.731585" m_c="0.731585" m_d="0.681750" m_tx="-36.926506" m_ty="45.302498"/>
   <element name="symbol0" layername="timeline_3" frame="0" z_index="13" m_a="-0.791673" m_b="-0.860972" m_c="0.866535" m_d="-0.796788" m_tx="38.499332" m_ty="45.077042"/>
  </frame>
  <frame idx="125" w="32" h="32" x="0.000000" y="0.000000">
   <element name="symbol0" layername="timeline_0" frame="1" z_index="12" m_a="1.000000" m_b="0.000000" m_c="0.000000" m_d="1.000000" m_tx="3.725342" m_ty="-0.585052"/>
   <element name="symbol0" layername="timeline_1" frame="2" z_index="11" m_a="-0.019990" m_b="0.999800" m_c="-0.999800" m_d="-0.019990" m_tx="58.539455" m_ty="-5.770729"/>
   <element name="symbol0" layername="timeline_2" frame="0" z_index="14" m_a="0.681750" m_b="-0.731585" m_c="0.731585" m_d="0.681750" m_tx="-36.817703" m_ty="45.626045"/>
   <element name="symbol0" layername="timeline_3" frame="0" z_index="13" m_a="-0.791673" m_b="-0.860972" m_c="0.866535" m_d="-0.796788" m_tx="39.080109" m_ty="45.014793"/>
  </frame>
  <frame idx="150" w="32" h="32" x="0.000000" y="0.000000">
   <element name="symbol0" layername="timeline_0" frame="1" z_index="12" m_a="1.000000" m_b="0.000000" m_c="0.000000" m_d="1.000000" m_tx="3.733189" m_ty="-0.482628"/>
   <element name="symbol0" layername="timeline_1" frame="2" z_index="11" m_a="-0.019990" m_b="0.999800" m_c="-0.999800" m_d="-0.019990" m_tx="58.350418" m_ty="-5.317679"/>
   <element name="symbol0" layername="timeline_2" frame="0" z_index="14" m_a="0.681750" m_b="-0.731585" m_c="0.731585" m_d="0.681750" m_tx="-36.708900" m_ty="45.949593"/>
   <element name="symbol0" layername="timeline_3" frame="0" z_index="13" m_a="-0.791673" m_b="-0.860972" m_c="0.866535" m_d="-0.796788" m_tx="39.660881" m_ty="44.952545"/>
  </frame>
  <frame idx="175" w="32" h="32" x="0.000000" y="0.000000">
   <element name="symbol0" layername="timeline_0" frame="1" z_index="12" m_a="1.000000" m_b="0.000000" m_c="0.000000" m_d="1.000000" m_tx="3.741035" m_ty="-0.380196"/>
   <element name="symbol0" layername="timeline_1" frame="2" z_index="11" m_a="-0.019990" m_b="0.999800" m_c="-0.999800" m_d="-0.019990" m_tx="58.161385" m_ty="-4.864629"/>
   <element name="symbol0" layername="timeline_2" frame="0" z_index="14" m_a="0.681750" m_b="-0.731585" m_c="0.731585" m_d="0.681750" m_tx="-36.600098" m_ty="46.273140"/>
   <element name="symbol0" layername="timeline_3" frame="0" z_index="13" m_a="-0.791673" m_b="-0.860972" m_c="0.866535" m_d="-0.796788" m_tx="40.241657" m_ty="44.890297"/>
  </frame>
  <frame idx="200" w="32" h="32" x="0.000000" y="0.000000">
   <element name="symbol0" layername="timeline_0" frame="1" z_index="12" m_a="1.000000" m_b="0.000000" m_c="0.000000" m_d="1.000000" m_tx="3.748882" m_ty="-0.277763"/>
   <element name="symbol0" layername="timeline_1" frame="2" z_index="11" m_a="-0.019990" m_b="0.999800" m_c="-0.999800" m_d="-0.019990" m_tx="57.972347" m_ty="-4.411579"/>
   <element name="symbol0" layername="timeline_2" frame="0" z_index="14" m_a="0.681750" m_b="-0.731585" m_c="0.731585" m_d="0.681750" m_tx="-36.491295" m_ty="46.596684"/>
   <element name="symbol0" layername="timeline_3" frame="0" z_index="13" m_a="-0.791673" m_b="-0.860972" m_c="0.866535" m_d="-0.796788" m_tx="40.822433" m_ty="44.828045"/>
  </frame>
  <frame idx="225" w="32" h="32" x="0.000000" y="0.000000">
   <element name="symbol0" layername="timeline_0" frame="1" z_index="12" m_a="1.000000" m_b="0.000000" m_c="0.000000" m_d="1.000000" m_tx="3.756729" m_ty="-0.175331"/>
   <element name="symbol0" layername="timeline_1" frame="2" z_index="11" m_a="-0.019990" m_b="0.999800" m_c="-0.999800" m_d="-0.019990" m_tx="57.783314" m_ty="-3.958529"/>
   <element name="symbol0" layername="timeline_2" frame="0" z_index="14" m_a="0.681750" m_b="-0.731585" m_c="0.731585" m_d="0.681750" m_tx="-36.382492" m_ty="46.920231"/>
   <element name="symbol0" layername="timeline_3" frame="0" z_index="13" m_a="-0.791673" m_b="-0.860972" m_c="0.866535" m_d="-0.796788" m_tx="41.403210" m_ty="44.765797"/>
  </frame>
  <frame idx="250" w="32" h="32" x="0.000000" y="0.000000">
   <element name="symbol0" layername="timeline_0" frame="1" z_index="12" m_a="1.000000" m_b="0.000000" m_c="0.000000" m_d="1.000000" m_tx="3.764576" m_ty="-0.072906"/>
   <element name="symbol0" layername="timeline_1" frame="2" z_index="11" m_a="-0.019990" m_b="0.999800" m_c="-0.999800" m_d="-0.019990" m_tx="57.594276" m_ty="-3.505478"/>
   <element name="symbol0" layername="timeline_2" frame="0" z_index="14" m_a="0.681750" m_b="-0.731585" m_c="0.731585" m_d="0.681750" m_tx="-36.273689" m_ty="47.243778"/>
   <element name="symbol0" layername="timeline_3" frame="0" z_index="13" m_a="-0.791673" m_b="-0.860972" m_c="0.866535" m_d="-0.796788" m_tx="41.983982" m_ty="44.703548"/>
  </frame>
  <frame idx="275" w="32" h="32" x="0.000000" y="0.000000">
   <element name="symbol0" layername="timeline_0" frame="1" z_index="12" m_a="1.000000" m_b="0.000000" m_c="0.000000" m_d="1.000000" m_tx="3.772427" m_ty="0.029526"/>
   <element name="symbol0" layername="timeline_1" frame="2" z_index="11" m_a="-0.019990" m_b="0.999800" m_c="-0.999800" m_d="-0.019990" m_tx="57.405243" m_ty="-3.052428"/>
   <element name="symbol0" layername="timeline_2" frame="0" z_index="14" m_a="0.681750" m_b="-0.731585" m_c="0.731585" m_d="0.681750" m_tx="-36.164883" m_ty="47.567326"/>
   <element name="symbol0" layername="timeline_3" frame="0" z_index="13" m_a="-0.791673" m_b="-0.860972" m_c="0.866535" m_d="-0.796788" m_tx="42.564758" m_ty="44.641300"/>
  </frame>
  <frame idx="300" w="32" h="32" x="0.000000" y="0.000000">
   <element name="symbol0" layername="timeline_0" frame="1" z_index="12" m_a="1.000000" m_b="0.000000" m_c="0.000000" m_d="1.000000" m_tx="3.780273" m_ty="0.131958"/>
   <element name="symbol0" layername="timeline_1" frame="2" z_index="11" m_a="-0.019990" m_b="0.999800" m_c="-0.999800" m_d="-0.019990" m_tx="57.216206" m_ty="-2.599378"/>
   <element name="symbol0" layername="timeline_2" frame="0" z_index="14" m_a="0.681750" m_b="-0.731585" m_c="0.731585" m_d="0.681750" m_tx="-36.056080" m_ty="47.890869"/>
   <element name="symbol0" layername="timeline_3" frame="0" z_index="13" m_a="-0.791673" m_b="-0.860972" m_c="0.866535" m_d="-0.796788" m_tx="43.145535" m_ty="44.579052"/>
  </frame>
  <frame idx="325" w="32" h="32" x="0.000000" y="0.000000">
   <element name="symbol0" layername="timeline_0" frame="1" z_index="12" m_a="1.000000" m_b="0.000000" m_c="0.000000" m_d="1.000000" m_tx="3.788120" m_ty="0.234386"/>
   <element name="symbol0" layername="timeline_1" frame="2" z_index="11" m_a="-0.019990" m_b="0.999800" m_c="-0.999800" m_d="-0.019990" m_tx="57.027172" m_ty="-2.146328"/>
   <element name="symbol0" layername="timeline_2" frame="0" z_index="14" m_a="0.681750" m_b="-0.731585" m_c="0.731585" m_d="0.681750" m_tx="-35.947277" m_ty="48.214417"/>
   <element name="symbol0" layername="timeline_3" frame="0" z_index="13" m_a="-0.791673" m_b="-0.860972" m_c="0.866535" m_d="-0.796788" m_tx="43.726311" m_ty="44.516804"/>
  </frame>
  <frame idx="350" w="32" h="32" x="0.000000" y="0.000000">
   <element name="symbol0" layername="timeline_0" frame="1" z_index="12" m_a="1.000000" m_b="0.000000" m_c="0.000000" m_d="1.000000" m_tx="3.795967" m_ty="0.336819"/>
   <element name="symbol0" layername="timeline_1" frame="2" z_index="11" m_a="-0.019990" m_b="0.999800" m_c="-0.999800" m_d="-0.019990" m_tx="56.838135" m_ty="-1.693278"/>
   <element name="symbol0" layername="timeline_2" frame="0" z_index="14" m_a="0.681750" m_b="-0.731585" m_c="0.731585" m_d="0.681750" m_tx="-35.838474" m_ty="48.537964"/>
   <element name="symbol0" layername="timeline_3" frame="0" z_index="13" m_a="-0.791673" m_b="-0.860972" m_c="0.866535" m_d="-0.796788" m_tx="44.307087" m_ty="44.454556"/>
  </frame>
  <frame idx="375" w="32" h="32" x="0.000000" y="0.000000">
   <element name="symbol0" layername="timeline_0" frame="1" z_index="12" m_a="1.000000" m_b="0.000000" m_c="0.000000" m_d="1.000000" m_tx="3.803814" m_ty="0.439247"/>
   <element name="symbol0" layername="timeline_1" frame="2" z_index="11" m_a="-0.019990" m_b="0.999800" m_c="-0.999800" m_d="-0.019990" m_tx="56.649101" m_ty="-1.240228"/>
   <element name="symbol0" layername="timeline_2" frame="0" z_index="14" m_a="0.681750" m_b="-0.731585" m_c="0.731585" m_d="0.681750" m_tx="-35.729671" m_ty="48.861511"/>
   <element name="symbol0" layername="timeline_3" frame="0" z_index="13" m_a="-0.791673" m_b="-0.860972" m_c="0.866535" m_d="-0.796788" m_tx="44.887859" m_ty="44.392307"/>
  </frame>
  <frame idx="400" w="32" h="32" x="0.000000" y="0.000000">
   <element name="symbol0" layername="timeline_0" frame="1" z_index="12" m_a="1.000000" m_b="0.000000" m_c="0.000000" m_d="1.000000" m_tx="3.811661" m_ty="0.541676"/>
   <element name="symbol0" layername="timeline_1" frame="2" z_index="11" m_a="-0.019990" m_b="0.999800" m_c="-0.999800" m_d="-0.019990" m_tx="56.460068" m_ty="-0.787178"/>
   <element name="symbol0" layername="timeline_2" frame="0" z_index="14" m_a="0.681750" m_b="-0.731585" m_c="0.731585" m_d="0.681750" m_tx="-35.620869" m_ty="49.185059"/>
   <element name="symbol0" layername="timeline_3" frame="0" z_index="13" m_a="-0.791673" m_b="-0.860972" m_c="0.866535" m_d="-0.796788" m_tx="45.468636" m_ty="44.330059"/>
  </frame>
  <frame idx="425" w="32" h="32" x="0.000000" y="0.000000">
   <element name="symbol0" layername="timeline_0" frame="1" z_index="12" m_a="1.000000" m_b="0.000000" m_c="0.000000" m_d="1.000000" m_tx="3.819511" m_ty="0.644108"/>
   <element name="symbol0" layername="timeline_1" frame="2" z_index="11" m_a="-0.019990" m_b="0.999800" m_c="-0.999800" m_d="-0.019990" m_tx="56.271030" m_ty="-0.334128"/>
   <element name="symbol0" layername="timeline_2" frame="0" z_index="14" m_a="0.681750" m_b="-0.731585" m_c="0.731585" m_d="0.681750" m_tx="-35.512066" m_ty="49.508602"/>
   <element name="symbol0" layername="timeline_3" frame="0" z_index="13" m_a="-0.791673" m_b="-0.860972" m_c="0.866535" m_d="-0.796788" m_tx="46.049412" m_ty="44.267811"/>
  </frame>
  <frame idx="450" w="32" h="32" x="0.000000" y="0.000000">
   <element name="symbol0" layername="timeline_0" frame="1" z_index="12" m_a="1.000000" m_b="0.000000" m_c="0.000000" m_d="1.000000" m_tx="3.827358" m_ty="0.746536"/>
   <element name="symbol0" layername="timeline_1" frame="2" z_index="11" m_a="-0.019990" m_b="0.999800" m_c="-0.999800" m_d="-0.019990" m_tx="55.811264" m_ty="-5.505052"/>
   <element name="symbol0" layername="timeline_2" frame="0" z_index="14" m_a="0.681750" m_b="-0.731585" m_c="0.731585" m_d="0.681750" m_tx="-35.403263" m_ty="49.832150"/>
   <element name="symbol0" layername="timeline_3" frame="0" z_index="13" m_a="-0.791673" m_b="-0.860972" m_c="0.866535" m_d="-0.796788" m_tx="44.821064" m_ty="45.188828"/>
  </frame>
  <frame idx="475" w="32" h="32" x="0.000000" y="0.000000">
   <element name="symbol0" layername="timeline_0" frame="1" z_index="12" m_a="1.000000" m_b="0.000000" m_c="0.000000" m_d="1.000000" m_tx="3.835205" m_ty="0.848969"/>
   <element name="symbol0" layername="timeline_1" frame="2" z_index="11" m_a="-0.019990" m_b="0.999800" m_c="-0.999800" m_d="-0.019990" m_tx="55.266003" m_ty="-12.451967"/>
   <element name="symbol0" layername="timeline_2" frame="0" z_index="14" m_a="0.681750" m_b="-0.731585" m_c="0.731585" m_d="0.681750" m_tx="-35.294456" m_ty="50.155697"/>
   <element name="symbol0" layername="timeline_3" frame="0" z_index="13" m_a="-0.791673" m_b="-0.860972" m_c="0.866535" m_d="-0.796788" m_tx="43.021412" m_ty="46.420349"/>
  </frame>
  <frame idx="500" w="32" h="32" x="0.000000" y="0.000000">
   <element name="symbol0" layername="timeline_0" frame="1" z_index="12" m_a="1.000000" m_b="0.000000" m_c="0.000000" m_d="1.000000" m_tx="3.843052" m_ty="0.951397"/>
   <element name="symbol0" layername="timeline_1" frame="2" z_index="11" m_a="-0.019990" m_b="0.999800" m_c="-0.999800" m_d="-0.019990" m_tx="53.948299" m_ty="-19.083384"/>
   <element name="symbol0" layername="timeline_2" frame="0" z_index="14" m_a="0.681750" m_b="-0.731585" m_c="0.731585" m_d="0.681750" m_tx="-35.185654" m_ty="50.479244"/>
   <element name="symbol0" layername="timeline_3" frame="0" z_index="13" m_a="-0.791673" m_b="-0.860972" m_c="0.866535" m_d="-0.796788" m_tx="41.221764" m_ty="47.651867"/>
  </frame>
  <frame idx="525" w="32" h="32" x="0.000000" y="0.000000">
   <element name="symbol0" layername="timeline_0" frame="1" z_index="12" m_a="1.000000" m_b="0.000000" m_c="0.000000" m_d="1.000000" m_tx="3.850899" m_ty="1.053829"/>
   <element name="symbol0" layername="timeline_1" frame="2" z_index="11" m_a="-0.019990" m_b="0.999800" m_c="-0.999800" m_d="-0.019990" m_tx="51.647491" m_ty="-25.313255"/>
   <element name="symbol0" layername="timeline_2" frame="0" z_index="14" m_a="0.681750" m_b="-0.731585" m_c="0.731585" m_d="0.681750" m_tx="-35.076851" m_ty="50.802788"/>
   <element name="symbol0" layername="timeline_3" frame="0" z_index="13" m_a="-0.791673" m_b="-0.860972" m_c="0.866535" m_d="-0.796788" m_tx="39.422112" m_ty="48.883389"/>
  </frame>
  <frame idx="550" w="32" h="32" x="0.000000" y="0.000000">
   <element name="symbol0" layername="timeline_0" frame="1" z_index="12" m_a="1.000000" m_b="0.000000" m_c="0.000000" m_d="1.000000" m_tx="3.858746" m_ty="1.156258"/>
   <element name="symbol0" layername="timeline_1" frame="2" z_index="11" m_a="-0.019990" m_b="0.999800" m_c="-0.999800" m_d="-0.019990" m_tx="49.507477" m_ty="-31.737547"/>
   <element name="symbol0" layername="timeline_2" frame="0" z_index="14" m_a="0.681750" m_b="-0.731585" m_c="0.731585" m_d="0.681750" m_tx="-34.968048" m_ty="51.126335"/>
   <element name="symbol0" layername="timeline_3" frame="0" z_index="13" m_a="-0.791673" m_b="-0.860972" m_c="0.866535" m_d="-0.796788" m_tx="37.622463" m_ty="50.114906"/>
  </frame>
  <frame idx="575" w="32" h="32" x="0.000000" y="0.000000">
   <element name="symbol0" layername="timeline_0" frame="1" z_index="12" m_a="1.000000" m_b="0.000000" m_c="0.000000" m_d="1.000000" m_tx="3.866592" m_ty="1.258686"/>
   <element name="symbol0" layername="timeline_1" frame="2" z_index="11" m_a="-0.019990" m_b="0.999800" m_c="-0.999800" m_d="-0.019990" m_tx="47.515884" m_ty="-38.341301"/>
   <element name="symbol0" layername="timeline_2" frame="0" z_index="14" m_a="0.681750" m_b="-0.731585" m_c="0.731585" m_d="0.681750" m_tx="-34.859245" m_ty="51.449883"/>
   <element name="symbol0" layername="timeline_3" frame="0" z_index="13" m_a="-0.791673" m_b="-0.860972" m_c="0.866535" m_d="-0.796788" m_tx="35.822815" m_ty="51.346428"/>
  </frame>
  <frame idx="600" w="32" h="32" x="0.000000" y="0.000000">
   <element name="symbol0" layername="timeline_0" frame="1" z_index="12" m_a="1.000000" m_b="0.000000" m_c="0.000000" m_d="1.000000" m_tx="3.874443" m_ty="1.361118"/>
   <element name="symbol0" layername="timeline_1" frame="2" z_index="11" m_a="-0.019990" m_b="0.999800" m_c="-0.999800" m_d="-0.019990" m_tx="47.588242" m_ty="-38.486282"/>
   <element name="symbol0" layername="timeline_2" frame="0" z_index="14" m_a="0.681750" m_b="-0.731585" m_c="0.731585" m_d="0.681750" m_tx="-34.750443" m_ty="51.773430"/>
   <element name="symbol0" layername="timeline_3" frame="0" z_index="13" m_a="-0.791673" m_b="-0.860972" m_c="0.866535" m_d="-0.796788" m_tx="34.023163" m_ty="52.577946"/>
  </frame>
  <frame idx="625" w="32" h="32" x="0.000000" y="0.000000">
   <element name="symbol0" layername="timeline_0" frame="1" z_index="12" m_a="1.000000" m_b="0.000000" m_c="0.000000" m_d="1.000000" m_tx="3.882290" m_ty="1.463547"/>
   <element name="symbol0" layername="timeline_1" frame="2" z_index="11" m_a="-0.019990" m_b="0.999800" m_c="-0.999800" m_d="-0.019990" m_tx="49.565788" m_ty="-32.669327"/>
   <element name="symbol0" layername="timeline_2" frame="0" z_index="14" m_a="0.681750" m_b="-0.731585" m_c="0.731585" m_d="0.681750" m_tx="-34.641640" m_ty="52.096973"/>
   <element name="symbol0" layername="timeline_3" frame="0" z_index="13" m_a="-0.791673" m_b="-0.860972" m_c="0.866535" m_d="-0.796788" m_tx="32.223515" m_ty="53.809467"/>
  </frame>
  <frame idx="650" w="32" h="32" x="0.000000" y="0.000000">
   <element name="symbol0" layername="timeline_0" frame="1" z_index="12" m_a="1.000000" m_b="0.000000" m_c="0.000000" m_d="1.000000" m_tx="3.890137" m_ty="1.565979"/>
   <element name="symbol0" layername="timeline_1" frame="2" z_index="11" m_a="-0.019990" m_b="0.999800" m_c="-0.999800" m_d="-0.019990" m_tx="50.341614" m_ty="-27.750944"/>
   <element name="symbol0" layername="timeline_2" frame="0" z_index="14" m_a="0.681750" m_b="-0.731585" m_c="0.731585" m_d="0.681750" m_tx="-34.532837" m_ty="52.420521"/>
   <element name="symbol0" layername="timeline_3" frame="0" z_index="13" m_a="-0.791673" m_b="-0.860972" m_c="0.866535" m_d="-0.796788" m_tx="31.650137" m_ty="54.468727"/>
  </frame>
  <frame idx="675" w="32" h="32" x="0.000000" y="0.000000">
   <element name="symbol0" layername="timeline_0" frame="1" z_index="12" m_a="1.000000" m_b="0.000000" m_c="0.000000" m_d="1.000000" m_tx="3.897984" m_ty="1.668407"/>
   <element name="symbol0" layername="timeline_1" frame="2" z_index="11" m_a="-0.019990" m_b="0.999800" m_c="-0.999800" m_d="-0.019990" m_tx="50.008156" m_ty="-23.662012"/>
   <element name="symbol0" layername="timeline_2" frame="0" z_index="14" m_a="0.681750" m_b="-0.731585" m_c="0.731585" m_d="0.681750" m_tx="-34.424034" m_ty="52.744068"/>
   <element name="symbol0" layername="timeline_3" frame="0" z_index="13" m_a="-0.791673" m_b="-0.860972" m_c="0.866535" m_d="-0.796788" m_tx="32.208710" m_ty="54.599743"/>
  </frame>
  <frame idx="700" w="32" h="32" x="0.000000" y="0.000000">
   <element name="symbol0" layername="timeline_0" frame="1" z_index="12" m_a="1.000000" m_b="0.000000" m_c="0.000000" m_d="1.000000" m_tx="3.905830" m_ty="1.770840"/>
   <element name="symbol0" layername="timeline_1" frame="2" z_index="11" m_a="-0.019990" m_b="0.999800" m_c="-0.999800" m_d="-0.019990" m_tx="50.845993" m_ty="-18.837151"/>
   <element name="symbol0" layername="timeline_2" frame="0" z_index="14" m_a="0.681750" m_b="-0.731585" m_c="0.731585" m_d="0.681750" m_tx="-34.315228" m_ty="53.067616"/>
   <element name="symbol0" layername="timeline_3" frame="0" z_index="13" m_a="-0.791673" m_b="-0.860972" m_c="0.866535" m_d="-0.796788" m_tx="32.767281" m_ty="54.730759"/>
  </frame>
  <frame idx="725" w="32" h="32" x="0.000000" y="0.000000">
   <element name="symbol0" layername="timeline_0" frame="1" z_index="12" m_a="1.000000" m_b="0.000000" m_c="0.000000" m_d="1.000000" m_tx="3.913677" m_ty="1.873268"/>
   <element name="symbol0" layername="timeline_1" frame="2" z_index="11" m_a="-0.019990" m_b="0.999800" m_c="-0.999800" m_d="-0.019990" m_tx="52.464687" m_ty="-13.521669"/>
   <element name="symbol0" layername="timeline_2" frame="0" z_index="14" m_a="0.681750" m_b="-0.731585" m_c="0.731585" m_d="0.681750" m_tx="-34.206425" m_ty="53.391163"/>
   <element name="symbol0" layername="timeline_3" frame="0" z_index="13" m_a="-0.791673" m_b="-0.860972" m_c="0.866535" m_d="-0.796788" m_tx="33.325851" m_ty="54.861778"/>
  </frame>
  <frame idx="750" w="32" h="32" x="0.000000" y="0.000000">
   <element name="symbol0" layername="timeline_0" frame="1" z_index="12" m_a="1.000000" m_b="0.000000" m_c="0.000000" m_d="1.000000" m_tx="3.921524" m_ty="1.975700"/>
   <element name="symbol0" layername="timeline_1" frame="2" z_index="11" m_a="-0.019990" m_b="0.999800" m_c="-0.999800" m_d="-0.019990" m_tx="53.044865" m_ty="-10.140204"/>
   <element name="symbol0" layername="timeline_2" frame="0" z_index="14" m_a="0.681750" m_b="-0.731585" m_c="0.731585" m_d="0.681750" m_tx="-34.097622" m_ty="53.714706"/>
   <element name="symbol0" layername="timeline_3" frame="0" z_index="13" m_a="-0.791673" m_b="-0.860972" m_c="0.866535" m_d="-0.796788" m_tx="33.884418" m_ty="54.992794"/>
  </frame>
  <frame idx="775" w="32" h="32" x="0.000000" y="0.000000">
   <element name="symbol0" layername="timeline_0" frame="1" z_index="12" m_a="1.000000" m_b="0.000000" m_c="0.000000" m_d="1.000000" m_tx="3.929375" m_ty="2.078129"/>
   <element name="symbol0" layername="timeline_1" frame="2" z_index="11" m_a="-0.019990" m_b="0.999800" m_c="-0.999800" m_d="-0.019990" m_tx="52.932701" m_ty="-8.048085"/>
   <element name="symbol0" layername="timeline_2" frame="0" z_index="14" m_a="0.681750" m_b="-0.731585" m_c="0.731585" m_d="0.681750" m_tx="-33.988819" m_ty="54.038254"/>
   <element name="symbol0" layername="timeline_3" frame="0" z_index="13" m_a="-0.791673" m_b="-0.860972" m_c="0.866535" m_d="-0.796788" m_tx="34.442989" m_ty="55.123810"/>
  </frame>
  <frame idx="800" w="32" h="32" x="0.000000" y="0.000000">
   <element name="symbol0" layername="timeline_0" frame="1" z_index="12" m_a="1.000000" m_b="0.000000" m_c="0.000000" m_d="1.000000" m_tx="3.937222" m_ty="2.180557"/>
   <element name="symbol0" layername="timeline_1" frame="2" z_index="11" m_a="-0.019990" m_b="0.999800" m_c="-0.999800" m_d="-0.019990" m_tx="52.269573" m_ty="-7.998032"/>
   <element name="symbol0" layername="timeline_2" frame="0" z_index="14" m_a="0.681750" m_b="-0.731585" m_c="0.731585" m_d="0.681750" m_tx="-33.880016" m_ty="54.361801"/>
   <element name="symbol0" layername="timeline_3" frame="0" z_index="13" m_a="-0.791673" m_b="-0.860972" m_c="0.866535" m_d="-0.796788" m_tx="35.001560" m_ty="55.254826"/>
  </frame>
  <frame idx="825" w="32" h="32" x="0.000000" y="0.000000">
   <element name="symbol0" layername="timeline_0" frame="1" z_index="12" m_a="1.000000" m_b="0.000000" m_c="0.000000" m_d="1.000000" m_tx="3.945068" m_ty="2.282990"/>
   <element name="symbol0" layername="timeline_1" frame="2" z_index="11" m_a="-0.019990" m_b="0.999800" m_c="-0.999800" m_d="-0.019990" m_tx="51.296528" m_ty="-9.096640"/>
   <element name="symbol0" layername="timeline_2" frame="0" z_index="14" m_a="0.681750" m_b="-0.731585" m_c="0.731585" m_d="0.681750" m_tx="-33.771214" m_ty="54.685349"/>
   <element name="symbol0" layername="timeline_3" frame="0" z_index="13" m_a="-0.791673" m_b="-0.860972" m_c="0.866535" m_d="-0.796788" m_tx="35.560131" m_ty="55.385845"/>
  </frame>
  <frame idx="850" w="32" h="32" x="0.000000" y="0.000000">
   <element name="symbol0" layername="timeline_0" frame="1" z_index="12" m_a="1.000000" m_b="0.000000" m_c="0.000000" m_d="1.000000" m_tx="3.952915" m_ty="2.385418"/>
   <element name="symbol0" layername="timeline_1" frame="2" z_index="11" m_a="-0.019990" m_b="0.999800" m_c="-0.999800" m_d="-0.019990" m_tx="50.564976" m_ty="-10.666162"/>
   <element name="symbol0" layername="timeline_2" frame="0" z_index="14" m_a="0.681750" m_b="-0.731585" m_c="0.731585" m_d="0.681750" m_tx="-33.662411" m_ty="55.008892"/>
   <element name="symbol0" layername="timeline_3" frame="0" z_index="13" m_a="-0.791673" m_b="-0.860972" m_c="0.866535" m_d="-0.796788" m_tx="36.118702" m_ty="55.516861"/>
  </frame>
  <frame idx="875" w="32" h="32" x="0.000000" y="0.000000">
   <element name="symbol0" layername="timeline_0" frame="1" z_index="12" m_a="1.000000" m_b="0.000000" m_c="0.000000" m_d="1.000000" m_tx="3.960762" m_ty="2.487850"/>
   <element name="symbol0" layername="timeline_1" frame="2" z_index="11" m_a="-0.019990" m_b="0.999800" m_c="-0.999800" m_d="-0.019990" m_tx="49.927334" m_ty="-12.418816"/>
   <element name="symbol0" layername="timeline_2" frame="0" z_index="14" m_a="0.681750" m_b="-0.731585" m_c="0.731585" m_d="0.681750" m_tx="-33.553608" m_ty="55.332439"/>
   <element name="symbol0" layername="timeline_3" frame="0" z_index="13" m_a="-0.791673" m_b="-0.860972" m_c="0.866535" m_d="-0.796788" m_tx="36.677273" m_ty="55.647877"/>
  </frame>
  <frame idx="900" w="32" h="32" x="0.000000" y="0.000000">
   <element name="symbol0" layername="timeline_0" frame="1" z_index="12" m_a="1.000000" m_b="0.000000" m_c="0.000000" m_d="1.000000" m_tx="3.968609" m_ty="2.590279"/>
   <element name="symbol0" layername="timeline_1" frame="2" z_index="11" m_a="-0.019990" m_b="0.999800" m_c="-0.999800" m_d="-0.019990" m_tx="48.684765" m_ty="-15.645987"/>
   <element name="symbol0" layername="timeline_2" frame="0" z_index="14" m_a="0.681750" m_b="-0.731585" m_c="0.731585" m_d="0.681750" m_tx="-33.444801" m_ty="55.655987"/>
   <element name="symbol0" layername="timeline_3" frame="0" z_index="13" m_a="-0.791673" m_b="-0.860972" m_c="0.866535" m_d="-0.796788" m_tx="37.235844" m_ty="55.778896"/>
  </frame>
  <frame idx="925" w="32" h="32" x="0.000000" y="0.000000">
   <element name="symbol0" layername="timeline_0" frame="1" z_index="12" m_a="1.000000" m_b="0.000000" m_c="0.000000" m_d="1.000000" m_tx="3.976460" m_ty="2.692711"/>
   <element name="symbol0" layername="timeline_1" frame="2" z_index="11" m_a="-0.019990" m_b="0.999800" m_c="-0.999800" m_d="-0.019990" m_tx="47.416992" m_ty="-18.934593"/>
   <element name="symbol0" layername="timeline_2" frame="0" z_index="14" m_a="0.681750" m_b="-0.731585" m_c="0.731585" m_d="0.681750" m_tx="-33.335999" m_ty="55.979534"/>
   <element name="symbol0" layername="timeline_3" frame="0" z_index="13" m_a="-0.791673" m_b="-0.860972" m_c="0.866535" m_d="-0.796788" m_tx="37.794411" m_ty="55.909912"/>
  </frame>
  <frame idx="950" w="32" h="32" x="0.000000" y="0.000000">
   <element name="symbol0" layername="timeline_0" frame="1" z_index="12" m_a="1.000000" m_b="0.000000" m_c="0.000000" m_d="1.000000" m_tx="3.984306" m_ty="2.795139"/>
   <element name="symbol0" layername="timeline_1" frame="2" z_index="11" m_a="-0.019990" m_b="0.999800" m_c="-0.999800" m_d="-0.019990" m_tx="48.437355" m_ty="-19.939205"/>
   <element name="symbol0" layername="timeline_2" frame="0" z_index="14" m_a="0.681750" m_b="-0.731585" m_c="0.731585" m_d="0.681750" m_tx="-33.227196" m_ty="56.303078"/>
   <element name="symbol0" layername="timeline_3" frame="0" z_index="13" m_a="-0.791673" m_b="-0.860972" m_c="0.866535" m_d="-0.796788" m_tx="38.352982" m_ty="56.040928"/>
  </frame>
  <frame idx="975" w="32" h="32" x="0.000000" y="0.000000">
   <element name="symbol0" layername="timeline_0" frame="1" z_index="12" m_a="1.000000" m_b="0.000000" m_c="0.000000" m_d="1.000000" m_tx="3.992153" m_ty="2.897572"/>
   <element name="symbol0" layername="timeline_1" frame="2" z_index="11" m_a="-0.019990" m_b="0.999800" m_c="-0.999800" m_d="-0.019990" m_tx="50.180286" m_ty="-20.222555"/>
   <element name="symbol0" layername="timeline_2" frame="0" z_index="14" m_a="0.681750" m_b="-0.731585" m_c="0.731585" m_d="0.681750" m_tx="-33.118393" m_ty="56.626625"/>
   <element name="symbol0" layername="timeline_3" frame="0" z_index="13" m_a="-0.791673" m_b="-0.860972" m_c="0.866535" m_d="-0.796788" m_tx="38.911552" m_ty="56.171947"/>
  </frame>
 </anim>
 <anim name="wave" root="testcritter" numframes="1000" framerate="40">
  <frame idx="0" w="128" h="128" x="0.000000" y="0.000000">
   <element name="symbol0" layername="timeline_0" frame="1" z_index="11" m_a="1.000000" m_b="0.000000" m_c="0.000000" m_d="1.000000" m_tx="8.000000" m_ty="13.000000"/>
   <element name="symbol0" layername="timeline_1" frame="0" z_index="14" m_a="1.000000" m_b="0.000000" m_c="0.000000" m_d="1.000000" m_tx="-28.000000" m_ty="65.000000"/>
   <element name="symbol0" layername="timeline_2" frame="0" z_index="13" m_a="1.000000" m_b="0.000000" m_c="0.000000" m_d="1.000000" m_tx="45.000000" m_ty="66.000000"/>
   <element name="symbol0" layername="timeline_3" frame="2" z_index="10" m_a="1.000000" m_b="0.000000" m_c="0.000000" m_d="1.000000" m_tx="6.000000" m_ty="-44.000000"/>
   <element name="symbol0" layername="timeline_4" frame="1" z_index="9" m_a="0.237254" m_b="-0.105591" m_c="0.241125" m_d="0.541789" m_tx="62.246117" m_ty="10.713165"/>
   <element name="symbol0" layername="timeline_5" frame="1" z_index="12" m_a="0.260086" m_b="0.129849" m_c="-0.323757" m_d="0.648479" m_tx="-43.429600" m_ty="13.175421"/>
  </frame>
  <frame idx="25" w="128" h="128" x="0.000000" y="0.000000">
   <element name="symbol0" layername="timeline_0" frame="1" z_index="11" m_a="1.000000" m_b="0.000000" m_c="0.000000" m_d="1.000000" m_tx="8.000000" m_ty="13.000000"/>
   <element name="symbol0" layername="timeline_1" frame="0" z_index="14" m_a="1.000000" m_b="0.000000" m_c="0.000000" m_d="1.000000" m_tx="-29.041668" m_ty="65.520828"/>
   <element name="symbol0" layername="timeline_2" frame="0" z_index="13" m_a="1.000000" m_b="0.000000" m_c="0.000000" m_d="1.000000" m_tx="42.411942" m_ty="65.758377"/>
   <element name="symbol0" layername="timeline_3" frame="2" z_index="10" m_a="1.000000" m_b="0.000000" m_c="0.000000" m_d="1.000000" m_tx="6.000000" m_ty="-44.000000"/>
   <element name="symbol0" layername="timeline_4" frame="1" z_index="9" m_a="0.218331" m_b="-0.140607" m_c="0.321087" m_d="0.498577" m_tx="66.152641" m_ty="5.706609"/>
   <element name="symbol0" layername="timeline_5" frame="1" z_index="12" m_a="0.260086" m_b="0.129849" m_c="-0.323757" m_d="0.648479" m_tx="-43.429600" m_ty="13.175421"/>
  </frame>
  <frame idx="50" w="128" h="128" x="0.000000" y="0.000000">
   <element name="symbol0" layername="timeline_0" frame="1" z_index="11" m_a="1.000000" m_b="0.000000" m_c="0.000000" m_d="1.000000" m_tx="8.000000" m_ty="13.000000"/>
   <element name="symbol0" layername="timeline_1" frame="0" z_index="14" m_a="1.000000" m_b="0.000000" m_c="0.000000" m_d="1.000000" m_tx="-29.879650" m_ty="66.018906"/>
   <element name="symbol0" layername="timeline_2" frame="0" z_index="13" m_a="1.000000" m_b="0.000000" m_c="0.000000" m_d="1.000000" m_tx="39.948032" m_ty="65.514206"/>
   <element name="symbol0" layername="timeline_3" frame="2" z_index="10" m_a="1.000000" m_b="0.000000" m_c="0.000000" m_d="1.000000" m_tx="6.000000" m_ty="-44.000000"/>
   <element name="symbol0" layername="timeline_4" frame="1" z_index="9" m_a="0.192309" m_b="-0.174517" m_c="0.398524" m_d="0.439152" m_tx="69.565613" m_ty="0.427009"/>
   <element name="symbol0" layername="timeline_5" frame="1" z_index="12" m_a="0.260086" m_b="0.129849" m_c="-0.323757" m_d="0.648479" m_tx="-43.429600" m_ty="13.175421"/>
  </frame>
  <frame idx="75" w="128" h="128" x="0.000000" y="0.000000">
   <element name="symbol0" layername="timeline_0" frame="1" z_index="11" m_a="1.000000" m_b="0.000000" m_c="0.000000" m_d="1.000000" m_tx="8.000000" m_ty="13.000000"/>
   <element name="symbol0" layername="timeline_1" frame="0" z_index="14" m_a="1.000000" m_b="0.000000" m_c="0.000000" m_d="1.000000" m_tx="-28.375301" m_ty="66.255249"/>
   <element name="symbol0" layername="timeline_2" frame="0" z_index="13" m_a="1.000000" m_b="0.000000" m_c="0.000000" m_d="1.000000" m_tx="38.911842" m_ty="65.240692"/>
   <element name="symbol0" layername="timeline_3" frame="2" z_index="10" m_a="1.000000" m_b="0.000000" m_c="0.000000" m_d="1.000000" m_tx="6.000000" m_ty="-44.000000"/>
   <element name="symbol0" layername="timeline_4" frame="1" z_index="9" m_a="0.133148" m_b="-0.222959" m_c="0.509144" m_d="0.304053" m_tx="74.389587" m_ty="-2.646099"/>
   <element name="symbol0" layername="timeline_5" frame="1" z_index="12" m_a="0.260086" m_b="0.129849" m_c="-0.323757" m_d="0.648479" m_tx="-43.429600" m_ty="13.175421"/>
  </frame>
  <frame idx="100" w="128" h="128" x="0.000000" y="0.000000">
   <element name="symbol0" layername="timeline_0" frame="1" z_index="11" m_a="1.000000" m_b="0.000000" m_c="0.000000" m_d="1.000000" m_tx="8.000000" m_ty="13.000000"/>
   <element name="symbol0" layername="timeline_1" frame="0" z_index="14" m_a="1.000000" m_b="0.000000" m_c="0.000000" m_d="1.000000" m_tx="-26.754623" m_ty="66.518372"/>
   <element name="symbol0" layername="timeline_2" frame="0" z_index="13" m_a="1.000000" m_b="0.000000" m_c="0.000000" m_d="1.000000" m_tx="37.899933" m_ty="64.963257"/>
   <element name="symbol0" layername="timeline_3" frame="2" z_index="10" m_a="1.000000" m_b="0.000000" m_c="0.000000" m_d="1.000000" m_tx="6.000000" m_ty="-44.000000"/>
   <element name="symbol0" layername="timeline_4" frame="1" z_index="9" m_a="0.065694" m_b="-0.251243" m_c="0.573735" m_d="0.150017" m_tx="75.733246" m_ty="-6.501995"/>
   <element name="symbol0" layername="timeline_5" frame="1" z_index="12" m_a="0.260086" m_b="0.129849" m_c="-0.323757" m_d="0.648479" m_tx="-43.429600" m_ty="13.175421"/>
  </frame>
  <frame idx="125" w="128" h="128" x="0.000000" y="0.000000">
   <element name="symbol0" layername="timeline_0" frame="1" z_index="11" m_a="1.000000" m_b="0.000000" m_c="0.000000" m_d="1.000000" m_tx="8.000000" m_ty="13.000000"/>
   <element name="symbol0" layername="timeline_1" frame="0" z_index="14" m_a="1.000000" m_b="0.000000" m_c="0.000000" m_d="1.000000" m_tx="-24.280884" m_ty="66.977859"/>
   <element name="symbol0" layername="timeline_2" frame="0" z_index="13" m_a="1.000000" m_b="0.000000" m_c="0.000000" m_d="1.000000" m_tx="37.066048" m_ty="64.657059"/>
   <element name="symbol0" layername="timeline_3" frame="2" z_index="10" m_a="1.000000" m_b="0.000000" m_c="0.000000" m_d="1.000000" m_tx="6.000000" m_ty="-44.000000"/>
   <element name="symbol0" layername="timeline_4" frame="1" z_index="9" m_a="0.017609" m_b="-0.259092" m_c="0.591658" m_d="0.040212" m_tx="75.302956" m_ty="-12.531816"/>
   <element name="symbol0" layername="timeline_5" frame="1" z_index="12" m_a="0.260086" m_b="0.129849" m_c="-0.323757" m_d="0.648479" m_tx="-43.429600" m_ty="13.175421"/>
  </frame>
  <frame idx="150" w="128" h="128" x="0.000000" y="0.000000">
   <element name="symbol0" layername="timeline_0" frame="1" z_index="11" m_a="1.000000" m_b="0.000000" m_c="0.000000" m_d="1.000000" m_tx="8.000000" m_ty="13.000000"/>
   <element name="symbol0" layername="timeline_1" frame="0" z_index="14" m_a="1.000000" m_b="0.000000" m_c="0.000000" m_d="1.000000" m_tx="-22.124729" m_ty="67.373840"/>
   <element name="symbol0" layername="timeline_2" frame="0" z_index="13" m_a="1.000000" m_b="0.000000" m_c="0.000000" m_d="1.000000" m_tx="36.249695" m_ty="64.393265"/>
   <element name="symbol0" layername="timeline_3" frame="2" z_index="10" m_a="1.000000" m_b="0.000000" m_c="0.000000" m_d="1.000000" m_tx="6.000000" m_ty="-44.000000"/>
   <element name="symbol0" layername="timeline_4" frame="1" z_index="9" m_a="-0.027502" m_b="-0.258230" m_c="0.589688" m_d="-0.062802" m_tx="73.609787" m_ty="-18.082850"/>
   <element name="symbol0" layername="timeline_5" frame="1" z_index="12" m_a="0.260086" m_b="0.129849" m_c="-0.323757" m_d="0.648479" m_tx="-43.429600" m_ty="13.175421"/>
  </frame>
  <frame idx="175" w="128" h="128" x="0.000000" y="0.000000">
   <element name="symbol0" layername="timeline_0" frame="1" z_index="11" m_a="1.000000" m_b="0.000000" m_c="0.000000" m_d="1.000000" m_tx="8.000000" m_ty="13.000000"/>
   <element name="symbol0" layername="timeline_1" frame="0" z_index="14" m_a="1.000000" m_b="0.000000" m_c="0.000000" m_d="1.000000" m_tx="-22.297531" m_ty="67.304016"/>
   <element name="symbol0" layername="timeline_2" frame="0" z_index="13" m_a="1.000000" m_b="0.000000" m_c="0.000000" m_d="1.000000" m_tx="35.561954" m_ty="64.440521"/>
   <element name="symbol0" layername="timeline_3" frame="2" z_index="10" m_a="1.000000" m_b="0.000000" m_c="0.000000" m_d="1.000000" m_tx="6.000000" m_ty="-44.000000"/>
   <element name="symbol0" layername="timeline_4" frame="1" z_index="9" m_a="-0.045964" m_b="-0.255590" m_c="0.583660" m_d="-0.104963" m_tx="72.042366" m_ty="-23.390005"/>
   <element name="symbol0" layername="timeline_5" frame="1" z_index="12" m_a="0.260086" m_b="0.129849" m_c="-0.323757" m_d="0.648479" m_tx="-43.429600" m_ty="13.175421"/>
  </frame>
  <frame idx="200" w="128" h="128" x="0.000000" y="0.000000">
   <element name="symbol0" layername="timeline_0" frame="1" z_index="11" m_a="1.000000" m_b="0.000000" m_c="0.000000" m_d="1.000000" m_tx="8.000000" m_ty="13.000000"/>
   <element name="symbol0" layername="timeline_1" frame="0" z_index="14" m_a="1.000000" m_b="0.000000" m_c="0.000000" m_d="1.000000" m_tx="-22.470333" m_ty="67.234200"/>
   <element name="symbol0" layername="timeline_2" frame="0" z_index="13" m_a="1.000000" m_b="0.000000" m_c="0.000000" m_d="1.000000" m_tx="34.874210" m_ty="64.487778"/>
   <element name="symbol0" layername="timeline_3" frame="2" z_index="10" m_a="1.000000" m_b="0.000000" m_c="0.000000" m_d="1.000000" m_tx="6.000000" m_ty="-44.000000"/>
   <element name="symbol0" layername="timeline_4" frame="1" z_index="9" m_a="-0.064190" m_b="-0.251632" m_c="0.574621" m_d="-0.146583" m_tx="70.297440" m_ty="-28.578138"/>
   <element name="symbol0" layername="timeline_5" frame="1" z_index="12" m_a="0.260086" m_b="0.129849" m_c="-0.323757" m_d="0.648479" m_tx="-43.429600" m_ty="13.175421"/>
  </frame>
  <frame idx="225" w="128" h="128" x="0.000000" y="0.000000">
   <element name="symbol0" layername="timeline_0" frame="1" z_index="11" m_a="1.000000" m_b="0.000000" m_c="0.000000" m_d="1.000000" m_tx="8.000000" m_ty="13.000000"/>
   <element name="symbol0" layername="timeline_1" frame="0" z_index="14" m_a="1.000000" m_b="0.000000" m_c="0.000000" m_d="1.000000" m_tx="-22.643135" m_ty="67.164383"/>
   <element name="symbol0" layername="timeline_2" frame="0" z_index="13" m_a="1.000000" m_b="0.000000" m_c="0.000000" m_d="1.000000" m_tx="34.186470" m_ty="64.535034"/>
   <element name="symbol0" layername="timeline_3" frame="2" z_index="10" m_a="1.000000" m_b="0.000000" m_c="0.000000" m_d="1.000000" m_tx="6.000000" m_ty="-44.000000"/>
   <element name="symbol0" layername="timeline_4" frame="1" z_index="9" m_a="-0.106396" m_b="-0.236894" m_c="0.540967" m_d="-0.242964" m_tx="70.595459" m_ty="-33.268265"/>
   <element name="symbol0" layername="timeline_5" frame="1" z_index="12" m_a="0.260086" m_b="0.129849" m_c="-0.323757" m_d="0.648479" m_tx="-43.429600" m_ty="13.175421"/>
  </frame>
  <frame idx="250" w="128" h="128" x="0.000000" y="0.000000">
   <element name="symbol0" layername="timeline_0" frame="1" z_index="11" m_a="1.000000" m_b="0.000000" m_c="0.000000" m_d="1.000000" m_tx="8.000000" m_ty="13.000000"/>
   <element name="symbol0" layername="timeline_1" frame="0" z_index="14" m_a="1.000000" m_b="0.000000" m_c="0.000000" m_d="1.000000" m_tx="-22.815937" m_ty="67.094559"/>
   <element name="symbol0" layername="timeline_2" frame="0" z_index="13" m_a="1.000000" m_b="0.000000" m_c="0.000000" m_d="1.000000" m_tx="33.498726" m_ty="64.582291"/>
   <element name="symbol0" layername="timeline_3" frame="2" z_index="10" m_a="1.000000" m_b="0.000000" m_c="0.000000" m_d="1.000000" m_tx="6.000000" m_ty="-44.000000"/>
   <element name="symbol0" layername="timeline_4" frame="1" z_index="9" m_a="-0.144738" m_b="-0.215615" m_c="0.492374" m_d="-0.330521" m_tx="69.790871" m_ty="-36.358700"/>
   <element name="symbol0" layername="timeline_5" frame="1" z_index="12" m_a="0.260086" m_b="0.129849" m_c="-0.323757" m_d="0.648479" m_tx="-43.429600" m_ty="13.175421"/>
  </frame>
  <frame idx="275" w="128" h="128" x="0.000000" y="0.000000">
   <element name="symbol0" layername="timeline_0" frame="1" z_index="11" m_a="1.000000" m_b="0.000000" m_c="0.000000" m_d="1.000000" m_tx="8.000000" m_ty="13.000000"/>
   <element name="symbol0" layername="timeline_1" frame="0" z_index="14" m_a="1.000000" m_b="0.000000" m_c="0.000000" m_d="1.000000" m_tx="-22.988739" m_ty="67.024742"/>
   <element name="symbol0" layername="timeline_2" frame="0" z_index="13" m_a="1.000000" m_b="0.000000" m_c="0.000000" m_d="1.000000" m_tx="32.810982" m_ty="64.629547"/>
   <element name="symbol0" layername="timeline_3" frame="2" z_index="10" m_a="1.000000" m_b="0.000000" m_c="0.000000" m_d="1.000000" m_tx="6.000000" m_ty="-44.000000"/>
   <element name="symbol0" layername="timeline_4" frame="1" z_index="9" m_a="-0.171417" m_b="-0.195077" m_c="0.445475" m_d="-0.391444" m_tx="66.645912" m_ty="-35.281071"/>
   <element name="symbol0" layername="timeline_5" frame="1" z_index="12" m_a="0.260086" m_b="0.129849" m_c="-0.323757" m_d="0.648479" m_tx="-43.429600" m_ty="13.175421"/>
  </frame>
  <frame idx="300" w="128" h="128" x="0.000000" y="0.000000">
   <element name="symbol0" layername="timeline_0" frame="1" z_index="11" m_a="1.000000" m_b="0.000000" m_c="0.000000" m_d="1.000000" m_tx="8.000000" m_ty="13.000000"/>
   <element name="symbol0" layername="timeline_1" frame="0" z_index="14" m_a="1.000000" m_b="0.000000" m_c="0.000000" m_d="1.000000" m_tx="-23.161541" m_ty="66.954926"/>
   <element name="symbol0" layername="timeline_2" frame="0" z_index="13" m_a="1.000000" m_b="0.000000" m_c="0.000000" m_d="1.000000" m_tx="32.123238" m_ty="64.676804"/>
   <element name="symbol0" layername="timeline_3" frame="2" z_index="10" m_a="1.000000" m_b="0.000000" m_c="0.000000" m_d="1.000000" m_tx="6.000000" m_ty="-44.000000"/>
   <element name="symbol0" layername="timeline_4" frame="1" z_index="9" m_a="-0.198276" m_b="-0.167707" m_c="0.382972" m_d="-0.452779" m_tx="63.616390" m_ty="-34.477482"/>
   <element name="symbol0" layername="timeline_5" frame="1" z_index="12" m_a="0.260086" m_b="0.129849" m_c="-0.323757" m_d="0.648479" m_tx="-43.429600" m_ty="13.175421"/>
  </frame>
  <frame idx="325" w="128" h="128" x="0.000000" y="0.000000">
   <element name="symbol0" layername="timeline_0" frame="1" z_index="11" m_a="1.000000" m_b="0.000000" m_c="0.000000" m_d="1.000000" m_tx="8.000000" m_ty="13.000000"/>
   <element name="symbol0" layername="timeline_1" frame="0" z_index="14" m_a="1.000000" m_b="0.000000" m_c="0.000000" m_d="1.000000" m_tx="-23.334343" m_ty="66.885101"/>
   <element name="symbol0" layername="timeline_2" frame="0" z_index="13" m_a="1.000000" m_b="0.000000" m_c="0.000000" m_d="1.000000" m_tx="31.435497" m_ty="64.724060"/>
   <element name="symbol0" layername="timeline_3" frame="2" z_index="10" m_a="1.000000" m_b="0.000000" m_c="0.000000" m_d="1.000000" m_tx="6.000000" m_ty="-44.000000"/>
   <element name="symbol0" layername="timeline_4" frame="1" z_index="9" m_a="-0.228264" m_b="-0.123833" m_c="0.282782" m_d="-0.521259" m_tx="61.538948" m_ty="-35.244156"/>
   <element name="symbol0" layername="timeline_5" frame="1" z_index="12" m_a="0.260086" m_b="0.129849" m_c="-0.323757" m_d="0.648479" m_tx="-43.429600" m_ty="13.175421"/>
  </frame>
  <frame idx="350" w="128" h="128" x="0.000000" y="0.000000">
   <element name="symbol0" layername="timeline_0" frame="1" z_index="11" m_a="1.000000" m_b="0.000000" m_c="0.000000" m_d="1.000000" m_tx="8.000000" m_ty="13.000000"/>
   <element name="symbol0" layername="timeline_1" frame="0" z_index="14" m_a="1.000000" m_b="0.000000" m_c="0.000000" m_d="1.000000" m_tx="-23.507145" m_ty="66.815285"/>
   <element name="symbol0" layername="timeline_2" frame="0" z_index="13" m_a="1.000000" m_b="0.000000" m_c="0.000000" m_d="1.000000" m_tx="30.747753" m_ty="64.771317"/>
   <element name="symbol0" layername="timeline_3" frame="2" z_index="10" m_a="1.000000" m_b="0.000000" m_c="0.000000" m_d="1.000000" m_tx="6.000000" m_ty="-44.000000"/>
   <element name="symbol0" layername="timeline_4" frame="1" z_index="9" m_a="-0.241581" m_b="-0.095276" m_c="0.217571" m_d="-0.551669" m_tx="60.100185" m_ty="-35.170170"/>
   <element name="symbol0" layername="timeline_5" frame="1" z_index="12" m_a="0.260086" m_b="0.129849" m_c="-0.323757" m_d="0.648479" m_tx="-43.429600" m_ty="13.175421"/>
  </frame>
  <frame idx="375" w="128" h="128" x="0.000000" y="0.000000">
   <element name="symbol0" layername="timeline_0" frame="1" z_index="11" m_a="1.000000" m_b="0.000000" m_c="0.000000" m_d="1.000000" m_tx="8.000000" m_ty="13.000000"/>
   <element name="symbol0" layername="timeline_1" frame="0" z_index="14" m_a="1.000000" m_b="0.000000" m_c="0.000000" m_d="1.000000" m_tx="-23.679947" m_ty="66.745468"/>
   <element name="symbol0" layername="timeline_2" frame="0" z_index="13" m_a="1.000000" m_b="0.000000" m_c="0.000000" m_d="1.000000" m_tx="30.060011" m_ty="64.818573"/>
   <element name="symbol0" layername="timeline_3" frame="2" z_index="10" m_a="1.000000" m_b="0.000000" m_c="0.000000" m_d="1.000000" m_tx="6.000000" m_ty="-44.000000"/>
   <element name="symbol0" layername="timeline_4" frame="1" z_index="9" m_a="-0.238900" m_b="-0.101811" m_c="0.232495" m_d="-0.545548" m_tx="60.072742" m_ty="-36.098099"/>
   <element name="symbol0" layername="timeline_5" frame="1" z_index="12" m_a="0.260086" m_b="0.129849" m_c="-0.323757" m_d="0.648479" m_tx="-43.429600" m_ty="13.175421"/>
  </frame>
  <frame idx="400" w="128" h="128" x="0.000000" y="0.000000">
   <element name="symbol0" layername="timeline_0" frame="1" z_index="11" m_a="1.000000" m_b="0.000000" m_c="0.000000" m_d="1.000000" m_tx="8.000000" m_ty="13.000000"/>
   <element name="symbol0" layername="timeline_1" frame="0" z_index="14" m_a="1.000000" m_b="0.000000" m_c="0.000000" m_d="1.000000" m_tx="-23.852749" m_ty="66.675644"/>
   <element name="symbol0" layername="timeline_2" frame="0" z_index="13" m_a="1.000000" m_b="0.000000" m_c="0.000000" m_d="1.000000" m_tx="29.372269" m_ty="64.865837"/>
   <element name="symbol0" layername="timeline_3" frame="2" z_index="10" m_a="1.000000" m_b="0.000000" m_c="0.000000" m_d="1.000000" m_tx="6.000000" m_ty="-44.000000"/>
   <element name="symbol0" layername="timeline_4" frame="1" z_index="9" m_a="-0.236043" m_b="-0.108271" m_c="0.247246" m_d="-0.539023" m_tx="60.045593" m_ty="-36.995380"/>
   <element name="symbol0" layername="timeline_5" frame="1" z_index="12" m_a="0.260086" m_b="0.129849" m_c="-0.323757" m_d="0.648479" m_tx="-43.429600" m_ty="13.175421"/>
  </frame>
  <frame idx="425" w="128" h="128" x="0.000000" y="0.000000">
   <element name="symbol0" layername="timeline_0" frame="1" z_index="11" m_a="1.000000" m_b="0.000000" m_c="0.000000" m_d="1.000000" m_tx="8.000000" m_ty="13.000000"/>
   <element name="symbol0" layername="timeline_1" frame="0" z_index="14" m_a="1.000000" m_b="0.000000" m_c="0.000000" m_d="1.000000" m_tx="-24.025551" m_ty="66.605835"/>
   <element name="symbol0" layername="timeline_2" frame="0" z_index="13" m_a="1.000000" m_b="0.000000" m_c="0.000000" m_d="1.000000" m_tx="28.684525" m_ty="64.913094"/>
   <element name="symbol0" layername="timeline_3" frame="2" z_index="10" m_a="1.000000" m_b="0.000000" m_c="0.000000" m_d="1.000000" m_tx="6.000000" m_ty="-44.000000"/>
   <element name="symbol0" layername="timeline_4" frame="1" z_index="9" m_a="-0.233011" m_b="-0.114651" m_c="0.261815" m_d="-0.532099" m_tx="60.017925" m_ty="-37.862007"/>
   <element name="symbol0" layername="timeline_5" frame="1" z_index="12" m_a="0.260086" m_b="0.129849" m_c="-0.323757" m_d="0.648479" m_tx="-43.429600" m_ty="13.175421"/>
  </frame>
  <frame idx="450" w="128" h="128" x="0.000000" y="0.000000">
   <element name="symbol0" layername="timeline_0" frame="1" z_index="11" m_a="1.000000" m_b="0.000000" m_c="0.000000" m_d="1.000000" m_tx="8.000000" m_ty="13.000000"/>
   <element name="symbol0" layername="timeline_1" frame="0" z_index="14" m_a="1.000000" m_b="0.000000" m_c="0.000000" m_d="1.000000" m_tx="-24.198353" m_ty="66.536011"/>
   <element name="symbol0" layername="timeline_2" frame="0" z_index="13" m_a="1.000000" m_b="0.000000" m_c="0.000000" m_d="1.000000" m_tx="27.841137" m_ty="64.960350"/>
   <element name="symbol0" layername="timeline_3" frame="2" z_index="10" m_a="1.000000" m_b="0.000000" m_c="0.000000" m_d="1.000000" m_tx="6.000000" m_ty="-44.000000"/>
   <element name="symbol0" layername="timeline_4" frame="1" z_index="9" m_a="-0.228967" m_b="-0.122528" m_c="0.279802" m_d="-0.522864" m_tx="60.273808" m_ty="-38.676563"/>
   <element name="symbol0" layername="timeline_5" frame="1" z_index="12" m_a="0.260086" m_b="0.129849" m_c="-0.323757" m_d="0.648479" m_tx="-43.429600" m_ty="13.175421"/>
  </frame>
  <frame idx="475" w="128" h="128" x="0.000000" y="0.000000">
   <element name="symbol0" layername="timeline_0" frame="1" z_index="11" m_a="1.000000" m_b="0.000000" m_c="0.000000" m_d="1.000000" m_tx="8.000000" m_ty="13.000000"/>
   <element name="symbol0" layername="timeline_1" frame="0" z_index="14" m_a="1.000000" m_b="0.000000" m_c="0.000000" m_d="1.000000" m_tx="-24.371155" m_ty="66.466194"/>
   <element name="symbol0" layername="timeline_2" frame="0" z_index="13" m_a="1.000000" m_b="0.000000" m_c="0.000000" m_d="1.000000" m_tx="26.799656" m_ty="65.007607"/>
   <element name="symbol0" layername="timeline_3" frame="2" z_index="10" m_a="1.000000" m_b="0.000000" m_c="0.000000" m_d="1.000000" m_tx="6.000000" m_ty="-44.000000"/>
   <element name="symbol0" layername="timeline_4" frame="1" z_index="9" m_a="-0.223505" m_b="-0.132229" m_c="0.301955" m_d="-0.510391" m_tx="60.887054" m_ty="-39.400616"/>
   <element name="symbol0" layername="timeline_5" frame="1" z_index="12" m_a="0.260086" m_b="0.129849" m_c="-0.323757" m_d="0.648479" m_tx="-43.429600" m_ty="13.175421"/>
  </frame>
  <frame idx="500" w="128" h="128" x="0.000000" y="0.000000">
   <element name="symbol0" layername="timeline_0" frame="1" z_index="11" m_a="1.000000" m_b="0.000000" m_c="0.000000" m_d="1.000000" m_tx="8.000000" m_ty="13.000000"/>
   <element name="symbol0" layername="timeline_1" frame="0" z_index="14" m_a="1.000000" m_b="0.000000" m_c="0.000000" m_d="1.000000" m_tx="-24.543957" m_ty="66.396378"/>
   <element name="symbol0" layername="timeline_2" frame="0" z_index="13" m_a="1.000000" m_b="0.000000" m_c="0.000000" m_d="1.000000" m_tx="25.758177" m_ty="65.054863"/>
   <element name="symbol0" layername="timeline_3" frame="2" z_index="10" m_a="1.000000" m_b="0.000000" m_c="0.000000" m_d="1.000000" m_tx="6.000000" m_ty="-44.000000"/>
   <element name="symbol0" layername="timeline_4" frame="1" z_index="9" m_a="-0.217632" m_b="-0.141687" m_c="0.323553" m_d="-0.496980" m_tx="61.491081" m_ty="-40.049084"/>
   <element name="symbol0" layername="timeline_5" frame="1" z_index="12" m_a="0.260086" m_b="0.129849" m_c="-0.323757" m_d="0.648479" m_tx="-43.429600" m_ty="13.175421"/>
  </frame>
  <frame idx="525" w="128" h="128" x="0.000000" y="0.000000">
   <element name="symbol0" layername="timeline_0" frame="1" z_index="11" m_a="1.000000" m_b="0.000000" m_c="0.000000" m_d="1.000000" m_tx="8.000000" m_ty="13.000000"/>
   <element name="symbol0" layername="timeline_1" frame="0" z_index="14" m_a="1.000000" m_b="0.000000" m_c="0.000000" m_d="1.000000" m_tx="-24.716759" m_ty="66.326553"/>
   <element name="symbol0" layername="timeline_2" frame="0" z_index="13" m_a="1.000000" m_b="0.000000" m_c="0.000000" m_d="1.000000" m_tx="24.716698" m_ty="65.102119"/>
   <element name="symbol0" layername="timeline_3" frame="2" z_index="10" m_a="1.000000" m_b="0.000000" m_c="0.000000" m_d="1.000000" m_tx="6.000000" m_ty="-44.000000"/>
   <element name="symbol0" layername="timeline_4" frame="1" z_index="9" m_a="-0.211359" m_b="-0.150884" m_c="0.344557" m_d="-0.482656" m_tx="62.082657" m_ty="-40.622425"/>
   <element name="symbol0" layername="timeline_5" frame="1" z_index="12" m_a="0.260086" m_b="0.129849" m_c="-0.323757" m_d="0.648479" m_tx="-43.429600" m_ty="13.175421"/>
  </frame>
  <frame idx="550" w="128" h="128" x="0.000000" y="0.000000">
   <element name="symbol0" layername="timeline_0" frame="1" z_index="11" m_a="1.000000" m_b="0.000000" m_c="0.000000" m_d="1.000000" m_tx="8.000000" m_ty="13.000000"/>
   <element name="symbol0" layername="timeline_1" frame="0" z_index="14" m_a="1.000000" m_b="0.000000" m_c="0.000000" m_d="1.000000" m_tx="-24.889561" m_ty="66.256737"/>
   <element name="symbol0" layername="timeline_2" frame="0" z_index="13" m_a="1.000000" m_b="0.000000" m_c="0.000000" m_d="1.000000" m_tx="24.800331" m_ty="65.149376"/>
   <element name="symbol0" layername="timeline_3" frame="2" z_index="10" m_a="1.000000" m_b="0.000000" m_c="0.000000" m_d="1.000000" m_tx="6.000000" m_ty="-44.000000"/>
   <element name="symbol0" layername="timeline_4" frame="1" z_index="9" m_a="-0.198785" m_b="-0.167103" m_c="0.381593" m_d="-0.453942" m_tx="64.103615" m_ty="-40.724144"/>
   <element name="symbol0" layername="timeline_5" frame="1" z_index="12" m_a="0.260086" m_b="0.129849" m_c="-0.323757" m_d="0.648479" m_tx="-43.429600" m_ty="13.175421"/>
  </frame>
  <frame idx="575" w="128" h="128" x="0.000000" y="0.000000">
   <element name="symbol0" layername="timeline_0" frame="1" z_index="11" m_a="1.000000" m_b="0.000000" m_c="0.000000" m_d="1.000000" m_tx="8.000000" m_ty="13.000000"/>
   <element name="symbol0" layername="timeline_1" frame="0" z_index="14" m_a="1.000000" m_b="0.000000" m_c="0.000000" m_d="1.000000" m_tx="-25.062363" m_ty="66.186920"/>
   <element name="symbol0" layername="timeline_2" frame="0" z_index="13" m_a="1.000000" m_b="0.000000" m_c="0.000000" m_d="1.000000" m_tx="25.922535" m_ty="65.196632"/>
   <element name="symbol0" layername="timeline_3" frame="2" z_index="10" m_a="1.000000" m_b="0.000000" m_c="0.000000" m_d="1.000000" m_tx="6.000000" m_ty="-44.000000"/>
   <element name="symbol0" layername="timeline_4" frame="1" z_index="9" m_a="-0.178781" m_b="-0.188351" m_c="0.430115" m_d="-0.408261" m_tx="67.335167" m_ty="-40.061935"/>
   <element name="symbol0" layername="timeline_5" frame="1" z_index="12" m_a="0.260086" m_b="0.129849" m_c="-0.323757" m_d="0.648479" m_tx="-43.429600" m_ty="13.175421"/>
  </frame>
  <frame idx="600" w="128" h="128" x="0.000000" y="0.000000">
   <element name="symbol0" layername="timeline_0" frame="1" z_index="11" m_a="1.000000" m_b="0.000000" m_c="0.000000" m_d="1.000000" m_tx="8.000000" m_ty="13.000000"/>
   <element name="symbol0" layername="timeline_1" frame="0" z_index="14" m_a="1.000000" m_b="0.000000" m_c="0.000000" m_d="1.000000" m_tx="-25.235165" m_ty="66.117096"/>
   <element name="symbol0" layername="timeline_2" frame="0" z_index="13" m_a="1.000000" m_b="0.000000" m_c="0.000000" m_d="1.000000" m_tx="27.044739" m_ty="65.243889"/>
   <element name="symbol0" layername="timeline_3" frame="2" z_index="10" m_a="1.000000" m_b="0.000000" m_c="0.000000" m_d="1.000000" m_tx="6.000000" m_ty="-44.000000"/>
   <element name="symbol0" layername="timeline_4" frame="1" z_index="9" m_a="-0.156520" m_b="-0.207221" m_c="0.473206" m_d="-0.357425" m_tx="70.363586" m_ty="-38.917538"/>
   <element name="symbol0" layername="timeline_5" frame="1" z_index="12" m_a="0.260086" m_b="0.129849" m_c="-0.323757" m_d="0.648479" m_tx="-43.429600" m_ty="13.175421"/>
  </frame>
  <frame idx="625" w="128" h="128" x="0.000000" y="0.000000">
   <element name="symbol0" layername="timeline_0" frame="1" z_index="11" m_a="1.000000" m_b="0.000000" m_c="0.000000" m_d="1.000000" m_tx="8.000000" m_ty="13.000000"/>
   <element name="symbol0" layername="timeline_1" frame="0" z_index="14" m_a="1.000000" m_b="0.000000" m_c="0.000000" m_d="1.000000" m_tx="-25.407970" m_ty="66.047279"/>
   <element name="symbol0" layername="timeline_2" frame="0" z_index="13" m_a="1.000000" m_b="0.000000" m_c="0.000000" m_d="1.000000" m_tx="28.166943" m_ty="65.291145"/>
   <element name="symbol0" layername="timeline_3" frame="2" z_index="10" m_a="1.000000" m_b="0.000000" m_c="0.000000" m_d="1.000000" m_tx="6.000000" m_ty="-44.000000"/>
   <element name="symbol0" layername="timeline_4" frame="1" z_index="9" m_a="-0.132281" m_b="-0.223474" m_c="0.510320" m_d="-0.302075" m_tx="73.136063" m_ty="-37.316788"/>
   <element name="symbol0" layername="timeline_5" frame="1" z_index="12" m_a="0.260086" m_b="0.129849" m_c="-0.323757" m_d="0.648479" m_tx="-43.429600" m_ty="13.175421"/>
  </frame>
  <frame idx="650" w="128" h="128" x="0.000000" y="0.000000">
   <element name="symbol0" layername="timeline_0" frame="1" z_index="11" m_a="1.000000" m_b="0.000000" m_c="0.000000" m_d="1.000000" m_tx="8.000000" m_ty="13.000000"/>
   <element name="symbol0" layername="timeline_1" frame="0" z_index="14" m_a="1.000000" m_b="0.000000" m_c="0.000000" m_d="1.000000" m_tx="-25.580772" m_ty="65.977463"/>
   <element name="symbol0" layername="timeline_2" frame="0" z_index="13" m_a="1.000000" m_b="0.000000" m_c="0.000000" m_d="1.000000" m_tx="29.289146" m_ty="65.338402"/>
   <element name="symbol0" layername="timeline_3" frame="2" z_index="10" m_a="1.000000" m_b="0.000000" m_c="0.000000" m_d="1.000000" m_tx="6.000000" m_ty="-44.000000"/>
   <element name="symbol0" layername="timeline_4" frame="1" z_index="9" m_a="-0.106373" m_b="-0.236904" m_c="0.540990" m_d="-0.242911" m_tx="75.602982" m_ty="-35.291279"/>
   <element name="symbol0" layername="timeline_5" frame="1" z_index="12" m_a="0.260086" m_b="0.129849" m_c="-0.323757" m_d="0.648479" m_tx="-43.429600" m_ty="13.175421"/>
  </frame>
  <frame idx="675" w="128" h="128" x="0.000000" y="0.000000">
   <element name="symbol0" layername="timeline_0" frame="1" z_index="11" m_a="1.000000" m_b="0.000000" m_c="0.000000" m_d="1.000000" m_tx="8.000000" m_ty="13.000000"/>
   <element name="symbol0" layername="timeline_1" frame="0" z_index="14" m_a="1.000000" m_b="0.000000" m_c="0.000000" m_d="1.000000" m_tx="-25.753574" m_ty="65.907639"/>
   <element name="symbol0" layername="timeline_2" frame="0" z_index="13" m_a="1.000000" m_b="0.000000" m_c="0.000000" m_d="1.000000" m_tx="30.411350" m_ty="65.385658"/>
   <element name="symbol0" layername="timeline_3" frame="2" z_index="10" m_a="1.000000" m_b="0.000000" m_c="0.000000" m_d="1.000000" m_tx="6.000000" m_ty="-44.000000"/>
   <element name="symbol0" layername="timeline_4" frame="1" z_index="9" m_a="-0.079121" m_b="-0.247343" m_c="0.564829" m_d="-0.180678" m_tx="77.718643" m_ty="-32.877972"/>
   <element name="symbol0" layername="timeline_5" frame="1" z_index="12" m_a="0.260086" m_b="0.129849" m_c="-0.323757" m_d="0.648479" m_tx="-43.429600" m_ty="13.175421"/>
  </frame>
  <frame idx="700" w="128" h="128" x="0.000000" y="0.000000">
   <element name="symbol0" layername="timeline_0" frame="1" z_index="11" m_a="1.000000" m_b="0.000000" m_c="0.000000" m_d="1.000000" m_tx="8.000000" m_ty="13.000000"/>
   <element name="symbol0" layername="timeline_1" frame="0" z_index="14" m_a="1.000000" m_b="0.000000" m_c="0.000000" m_d="1.000000" m_tx="-25.926376" m_ty="65.837830"/>
   <element name="symbol0" layername="timeline_2" frame="0" z_index="13" m_a="1.000000" m_b="0.000000" m_c="0.000000" m_d="1.000000" m_tx="31.533554" m_ty="65.432922"/>
   <element name="symbol0" layername="timeline_3" frame="2" z_index="10" m_a="1.000000" m_b="0.000000" m_c="0.000000" m_d="1.000000" m_tx="6.000000" m_ty="-44.000000"/>
   <element name="symbol0" layername="timeline_4" frame="1" z_index="9" m_a="-0.050870" m_b="-0.254659" m_c="0.581534" m_d="-0.116165" m_tx="79.441750" m_ty="-30.118734"/>
   <element name="symbol0" layername="timeline_5" frame="1" z_index="12" m_a="0.260086" m_b="0.129849" m_c="-0.323757" m_d="0.648479" m_tx="-43.429600" m_ty="13.175421"/>
  </frame>
  <frame idx="725" w="128" h="128" x="0.000000" y="0.000000">
   <element name="symbol0" layername="timeline_0" frame="1" z_index="11" m_a="1.000000" m_b="0.000000" m_c="0.000000" m_d="1.000000" m_tx="8.000000" m_ty="13.000000"/>
   <element name="symbol0" layername="timeline_1" frame="0" z_index="14" m_a="1.000000" m_b="0.000000" m_c="0.000000" m_d="1.000000" m_tx="-26.099178" m_ty="65.768005"/>
   <element name="symbol0" layername="timeline_2" frame="0" z_index="13" m_a="1.000000" m_b="0.000000" m_c="0.000000" m_d="1.000000" m_tx="32.655758" m_ty="65.480179"/>
   <element name="symbol0" layername="timeline_3" frame="2" z_index="10" m_a="1.000000" m_b="0.000000" m_c="0.000000" m_d="1.000000" m_tx="6.000000" m_ty="-44.000000"/>
   <element name="symbol0" layername="timeline_4" frame="1" z_index="9" m_a="-0.021976" m_b="-0.258758" m_c="0.590896" m_d="-0.050184" m_tx="80.735970" m_ty="-27.059790"/>
   <element name="symbol0" layername="timeline_5" frame="1" z_index="12" m_a="0.260086" m_b="0.129849" m_c="-0.323757" m_d="0.648479" m_tx="-43.429600" m_ty="13.175421"/>
  </frame>
  <frame idx="750" w="128" h="128" x="0.000000" y="0.000000">
   <element name="symbol0" layername="timeline_0" frame="1" z_index="11" m_a="1.000000" m_b="0.000000" m_c="0.000000" m_d="1.000000" m_tx="8.000000" m_ty="13.000000"/>
   <element name="symbol0" layername="timeline_1" frame="0" z_index="14" m_a="1.000000" m_b="0.000000" m_c="0.000000" m_d="1.000000" m_tx="-26.271980" m_ty="65.698189"/>
   <element name="symbol0" layername="timeline_2" frame="0" z_index="13" m_a="1.000000" m_b="0.000000" m_c="0.000000" m_d="1.000000" m_tx="33.777962" m_ty="65.527435"/>
   <element name="symbol0" layername="timeline_3" frame="2" z_index="10" m_a="1.000000" m_b="0.000000" m_c="0.000000" m_d="1.000000" m_tx="6.000000" m_ty="-44.000000"/>
   <element name="symbol0" layername="timeline_4" frame="1" z_index="9" m_a="0.007195" m_b="-0.259590" m_c="0.592795" m_d="0.016431" m_tx="81.570374" m_ty="-23.751150"/>
   <element name="symbol0" layername="timeline_5" frame="1" z_index="12" m_a="0.260086" m_b="0.129849" m_c="-0.323757" m_d="0.648479" m_tx="-43.429600" m_ty="13.175421"/>
  </frame>
  <frame idx="775" w="128" h="128" x="0.000000" y="0.000000">
   <element name="symbol0" layername="timeline_0" frame="1" z_index="11" m_a="1.000000" m_b="0.000000" m_c="0.000000" m_d="1.000000" m_tx="8.000000" m_ty="13.000000"/>
   <element name="symbol0" layername="timeline_1" frame="0" z_index="14" m_a="1.000000" m_b="0.000000" m_c="0.000000" m_d="1.000000" m_tx="-26.444782" m_ty="65.628372"/>
   <element name="symbol0" layername="timeline_2" frame="0" z_index="13" m_a="1.000000" m_b="0.000000" m_c="0.000000" m_d="1.000000" m_tx="34.900166" m_ty="65.574692"/>
   <element name="symbol0" layername="timeline_3" frame="2" z_index="10" m_a="1.000000" m_b="0.000000" m_c="0.000000" m_d="1.000000" m_tx="6.000000" m_ty="-44.000000"/>
   <element name="symbol0" layername="timeline_4" frame="1" z_index="9" m_a="0.036275" m_b="-0.257144" m_c="0.587209" m_d="0.082838" m_tx="81.919861" m_ty="-20.245991"/>
   <element name="symbol0" layername="timeline_5" frame="1" z_index="12" m_a="0.260086" m_b="0.129849" m_c="-0.323757" m_d="0.648479" m_tx="-43.429600" m_ty="13.175421"/>
  </frame>
  <frame idx="800" w="128" h="128" x="0.000000" y="0.000000">
   <element name="symbol0" layername="timeline_0" frame="1" z_index="11" m_a="1.000000" m_b="0.000000" m_c="0.000000" m_d="1.000000" m_tx="8.000000" m_ty="13.000000"/>
   <element name="symbol0" layername="timeline_1" frame="0" z_index="14" m_a="1.000000" m_b="0.000000" m_c="0.000000" m_d="1.000000" m_tx="-26.617584" m_ty="65.558548"/>
   <element name="symbol0" layername="timeline_2" frame="0" z_index="13" m_a="1.000000" m_b="0.000000" m_c="0.000000" m_d="1.000000" m_tx="36.022369" m_ty="65.621948"/>
   <element name="symbol0" layername="timeline_3" frame="2" z_index="10" m_a="1.000000" m_b="0.000000" m_c="0.000000" m_d="1.000000" m_tx="6.000000" m_ty="-44.000000"/>
   <element name="symbol0" layername="timeline_4" frame="1" z_index="9" m_a="0.064897" m_b="-0.251450" m_c="0.574207" m_d="0.148199" m_tx="81.765434" m_ty="-16.599951"/>
   <element name="symbol0" layername="timeline_5" frame="1" z_index="12" m_a="0.260086" m_b="0.129849" m_c="-0.323757" m_d="0.648479" m_tx="-43.429600" m_ty="13.175421"/>
  </frame>
  <frame idx="825" w="128" h="128" x="0.000000" y="0.000000">
   <element name="symbol0" layername="timeline_0" frame="1" z_index="11" m_a="1.000000" m_b="0.000000" m_c="0.000000" m_d="1.000000" m_tx="8.000000" m_ty="13.000000"/>
   <element name="symbol0" layername="timeline_1" frame="0" z_index="14" m_a="1.000000" m_b="0.000000" m_c="0.000000" m_d="1.000000" m_tx="-26.790386" m_ty="65.488731"/>
   <element name="symbol0" layername="timeline_2" frame="0" z_index="13" m_a="1.000000" m_b="0.000000" m_c="0.000000" m_d="1.000000" m_tx="37.144573" m_ty="65.669205"/>
   <element name="symbol0" layername="timeline_3" frame="2" z_index="10" m_a="1.000000" m_b="0.000000" m_c="0.000000" m_d="1.000000" m_tx="6.000000" m_ty="-44.000000"/>
   <element name="symbol0" layername="timeline_4" frame="1" z_index="9" m_a="0.092700" m_b="-0.242581" m_c="0.553953" m_d="0.211688" m_tx="81.094467" m_ty="-12.870456"/>
   <element name="symbol0" layername="timeline_5" frame="1" z_index="12" m_a="0.260086" m_b="0.129849" m_c="-0.323757" m_d="0.648479" m_tx="-43.429600" m_ty="13.175421"/>
  </frame>
  <frame idx="850" w="128" h="128" x="0.000000" y="0.000000">
   <element name="symbol0" layername="timeline_0" frame="1" z_index="11" m_a="1.000000" m_b="0.000000" m_c="0.000000" m_d="1.000000" m_tx="8.000000" m_ty="13.000000"/>
   <element name="symbol0" layername="timeline_1" frame="0" z_index="14" m_a="1.000000" m_b="0.000000" m_c="0.000000" m_d="1.000000" m_tx="-26.963188" m_ty="65.418915"/>
   <element name="symbol0" layername="timeline_2" frame="0" z_index="13" m_a="1.000000" m_b="0.000000" m_c="0.000000" m_d="1.000000" m_tx="38.266777" m_ty="65.716461"/>
   <element name="symbol0" layername="timeline_3" frame="2" z_index="10" m_a="1.000000" m_b="0.000000" m_c="0.000000" m_d="1.000000" m_tx="6.000000" m_ty="-44.000000"/>
   <element name="symbol0" layername="timeline_4" frame="1" z_index="9" m_a="0.119332" m_b="-0.230649" m_c="0.526705" m_d="0.272504" m_tx="79.900879" m_ty="-9.116001"/>
   <element name="symbol0" layername="timeline_5" frame="1" z_index="12" m_a="0.260086" m_b="0.129849" m_c="-0.323757" m_d="0.648479" m_tx="-43.429600" m_ty="13.175421"/>
  </frame>
  <frame idx="875" w="128" h="128" x="0.000000" y="0.000000">
   <element name="symbol0" layername="timeline_0" frame="1" z_index="11" m_a="1.000000" m_b="0.000000" m_c="0.000000" m_d="1.000000" m_tx="8.000000" m_ty="13.000000"/>
   <element name="symbol0" layername="timeline_1" frame="0" z_index="14" m_a="1.000000" m_b="0.000000" m_c="0.000000" m_d="1.000000" m_tx="-27.135990" m_ty="65.349091"/>
   <element name="symbol0" layername="timeline_2" frame="0" z_index="13" m_a="1.000000" m_b="0.000000" m_c="0.000000" m_d="1.000000" m_tx="39.388981" m_ty="65.763718"/>
   <element name="symbol0" layername="timeline_3" frame="2" z_index="10" m_a="1.000000" m_b="0.000000" m_c="0.000000" m_d="1.000000" m_tx="6.000000" m_ty="-44.000000"/>
   <element name="symbol0" layername="timeline_4" frame="1" z_index="9" m_a="0.144457" m_b="-0.215803" m_c="0.492804" m_d="0.329879" m_tx="78.185143" m_ty="-5.395373"/>
   <element name="symbol0" layername="timeline_5" frame="1" z_index="12" m_a="0.260086" m_b="0.129849" m_c="-0.323757" m_d="0.648479" m_tx="-43.429600" m_ty="13.175421"/>
  </frame>
  <frame idx="900" w="128" h="128" x="0.000000" y="0.000000">
   <element name="symbol0" layername="timeline_0" frame="1" z_index="11" m_a="1.000000" m_b="0.000000" m_c="0.000000" m_d="1.000000" m_tx="8.000000" m_ty="13.000000"/>
   <element name="symbol0" layername="timeline_1" frame="0" z_index="14" m_a="1.000000" m_b="0.000000" m_c="0.000000" m_d="1.000000" m_tx="-27.308792" m_ty="65.279274"/>
   <element name="symbol0" layername="timeline_2" frame="0" z_index="13" m_a="1.000000" m_b="0.000000" m_c="0.000000" m_d="1.000000" m_tx="40.511185" m_ty="65.810974"/>
   <element name="symbol0" layername="timeline_3" frame="2" z_index="10" m_a="1.000000" m_b="0.000000" m_c="0.000000" m_d="1.000000" m_tx="6.000000" m_ty="-44.000000"/>
   <element name="symbol0" layername="timeline_4" frame="1" z_index="9" m_a="0.167758" m_b="-0.198233" m_c="0.452681" m_d="0.383088" m_tx="75.954361" m_ty="-1.766942"/>
   <element name="symbol0" layername="timeline_5" frame="1" z_index="12" m_a="0.260086" m_b="0.129849" m_c="-0.323757" m_d="0.648479" m_tx="-43.429600" m_ty="13.175421"/>
  </frame>
  <frame idx="925" w="128" h="128" x="0.000000" y="0.000000">
   <element name="symbol0" layername="timeline_0" frame="1" z_index="11" m_a="1.000000" m_b="0.000000" m_c="0.000000" m_d="1.000000" m_tx="8.000000" m_ty="13.000000"/>
   <element name="symbol0" layername="timeline_1" frame="0" z_index="14" m_a="1.000000" m_b="0.000000" m_c="0.000000" m_d="1.000000" m_tx="-27.481594" m_ty="65.209457"/>
   <element name="symbol0" layername="timeline_2" frame="0" z_index="13" m_a="1.000000" m_b="0.000000" m_c="0.000000" m_d="1.000000" m_tx="41.633389" m_ty="65.858231"/>
   <element name="symbol0" layername="timeline_3" frame="2" z_index="10" m_a="1.000000" m_b="0.000000" m_c="0.000000" m_d="1.000000" m_tx="6.000000" m_ty="-44.000000"/>
   <element name="symbol0" layername="timeline_4" frame="1" z_index="9" m_a="0.188940" m_b="-0.178159" m_c="0.406841" m_d="0.431459" m_tx="73.222130" m_ty="1.712085"/>
   <element name="symbol0" layername="timeline_5" frame="1" z_index="12" m_a="0.260086" m_b="0.129849" m_c="-0.323757" m_d="0.648479" m_tx="-43.429600" m_ty="13.175421"/>
  </frame>
  <frame idx="950" w="128" h="128" x="0.000000" y="0.000000">
   <element name="symbol0" layername="timeline_0" frame="1" z_index="11" m_a="1.000000" m_b="0.000000" m_c="0.000000" m_d="1.000000" m_tx="8.000000" m_ty="13.000000"/>
   <element name="symbol0" layername="timeline_1" frame="0" z_index="14" m_a="1.000000" m_b="0.000000" m_c="0.000000" m_d="1.000000" m_tx="-27.654396" m_ty="65.139633"/>
   <element name="symbol0" layername="timeline_2" frame="0" z_index="13" m_a="1.000000" m_b="0.000000" m_c="0.000000" m_d="1.000000" m_tx="42.755592" m_ty="65.905487"/>
   <element name="symbol0" layername="timeline_3" frame="2" z_index="10" m_a="1.000000" m_b="0.000000" m_c="0.000000" m_d="1.000000" m_tx="6.000000" m_ty="-44.000000"/>
   <element name="symbol0" layername="timeline_4" frame="1" z_index="9" m_a="0.207736" m_b="-0.155835" m_c="0.355863" m_d="0.474382" m_tx="70.008377" m_ty="4.986399"/>
   <element name="symbol0" layername="timeline_5" frame="1" z_index="12" m_a="0.260086" m_b="0.129849" m_c="-0.323757" m_d="0.648479" m_tx="-43.429600" m_ty="13.175421"/>
  </frame>
  <frame idx="975" w="128" h="128" x="0.000000" y="0.000000">
   <element name="symbol0" layername="timeline_0" frame="1" z_index="11" m_a="1.000000" m_b="0.000000" m_c="0.000000" m_d="1.000000" m_tx="8.000000" m_ty="13.000000"/>
   <element name="symbol0" layername="timeline_1" frame="0" z_index="14" m_a="1.000000" m_b="0.000000" m_c="0.000000" m_d="1.000000" m_tx="-27.827198" m_ty="65.069824"/>
   <element name="symbol0" layername="timeline_2" frame="0" z_index="13" m_a="1.000000" m_b="0.000000" m_c="0.000000" m_d="1.000000" m_tx="43.877796" m_ty="65.952744"/>
   <element name="symbol0" layername="timeline_3" frame="2" z_index="10" m_a="1.000000" m_b="0.000000" m_c="0.000000" m_d="1.000000" m_tx="6.000000" m_ty="-44.000000"/>
   <element name="symbol0" layername="timeline_4" frame="1" z_index="9" m_a="0.223909" m_b="-0.131544" m_c="0.300391" m_d="0.511314" m_tx="66.339127" m_ty="8.003249"/>
   <element name="symbol0" layername="timeline_5" frame="1" z_index="12" m_a="0.260086" m_b="0.129849" m_c="-0.323757" m_d="0.648479" m_tx="-43.429600" m_ty="13.175421"/>
  </frame>
 </anim>
</Anims>
