<Anims>
 <anim name="idle" root="crystal_black" numframes="1000" framerate="40">
  <frame idx="0" w="144" h="425" x="-1.234039" y="-130.755310">
   <element name="symbol0" layername="timeline_0" frame="0" z_index="3" m_a="1.000000" m_b="0.000000" m_c="0.000000" m_d="1.000000" m_tx="-1.234039" m_ty="-130.755310"/>
  </frame>
  <frame idx="25" w="144" h="425" x="-1.234039" y="-130.755310">
   <element name="symbol0" layername="timeline_0" frame="0" z_index="3" m_a="1.000000" m_b="0.000000" m_c="0.000000" m_d="1.000000" m_tx="-1.234039" m_ty="-130.755310"/>
  </frame>
  <frame idx="50" w="144" h="425" x="-1.234039" y="-130.755310">
   <element name="symbol0" layername="timeline_0" frame="0" z_index="3" m_a="1.000000" m_b="0.000000" m_c="0.000000" m_d="1.000000" m_tx="-1.234039" m_ty="-130.755310"/>
  </frame>
  <frame idx="75" w="144" h="425" x="-1.234039" y="-130.755310">
   <element name="symbol0" layername="timeline_0" frame="0" z_index="3" m_a="1.000000" m_b="0.000000" m_c="0.000000" m_d="1.000000" m_tx="-1.234039" m_ty="-130.755310"/>
  </frame>
  <frame idx="100" w="144" h="425" x="-1.234039" y="-130.755310">
   <element name="symbol0" layername="timeline_0" frame="0" z_index="3" m_a="1.000000" m_b="0.000000" m_c="0.000000" m_d="1.000000" m_tx="-1.234039" m_ty="-130.755310"/>
  </frame>
  <frame idx="125" w="144" h="425" x="-1.234039" y="-130.755310">
   <element name="symbol0" layername="timeline_0" frame="0" z_index="3" m_a="1.000000" m_b="0.000000" m_c="0.000000" m_d="1.000000" m_tx="-1.234039" m_ty="-130.755310"/>
  </frame>
  <frame idx="150" w="144" h="425" x="-1.234039" y="-130.755310">
   <element name="symbol0" layername="timeline_0" frame="0" z_index="3" m_a="1.000000" m_b="0.000000" m_c="0.000000" m_d="1.000000" m_tx="-1.234039" m_ty="-130.755310"/>
  </frame>
  <frame idx="175" w="144" h="425" x="-1.234039" y="-130.755310">
   <element name="symbol0" layername="timeline_0" frame="0" z_index="3" m_a="1.000000" m_b="0.000000" m_c="0.000000" m_d="1.000000" m_tx="-1.234039" m_ty="-130.755310"/>
  </frame>
  <frame idx="200" w="144" h="425" x="-1.234039" y="-130.755310">
   <element name="symbol0" layername="timeline_0" frame="0" z_index="3" m_a="1.000000" m_b="0.000000" m_c="0.000000" m_d="1.000000" m_tx="-1.234039" m_ty="-130.755310"/>
  </frame>
  <frame idx="225" w="144" h="425" x="-1.234039" y="-130.755310">
   <element name="symbol0" layername="timeline_0" frame="0" z_index="3" m_a="1.000000" m_b="0.000000" m_c="0.000000" m_d="1.000000" m_tx="-1.234039" m_ty="-130.755310"/>
  </frame>
  <frame idx="250" w="144" h="425" x="-1.234039" y="-130.755310">
   <element name="symbol0" layername="timeline_0" frame="0" z_index="3" m_a="1.000000" m_b="0.000000" m_c="0.000000" m_d="1.000000" m_tx="-1.234039" m_ty="-130.755310"/>
  </frame>
  <frame idx="275" w="144" h="425" x="-1.234039" y="-130.755310">
   <element name="symbol0" layername="timeline_0" frame="0" z_index="3" m_a="1.000000" m_b="0.000000" m_c="0.000000" m_d="1.000000" m_tx="-1.234039" m_ty="-130.755310"/>
  </frame>
  <frame idx="300" w="144" h="425" x="-1.234039" y="-130.755310">
   <element name="symbol0" layername="timeline_0" frame="0" z_index="3" m_a="1.000000" m_b="0.000000" m_c="0.000000" m_d="1.000000" m_tx="-1.234039" m_ty="-130.755310"/>
  </frame>
  <frame idx="325" w="144" h="425" x="-1.234039" y="-130.755310">
   <element name="symbol0" layername="timeline_0" frame="0" z_index="3" m_a="1.000000" m_b="0.000000" m_c="0.000000" m_d="1.000000" m_tx="-1.234039" m_ty="-130.755310"/>
  </frame>
  <frame idx="350" w="144" h="425" x="-1.234039" y="-130.755310">
   <element name="symbol0" layername="timeline_0" frame="0" z_index="3" m_a="1.000000" m_b="0.000000" m_c="0.000000" m_d="1.000000" m_tx="-1.234039" m_ty="-130.755310"/>
  </frame>
  <frame idx="375" w="144" h="425" x="-1.234039" y="-130.755310">
   <element name="symbol0" layername="timeline_0" frame="0" z_index="3" m_a="1.000000" m_b="0.000000" m_c="0.000000" m_d="1.000000" m_tx="-1.234039" m_ty="-130.755310"/>
  </frame>
  <frame idx="400" w="144" h="425" x="-1.234039" y="-130.755310">
   <element name="symbol0" layername="timeline_0" frame="0" z_index="3" m_a="1.000000" m_b="0.000000" m_c="0.000000" m_d="1.000000" m_tx="-1.234039" m_ty="-130.755310"/>
  </frame>
  <frame idx="425" w="144" h="425" x="-1.234039" y="-130.755310">
   <element name="symbol0" layername="timeline_0" frame="0" z_index="3" m_a="1.000000" m_b="0.000000" m_c="0.000000" m_d="1.000000" m_tx="-1.234039" m_ty="-130.755310"/>
  </frame>
  <frame idx="450" w="144" h="425" x="-1.234039" y="-130.755310">
   <element name="symbol0" layername="timeline_0" frame="0" z_index="3" m_a="1.000000" m_b="0.000000" m_c="0.000000" m_d="1.000000" m_tx="-1.234039" m_ty="-130.755310"/>
  </frame>
  <frame idx="475" w="144" h="425" x="-1.234039" y="-130.755310">
   <element name="symbol0" layername="timeline_0" frame="0" z_index="3" m_a="1.000000" m_b="0.000000" m_c="0.000000" m_d="1.000000" m_tx="-1.234039" m_ty="-130.755310"/>
  </frame>
  <frame idx="500" w="144" h="425" x="-1.234039" y="-130.755310">
   <element name="symbol0" layername="timeline_0" frame="0" z_index="3" m_a="1.000000" m_b="0.000000" m_c="0.000000" m_d="1.000000" m_tx="-1.234039" m_ty="-130.755310"/>
  </frame>
  <frame idx="525" w="144" h="425" x="-1.234039" y="-130.755310">
   <element name="symbol0" layername="timeline_0" frame="0" z_index="3" m_a="1.000000" m_b="0.000000" m_c="0.000000" m_d="1.000000" m_tx="-1.234039" m_ty="-130.755310"/>
  </frame>
  <frame idx="550" w="144" h="425" x="-1.234039" y="-130.755310">
   <element name="symbol0" layername="timeline_0" frame="0" z_index="3" m_a="1.000000" m_b="0.000000" m_c="0.000000" m_d="1.000000" m_tx="-1.234039" m_ty="-130.755310"/>
  </frame>
  <frame idx="575" w="144" h="425" x="-1.234039" y="-130.755310">
   <element name="symbol0" layername="timeline_0" frame="0" z_index="3" m_a="1.000000" m_b="0.000000" m_c="0.000000" m_d="1.000000" m_tx="-1.234039" m_ty="-130.755310"/>
  </frame>
  <frame idx="600" w="144" h="425" x="-1.234039" y="-130.755310">
   <element name="symbol0" layername="timeline_0" frame="0" z_index="3" m_a="1.000000" m_b="0.000000" m_c="0.000000" m_d="1.000000" m_tx="-1.234039" m_ty="-130.755310"/>
  </frame>
  <frame idx="625" w="144" h="425" x="-1.234039" y="-130.755310">
   <element name="symbol0" layername="timeline_0" frame="0" z_index="3" m_a="1.000000" m_b="0.000000" m_c="0.000000" m_d="1.000000" m_tx="-1.234039" m_ty="-130.755310"/>
  </frame>
  <frame idx="650" w="144" h="425" x="-1.234039" y="-130.755310">
   <element name="symbol0" layername="timeline_0" frame="0" z_index="3" m_a="1.000000" m_b="0.000000" m_c="0.000000" m_d="1.000000" m_tx="-1.234039" m_ty="-130.755310"/>
  </frame>
  <frame idx="675" w="144" h="425" x="-1.234039" y="-130.755310">
   <element name="symbol0" layername="timeline_0" frame="0" z_index="3" m_a="1.000000" m_b="0.000000" m_c="0.000000" m_d="1.000000" m_tx="-1.234039" m_ty="-130.755310"/>
  </frame>
  <frame idx="700" w="144" h="425" x="-1.234039" y="-130.755310">
   <element name="symbol0" layername="timeline_0" frame="0" z_index="3" m_a="1.000000" m_b="0.000000" m_c="0.000000" m_d="1.000000" m_tx="-1.234039" m_ty="-130.755310"/>
  </frame>
  <frame idx="725" w="144" h="425" x="-1.234039" y="-130.755310">
   <element name="symbol0" layername="timeline_0" frame="0" z_index="3" m_a="1.000000" m_b="0.000000" m_c="0.000000" m_d="1.000000" m_tx="-1.234039" m_ty="-130.755310"/>
  </frame>
  <frame idx="750" w="144" h="425" x="-1.234039" y="-130.755310">
   <element name="symbol0" layername="timeline_0" frame="0" z_index="3" m_a="1.000000" m_b="0.000000" m_c="0.000000" m_d="1.000000" m_tx="-1.234039" m_ty="-130.755310"/>
  </frame>
  <frame idx="775" w="144" h="425" x="-1.234039" y="-130.755310">
   <element name="symbol0" layername="timeline_0" frame="0" z_index="3" m_a="1.000000" m_b="0.000000" m_c="0.000000" m_d="1.000000" m_tx="-1.234039" m_ty="-130.755310"/>
  </frame>
  <frame idx="800" w="144" h="425" x="-1.234039" y="-130.755310">
   <element name="symbol0" layername="timeline_0" frame="0" z_index="3" m_a="1.000000" m_b="0.000000" m_c="0.000000" m_d="1.000000" m_tx="-1.234039" m_ty="-130.755310"/>
  </frame>
  <frame idx="825" w="144" h="425" x="-1.234039" y="-130.755310">
   <element name="symbol0" layername="timeline_0" frame="0" z_index="3" m_a="1.000000" m_b="0.000000" m_c="0.000000" m_d="1.000000" m_tx="-1.234039" m_ty="-130.755310"/>
  </frame>
  <frame idx="850" w="144" h="425" x="-1.234039" y="-130.755310">
   <element name="symbol0" layername="timeline_0" frame="0" z_index="3" m_a="1.000000" m_b="0.000000" m_c="0.000000" m_d="1.000000" m_tx="-1.234039" m_ty="-130.755310"/>
  </frame>
  <frame idx="875" w="144" h="425" x="-1.234039" y="-130.755310">
   <element name="symbol0" layername="timeline_0" frame="0" z_index="3" m_a="1.000000" m_b="0.000000" m_c="0.000000" m_d="1.000000" m_tx="-1.234039" m_ty="-130.755310"/>
  </frame>
  <frame idx="900" w="144" h="425" x="-1.234039" y="-130.755310">
   <element name="symbol0" layername="timeline_0" frame="0" z_index="3" m_a="1.000000" m_b="0.000000" m_c="0.000000" m_d="1.000000" m_tx="-1.234039" m_ty="-130.755310"/>
  </frame>
  <frame idx="925" w="144" h="425" x="-1.234039" y="-130.755310">
   <element name="symbol0" layername="timeline_0" frame="0" z_index="3" m_a="1.000000" m_b="0.000000" m_c="0.000000" m_d="1.000000" m_tx="-1.234039" m_ty="-130.755310"/>
  </frame>
  <frame idx="950" w="144" h="425" x="-1.234039" y="-130.755310">
   <element name="symbol0" layername="timeline_0" frame="0" z_index="3" m_a="1.000000" m_b="0.000000" m_c="0.000000" m_d="1.000000" m_tx="-1.234039" m_ty="-130.755310"/>
  </frame>
  <frame idx="975" w="144" h="425" x="-1.234039" y="-130.755310">
   <element name="symbol0" layername="timeline_0" frame="0" z_index="3" m_a="1.000000" m_b="0.000000" m_c="0.000000" m_d="1.000000" m_tx="-1.234039" m_ty="-130.755310"/>
  </frame>
 </anim>
 <anim name="idle_occupied" root="crystal_black" numframes="1000" framerate="40">
  <frame idx="0" w="144" h="469" x="-1.234039" y="-174.821274">
   <element name="symbol0" layername="timeline_0" frame="0" z_index="3" m_a="1.000000" m_b="0.000000" m_c="0.000000" m_d="1.000000" m_tx="-1.234039" m_ty="-130.755310"/>
   <element name="symbol0" layername="timeline_1" frame="1" z_index="2" m_a="1.000000" m_b="0.000000" m_c="0.000000" m_d="1.000000" m_tx="1.134045" m_ty="-174.821274"/>
  </frame>
  <frame idx="25" w="144" h="469" x="-1.234039" y="-174.821274">
   <element name="symbol0" layername="timeline_0" frame="0" z_index="3" m_a="1.000000" m_b="0.000000" m_c="0.000000" m_d="1.000000" m_tx="-1.234039" m_ty="-130.755310"/>
   <element name="symbol0" layername="timeline_1" frame="1" z_index="2" m_a="1.000000" m_b="0.000000" m_c="0.000000" m_d="1.000000" m_tx="1.134045" m_ty="-174.821274"/>
  </frame>
  <frame idx="50" w="144" h="469" x="-1.234039" y="-174.821274">
   <element name="symbol0" layername="timeline_0" frame="0" z_index="3" m_a="1.000000" m_b="0.000000" m_c="0.000000" m_d="1.000000" m_tx="-1.234039" m_ty="-130.755310"/>
   <element name="symbol0" layername="timeline_1" frame="1" z_index="2" m_a="1.000000" m_b="0.000000" m_c="0.000000" m_d="1.000000" m_tx="1.134045" m_ty="-174.821274"/>
  </frame>
  <frame idx="75" w="144" h="469" x="-1.234039" y="-174.821274">
   <element name="symbol0" layername="timeline_0" frame="0" z_index="3" m_a="1.000000" m_b="0.000000" m_c="0.000000" m_d="1.000000" m_tx="-1.234039" m_ty="-130.755310"/>
   <element name="symbol0" layername="timeline_1" frame="1" z_index="2" m_a="1.000000" m_b="0.000000" m_c="0.000000" m_d="1.000000" m_tx="1.134045" m_ty="-174.821274"/>
  </frame>
  <frame idx="100" w="144" h="469" x="-1.234039" y="-174.821274">
   <element name="symbol0" layername="timeline_0" frame="0" z_index="3" m_a="1.000000" m_b="0.000000" m_c="0.000000" m_d="1.000000" m_tx="-1.234039" m_ty="-130.755310"/>
   <element name="symbol0" layername="timeline_1" frame="1" z_index="2" m_a="1.000000" m_b="0.000000" m_c="0.000000" m_d="1.000000" m_tx="1.134045" m_ty="-174.821274"/>
  </frame>
  <frame idx="125" w="144" h="469" x="-1.234039" y="-174.821274">
   <element name="symbol0" layername="timeline_0" frame="0" z_index="3" m_a="1.000000" m_b="0.000000" m_c="0.000000" m_d="1.000000" m_tx="-1.234039" m_ty="-130.755310"/>
   <element name="symbol0" layername="timeline_1" frame="1" z_index="2" m_a="1.000000" m_b="0.000000" m_c="0.000000" m_d="1.000000" m_tx="1.134045" m_ty="-174.821274"/>
  </frame>
  <frame idx="150" w="144" h="469" x="-1.234039" y="-174.821274">
   <element name="symbol0" layername="timeline_0" frame="0" z_index="3" m_a="1.000000" m_b="0.000000" m_c="0.000000" m_d="1.000000" m_tx="-1.234039" m_ty="-130.755310"/>
   <element name="symbol0" layername="timeline_1" frame="1" z_index="2" m_a="1.000000" m_b="0.000000" m_c="0.000000" m_d="1.000000" m_tx="1.134045" m_ty="-174.821274"/>
  </frame>
  <frame idx="175" w="144" h="469" x="-1.234039" y="-174.821274">
   <element name="symbol0" layername="timeline_0" frame="0" z_index="3" m_a="1.000000" m_b="0.000000" m_c="0.000000" m_d="1.000000" m_tx="-1.234039" m_ty="-130.755310"/>
   <element name="symbol0" layername="timeline_1" frame="1" z_index="2" m_a="1.000000" m_b="0.000000" m_c="0.000000" m_d="1.000000" m_tx="1.134045" m_ty="-174.821274"/>
  </frame>
  <frame idx="200" w="144" h="469" x="-1.234039" y="-174.821274">
   <element name="symbol0" layername="timeline_0" frame="0" z_index="3" m_a="1.000000" m_b="0.000000" m_c="0.000000" m_d="1.000000" m_tx="-1.234039" m_ty="-130.755310"/>
   <element name="symbol0" layername="timeline_1" frame="1" z_index="2" m_a="1.000000" m_b="0.000000" m_c="0.000000" m_d="1.000000" m_tx="1.134045" m_ty="-174.821274"/>
  </frame>
  <frame idx="225" w="144" h="469" x="-1.234039" y="-174.821274">
   <element name="symbol0" layername="timeline_0" frame="0" z_index="3" m_a="1.000000" m_b="0.000000" m_c="0.000000" m_d="1.000000" m_tx="-1.234039" m_ty="-130.755310"/>
   <element name="symbol0" layername="timeline_1" frame="1" z_index="2" m_a="1.000000" m_b="0.000000" m_c="0.000000" m_d="1.000000" m_tx="1.134045" m_ty="-174.821274"/>
  </frame>
  <frame idx="250" w="144" h="469" x="-1.234039" y="-174.821274">
   <element name="symbol0" layername="timeline_0" frame="0" z_index="3" m_a="1.000000" m_b="0.000000" m_c="0.000000" m_d="1.000000" m_tx="-1.234039" m_ty="-130.755310"/>
   <element name="symbol0" layername="timeline_1" frame="1" z_index="2" m_a="1.000000" m_b="0.000000" m_c="0.000000" m_d="1.000000" m_tx="1.134045" m_ty="-174.821274"/>
  </frame>
  <frame idx="275" w="144" h="469" x="-1.234039" y="-174.821274">
   <element name="symbol0" layername="timeline_0" frame="0" z_index="3" m_a="1.000000" m_b="0.000000" m_c="0.000000" m_d="1.000000" m_tx="-1.234039" m_ty="-130.755310"/>
   <element name="symbol0" layername="timeline_1" frame="1" z_index="2" m_a="1.000000" m_b="0.000000" m_c="0.000000" m_d="1.000000" m_tx="1.134045" m_ty="-174.821274"/>
  </frame>
  <frame idx="300" w="144" h="469" x="-1.234039" y="-174.821274">
   <element name="symbol0" layername="timeline_0" frame="0" z_index="3" m_a="1.000000" m_b="0.000000" m_c="0.000000" m_d="1.000000" m_tx="-1.234039" m_ty="-130.755310"/>
   <element name="symbol0" layername="timeline_1" frame="1" z_index="2" m_a="1.000000" m_b="0.000000" m_c="0.000000" m_d="1.000000" m_tx="1.134045" m_ty="-174.821274"/>
  </frame>
  <frame idx="325" w="144" h="469" x="-1.234039" y="-174.821274">
   <element name="symbol0" layername="timeline_0" frame="0" z_index="3" m_a="1.000000" m_b="0.000000" m_c="0.000000" m_d="1.000000" m_tx="-1.234039" m_ty="-130.755310"/>
   <element name="symbol0" layername="timeline_1" frame="1" z_index="2" m_a="1.000000" m_b="0.000000" m_c="0.000000" m_d="1.000000" m_tx="1.134045" m_ty="-174.821274"/>
  </frame>
  <frame idx="350" w="144" h="469" x="-1.234039" y="-174.821274">
   <element name="symbol0" layername="timeline_0" frame="0" z_index="3" m_a="1.000000" m_b="0.000000" m_c="0.000000" m_d="1.000000" m_tx="-1.234039" m_ty="-130.755310"/>
   <element name="symbol0" layername="timeline_1" frame="1" z_index="2" m_a="1.000000" m_b="0.000000" m_c="0.000000" m_d="1.000000" m_tx="1.134045" m_ty="-174.821274"/>
  </frame>
  <frame idx="375" w="144" h="469" x="-1.234039" y="-174.821274">
   <element name="symbol0" layername="timeline_0" frame="0" z_index="3" m_a="1.000000" m_b="0.000000" m_c="0.000000" m_d="1.000000" m_tx="-1.234039" m_ty="-130.755310"/>
   <element name="symbol0" layername="timeline_1" frame="1" z_index="2" m_a="1.000000" m_b="0.000000" m_c="0.000000" m_d="1.000000" m_tx="1.134045" m_ty="-174.821274"/>
  </frame>
  <frame idx="400" w="144" h="469" x="-1.234039" y="-174.821274">
   <element name="symbol0" layername="timeline_0" frame="0" z_index="3" m_a="1.000000" m_b="0.000000" m_c="0.000000" m_d="1.000000" m_tx="-1.234039" m_ty="-130.755310"/>
   <element name="symbol0" layername="timeline_1" frame="1" z_index="2" m_a="1.000000" m_b="0.000000" m_c="0.000000" m_d="1.000000" m_tx="1.134045" m_ty="-174.821274"/>
  </frame>
  <frame idx="425" w="144" h="469" x="-1.234039" y="-174.821274">
   <element name="symbol0" layername="timeline_0" frame="0" z_index="3" m_a="1.000000" m_b="0.000000" m_c="0.000000" m_d="1.000000" m_tx="-1.234039" m_ty="-130.755310"/>
   <element name="symbol0" layername="timeline_1" frame="1" z_index="2" m_a="1.000000" m_b="0.000000" m_c="0.000000" m_d="1.000000" m_tx="1.134045" m_ty="-174.821274"/>
  </frame>
  <frame idx="450" w="144" h="469" x="-1.234039" y="-174.821274">
   <element name="symbol0" layername="timeline_0" frame="0" z_index="3" m_a="1.000000" m_b="0.000000" m_c="0.000000" m_d="1.000000" m_tx="-1.234039" m_ty="-130.755310"/>
   <element name="symbol0" layername="timeline_1" frame="1" z_index="2" m_a="1.000000" m_b="0.000000" m_c="0.000000" m_d="1.000000" m_tx="1.134045" m_ty="-174.821274"/>
  </frame>
  <frame idx="475" w="144" h="469" x="-1.234039" y="-174.821274">
   <element name="symbol0" layername="timeline_0" frame="0" z_index="3" m_a="1.000000" m_b="0.000000" m_c="0.000000" m_d="1.000000" m_tx="-1.234039" m_ty="-130.755310"/>
   <element name="symbol0" layername="timeline_1" frame="1" z_index="2" m_a="1.000000" m_b="0.000000" m_c="0.000000" m_d="1.000000" m_tx="1.134045" m_ty="-174.821274"/>
  </frame>
  <frame idx="500" w="144" h="469" x="-1.234039" y="-174.821274">
   <element name="symbol0" layername="timeline_0" frame="0" z_index="3" m_a="1.000000" m_b="0.000000" m_c="0.000000" m_d="1.000000" m_tx="-1.234039" m_ty="-130.755310"/>
   <element name="symbol0" layername="timeline_1" frame="1" z_index="2" m_a="1.000000" m_b="0.000000" m_c="0.000000" m_d="1.000000" m_tx="1.134045" m_ty="-174.821274"/>
  </frame>
  <frame idx="525" w="144" h="469" x="-1.234039" y="-174.821274">
   <element name="symbol0" layername="timeline_0" frame="0" z_index="3" m_a="1.000000" m_b="0.000000" m_c="0.000000" m_d="1.000000" m_tx="-1.234039" m_ty="-130.755310"/>
   <element name="symbol0" layername="timeline_1" frame="1" z_index="2" m_a="1.000000" m_b="0.000000" m_c="0.000000" m_d="1.000000" m_tx="1.134045" m_ty="-174.821274"/>
  </frame>
  <frame idx="550" w="144" h="469" x="-1.234039" y="-174.821274">
   <element name="symbol0" layername="timeline_0" frame="0" z_index="3" m_a="1.000000" m_b="0.000000" m_c="0.000000" m_d="1.000000" m_tx="-1.234039" m_ty="-130.755310"/>
   <element name="symbol0" layername="timeline_1" frame="1" z_index="2" m_a="1.000000" m_b="0.000000" m_c="0.000000" m_d="1.000000" m_tx="1.134045" m_ty="-174.821274"/>
  </frame>
  <frame idx="575" w="144" h="469" x="-1.234039" y="-174.821274">
   <element name="symbol0" layername="timeline_0" frame="0" z_index="3" m_a="1.000000" m_b="0.000000" m_c="0.000000" m_d="1.000000" m_tx="-1.234039" m_ty="-130.755310"/>
   <element name="symbol0" layername="timeline_1" frame="1" z_index="2" m_a="1.000000" m_b="0.000000" m_c="0.000000" m_d="1.000000" m_tx="1.134045" m_ty="-174.821274"/>
  </frame>
  <frame idx="600" w="144" h="469" x="-1.234039" y="-174.821274">
   <element name="symbol0" layername="timeline_0" frame="0" z_index="3" m_a="1.000000" m_b="0.000000" m_c="0.000000" m_d="1.000000" m_tx="-1.234039" m_ty="-130.755310"/>
   <element name="symbol0" layername="timeline_1" frame="1" z_index="2" m_a="1.000000" m_b="0.000000" m_c="0.000000" m_d="1.000000" m_tx="1.134045" m_ty="-174.821274"/>
  </frame>
  <frame idx="625" w="144" h="469" x="-1.234039" y="-174.821274">
   <element name="symbol0" layername="timeline_0" frame="0" z_index="3" m_a="1.000000" m_b="0.000000" m_c="0.000000" m_d="1.000000" m_tx="-1.234039" m_ty="-130.755310"/>
   <element name="symbol0" layername="timeline_1" frame="1" z_index="2" m_a="1.000000" m_b="0.000000" m_c="0.000000" m_d="1.000000" m_tx="1.134045" m_ty="-174.821274"/>
  </frame>
  <frame idx="650" w="144" h="469" x="-1.234039" y="-174.821274">
   <element name="symbol0" layername="timeline_0" frame="0" z_index="3" m_a="1.000000" m_b="0.000000" m_c="0.000000" m_d="1.000000" m_tx="-1.234039" m_ty="-130.755310"/>
   <element name="symbol0" layername="timeline_1" frame="1" z_index="2" m_a="1.000000" m_b="0.000000" m_c="0.000000" m_d="1.000000" m_tx="1.134045" m_ty="-174.821274"/>
  </frame>
  <frame idx="675" w="144" h="469" x="-1.234039" y="-174.821274">
   <element name="symbol0" layername="timeline_0" frame="0" z_index="3" m_a="1.000000" m_b="0.000000" m_c="0.000000" m_d="1.000000" m_tx="-1.234039" m_ty="-130.755310"/>
   <element name="symbol0" layername="timeline_1" frame="1" z_index="2" m_a="1.000000" m_b="0.000000" m_c="0.000000" m_d="1.000000" m_tx="1.134045" m_ty="-174.821274"/>
  </frame>
  <frame idx="700" w="144" h="469" x="-1.234039" y="-174.821274">
   <element name="symbol0" layername="timeline_0" frame="0" z_index="3" m_a="1.000000" m_b="0.000000" m_c="0.000000" m_d="1.000000" m_tx="-1.234039" m_ty="-130.755310"/>
   <element name="symbol0" layername="timeline_1" frame="1" z_index="2" m_a="1.000000" m_b="0.000000" m_c="0.000000" m_d="1.000000" m_tx="1.134045" m_ty="-174.821274"/>
  </frame>
  <frame idx="725" w="144" h="469" x="-1.234039" y="-174.821274">
   <element name="symbol0" layername="timeline_0" frame="0" z_index="3" m_a="1.000000" m_b="0.000000" m_c="0.000000" m_d="1.000000" m_tx="-1.234039" m_ty="-130.755310"/>
   <element name="symbol0" layername="timeline_1" frame="1" z_index="2" m_a="1.000000" m_b="0.000000" m_c="0.000000" m_d="1.000000" m_tx="1.134045" m_ty="-174.821274"/>
  </frame>
  <frame idx="750" w="144" h="469" x="-1.234039" y="-174.821274">
   <element name="symbol0" layername="timeline_0" frame="0" z_index="3" m_a="1.000000" m_b="0.000000" m_c="0.000000" m_d="1.000000" m_tx="-1.234039" m_ty="-130.755310"/>
   <element name="symbol0" layername="timeline_1" frame="1" z_index="2" m_a="1.000000" m_b="0.000000" m_c="0.000000" m_d="1.000000" m_tx="1.134045" m_ty="-174.821274"/>
  </frame>
  <frame idx="775" w="144" h="469" x="-1.234039" y="-174.821274">
   <element name="symbol0" layername="timeline_0" frame="0" z_index="3" m_a="1.000000" m_b="0.000000" m_c="0.000000" m_d="1.000000" m_tx="-1.234039" m_ty="-130.755310"/>
   <element name="symbol0" layername="timeline_1" frame="1" z_index="2" m_a="1.000000" m_b="0.000000" m_c="0.000000" m_d="1.000000" m_tx="1.134045" m_ty="-174.821274"/>
  </frame>
  <frame idx="800" w="144" h="469" x="-1.234039" y="-174.821274">
   <element name="symbol0" layername="timeline_0" frame="0" z_index="3" m_a="1.000000" m_b="0.000000" m_c="0.000000" m_d="1.000000" m_tx="-1.234039" m_ty="-130.755310"/>
   <element name="symbol0" layername="timeline_1" frame="1" z_index="2" m_a="1.000000" m_b="0.000000" m_c="0.000000" m_d="1.000000" m_tx="1.134045" m_ty="-174.821274"/>
  </frame>
  <frame idx="825" w="144" h="469" x="-1.234039" y="-174.821274">
   <element name="symbol0" layername="timeline_0" frame="0" z_index="3" m_a="1.000000" m_b="0.000000" m_c="0.000000" m_d="1.000000" m_tx="-1.234039" m_ty="-130.755310"/>
   <element name="symbol0" layername="timeline_1" frame="1" z_index="2" m_a="1.000000" m_b="0.000000" m_c="0.000000" m_d="1.000000" m_tx="1.134045" m_ty="-174.821274"/>
  </frame>
  <frame idx="850" w="144" h="469" x="-1.234039" y="-174.821274">
   <element name="symbol0" layername="timeline_0" frame="0" z_index="3" m_a="1.000000" m_b="0.000000" m_c="0.000000" m_d="1.000000" m_tx="-1.234039" m_ty="-130.755310"/>
   <element name="symbol0" layername="timeline_1" frame="1" z_index="2" m_a="1.000000" m_b="0.000000" m_c="0.000000" m_d="1.000000" m_tx="1.134045" m_ty="-174.821274"/>
  </frame>
  <frame idx="875" w="144" h="469" x="-1.234039" y="-174.821274">
   <element name="symbol0" layername="timeline_0" frame="0" z_index="3" m_a="1.000000" m_b="0.000000" m_c="0.000000" m_d="1.000000" m_tx="-1.234039" m_ty="-130.755310"/>
   <element name="symbol0" layername="timeline_1" frame="1" z_index="2" m_a="1.000000" m_b="0.000000" m_c="0.000000" m_d="1.000000" m_tx="1.134045" m_ty="-174.821274"/>
  </frame>
  <frame idx="900" w="144" h="469" x="-1.234039" y="-174.821274">
   <element name="symbol0" layername="timeline_0" frame="0" z_index="3" m_a="1.000000" m_b="0.000000" m_c="0.000000" m_d="1.000000" m_tx="-1.234039" m_ty="-130.755310"/>
   <element name="symbol0" layername="timeline_1" frame="1" z_index="2" m_a="1.000000" m_b="0.000000" m_c="0.000000" m_d="1.000000" m_tx="1.134045" m_ty="-174.821274"/>
  </frame>
  <frame idx="925" w="144" h="469" x="-1.234039" y="-174.821274">
   <element name="symbol0" layername="timeline_0" frame="0" z_index="3" m_a="1.000000" m_b="0.000000" m_c="0.000000" m_d="1.000000" m_tx="-1.234039" m_ty="-130.755310"/>
   <element name="symbol0" layername="timeline_1" frame="1" z_index="2" m_a="1.000000" m_b="0.000000" m_c="0.000000" m_d="1.000000" m_tx="1.134045" m_ty="-174.821274"/>
  </frame>
  <frame idx="950" w="144" h="469" x="-1.234039" y="-174.821274">
   <element name="symbol0" layername="timeline_0" frame="0" z_index="3" m_a="1.000000" m_b="0.000000" m_c="0.000000" m_d="1.000000" m_tx="-1.234039" m_ty="-130.755310"/>
   <element name="symbol0" layername="timeline_1" frame="1" z_index="2" m_a="1.000000" m_b="0.000000" m_c="0.000000" m_d="1.000000" m_tx="1.134045" m_ty="-174.821274"/>
  </frame>
  <frame idx="975" w="144" h="469" x="-1.234039" y="-174.821274">
   <element name="symbol0" layername="timeline_0" frame="0" z_index="3" m_a="1.000000" m_b="0.000000" m_c="0.000000" m_d="1.000000" m_tx="-1.234039" m_ty="-130.755310"/>
   <element name="symbol0" layername="timeline_1" frame="1" z_index="2" m_a="1.000000" m_b="0.000000" m_c="0.000000" m_d="1.000000" m_tx="1.134045" m_ty="-174.821274"/>
  </frame>
 </anim>
</Anims>
