<Anims>
 <anim name="idle_1" root="weavernest" numframes="1000" framerate="40">
  <frame idx="0" w="504" h="536" x="17.000000" y="-150.784943">
   <element name="symbol0" layername="timeline_0" frame="0" z_index="7" m_a="1.000000" m_b="0.000000" m_c="0.000000" m_d="1.000000" m_tx="17.000000" m_ty="-150.784943"/>
  </frame>
  <frame idx="25" w="504" h="536" x="17.000000" y="-150.784943">
   <element name="symbol0" layername="timeline_0" frame="0" z_index="7" m_a="1.000000" m_b="0.000000" m_c="0.000000" m_d="1.000000" m_tx="17.000000" m_ty="-150.784943"/>
  </frame>
  <frame idx="50" w="504" h="536" x="17.000000" y="-150.784943">
   <element name="symbol0" layername="timeline_0" frame="0" z_index="7" m_a="1.000000" m_b="0.000000" m_c="0.000000" m_d="1.000000" m_tx="17.000000" m_ty="-150.784943"/>
  </frame>
  <frame idx="75" w="504" h="536" x="17.000000" y="-150.784943">
   <element name="symbol0" layername="timeline_0" frame="0" z_index="7" m_a="1.000000" m_b="0.000000" m_c="0.000000" m_d="1.000000" m_tx="17.000000" m_ty="-150.784943"/>
  </frame>
  <frame idx="100" w="504" h="536" x="17.000000" y="-150.784943">
   <element name="symbol0" layername="timeline_0" frame="0" z_index="7" m_a="1.000000" m_b="0.000000" m_c="0.000000" m_d="1.000000" m_tx="17.000000" m_ty="-150.784943"/>
  </frame>
  <frame idx="125" w="504" h="536" x="17.000000" y="-150.784943">
   <element name="symbol0" layername="timeline_0" frame="0" z_index="7" m_a="1.000000" m_b="0.000000" m_c="0.000000" m_d="1.000000" m_tx="17.000000" m_ty="-150.784943"/>
  </frame>
  <frame idx="150" w="504" h="536" x="17.000000" y="-150.784943">
   <element name="symbol0" layername="timeline_0" frame="0" z_index="7" m_a="1.000000" m_b="0.000000" m_c="0.000000" m_d="1.000000" m_tx="17.000000" m_ty="-150.784943"/>
  </frame>
  <frame idx="175" w="504" h="536" x="17.000000" y="-150.784943">
   <element name="symbol0" layername="timeline_0" frame="0" z_index="7" m_a="1.000000" m_b="0.000000" m_c="0.000000" m_d="1.000000" m_tx="17.000000" m_ty="-150.784943"/>
  </frame>
  <frame idx="200" w="504" h="536" x="17.000000" y="-150.784943">
   <element name="symbol0" layername="timeline_0" frame="0" z_index="7" m_a="1.000000" m_b="0.000000" m_c="0.000000" m_d="1.000000" m_tx="17.000000" m_ty="-150.784943"/>
  </frame>
  <frame idx="225" w="504" h="536" x="17.000000" y="-150.784943">
   <element name="symbol0" layername="timeline_0" frame="0" z_index="7" m_a="1.000000" m_b="0.000000" m_c="0.000000" m_d="1.000000" m_tx="17.000000" m_ty="-150.784943"/>
  </frame>
  <frame idx="250" w="504" h="536" x="17.000000" y="-150.784943">
   <element name="symbol0" layername="timeline_0" frame="0" z_index="7" m_a="1.000000" m_b="0.000000" m_c="0.000000" m_d="1.000000" m_tx="17.000000" m_ty="-150.784943"/>
  </frame>
  <frame idx="275" w="504" h="536" x="17.000000" y="-150.784943">
   <element name="symbol0" layername="timeline_0" frame="0" z_index="7" m_a="1.000000" m_b="0.000000" m_c="0.000000" m_d="1.000000" m_tx="17.000000" m_ty="-150.784943"/>
  </frame>
  <frame idx="300" w="504" h="536" x="17.000000" y="-150.784943">
   <element name="symbol0" layername="timeline_0" frame="0" z_index="7" m_a="1.000000" m_b="0.000000" m_c="0.000000" m_d="1.000000" m_tx="17.000000" m_ty="-150.784943"/>
  </frame>
  <frame idx="325" w="504" h="536" x="17.000000" y="-150.784943">
   <element name="symbol0" layername="timeline_0" frame="0" z_index="7" m_a="1.000000" m_b="0.000000" m_c="0.000000" m_d="1.000000" m_tx="17.000000" m_ty="-150.784943"/>
  </frame>
  <frame idx="350" w="504" h="536" x="17.000000" y="-150.784943">
   <element name="symbol0" layername="timeline_0" frame="0" z_index="7" m_a="1.000000" m_b="0.000000" m_c="0.000000" m_d="1.000000" m_tx="17.000000" m_ty="-150.784943"/>
  </frame>
  <frame idx="375" w="504" h="536" x="17.000000" y="-150.784943">
   <element name="symbol0" layername="timeline_0" frame="0" z_index="7" m_a="1.000000" m_b="0.000000" m_c="0.000000" m_d="1.000000" m_tx="17.000000" m_ty="-150.784943"/>
  </frame>
  <frame idx="400" w="504" h="536" x="17.000000" y="-150.784943">
   <element name="symbol0" layername="timeline_0" frame="0" z_index="7" m_a="1.000000" m_b="0.000000" m_c="0.000000" m_d="1.000000" m_tx="17.000000" m_ty="-150.784943"/>
  </frame>
  <frame idx="425" w="504" h="536" x="17.000000" y="-150.784943">
   <element name="symbol0" layername="timeline_0" frame="0" z_index="7" m_a="1.000000" m_b="0.000000" m_c="0.000000" m_d="1.000000" m_tx="17.000000" m_ty="-150.784943"/>
  </frame>
  <frame idx="450" w="504" h="536" x="17.000000" y="-150.784943">
   <element name="symbol0" layername="timeline_0" frame="0" z_index="7" m_a="1.000000" m_b="0.000000" m_c="0.000000" m_d="1.000000" m_tx="17.000000" m_ty="-150.784943"/>
  </frame>
  <frame idx="475" w="504" h="536" x="17.000000" y="-150.784943">
   <element name="symbol0" layername="timeline_0" frame="0" z_index="7" m_a="1.000000" m_b="0.000000" m_c="0.000000" m_d="1.000000" m_tx="17.000000" m_ty="-150.784943"/>
  </frame>
  <frame idx="500" w="504" h="536" x="17.000000" y="-150.784943">
   <element name="symbol0" layername="timeline_0" frame="0" z_index="7" m_a="1.000000" m_b="0.000000" m_c="0.000000" m_d="1.000000" m_tx="17.000000" m_ty="-150.784943"/>
  </frame>
  <frame idx="525" w="504" h="536" x="17.000000" y="-150.784943">
   <element name="symbol0" layername="timeline_0" frame="0" z_index="7" m_a="1.000000" m_b="0.000000" m_c="0.000000" m_d="1.000000" m_tx="17.000000" m_ty="-150.784943"/>
  </frame>
  <frame idx="550" w="504" h="536" x="17.000000" y="-150.784943">
   <element name="symbol0" layername="timeline_0" frame="0" z_index="7" m_a="1.000000" m_b="0.000000" m_c="0.000000" m_d="1.000000" m_tx="17.000000" m_ty="-150.784943"/>
  </frame>
  <frame idx="575" w="504" h="536" x="17.000000" y="-150.784943">
   <element name="symbol0" layername="timeline_0" frame="0" z_index="7" m_a="1.000000" m_b="0.000000" m_c="0.000000" m_d="1.000000" m_tx="17.000000" m_ty="-150.784943"/>
  </frame>
  <frame idx="600" w="504" h="536" x="17.000000" y="-150.784943">
   <element name="symbol0" layername="timeline_0" frame="0" z_index="7" m_a="1.000000" m_b="0.000000" m_c="0.000000" m_d="1.000000" m_tx="17.000000" m_ty="-150.784943"/>
  </frame>
  <frame idx="625" w="504" h="536" x="17.000000" y="-150.784943">
   <element name="symbol0" layername="timeline_0" frame="0" z_index="7" m_a="1.000000" m_b="0.000000" m_c="0.000000" m_d="1.000000" m_tx="17.000000" m_ty="-150.784943"/>
  </frame>
  <frame idx="650" w="504" h="536" x="17.000000" y="-150.784943">
   <element name="symbol0" layername="timeline_0" frame="0" z_index="7" m_a="1.000000" m_b="0.000000" m_c="0.000000" m_d="1.000000" m_tx="17.000000" m_ty="-150.784943"/>
  </frame>
  <frame idx="675" w="504" h="536" x="17.000000" y="-150.784943">
   <element name="symbol0" layername="timeline_0" frame="0" z_index="7" m_a="1.000000" m_b="0.000000" m_c="0.000000" m_d="1.000000" m_tx="17.000000" m_ty="-150.784943"/>
  </frame>
  <frame idx="700" w="504" h="536" x="17.000000" y="-150.784943">
   <element name="symbol0" layername="timeline_0" frame="0" z_index="7" m_a="1.000000" m_b="0.000000" m_c="0.000000" m_d="1.000000" m_tx="17.000000" m_ty="-150.784943"/>
  </frame>
  <frame idx="725" w="504" h="536" x="17.000000" y="-150.784943">
   <element name="symbol0" layername="timeline_0" frame="0" z_index="7" m_a="1.000000" m_b="0.000000" m_c="0.000000" m_d="1.000000" m_tx="17.000000" m_ty="-150.784943"/>
  </frame>
  <frame idx="750" w="504" h="536" x="17.000000" y="-150.784943">
   <element name="symbol0" layername="timeline_0" frame="0" z_index="7" m_a="1.000000" m_b="0.000000" m_c="0.000000" m_d="1.000000" m_tx="17.000000" m_ty="-150.784943"/>
  </frame>
  <frame idx="775" w="504" h="536" x="17.000000" y="-150.784943">
   <element name="symbol0" layername="timeline_0" frame="0" z_index="7" m_a="1.000000" m_b="0.000000" m_c="0.000000" m_d="1.000000" m_tx="17.000000" m_ty="-150.784943"/>
  </frame>
  <frame idx="800" w="504" h="536" x="17.000000" y="-150.784943">
   <element name="symbol0" layername="timeline_0" frame="0" z_index="7" m_a="1.000000" m_b="0.000000" m_c="0.000000" m_d="1.000000" m_tx="17.000000" m_ty="-150.784943"/>
  </frame>
  <frame idx="825" w="504" h="536" x="17.000000" y="-150.784943">
   <element name="symbol0" layername="timeline_0" frame="0" z_index="7" m_a="1.000000" m_b="0.000000" m_c="0.000000" m_d="1.000000" m_tx="17.000000" m_ty="-150.784943"/>
  </frame>
  <frame idx="850" w="504" h="536" x="17.000000" y="-150.784943">
   <element name="symbol0" layername="timeline_0" frame="0" z_index="7" m_a="1.000000" m_b="0.000000" m_c="0.000000" m_d="1.000000" m_tx="17.000000" m_ty="-150.784943"/>
  </frame>
  <frame idx="875" w="504" h="536" x="17.000000" y="-150.784943">
   <element name="symbol0" layername="timeline_0" frame="0" z_index="7" m_a="1.000000" m_b="0.000000" m_c="0.000000" m_d="1.000000" m_tx="17.000000" m_ty="-150.784943"/>
  </frame>
  <frame idx="900" w="504" h="536" x="17.000000" y="-150.784943">
   <element name="symbol0" layername="timeline_0" frame="0" z_index="7" m_a="1.000000" m_b="0.000000" m_c="0.000000" m_d="1.000000" m_tx="17.000000" m_ty="-150.784943"/>
  </frame>
  <frame idx="925" w="504" h="536" x="17.000000" y="-150.784943">
   <element name="symbol0" layername="timeline_0" frame="0" z_index="7" m_a="1.000000" m_b="0.000000" m_c="0.000000" m_d="1.000000" m_tx="17.000000" m_ty="-150.784943"/>
  </frame>
  <frame idx="950" w="504" h="536" x="17.000000" y="-150.784943">
   <element name="symbol0" layername="timeline_0" frame="0" z_index="7" m_a="1.000000" m_b="0.000000" m_c="0.000000" m_d="1.000000" m_tx="17.000000" m_ty="-150.784943"/>
  </frame>
  <frame idx="975" w="504" h="536" x="17.000000" y="-150.784943">
   <element name="symbol0" layername="timeline_0" frame="0" z_index="7" m_a="1.000000" m_b="0.000000" m_c="0.000000" m_d="1.000000" m_tx="17.000000" m_ty="-150.784943"/>
  </frame>
 </anim>
 <anim name="idle_2" root="weavernest" numframes="1000" framerate="40">
  <frame idx="0" w="561" h="876" x="3.120972" y="-409.975403">
   <element name="symbol0" layername="timeline_0" frame="0" z_index="7" m_a="1.081920" m_b="0.000000" m_c="0.000000" m_d="1.215011" m_tx="18.119598" m_ty="-189.130356"/>
   <element name="symbol0" layername="timeline_1" frame="1" z_index="6" m_a="0.871627" m_b="0.000000" m_c="0.000000" m_d="0.831863" m_tx="3.120972" m_ty="-409.975403"/>
  </frame>
  <frame idx="25" w="561" h="876" x="3.120972" y="-409.975403">
   <element name="symbol0" layername="timeline_0" frame="0" z_index="7" m_a="1.081920" m_b="0.000000" m_c="0.000000" m_d="1.215011" m_tx="18.119598" m_ty="-189.130356"/>
   <element name="symbol0" layername="timeline_1" frame="1" z_index="6" m_a="0.871627" m_b="0.000000" m_c="0.000000" m_d="0.831863" m_tx="3.120972" m_ty="-409.975403"/>
  </frame>
  <frame idx="50" w="561" h="876" x="3.120972" y="-409.975403">
   <element name="symbol0" layername="timeline_0" frame="0" z_index="7" m_a="1.081920" m_b="0.000000" m_c="0.000000" m_d="1.215011" m_tx="18.119598" m_ty="-189.130356"/>
   <element name="symbol0" layername="timeline_1" frame="1" z_index="6" m_a="0.871627" m_b="0.000000" m_c="0.000000" m_d="0.831863" m_tx="3.120972" m_ty="-409.975403"/>
  </frame>
  <frame idx="75" w="561" h="876" x="3.120972" y="-409.975403">
   <element name="symbol0" layername="timeline_0" frame="0" z_index="7" m_a="1.081920" m_b="0.000000" m_c="0.000000" m_d="1.215011" m_tx="18.119598" m_ty="-189.130356"/>
   <element name="symbol0" layername="timeline_1" frame="1" z_index="6" m_a="0.871627" m_b="0.000000" m_c="0.000000" m_d="0.831863" m_tx="3.120972" m_ty="-409.975403"/>
  </frame>
  <frame idx="100" w="561" h="876" x="3.120972" y="-409.975403">
   <element name="symbol0" layername="timeline_0" frame="0" z_index="7" m_a="1.081920" m_b="0.000000" m_c="0.000000" m_d="1.215011" m_tx="18.119598" m_ty="-189.130356"/>
   <element name="symbol0" layername="timeline_1" frame="1" z_index="6" m_a="0.871627" m_b="0.000000" m_c="0.000000" m_d="0.831863" m_tx="3.120972" m_ty="-409.975403"/>
  </frame>
  <frame idx="125" w="561" h="876" x="3.120972" y="-409.975403">
   <element name="symbol0" layername="timeline_0" frame="0" z_index="7" m_a="1.081920" m_b="0.000000" m_c="0.000000" m_d="1.215011" m_tx="18.119598" m_ty="-189.130356"/>
   <element name="symbol0" layername="timeline_1" frame="1" z_index="6" m_a="0.871627" m_b="0.000000" m_c="0.000000" m_d="0.831863" m_tx="3.120972" m_ty="-409.975403"/>
  </frame>
  <frame idx="150" w="561" h="876" x="3.120972" y="-409.975403">
   <element name="symbol0" layername="timeline_0" frame="0" z_index="7" m_a="1.081920" m_b="0.000000" m_c="0.000000" m_d="1.215011" m_tx="18.119598" m_ty="-189.130356"/>
   <element name="symbol0" layername="timeline_1" frame="1" z_index="6" m_a="0.871627" m_b="0.000000" m_c="0.000000" m_d="0.831863" m_tx="3.120972" m_ty="-409.975403"/>
  </frame>
  <frame idx="175" w="561" h="876" x="3.120972" y="-409.975403">
   <element name="symbol0" layername="timeline_0" frame="0" z_index="7" m_a="1.081920" m_b="0.000000" m_c="0.000000" m_d="1.215011" m_tx="18.119598" m_ty="-189.130356"/>
   <element name="symbol0" layername="timeline_1" frame="1" z_index="6" m_a="0.871627" m_b="0.000000" m_c="0.000000" m_d="0.831863" m_tx="3.120972" m_ty="-409.975403"/>
  </frame>
  <frame idx="200" w="561" h="876" x="3.120972" y="-409.975403">
   <element name="symbol0" layername="timeline_0" frame="0" z_index="7" m_a="1.081920" m_b="0.000000" m_c="0.000000" m_d="1.215011" m_tx="18.119598" m_ty="-189.130356"/>
   <element name="symbol0" layername="timeline_1" frame="1" z_index="6" m_a="0.871627" m_b="0.000000" m_c="0.000000" m_d="0.831863" m_tx="3.120972" m_ty="-409.975403"/>
  </frame>
  <frame idx="225" w="561" h="876" x="3.120972" y="-409.975403">
   <element name="symbol0" layername="timeline_0" frame="0" z_index="7" m_a="1.081920" m_b="0.000000" m_c="0.000000" m_d="1.215011" m_tx="18.119598" m_ty="-189.130356"/>
   <element name="symbol0" layername="timeline_1" frame="1" z_index="6" m_a="0.871627" m_b="0.000000" m_c="0.000000" m_d="0.831863" m_tx="3.120972" m_ty="-409.975403"/>
  </frame>
  <frame idx="250" w="561" h="876" x="3.120972" y="-409.975403">
   <element name="symbol0" layername="timeline_0" frame="0" z_index="7" m_a="1.081920" m_b="0.000000" m_c="0.000000" m_d="1.215011" m_tx="18.119598" m_ty="-189.130356"/>
   <element name="symbol0" layername="timeline_1" frame="1" z_index="6" m_a="0.871627" m_b="0.000000" m_c="0.000000" m_d="0.831863" m_tx="3.120972" m_ty="-409.975403"/>
  </frame>
  <frame idx="275" w="561" h="876" x="3.120972" y="-409.975403">
   <element name="symbol0" layername="timeline_0" frame="0" z_index="7" m_a="1.081920" m_b="0.000000" m_c="0.000000" m_d="1.215011" m_tx="18.119598" m_ty="-189.130356"/>
   <element name="symbol0" layername="timeline_1" frame="1" z_index="6" m_a="0.871627" m_b="0.000000" m_c="0.000000" m_d="0.831863" m_tx="3.120972" m_ty="-409.975403"/>
  </frame>
  <frame idx="300" w="561" h="876" x="3.120972" y="-409.975403">
   <element name="symbol0" layername="timeline_0" frame="0" z_index="7" m_a="1.081920" m_b="0.000000" m_c="0.000000" m_d="1.215011" m_tx="18.119598" m_ty="-189.130356"/>
   <element name="symbol0" layername="timeline_1" frame="1" z_index="6" m_a="0.871627" m_b="0.000000" m_c="0.000000" m_d="0.831863" m_tx="3.120972" m_ty="-409.975403"/>
  </frame>
  <frame idx="325" w="561" h="876" x="3.120972" y="-409.975403">
   <element name="symbol0" layername="timeline_0" frame="0" z_index="7" m_a="1.081920" m_b="0.000000" m_c="0.000000" m_d="1.215011" m_tx="18.119598" m_ty="-189.130356"/>
   <element name="symbol0" layername="timeline_1" frame="1" z_index="6" m_a="0.871627" m_b="0.000000" m_c="0.000000" m_d="0.831863" m_tx="3.120972" m_ty="-409.975403"/>
  </frame>
  <frame idx="350" w="561" h="876" x="3.120972" y="-409.975403">
   <element name="symbol0" layername="timeline_0" frame="0" z_index="7" m_a="1.081920" m_b="0.000000" m_c="0.000000" m_d="1.215011" m_tx="18.119598" m_ty="-189.130356"/>
   <element name="symbol0" layername="timeline_1" frame="1" z_index="6" m_a="0.871627" m_b="0.000000" m_c="0.000000" m_d="0.831863" m_tx="3.120972" m_ty="-409.975403"/>
  </frame>
  <frame idx="375" w="561" h="876" x="3.120972" y="-409.975403">
   <element name="symbol0" layername="timeline_0" frame="0" z_index="7" m_a="1.081920" m_b="0.000000" m_c="0.000000" m_d="1.215011" m_tx="18.119598" m_ty="-189.130356"/>
   <element name="symbol0" layername="timeline_1" frame="1" z_index="6" m_a="0.871627" m_b="0.000000" m_c="0.000000" m_d="0.831863" m_tx="3.120972" m_ty="-409.975403"/>
  </frame>
  <frame idx="400" w="561" h="876" x="3.120972" y="-409.975403">
   <element name="symbol0" layername="timeline_0" frame="0" z_index="7" m_a="1.081920" m_b="0.000000" m_c="0.000000" m_d="1.215011" m_tx="18.119598" m_ty="-189.130356"/>
   <element name="symbol0" layername="timeline_1" frame="1" z_index="6" m_a="0.871627" m_b="0.000000" m_c="0.000000" m_d="0.831863" m_tx="3.120972" m_ty="-409.975403"/>
  </frame>
  <frame idx="425" w="561" h="876" x="3.120972" y="-409.975403">
   <element name="symbol0" layername="timeline_0" frame="0" z_index="7" m_a="1.081920" m_b="0.000000" m_c="0.000000" m_d="1.215011" m_tx="18.119598" m_ty="-189.130356"/>
   <element name="symbol0" layername="timeline_1" frame="1" z_index="6" m_a="0.871627" m_b="0.000000" m_c="0.000000" m_d="0.831863" m_tx="3.120972" m_ty="-409.975403"/>
  </frame>
  <frame idx="450" w="561" h="876" x="3.120972" y="-409.975403">
   <element name="symbol0" layername="timeline_0" frame="0" z_index="7" m_a="1.081920" m_b="0.000000" m_c="0.000000" m_d="1.215011" m_tx="18.119598" m_ty="-189.130356"/>
   <element name="symbol0" layername="timeline_1" frame="1" z_index="6" m_a="0.871627" m_b="0.000000" m_c="0.000000" m_d="0.831863" m_tx="3.120972" m_ty="-409.975403"/>
  </frame>
  <frame idx="475" w="561" h="876" x="3.120972" y="-409.975403">
   <element name="symbol0" layername="timeline_0" frame="0" z_index="7" m_a="1.081920" m_b="0.000000" m_c="0.000000" m_d="1.215011" m_tx="18.119598" m_ty="-189.130356"/>
   <element name="symbol0" layername="timeline_1" frame="1" z_index="6" m_a="0.871627" m_b="0.000000" m_c="0.000000" m_d="0.831863" m_tx="3.120972" m_ty="-409.975403"/>
  </frame>
  <frame idx="500" w="561" h="876" x="3.120972" y="-409.975403">
   <element name="symbol0" layername="timeline_0" frame="0" z_index="7" m_a="1.081920" m_b="0.000000" m_c="0.000000" m_d="1.215011" m_tx="18.119598" m_ty="-189.130356"/>
   <element name="symbol0" layername="timeline_1" frame="1" z_index="6" m_a="0.871627" m_b="0.000000" m_c="0.000000" m_d="0.831863" m_tx="3.120972" m_ty="-409.975403"/>
  </frame>
  <frame idx="525" w="561" h="876" x="3.120972" y="-409.975403">
   <element name="symbol0" layername="timeline_0" frame="0" z_index="7" m_a="1.081920" m_b="0.000000" m_c="0.000000" m_d="1.215011" m_tx="18.119598" m_ty="-189.130356"/>
   <element name="symbol0" layername="timeline_1" frame="1" z_index="6" m_a="0.871627" m_b="0.000000" m_c="0.000000" m_d="0.831863" m_tx="3.120972" m_ty="-409.975403"/>
  </frame>
  <frame idx="550" w="561" h="876" x="3.120972" y="-409.975403">
   <element name="symbol0" layername="timeline_0" frame="0" z_index="7" m_a="1.081920" m_b="0.000000" m_c="0.000000" m_d="1.215011" m_tx="18.119598" m_ty="-189.130356"/>
   <element name="symbol0" layername="timeline_1" frame="1" z_index="6" m_a="0.871627" m_b="0.000000" m_c="0.000000" m_d="0.831863" m_tx="3.120972" m_ty="-409.975403"/>
  </frame>
  <frame idx="575" w="561" h="876" x="3.120972" y="-409.975403">
   <element name="symbol0" layername="timeline_0" frame="0" z_index="7" m_a="1.081920" m_b="0.000000" m_c="0.000000" m_d="1.215011" m_tx="18.119598" m_ty="-189.130356"/>
   <element name="symbol0" layername="timeline_1" frame="1" z_index="6" m_a="0.871627" m_b="0.000000" m_c="0.000000" m_d="0.831863" m_tx="3.120972" m_ty="-409.975403"/>
  </frame>
  <frame idx="600" w="561" h="876" x="3.120972" y="-409.975403">
   <element name="symbol0" layername="timeline_0" frame="0" z_index="7" m_a="1.081920" m_b="0.000000" m_c="0.000000" m_d="1.215011" m_tx="18.119598" m_ty="-189.130356"/>
   <element name="symbol0" layername="timeline_1" frame="1" z_index="6" m_a="0.871627" m_b="0.000000" m_c="0.000000" m_d="0.831863" m_tx="3.120972" m_ty="-409.975403"/>
  </frame>
  <frame idx="625" w="561" h="876" x="3.120972" y="-409.975403">
   <element name="symbol0" layername="timeline_0" frame="0" z_index="7" m_a="1.081920" m_b="0.000000" m_c="0.000000" m_d="1.215011" m_tx="18.119598" m_ty="-189.130356"/>
   <element name="symbol0" layername="timeline_1" frame="1" z_index="6" m_a="0.871627" m_b="0.000000" m_c="0.000000" m_d="0.831863" m_tx="3.120972" m_ty="-409.975403"/>
  </frame>
  <frame idx="650" w="561" h="876" x="3.120972" y="-409.975403">
   <element name="symbol0" layername="timeline_0" frame="0" z_index="7" m_a="1.081920" m_b="0.000000" m_c="0.000000" m_d="1.215011" m_tx="18.119598" m_ty="-189.130356"/>
   <element name="symbol0" layername="timeline_1" frame="1" z_index="6" m_a="0.871627" m_b="0.000000" m_c="0.000000" m_d="0.831863" m_tx="3.120972" m_ty="-409.975403"/>
  </frame>
  <frame idx="675" w="561" h="876" x="3.120972" y="-409.975403">
   <element name="symbol0" layername="timeline_0" frame="0" z_index="7" m_a="1.081920" m_b="0.000000" m_c="0.000000" m_d="1.215011" m_tx="18.119598" m_ty="-189.130356"/>
   <element name="symbol0" layername="timeline_1" frame="1" z_index="6" m_a="0.871627" m_b="0.000000" m_c="0.000000" m_d="0.831863" m_tx="3.120972" m_ty="-409.975403"/>
  </frame>
  <frame idx="700" w="561" h="876" x="3.120972" y="-409.975403">
   <element name="symbol0" layername="timeline_0" frame="0" z_index="7" m_a="1.081920" m_b="0.000000" m_c="0.000000" m_d="1.215011" m_tx="18.119598" m_ty="-189.130356"/>
   <element name="symbol0" layername="timeline_1" frame="1" z_index="6" m_a="0.871627" m_b="0.000000" m_c="0.000000" m_d="0.831863" m_tx="3.120972" m_ty="-409.975403"/>
  </frame>
  <frame idx="725" w="561" h="876" x="3.120972" y="-409.975403">
   <element name="symbol0" layername="timeline_0" frame="0" z_index="7" m_a="1.081920" m_b="0.000000" m_c="0.000000" m_d="1.215011" m_tx="18.119598" m_ty="-189.130356"/>
   <element name="symbol0" layername="timeline_1" frame="1" z_index="6" m_a="0.871627" m_b="0.000000" m_c="0.000000" m_d="0.831863" m_tx="3.120972" m_ty="-409.975403"/>
  </frame>
  <frame idx="750" w="561" h="876" x="3.120972" y="-409.975403">
   <element name="symbol0" layername="timeline_0" frame="0" z_index="7" m_a="1.081920" m_b="0.000000" m_c="0.000000" m_d="1.215011" m_tx="18.119598" m_ty="-189.130356"/>
   <element name="symbol0" layername="timeline_1" frame="1" z_index="6" m_a="0.871627" m_b="0.000000" m_c="0.000000" m_d="0.831863" m_tx="3.120972" m_ty="-409.975403"/>
  </frame>
  <frame idx="775" w="561" h="876" x="3.120972" y="-409.975403">
   <element name="symbol0" layername="timeline_0" frame="0" z_index="7" m_a="1.081920" m_b="0.000000" m_c="0.000000" m_d="1.215011" m_tx="18.119598" m_ty="-189.130356"/>
   <element name="symbol0" layername="timeline_1" frame="1" z_index="6" m_a="0.871627" m_b="0.000000" m_c="0.000000" m_d="0.831863" m_tx="3.120972" m_ty="-409.975403"/>
  </frame>
  <frame idx="800" w="561" h="876" x="3.120972" y="-409.975403">
   <element name="symbol0" layername="timeline_0" frame="0" z_index="7" m_a="1.081920" m_b="0.000000" m_c="0.000000" m_d="1.215011" m_tx="18.119598" m_ty="-189.130356"/>
   <element name="symbol0" layername="timeline_1" frame="1" z_index="6" m_a="0.871627" m_b="0.000000" m_c="0.000000" m_d="0.831863" m_tx="3.120972" m_ty="-409.975403"/>
  </frame>
  <frame idx="825" w="561" h="876" x="3.120972" y="-409.975403">
   <element name="symbol0" layername="timeline_0" frame="0" z_index="7" m_a="1.081920" m_b="0.000000" m_c="0.000000" m_d="1.215011" m_tx="18.119598" m_ty="-189.130356"/>
   <element name="symbol0" layername="timeline_1" frame="1" z_index="6" m_a="0.871627" m_b="0.000000" m_c="0.000000" m_d="0.831863" m_tx="3.120972" m_ty="-409.975403"/>
  </frame>
  <frame idx="850" w="561" h="876" x="3.120972" y="-409.975403">
   <element name="symbol0" layername="timeline_0" frame="0" z_index="7" m_a="1.081920" m_b="0.000000" m_c="0.000000" m_d="1.215011" m_tx="18.119598" m_ty="-189.130356"/>
   <element name="symbol0" layername="timeline_1" frame="1" z_index="6" m_a="0.871627" m_b="0.000000" m_c="0.000000" m_d="0.831863" m_tx="3.120972" m_ty="-409.975403"/>
  </frame>
  <frame idx="875" w="561" h="876" x="3.120972" y="-409.975403">
   <element name="symbol0" layername="timeline_0" frame="0" z_index="7" m_a="1.081920" m_b="0.000000" m_c="0.000000" m_d="1.215011" m_tx="18.119598" m_ty="-189.130356"/>
   <element name="symbol0" layername="timeline_1" frame="1" z_index="6" m_a="0.871627" m_b="0.000000" m_c="0.000000" m_d="0.831863" m_tx="3.120972" m_ty="-409.975403"/>
  </frame>
  <frame idx="900" w="561" h="876" x="3.120972" y="-409.975403">
   <element name="symbol0" layername="timeline_0" frame="0" z_index="7" m_a="1.081920" m_b="0.000000" m_c="0.000000" m_d="1.215011" m_tx="18.119598" m_ty="-189.130356"/>
   <element name="symbol0" layername="timeline_1" frame="1" z_index="6" m_a="0.871627" m_b="0.000000" m_c="0.000000" m_d="0.831863" m_tx="3.120972" m_ty="-409.975403"/>
  </frame>
  <frame idx="925" w="561" h="876" x="3.120972" y="-409.975403">
   <element name="symbol0" layername="timeline_0" frame="0" z_index="7" m_a="1.081920" m_b="0.000000" m_c="0.000000" m_d="1.215011" m_tx="18.119598" m_ty="-189.130356"/>
   <element name="symbol0" layername="timeline_1" frame="1" z_index="6" m_a="0.871627" m_b="0.000000" m_c="0.000000" m_d="0.831863" m_tx="3.120972" m_ty="-409.975403"/>
  </frame>
  <frame idx="950" w="561" h="876" x="3.120972" y="-409.975403">
   <element name="symbol0" layername="timeline_0" frame="0" z_index="7" m_a="1.081920" m_b="0.000000" m_c="0.000000" m_d="1.215011" m_tx="18.119598" m_ty="-189.130356"/>
   <element name="symbol0" layername="timeline_1" frame="1" z_index="6" m_a="0.871627" m_b="0.000000" m_c="0.000000" m_d="0.831863" m_tx="3.120972" m_ty="-409.975403"/>
  </frame>
  <frame idx="975" w="561" h="876" x="3.120972" y="-409.975403">
   <element name="symbol0" layername="timeline_0" frame="0" z_index="7" m_a="1.081920" m_b="0.000000" m_c="0.000000" m_d="1.215011" m_tx="18.119598" m_ty="-189.130356"/>
   <element name="symbol0" layername="timeline_1" frame="1" z_index="6" m_a="0.871627" m_b="0.000000" m_c="0.000000" m_d="0.831863" m_tx="3.120972" m_ty="-409.975403"/>
  </frame>
 </anim>
 <anim name="idle_3" root="weavernest" numframes="1000" framerate="40">
  <frame idx="0" w="608" h="1157" x="3.137100" y="-642.357117">
   <element name="symbol0" layername="timeline_0" frame="1" z_index="7" m_a="0.805630" m_b="0.000000" m_c="0.000000" m_d="0.768817" m_tx="3.137100" m_ty="-377.572632"/>
   <element name="symbol0" layername="timeline_1" frame="2" z_index="4" m_a="1.000000" m_b="0.000000" m_c="0.000000" m_d="1.000000" m_tx="23.785713" m_ty="-642.357117"/>
   <element name="symbol0" layername="timeline_2" frame="0" z_index="6" m_a="1.155870" m_b="0.000000" m_c="0.000000" m_d="1.320560" m_tx="27.785736" m_ty="-208.142395"/>
   <element name="symbol0" layername="timeline_3" frame="1" z_index="5" m_a="0.931203" m_b="0.000000" m_c="0.000000" m_d="0.904127" m_tx="11.761917" m_ty="-448.172363"/>
  </frame>
  <frame idx="25" w="608" h="1157" x="3.137100" y="-642.357117">
   <element name="symbol0" layername="timeline_0" frame="1" z_index="7" m_a="0.805630" m_b="0.000000" m_c="0.000000" m_d="0.768817" m_tx="3.137100" m_ty="-377.572632"/>
   <element name="symbol0" layername="timeline_1" frame="2" z_index="4" m_a="1.000000" m_b="0.000000" m_c="0.000000" m_d="1.000000" m_tx="23.785713" m_ty="-642.357117"/>
   <element name="symbol0" layername="timeline_2" frame="0" z_index="6" m_a="1.155870" m_b="0.000000" m_c="0.000000" m_d="1.320560" m_tx="27.785736" m_ty="-208.142395"/>
   <element name="symbol0" layername="timeline_3" frame="1" z_index="5" m_a="0.931203" m_b="0.000000" m_c="0.000000" m_d="0.904127" m_tx="11.761917" m_ty="-448.172363"/>
  </frame>
  <frame idx="50" w="608" h="1157" x="3.137100" y="-642.357117">
   <element name="symbol0" layername="timeline_0" frame="1" z_index="7" m_a="0.805630" m_b="0.000000" m_c="0.000000" m_d="0.768817" m_tx="3.137100" m_ty="-377.572632"/>
   <element name="symbol0" layername="timeline_1" frame="2" z_index="4" m_a="1.000000" m_b="0.000000" m_c="0.000000" m_d="1.000000" m_tx="23.785713" m_ty="-642.357117"/>
   <element name="symbol0" layername="timeline_2" frame="0" z_index="6" m_a="1.155870" m_b="0.000000" m_c="0.000000" m_d="1.320560" m_tx="27.785736" m_ty="-208.142395"/>
   <element name="symbol0" layername="timeline_3" frame="1" z_index="5" m_a="0.931203" m_b="0.000000" m_c="0.000000" m_d="0.904127" m_tx="11.761917" m_ty="-448.172363"/>
  </frame>
  <frame idx="75" w="608" h="1157" x="3.137100" y="-642.357117">
   <element name="symbol0" layername="timeline_0" frame="1" z_index="7" m_a="0.805630" m_b="0.000000" m_c="0.000000" m_d="0.768817" m_tx="3.137100" m_ty="-377.572632"/>
   <element name="symbol0" layername="timeline_1" frame="2" z_index="4" m_a="1.000000" m_b="0.000000" m_c="0.000000" m_d="1.000000" m_tx="23.785713" m_ty="-642.357117"/>
   <element name="symbol0" layername="timeline_2" frame="0" z_index="6" m_a="1.155870" m_b="0.000000" m_c="0.000000" m_d="1.320560" m_tx="27.785736" m_ty="-208.142395"/>
   <element name="symbol0" layername="timeline_3" frame="1" z_index="5" m_a="0.931203" m_b="0.000000" m_c="0.000000" m_d="0.904127" m_tx="11.761917" m_ty="-448.172363"/>
  </frame>
  <frame idx="100" w="608" h="1157" x="3.137100" y="-642.357117">
   <element name="symbol0" layername="timeline_0" frame="1" z_index="7" m_a="0.805630" m_b="0.000000" m_c="0.000000" m_d="0.768817" m_tx="3.137100" m_ty="-377.572632"/>
   <element name="symbol0" layername="timeline_1" frame="2" z_index="4" m_a="1.000000" m_b="0.000000" m_c="0.000000" m_d="1.000000" m_tx="23.785713" m_ty="-642.357117"/>
   <element name="symbol0" layername="timeline_2" frame="0" z_index="6" m_a="1.155870" m_b="0.000000" m_c="0.000000" m_d="1.320560" m_tx="27.785736" m_ty="-208.142395"/>
   <element name="symbol0" layername="timeline_3" frame="1" z_index="5" m_a="0.931203" m_b="0.000000" m_c="0.000000" m_d="0.904127" m_tx="11.761917" m_ty="-448.172363"/>
  </frame>
  <frame idx="125" w="608" h="1157" x="3.137100" y="-642.357117">
   <element name="symbol0" layername="timeline_0" frame="1" z_index="7" m_a="0.805630" m_b="0.000000" m_c="0.000000" m_d="0.768817" m_tx="3.137100" m_ty="-377.572632"/>
   <element name="symbol0" layername="timeline_1" frame="2" z_index="4" m_a="1.000000" m_b="0.000000" m_c="0.000000" m_d="1.000000" m_tx="23.785713" m_ty="-642.357117"/>
   <element name="symbol0" layername="timeline_2" frame="0" z_index="6" m_a="1.155870" m_b="0.000000" m_c="0.000000" m_d="1.320560" m_tx="27.785736" m_ty="-208.142395"/>
   <element name="symbol0" layername="timeline_3" frame="1" z_index="5" m_a="0.931203" m_b="0.000000" m_c="0.000000" m_d="0.904127" m_tx="11.761917" m_ty="-448.172363"/>
  </frame>
  <frame idx="150" w="608" h="1157" x="3.137100" y="-642.357117">
   <element name="symbol0" layername="timeline_0" frame="1" z_index="7" m_a="0.805630" m_b="0.000000" m_c="0.000000" m_d="0.768817" m_tx="3.137100" m_ty="-377.572632"/>
   <element name="symbol0" layername="timeline_1" frame="2" z_index="4" m_a="1.000000" m_b="0.000000" m_c="0.000000" m_d="1.000000" m_tx="23.785713" m_ty="-642.357117"/>
   <element name="symbol0" layername="timeline_2" frame="0" z_index="6" m_a="1.155870" m_b="0.000000" m_c="0.000000" m_d="1.320560" m_tx="27.785736" m_ty="-208.142395"/>
   <element name="symbol0" layername="timeline_3" frame="1" z_index="5" m_a="0.931203" m_b="0.000000" m_c="0.000000" m_d="0.904127" m_tx="11.761917" m_ty="-448.172363"/>
  </frame>
  <frame idx="175" w="608" h="1157" x="3.137100" y="-642.357117">
   <element name="symbol0" layername="timeline_0" frame="1" z_index="7" m_a="0.805630" m_b="0.000000" m_c="0.000000" m_d="0.768817" m_tx="3.137100" m_ty="-377.572632"/>
   <element name="symbol0" layername="timeline_1" frame="2" z_index="4" m_a="1.000000" m_b="0.000000" m_c="0.000000" m_d="1.000000" m_tx="23.785713" m_ty="-642.357117"/>
   <element name="symbol0" layername="timeline_2" frame="0" z_index="6" m_a="1.155870" m_b="0.000000" m_c="0.000000" m_d="1.320560" m_tx="27.785736" m_ty="-208.142395"/>
   <element name="symbol0" layername="timeline_3" frame="1" z_index="5" m_a="0.931203" m_b="0.000000" m_c="0.000000" m_d="0.904127" m_tx="11.761917" m_ty="-448.172363"/>
  </frame>
  <frame idx="200" w="608" h="1157" x="3.137100" y="-642.357117">
   <element name="symbol0" layername="timeline_0" frame="1" z_index="7" m_a="0.805630" m_b="0.000000" m_c="0.000000" m_d="0.768817" m_tx="3.137100" m_ty="-377.572632"/>
   <element name="symbol0" layername="timeline_1" frame="2" z_index="4" m_a="1.000000" m_b="0.000000" m_c="0.000000" m_d="1.000000" m_tx="23.785713" m_ty="-642.357117"/>
   <element name="symbol0" layername="timeline_2" frame="0" z_index="6" m_a="1.155870" m_b="0.000000" m_c="0.000000" m_d="1.320560" m_tx="27.785736" m_ty="-208.142395"/>
   <element name="symbol0" layername="timeline_3" frame="1" z_index="5" m_a="0.931203" m_b="0.000000" m_c="0.000000" m_d="0.904127" m_tx="11.761917" m_ty="-448.172363"/>
  </frame>
  <frame idx="225" w="608" h="1157" x="3.137100" y="-642.357117">
   <element name="symbol0" layername="timeline_0" frame="1" z_index="7" m_a="0.805630" m_b="0.000000" m_c="0.000000" m_d="0.768817" m_tx="3.137100" m_ty="-377.572632"/>
   <element name="symbol0" layername="timeline_1" frame="2" z_index="4" m_a="1.000000" m_b="0.000000" m_c="0.000000" m_d="1.000000" m_tx="23.785713" m_ty="-642.357117"/>
   <element name="symbol0" layername="timeline_2" frame="0" z_index="6" m_a="1.155870" m_b="0.000000" m_c="0.000000" m_d="1.320560" m_tx="27.785736" m_ty="-208.142395"/>
   <element name="symbol0" layername="timeline_3" frame="1" z_index="5" m_a="0.931203" m_b="0.000000" m_c="0.000000" m_d="0.904127" m_tx="11.761917" m_ty="-448.172363"/>
  </frame>
  <frame idx="250" w="608" h="1157" x="3.137100" y="-642.357117">
   <element name="symbol0" layername="timeline_0" frame="1" z_index="7" m_a="0.805630" m_b="0.000000" m_c="0.000000" m_d="0.768817" m_tx="3.137100" m_ty="-377.572632"/>
   <element name="symbol0" layername="timeline_1" frame="2" z_index="4" m_a="1.000000" m_b="0.000000" m_c="0.000000" m_d="1.000000" m_tx="23.785713" m_ty="-642.357117"/>
   <element name="symbol0" layername="timeline_2" frame="0" z_index="6" m_a="1.155870" m_b="0.000000" m_c="0.000000" m_d="1.320560" m_tx="27.785736" m_ty="-208.142395"/>
   <element name="symbol0" layername="timeline_3" frame="1" z_index="5" m_a="0.931203" m_b="0.000000" m_c="0.000000" m_d="0.904127" m_tx="11.761917" m_ty="-448.172363"/>
  </frame>
  <frame idx="275" w="608" h="1157" x="3.137100" y="-642.357117">
   <element name="symbol0" layername="timeline_0" frame="1" z_index="7" m_a="0.805630" m_b="0.000000" m_c="0.000000" m_d="0.768817" m_tx="3.137100" m_ty="-377.572632"/>
   <element name="symbol0" layername="timeline_1" frame="2" z_index="4" m_a="1.000000" m_b="0.000000" m_c="0.000000" m_d="1.000000" m_tx="23.785713" m_ty="-642.357117"/>
   <element name="symbol0" layername="timeline_2" frame="0" z_index="6" m_a="1.155870" m_b="0.000000" m_c="0.000000" m_d="1.320560" m_tx="27.785736" m_ty="-208.142395"/>
   <element name="symbol0" layername="timeline_3" frame="1" z_index="5" m_a="0.931203" m_b="0.000000" m_c="0.000000" m_d="0.904127" m_tx="11.761917" m_ty="-448.172363"/>
  </frame>
  <frame idx="300" w="608" h="1157" x="3.137100" y="-642.357117">
   <element name="symbol0" layername="timeline_0" frame="1" z_index="7" m_a="0.805630" m_b="0.000000" m_c="0.000000" m_d="0.768817" m_tx="3.137100" m_ty="-377.572632"/>
   <element name="symbol0" layername="timeline_1" frame="2" z_index="4" m_a="1.000000" m_b="0.000000" m_c="0.000000" m_d="1.000000" m_tx="23.785713" m_ty="-642.357117"/>
   <element name="symbol0" layername="timeline_2" frame="0" z_index="6" m_a="1.155870" m_b="0.000000" m_c="0.000000" m_d="1.320560" m_tx="27.785736" m_ty="-208.142395"/>
   <element name="symbol0" layername="timeline_3" frame="1" z_index="5" m_a="0.931203" m_b="0.000000" m_c="0.000000" m_d="0.904127" m_tx="11.761917" m_ty="-448.172363"/>
  </frame>
  <frame idx="325" w="608" h="1157" x="3.137100" y="-642.357117">
   <element name="symbol0" layername="timeline_0" frame="1" z_index="7" m_a="0.805630" m_b="0.000000" m_c="0.000000" m_d="0.768817" m_tx="3.137100" m_ty="-377.572632"/>
   <element name="symbol0" layername="timeline_1" frame="2" z_index="4" m_a="1.000000" m_b="0.000000" m_c="0.000000" m_d="1.000000" m_tx="23.785713" m_ty="-642.357117"/>
   <element name="symbol0" layername="timeline_2" frame="0" z_index="6" m_a="1.155870" m_b="0.000000" m_c="0.000000" m_d="1.320560" m_tx="27.785736" m_ty="-208.142395"/>
   <element name="symbol0" layername="timeline_3" frame="1" z_index="5" m_a="0.931203" m_b="0.000000" m_c="0.000000" m_d="0.904127" m_tx="11.761917" m_ty="-448.172363"/>
  </frame>
  <frame idx="350" w="608" h="1157" x="3.137100" y="-642.357117">
   <element name="symbol0" layername="timeline_0" frame="1" z_index="7" m_a="0.805630" m_b="0.000000" m_c="0.000000" m_d="0.768817" m_tx="3.137100" m_ty="-377.572632"/>
   <element name="symbol0" layername="timeline_1" frame="2" z_index="4" m_a="1.000000" m_b="0.000000" m_c="0.000000" m_d="1.000000" m_tx="23.785713" m_ty="-642.357117"/>
   <element name="symbol0" layername="timeline_2" frame="0" z_index="6" m_a="1.155870" m_b="0.000000" m_c="0.000000" m_d="1.320560" m_tx="27.785736" m_ty="-208.142395"/>
   <element name="symbol0" layername="timeline_3" frame="1" z_index="5" m_a="0.931203" m_b="0.000000" m_c="0.000000" m_d="0.904127" m_tx="11.761917" m_ty="-448.172363"/>
  </frame>
  <frame idx="375" w="608" h="1157" x="3.137100" y="-642.357117">
   <element name="symbol0" layername="timeline_0" frame="1" z_index="7" m_a="0.805630" m_b="0.000000" m_c="0.000000" m_d="0.768817" m_tx="3.137100" m_ty="-377.572632"/>
   <element name="symbol0" layername="timeline_1" frame="2" z_index="4" m_a="1.000000" m_b="0.000000" m_c="0.000000" m_d="1.000000" m_tx="23.785713" m_ty="-642.357117"/>
   <element name="symbol0" layername="timeline_2" frame="0" z_index="6" m_a="1.155870" m_b="0.000000" m_c="0.000000" m_d="1.320560" m_tx="27.785736" m_ty="-208.142395"/>
   <element name="symbol0" layername="timeline_3" frame="1" z_index="5" m_a="0.931203" m_b="0.000000" m_c="0.000000" m_d="0.904127" m_tx="11.761917" m_ty="-448.172363"/>
  </frame>
  <frame idx="400" w="608" h="1157" x="3.137100" y="-642.357117">
   <element name="symbol0" layername="timeline_0" frame="1" z_index="7" m_a="0.805630" m_b="0.000000" m_c="0.000000" m_d="0.768817" m_tx="3.137100" m_ty="-377.572632"/>
   <element name="symbol0" layername="timeline_1" frame="2" z_index="4" m_a="1.000000" m_b="0.000000" m_c="0.000000" m_d="1.000000" m_tx="23.785713" m_ty="-642.357117"/>
   <element name="symbol0" layername="timeline_2" frame="0" z_index="6" m_a="1.155870" m_b="0.000000" m_c="0.000000" m_d="1.320560" m_tx="27.785736" m_ty="-208.142395"/>
   <element name="symbol0" layername="timeline_3" frame="1" z_index="5" m_a="0.931203" m_b="0.000000" m_c="0.000000" m_d="0.904127" m_tx="11.761917" m_ty="-448.172363"/>
  </frame>
  <frame idx="425" w="608" h="1157" x="3.137100" y="-642.357117">
   <element name="symbol0" layername="timeline_0" frame="1" z_index="7" m_a="0.805630" m_b="0.000000" m_c="0.000000" m_d="0.768817" m_tx="3.137100" m_ty="-377.572632"/>
   <element name="symbol0" layername="timeline_1" frame="2" z_index="4" m_a="1.000000" m_b="0.000000" m_c="0.000000" m_d="1.000000" m_tx="23.785713" m_ty="-642.357117"/>
   <element name="symbol0" layername="timeline_2" frame="0" z_index="6" m_a="1.155870" m_b="0.000000" m_c="0.000000" m_d="1.320560" m_tx="27.785736" m_ty="-208.142395"/>
   <element name="symbol0" layername="timeline_3" frame="1" z_index="5" m_a="0.931203" m_b="0.000000" m_c="0.000000" m_d="0.904127" m_tx="11.761917" m_ty="-448.172363"/>
  </frame>
  <frame idx="450" w="608" h="1157" x="3.137100" y="-642.357117">
   <element name="symbol0" layername="timeline_0" frame="1" z_index="7" m_a="0.805630" m_b="0.000000" m_c="0.000000" m_d="0.768817" m_tx="3.137100" m_ty="-377.572632"/>
   <element name="symbol0" layername="timeline_1" frame="2" z_index="4" m_a="1.000000" m_b="0.000000" m_c="0.000000" m_d="1.000000" m_tx="23.785713" m_ty="-642.357117"/>
   <element name="symbol0" layername="timeline_2" frame="0" z_index="6" m_a="1.155870" m_b="0.000000" m_c="0.000000" m_d="1.320560" m_tx="27.785736" m_ty="-208.142395"/>
   <element name="symbol0" layername="timeline_3" frame="1" z_index="5" m_a="0.931203" m_b="0.000000" m_c="0.000000" m_d="0.904127" m_tx="11.761917" m_ty="-448.172363"/>
  </frame>
  <frame idx="475" w="608" h="1157" x="3.137100" y="-642.357117">
   <element name="symbol0" layername="timeline_0" frame="1" z_index="7" m_a="0.805630" m_b="0.000000" m_c="0.000000" m_d="0.768817" m_tx="3.137100" m_ty="-377.572632"/>
   <element name="symbol0" layername="timeline_1" frame="2" z_index="4" m_a="1.000000" m_b="0.000000" m_c="0.000000" m_d="1.000000" m_tx="23.785713" m_ty="-642.357117"/>
   <element name="symbol0" layername="timeline_2" frame="0" z_index="6" m_a="1.155870" m_b="0.000000" m_c="0.000000" m_d="1.320560" m_tx="27.785736" m_ty="-208.142395"/>
   <element name="symbol0" layername="timeline_3" frame="1" z_index="5" m_a="0.931203" m_b="0.000000" m_c="0.000000" m_d="0.904127" m_tx="11.761917" m_ty="-448.172363"/>
  </frame>
  <frame idx="500" w="608" h="1157" x="3.137100" y="-642.357117">
   <element name="symbol0" layername="timeline_0" frame="1" z_index="7" m_a="0.805630" m_b="0.000000" m_c="0.000000" m_d="0.768817" m_tx="3.137100" m_ty="-377.572632"/>
   <element name="symbol0" layername="timeline_1" frame="2" z_index="4" m_a="1.000000" m_b="0.000000" m_c="0.000000" m_d="1.000000" m_tx="23.785713" m_ty="-642.357117"/>
   <element name="symbol0" layername="timeline_2" frame="0" z_index="6" m_a="1.155870" m_b="0.000000" m_c="0.000000" m_d="1.320560" m_tx="27.785736" m_ty="-208.142395"/>
   <element name="symbol0" layername="timeline_3" frame="1" z_index="5" m_a="0.931203" m_b="0.000000" m_c="0.000000" m_d="0.904127" m_tx="11.761917" m_ty="-448.172363"/>
  </frame>
  <frame idx="525" w="608" h="1157" x="3.137100" y="-642.357117">
   <element name="symbol0" layername="timeline_0" frame="1" z_index="7" m_a="0.805630" m_b="0.000000" m_c="0.000000" m_d="0.768817" m_tx="3.137100" m_ty="-377.572632"/>
   <element name="symbol0" layername="timeline_1" frame="2" z_index="4" m_a="1.000000" m_b="0.000000" m_c="0.000000" m_d="1.000000" m_tx="23.785713" m_ty="-642.357117"/>
   <element name="symbol0" layername="timeline_2" frame="0" z_index="6" m_a="1.155870" m_b="0.000000" m_c="0.000000" m_d="1.320560" m_tx="27.785736" m_ty="-208.142395"/>
   <element name="symbol0" layername="timeline_3" frame="1" z_index="5" m_a="0.931203" m_b="0.000000" m_c="0.000000" m_d="0.904127" m_tx="11.761917" m_ty="-448.172363"/>
  </frame>
  <frame idx="550" w="608" h="1157" x="3.137100" y="-642.357117">
   <element name="symbol0" layername="timeline_0" frame="1" z_index="7" m_a="0.805630" m_b="0.000000" m_c="0.000000" m_d="0.768817" m_tx="3.137100" m_ty="-377.572632"/>
   <element name="symbol0" layername="timeline_1" frame="2" z_index="4" m_a="1.000000" m_b="0.000000" m_c="0.000000" m_d="1.000000" m_tx="23.785713" m_ty="-642.357117"/>
   <element name="symbol0" layername="timeline_2" frame="0" z_index="6" m_a="1.155870" m_b="0.000000" m_c="0.000000" m_d="1.320560" m_tx="27.785736" m_ty="-208.142395"/>
   <element name="symbol0" layername="timeline_3" frame="1" z_index="5" m_a="0.931203" m_b="0.000000" m_c="0.000000" m_d="0.904127" m_tx="11.761917" m_ty="-448.172363"/>
  </frame>
  <frame idx="575" w="608" h="1157" x="3.137100" y="-642.357117">
   <element name="symbol0" layername="timeline_0" frame="1" z_index="7" m_a="0.805630" m_b="0.000000" m_c="0.000000" m_d="0.768817" m_tx="3.137100" m_ty="-377.572632"/>
   <element name="symbol0" layername="timeline_1" frame="2" z_index="4" m_a="1.000000" m_b="0.000000" m_c="0.000000" m_d="1.000000" m_tx="23.785713" m_ty="-642.357117"/>
   <element name="symbol0" layername="timeline_2" frame="0" z_index="6" m_a="1.155870" m_b="0.000000" m_c="0.000000" m_d="1.320560" m_tx="27.785736" m_ty="-208.142395"/>
   <element name="symbol0" layername="timeline_3" frame="1" z_index="5" m_a="0.931203" m_b="0.000000" m_c="0.000000" m_d="0.904127" m_tx="11.761917" m_ty="-448.172363"/>
  </frame>
  <frame idx="600" w="608" h="1157" x="3.137100" y="-642.357117">
   <element name="symbol0" layername="timeline_0" frame="1" z_index="7" m_a="0.805630" m_b="0.000000" m_c="0.000000" m_d="0.768817" m_tx="3.137100" m_ty="-377.572632"/>
   <element name="symbol0" layername="timeline_1" frame="2" z_index="4" m_a="1.000000" m_b="0.000000" m_c="0.000000" m_d="1.000000" m_tx="23.785713" m_ty="-642.357117"/>
   <element name="symbol0" layername="timeline_2" frame="0" z_index="6" m_a="1.155870" m_b="0.000000" m_c="0.000000" m_d="1.320560" m_tx="27.785736" m_ty="-208.142395"/>
   <element name="symbol0" layername="timeline_3" frame="1" z_index="5" m_a="0.931203" m_b="0.000000" m_c="0.000000" m_d="0.904127" m_tx="11.761917" m_ty="-448.172363"/>
  </frame>
  <frame idx="625" w="608" h="1157" x="3.137100" y="-642.357117">
   <element name="symbol0" layername="timeline_0" frame="1" z_index="7" m_a="0.805630" m_b="0.000000" m_c="0.000000" m_d="0.768817" m_tx="3.137100" m_ty="-377.572632"/>
   <element name="symbol0" layername="timeline_1" frame="2" z_index="4" m_a="1.000000" m_b="0.000000" m_c="0.000000" m_d="1.000000" m_tx="23.785713" m_ty="-642.357117"/>
   <element name="symbol0" layername="timeline_2" frame="0" z_index="6" m_a="1.155870" m_b="0.000000" m_c="0.000000" m_d="1.320560" m_tx="27.785736" m_ty="-208.142395"/>
   <element name="symbol0" layername="timeline_3" frame="1" z_index="5" m_a="0.931203" m_b="0.000000" m_c="0.000000" m_d="0.904127" m_tx="11.761917" m_ty="-448.172363"/>
  </frame>
  <frame idx="650" w="608" h="1157" x="3.137100" y="-642.357117">
   <element name="symbol0" layername="timeline_0" frame="1" z_index="7" m_a="0.805630" m_b="0.000000" m_c="0.000000" m_d="0.768817" m_tx="3.137100" m_ty="-377.572632"/>
   <element name="symbol0" layername="timeline_1" frame="2" z_index="4" m_a="1.000000" m_b="0.000000" m_c="0.000000" m_d="1.000000" m_tx="23.785713" m_ty="-642.357117"/>
   <element name="symbol0" layername="timeline_2" frame="0" z_index="6" m_a="1.155870" m_b="0.000000" m_c="0.000000" m_d="1.320560" m_tx="27.785736" m_ty="-208.142395"/>
   <element name="symbol0" layername="timeline_3" frame="1" z_index="5" m_a="0.931203" m_b="0.000000" m_c="0.000000" m_d="0.904127" m_tx="11.761917" m_ty="-448.172363"/>
  </frame>
  <frame idx="675" w="608" h="1157" x="3.137100" y="-642.357117">
   <element name="symbol0" layername="timeline_0" frame="1" z_index="7" m_a="0.805630" m_b="0.000000" m_c="0.000000" m_d="0.768817" m_tx="3.137100" m_ty="-377.572632"/>
   <element name="symbol0" layername="timeline_1" frame="2" z_index="4" m_a="1.000000" m_b="0.000000" m_c="0.000000" m_d="1.000000" m_tx="23.785713" m_ty="-642.357117"/>
   <element name="symbol0" layername="timeline_2" frame="0" z_index="6" m_a="1.155870" m_b="0.000000" m_c="0.000000" m_d="1.320560" m_tx="27.785736" m_ty="-208.142395"/>
   <element name="symbol0" layername="timeline_3" frame="1" z_index="5" m_a="0.931203" m_b="0.000000" m_c="0.000000" m_d="0.904127" m_tx="11.761917" m_ty="-448.172363"/>
  </frame>
  <frame idx="700" w="608" h="1157" x="3.137100" y="-642.357117">
   <element name="symbol0" layername="timeline_0" frame="1" z_index="7" m_a="0.805630" m_b="0.000000" m_c="0.000000" m_d="0.768817" m_tx="3.137100" m_ty="-377.572632"/>
   <element name="symbol0" layername="timeline_1" frame="2" z_index="4" m_a="1.000000" m_b="0.000000" m_c="0.000000" m_d="1.000000" m_tx="23.785713" m_ty="-642.357117"/>
   <element name="symbol0" layername="timeline_2" frame="0" z_index="6" m_a="1.155870" m_b="0.000000" m_c="0.000000" m_d="1.320560" m_tx="27.785736" m_ty="-208.142395"/>
   <element name="symbol0" layername="timeline_3" frame="1" z_index="5" m_a="0.931203" m_b="0.000000" m_c="0.000000" m_d="0.904127" m_tx="11.761917" m_ty="-448.172363"/>
  </frame>
  <frame idx="725" w="608" h="1157" x="3.137100" y="-642.357117">
   <element name="symbol0" layername="timeline_0" frame="1" z_index="7" m_a="0.805630" m_b="0.000000" m_c="0.000000" m_d="0.768817" m_tx="3.137100" m_ty="-377.572632"/>
   <element name="symbol0" layername="timeline_1" frame="2" z_index="4" m_a="1.000000" m_b="0.000000" m_c="0.000000" m_d="1.000000" m_tx="23.785713" m_ty="-642.357117"/>
   <element name="symbol0" layername="timeline_2" frame="0" z_index="6" m_a="1.155870" m_b="0.000000" m_c="0.000000" m_d="1.320560" m_tx="27.785736" m_ty="-208.142395"/>
   <element name="symbol0" layername="timeline_3" frame="1" z_index="5" m_a="0.931203" m_b="0.000000" m_c="0.000000" m_d="0.904127" m_tx="11.761917" m_ty="-448.172363"/>
  </frame>
  <frame idx="750" w="608" h="1157" x="3.137100" y="-642.357117">
   <element name="symbol0" layername="timeline_0" frame="1" z_index="7" m_a="0.805630" m_b="0.000000" m_c="0.000000" m_d="0.768817" m_tx="3.137100" m_ty="-377.572632"/>
   <element name="symbol0" layername="timeline_1" frame="2" z_index="4" m_a="1.000000" m_b="0.000000" m_c="0.000000" m_d="1.000000" m_tx="23.785713" m_ty="-642.357117"/>
   <element name="symbol0" layername="timeline_2" frame="0" z_index="6" m_a="1.155870" m_b="0.000000" m_c="0.000000" m_d="1.320560" m_tx="27.785736" m_ty="-208.142395"/>
   <element name="symbol0" layername="timeline_3" frame="1" z_index="5" m_a="0.931203" m_b="0.000000" m_c="0.000000" m_d="0.904127" m_tx="11.761917" m_ty="-448.172363"/>
  </frame>
  <frame idx="775" w="608" h="1157" x="3.137100" y="-642.357117">
   <element name="symbol0" layername="timeline_0" frame="1" z_index="7" m_a="0.805630" m_b="0.000000" m_c="0.000000" m_d="0.768817" m_tx="3.137100" m_ty="-377.572632"/>
   <element name="symbol0" layername="timeline_1" frame="2" z_index="4" m_a="1.000000" m_b="0.000000" m_c="0.000000" m_d="1.000000" m_tx="23.785713" m_ty="-642.357117"/>
   <element name="symbol0" layername="timeline_2" frame="0" z_index="6" m_a="1.155870" m_b="0.000000" m_c="0.000000" m_d="1.320560" m_tx="27.785736" m_ty="-208.142395"/>
   <element name="symbol0" layername="timeline_3" frame="1" z_index="5" m_a="0.931203" m_b="0.000000" m_c="0.000000" m_d="0.904127" m_tx="11.761917" m_ty="-448.172363"/>
  </frame>
  <frame idx="800" w="608" h="1157" x="3.137100" y="-642.357117">
   <element name="symbol0" layername="timeline_0" frame="1" z_index="7" m_a="0.805630" m_b="0.000000" m_c="0.000000" m_d="0.768817" m_tx="3.137100" m_ty="-377.572632"/>
   <element name="symbol0" layername="timeline_1" frame="2" z_index="4" m_a="1.000000" m_b="0.000000" m_c="0.000000" m_d="1.000000" m_tx="23.785713" m_ty="-642.357117"/>
   <element name="symbol0" layername="timeline_2" frame="0" z_index="6" m_a="1.155870" m_b="0.000000" m_c="0.000000" m_d="1.320560" m_tx="27.785736" m_ty="-208.142395"/>
   <element name="symbol0" layername="timeline_3" frame="1" z_index="5" m_a="0.931203" m_b="0.000000" m_c="0.000000" m_d="0.904127" m_tx="11.761917" m_ty="-448.172363"/>
  </frame>
  <frame idx="825" w="608" h="1157" x="3.137100" y="-642.357117">
   <element name="symbol0" layername="timeline_0" frame="1" z_index="7" m_a="0.805630" m_b="0.000000" m_c="0.000000" m_d="0.768817" m_tx="3.137100" m_ty="-377.572632"/>
   <element name="symbol0" layername="timeline_1" frame="2" z_index="4" m_a="1.000000" m_b="0.000000" m_c="0.000000" m_d="1.000000" m_tx="23.785713" m_ty="-642.357117"/>
   <element name="symbol0" layername="timeline_2" frame="0" z_index="6" m_a="1.155870" m_b="0.000000" m_c="0.000000" m_d="1.320560" m_tx="27.785736" m_ty="-208.142395"/>
   <element name="symbol0" layername="timeline_3" frame="1" z_index="5" m_a="0.931203" m_b="0.000000" m_c="0.000000" m_d="0.904127" m_tx="11.761917" m_ty="-448.172363"/>
  </frame>
  <frame idx="850" w="608" h="1157" x="3.137100" y="-642.357117">
   <element name="symbol0" layername="timeline_0" frame="1" z_index="7" m_a="0.805630" m_b="0.000000" m_c="0.000000" m_d="0.768817" m_tx="3.137100" m_ty="-377.572632"/>
   <element name="symbol0" layername="timeline_1" frame="2" z_index="4" m_a="1.000000" m_b="0.000000" m_c="0.000000" m_d="1.000000" m_tx="23.785713" m_ty="-642.357117"/>
   <element name="symbol0" layername="timeline_2" frame="0" z_index="6" m_a="1.155870" m_b="0.000000" m_c="0.000000" m_d="1.320560" m_tx="27.785736" m_ty="-208.142395"/>
   <element name="symbol0" layername="timeline_3" frame="1" z_index="5" m_a="0.931203" m_b="0.000000" m_c="0.000000" m_d="0.904127" m_tx="11.761917" m_ty="-448.172363"/>
  </frame>
  <frame idx="875" w="608" h="1157" x="3.137100" y="-642.357117">
   <element name="symbol0" layername="timeline_0" frame="1" z_index="7" m_a="0.805630" m_b="0.000000" m_c="0.000000" m_d="0.768817" m_tx="3.137100" m_ty="-377.572632"/>
   <element name="symbol0" layername="timeline_1" frame="2" z_index="4" m_a="1.000000" m_b="0.000000" m_c="0.000000" m_d="1.000000" m_tx="23.785713" m_ty="-642.357117"/>
   <element name="symbol0" layername="timeline_2" frame="0" z_index="6" m_a="1.155870" m_b="0.000000" m_c="0.000000" m_d="1.320560" m_tx="27.785736" m_ty="-208.142395"/>
   <element name="symbol0" layername="timeline_3" frame="1" z_index="5" m_a="0.931203" m_b="0.000000" m_c="0.000000" m_d="0.904127" m_tx="11.761917" m_ty="-448.172363"/>
  </frame>
  <frame idx="900" w="608" h="1157" x="3.137100" y="-642.357117">
   <element name="symbol0" layername="timeline_0" frame="1" z_index="7" m_a="0.805630" m_b="0.000000" m_c="0.000000" m_d="0.768817" m_tx="3.137100" m_ty="-377.572632"/>
   <element name="symbol0" layername="timeline_1" frame="2" z_index="4" m_a="1.000000" m_b="0.000000" m_c="0.000000" m_d="1.000000" m_tx="23.785713" m_ty="-642.357117"/>
   <element name="symbol0" layername="timeline_2" frame="0" z_index="6" m_a="1.155870" m_b="0.000000" m_c="0.000000" m_d="1.320560" m_tx="27.785736" m_ty="-208.142395"/>
   <element name="symbol0" layername="timeline_3" frame="1" z_index="5" m_a="0.931203" m_b="0.000000" m_c="0.000000" m_d="0.904127" m_tx="11.761917" m_ty="-448.172363"/>
  </frame>
  <frame idx="925" w="608" h="1157" x="3.137100" y="-642.357117">
   <element name="symbol0" layername="timeline_0" frame="1" z_index="7" m_a="0.805630" m_b="0.000000" m_c="0.000000" m_d="0.768817" m_tx="3.137100" m_ty="-377.572632"/>
   <element name="symbol0" layername="timeline_1" frame="2" z_index="4" m_a="1.000000" m_b="0.000000" m_c="0.000000" m_d="1.000000" m_tx="23.785713" m_ty="-642.357117"/>
   <element name="symbol0" layername="timeline_2" frame="0" z_index="6" m_a="1.155870" m_b="0.000000" m_c="0.000000" m_d="1.320560" m_tx="27.785736" m_ty="-208.142395"/>
   <element name="symbol0" layername="timeline_3" frame="1" z_index="5" m_a="0.931203" m_b="0.000000" m_c="0.000000" m_d="0.904127" m_tx="11.761917" m_ty="-448.172363"/>
  </frame>
  <frame idx="950" w="608" h="1157" x="3.137100" y="-642.357117">
   <element name="symbol0" layername="timeline_0" frame="1" z_index="7" m_a="0.805630" m_b="0.000000" m_c="0.000000" m_d="0.768817" m_tx="3.137100" m_ty="-377.572632"/>
   <element name="symbol0" layername="timeline_1" frame="2" z_index="4" m_a="1.000000" m_b="0.000000" m_c="0.000000" m_d="1.000000" m_tx="23.785713" m_ty="-642.357117"/>
   <element name="symbol0" layername="timeline_2" frame="0" z_index="6" m_a="1.155870" m_b="0.000000" m_c="0.000000" m_d="1.320560" m_tx="27.785736" m_ty="-208.142395"/>
   <element name="symbol0" layername="timeline_3" frame="1" z_index="5" m_a="0.931203" m_b="0.000000" m_c="0.000000" m_d="0.904127" m_tx="11.761917" m_ty="-448.172363"/>
  </frame>
  <frame idx="975" w="608" h="1157" x="3.137100" y="-642.357117">
   <element name="symbol0" layername="timeline_0" frame="1" z_index="7" m_a="0.805630" m_b="0.000000" m_c="0.000000" m_d="0.768817" m_tx="3.137100" m_ty="-377.572632"/>
   <element name="symbol0" layername="timeline_1" frame="2" z_index="4" m_a="1.000000" m_b="0.000000" m_c="0.000000" m_d="1.000000" m_tx="23.785713" m_ty="-642.357117"/>
   <element name="symbol0" layername="timeline_2" frame="0" z_index="6" m_a="1.155870" m_b="0.000000" m_c="0.000000" m_d="1.320560" m_tx="27.785736" m_ty="-208.142395"/>
   <element name="symbol0" layername="timeline_3" frame="1" z_index="5" m_a="0.931203" m_b="0.000000" m_c="0.000000" m_d="0.904127" m_tx="11.761917" m_ty="-448.172363"/>
  </frame>
 </anim>
</Anims>
