<Anims>
 <anim name="1" root="beanstalk_wall" numframes="1000" framerate="40">
  <frame idx="0" w="312" h="759" x="20.574310" y="-185.666656">
   <element name="symbol0" layername="timeline_0" frame="0" z_index="5" m_a="3.000000" m_b="0.000000" m_c="0.000000" m_d="3.000000" m_tx="20.574310" m_ty="-185.666656"/>
  </frame>
  <frame idx="25" w="312" h="759" x="20.574310" y="-185.666656">
   <element name="symbol0" layername="timeline_0" frame="0" z_index="5" m_a="3.000000" m_b="0.000000" m_c="0.000000" m_d="3.000000" m_tx="20.574310" m_ty="-185.666656"/>
  </frame>
  <frame idx="50" w="312" h="759" x="20.574310" y="-185.666656">
   <element name="symbol0" layername="timeline_0" frame="0" z_index="5" m_a="3.000000" m_b="0.000000" m_c="0.000000" m_d="3.000000" m_tx="20.574310" m_ty="-185.666656"/>
  </frame>
  <frame idx="75" w="312" h="759" x="20.574310" y="-185.666656">
   <element name="symbol0" layername="timeline_0" frame="0" z_index="5" m_a="3.000000" m_b="0.000000" m_c="0.000000" m_d="3.000000" m_tx="20.574310" m_ty="-185.666656"/>
  </frame>
  <frame idx="100" w="312" h="759" x="20.574310" y="-185.666656">
   <element name="symbol0" layername="timeline_0" frame="0" z_index="5" m_a="3.000000" m_b="0.000000" m_c="0.000000" m_d="3.000000" m_tx="20.574310" m_ty="-185.666656"/>
  </frame>
  <frame idx="125" w="312" h="759" x="20.574310" y="-185.666656">
   <element name="symbol0" layername="timeline_0" frame="0" z_index="5" m_a="3.000000" m_b="0.000000" m_c="0.000000" m_d="3.000000" m_tx="20.574310" m_ty="-185.666656"/>
  </frame>
  <frame idx="150" w="312" h="759" x="20.574310" y="-185.666656">
   <element name="symbol0" layername="timeline_0" frame="0" z_index="5" m_a="3.000000" m_b="0.000000" m_c="0.000000" m_d="3.000000" m_tx="20.574310" m_ty="-185.666656"/>
  </frame>
  <frame idx="175" w="312" h="759" x="20.574310" y="-185.666656">
   <element name="symbol0" layername="timeline_0" frame="0" z_index="5" m_a="3.000000" m_b="0.000000" m_c="0.000000" m_d="3.000000" m_tx="20.574310" m_ty="-185.666656"/>
  </frame>
  <frame idx="200" w="312" h="759" x="20.574310" y="-185.666656">
   <element name="symbol0" layername="timeline_0" frame="0" z_index="5" m_a="3.000000" m_b="0.000000" m_c="0.000000" m_d="3.000000" m_tx="20.574310" m_ty="-185.666656"/>
  </frame>
  <frame idx="225" w="312" h="759" x="20.574310" y="-185.666656">
   <element name="symbol0" layername="timeline_0" frame="0" z_index="5" m_a="3.000000" m_b="0.000000" m_c="0.000000" m_d="3.000000" m_tx="20.574310" m_ty="-185.666656"/>
  </frame>
  <frame idx="250" w="312" h="759" x="20.574310" y="-185.666656">
   <element name="symbol0" layername="timeline_0" frame="0" z_index="5" m_a="3.000000" m_b="0.000000" m_c="0.000000" m_d="3.000000" m_tx="20.574310" m_ty="-185.666656"/>
  </frame>
  <frame idx="275" w="312" h="759" x="20.574310" y="-185.666656">
   <element name="symbol0" layername="timeline_0" frame="0" z_index="5" m_a="3.000000" m_b="0.000000" m_c="0.000000" m_d="3.000000" m_tx="20.574310" m_ty="-185.666656"/>
  </frame>
  <frame idx="300" w="312" h="759" x="20.574310" y="-185.666656">
   <element name="symbol0" layername="timeline_0" frame="0" z_index="5" m_a="3.000000" m_b="0.000000" m_c="0.000000" m_d="3.000000" m_tx="20.574310" m_ty="-185.666656"/>
  </frame>
  <frame idx="325" w="312" h="759" x="20.574310" y="-185.666656">
   <element name="symbol0" layername="timeline_0" frame="0" z_index="5" m_a="3.000000" m_b="0.000000" m_c="0.000000" m_d="3.000000" m_tx="20.574310" m_ty="-185.666656"/>
  </frame>
  <frame idx="350" w="312" h="759" x="20.574310" y="-185.666656">
   <element name="symbol0" layername="timeline_0" frame="0" z_index="5" m_a="3.000000" m_b="0.000000" m_c="0.000000" m_d="3.000000" m_tx="20.574310" m_ty="-185.666656"/>
  </frame>
  <frame idx="375" w="312" h="759" x="20.574310" y="-185.666656">
   <element name="symbol0" layername="timeline_0" frame="0" z_index="5" m_a="3.000000" m_b="0.000000" m_c="0.000000" m_d="3.000000" m_tx="20.574310" m_ty="-185.666656"/>
  </frame>
  <frame idx="400" w="312" h="759" x="20.574310" y="-185.666656">
   <element name="symbol0" layername="timeline_0" frame="0" z_index="5" m_a="3.000000" m_b="0.000000" m_c="0.000000" m_d="3.000000" m_tx="20.574310" m_ty="-185.666656"/>
  </frame>
  <frame idx="425" w="312" h="759" x="20.574310" y="-185.666656">
   <element name="symbol0" layername="timeline_0" frame="0" z_index="5" m_a="3.000000" m_b="0.000000" m_c="0.000000" m_d="3.000000" m_tx="20.574310" m_ty="-185.666656"/>
  </frame>
  <frame idx="450" w="312" h="759" x="20.574310" y="-185.666656">
   <element name="symbol0" layername="timeline_0" frame="0" z_index="5" m_a="3.000000" m_b="0.000000" m_c="0.000000" m_d="3.000000" m_tx="20.574310" m_ty="-185.666656"/>
  </frame>
  <frame idx="475" w="312" h="759" x="20.574310" y="-185.666656">
   <element name="symbol0" layername="timeline_0" frame="0" z_index="5" m_a="3.000000" m_b="0.000000" m_c="0.000000" m_d="3.000000" m_tx="20.574310" m_ty="-185.666656"/>
  </frame>
  <frame idx="500" w="312" h="759" x="20.574310" y="-185.666656">
   <element name="symbol0" layername="timeline_0" frame="0" z_index="5" m_a="3.000000" m_b="0.000000" m_c="0.000000" m_d="3.000000" m_tx="20.574310" m_ty="-185.666656"/>
  </frame>
  <frame idx="525" w="312" h="759" x="20.574310" y="-185.666656">
   <element name="symbol0" layername="timeline_0" frame="0" z_index="5" m_a="3.000000" m_b="0.000000" m_c="0.000000" m_d="3.000000" m_tx="20.574310" m_ty="-185.666656"/>
  </frame>
  <frame idx="550" w="312" h="759" x="20.574310" y="-185.666656">
   <element name="symbol0" layername="timeline_0" frame="0" z_index="5" m_a="3.000000" m_b="0.000000" m_c="0.000000" m_d="3.000000" m_tx="20.574310" m_ty="-185.666656"/>
  </frame>
  <frame idx="575" w="312" h="759" x="20.574310" y="-185.666656">
   <element name="symbol0" layername="timeline_0" frame="0" z_index="5" m_a="3.000000" m_b="0.000000" m_c="0.000000" m_d="3.000000" m_tx="20.574310" m_ty="-185.666656"/>
  </frame>
  <frame idx="600" w="312" h="759" x="20.574310" y="-185.666656">
   <element name="symbol0" layername="timeline_0" frame="0" z_index="5" m_a="3.000000" m_b="0.000000" m_c="0.000000" m_d="3.000000" m_tx="20.574310" m_ty="-185.666656"/>
  </frame>
  <frame idx="625" w="312" h="759" x="20.574310" y="-185.666656">
   <element name="symbol0" layername="timeline_0" frame="0" z_index="5" m_a="3.000000" m_b="0.000000" m_c="0.000000" m_d="3.000000" m_tx="20.574310" m_ty="-185.666656"/>
  </frame>
  <frame idx="650" w="312" h="759" x="20.574310" y="-185.666656">
   <element name="symbol0" layername="timeline_0" frame="0" z_index="5" m_a="3.000000" m_b="0.000000" m_c="0.000000" m_d="3.000000" m_tx="20.574310" m_ty="-185.666656"/>
  </frame>
  <frame idx="675" w="312" h="759" x="20.574310" y="-185.666656">
   <element name="symbol0" layername="timeline_0" frame="0" z_index="5" m_a="3.000000" m_b="0.000000" m_c="0.000000" m_d="3.000000" m_tx="20.574310" m_ty="-185.666656"/>
  </frame>
  <frame idx="700" w="312" h="759" x="20.574310" y="-185.666656">
   <element name="symbol0" layername="timeline_0" frame="0" z_index="5" m_a="3.000000" m_b="0.000000" m_c="0.000000" m_d="3.000000" m_tx="20.574310" m_ty="-185.666656"/>
  </frame>
  <frame idx="725" w="312" h="759" x="20.574310" y="-185.666656">
   <element name="symbol0" layername="timeline_0" frame="0" z_index="5" m_a="3.000000" m_b="0.000000" m_c="0.000000" m_d="3.000000" m_tx="20.574310" m_ty="-185.666656"/>
  </frame>
  <frame idx="750" w="312" h="759" x="20.574310" y="-185.666656">
   <element name="symbol0" layername="timeline_0" frame="0" z_index="5" m_a="3.000000" m_b="0.000000" m_c="0.000000" m_d="3.000000" m_tx="20.574310" m_ty="-185.666656"/>
  </frame>
  <frame idx="775" w="312" h="759" x="20.574310" y="-185.666656">
   <element name="symbol0" layername="timeline_0" frame="0" z_index="5" m_a="3.000000" m_b="0.000000" m_c="0.000000" m_d="3.000000" m_tx="20.574310" m_ty="-185.666656"/>
  </frame>
  <frame idx="800" w="312" h="759" x="20.574310" y="-185.666656">
   <element name="symbol0" layername="timeline_0" frame="0" z_index="5" m_a="3.000000" m_b="0.000000" m_c="0.000000" m_d="3.000000" m_tx="20.574310" m_ty="-185.666656"/>
  </frame>
  <frame idx="825" w="312" h="759" x="20.574310" y="-185.666656">
   <element name="symbol0" layername="timeline_0" frame="0" z_index="5" m_a="3.000000" m_b="0.000000" m_c="0.000000" m_d="3.000000" m_tx="20.574310" m_ty="-185.666656"/>
  </frame>
  <frame idx="850" w="312" h="759" x="20.574310" y="-185.666656">
   <element name="symbol0" layername="timeline_0" frame="0" z_index="5" m_a="3.000000" m_b="0.000000" m_c="0.000000" m_d="3.000000" m_tx="20.574310" m_ty="-185.666656"/>
  </frame>
  <frame idx="875" w="312" h="759" x="20.574310" y="-185.666656">
   <element name="symbol0" layername="timeline_0" frame="0" z_index="5" m_a="3.000000" m_b="0.000000" m_c="0.000000" m_d="3.000000" m_tx="20.574310" m_ty="-185.666656"/>
  </frame>
  <frame idx="900" w="312" h="759" x="20.574310" y="-185.666656">
   <element name="symbol0" layername="timeline_0" frame="0" z_index="5" m_a="3.000000" m_b="0.000000" m_c="0.000000" m_d="3.000000" m_tx="20.574310" m_ty="-185.666656"/>
  </frame>
  <frame idx="925" w="312" h="759" x="20.574310" y="-185.666656">
   <element name="symbol0" layername="timeline_0" frame="0" z_index="5" m_a="3.000000" m_b="0.000000" m_c="0.000000" m_d="3.000000" m_tx="20.574310" m_ty="-185.666656"/>
  </frame>
  <frame idx="950" w="312" h="759" x="20.574310" y="-185.666656">
   <element name="symbol0" layername="timeline_0" frame="0" z_index="5" m_a="3.000000" m_b="0.000000" m_c="0.000000" m_d="3.000000" m_tx="20.574310" m_ty="-185.666656"/>
  </frame>
  <frame idx="975" w="312" h="759" x="20.574310" y="-185.666656">
   <element name="symbol0" layername="timeline_0" frame="0" z_index="5" m_a="3.000000" m_b="0.000000" m_c="0.000000" m_d="3.000000" m_tx="20.574310" m_ty="-185.666656"/>
  </frame>
 </anim>
 <anim name="1_2" root="beanstalk_wall" numframes="1000" framerate="40">
  <frame idx="0" w="333" h="441" x="12.599976" y="-71.055557">
   <element name="symbol0" layername="timeline_0" frame="1" z_index="5" m_a="3.000000" m_b="0.000000" m_c="0.000000" m_d="3.000000" m_tx="12.599976" m_ty="-71.055557"/>
  </frame>
  <frame idx="25" w="333" h="441" x="12.599976" y="-71.055557">
   <element name="symbol0" layername="timeline_0" frame="1" z_index="5" m_a="3.000000" m_b="0.000000" m_c="0.000000" m_d="3.000000" m_tx="12.599976" m_ty="-71.055557"/>
  </frame>
  <frame idx="50" w="333" h="441" x="12.599976" y="-71.055557">
   <element name="symbol0" layername="timeline_0" frame="1" z_index="5" m_a="3.000000" m_b="0.000000" m_c="0.000000" m_d="3.000000" m_tx="12.599976" m_ty="-71.055557"/>
  </frame>
  <frame idx="75" w="333" h="441" x="12.599976" y="-71.055557">
   <element name="symbol0" layername="timeline_0" frame="1" z_index="5" m_a="3.000000" m_b="0.000000" m_c="0.000000" m_d="3.000000" m_tx="12.599976" m_ty="-71.055557"/>
  </frame>
  <frame idx="100" w="333" h="441" x="12.599976" y="-71.055557">
   <element name="symbol0" layername="timeline_0" frame="1" z_index="5" m_a="3.000000" m_b="0.000000" m_c="0.000000" m_d="3.000000" m_tx="12.599976" m_ty="-71.055557"/>
  </frame>
  <frame idx="125" w="333" h="441" x="12.599976" y="-71.055557">
   <element name="symbol0" layername="timeline_0" frame="1" z_index="5" m_a="3.000000" m_b="0.000000" m_c="0.000000" m_d="3.000000" m_tx="12.599976" m_ty="-71.055557"/>
  </frame>
  <frame idx="150" w="333" h="441" x="12.599976" y="-71.055557">
   <element name="symbol0" layername="timeline_0" frame="1" z_index="5" m_a="3.000000" m_b="0.000000" m_c="0.000000" m_d="3.000000" m_tx="12.599976" m_ty="-71.055557"/>
  </frame>
  <frame idx="175" w="333" h="441" x="12.599976" y="-71.055557">
   <element name="symbol0" layername="timeline_0" frame="1" z_index="5" m_a="3.000000" m_b="0.000000" m_c="0.000000" m_d="3.000000" m_tx="12.599976" m_ty="-71.055557"/>
  </frame>
  <frame idx="200" w="333" h="441" x="12.599976" y="-71.055557">
   <element name="symbol0" layername="timeline_0" frame="1" z_index="5" m_a="3.000000" m_b="0.000000" m_c="0.000000" m_d="3.000000" m_tx="12.599976" m_ty="-71.055557"/>
  </frame>
  <frame idx="225" w="333" h="441" x="12.599976" y="-71.055557">
   <element name="symbol0" layername="timeline_0" frame="1" z_index="5" m_a="3.000000" m_b="0.000000" m_c="0.000000" m_d="3.000000" m_tx="12.599976" m_ty="-71.055557"/>
  </frame>
  <frame idx="250" w="333" h="441" x="12.599976" y="-71.055557">
   <element name="symbol0" layername="timeline_0" frame="1" z_index="5" m_a="3.000000" m_b="0.000000" m_c="0.000000" m_d="3.000000" m_tx="12.599976" m_ty="-71.055557"/>
  </frame>
  <frame idx="275" w="333" h="441" x="12.599976" y="-71.055557">
   <element name="symbol0" layername="timeline_0" frame="1" z_index="5" m_a="3.000000" m_b="0.000000" m_c="0.000000" m_d="3.000000" m_tx="12.599976" m_ty="-71.055557"/>
  </frame>
  <frame idx="300" w="333" h="441" x="12.599976" y="-71.055557">
   <element name="symbol0" layername="timeline_0" frame="1" z_index="5" m_a="3.000000" m_b="0.000000" m_c="0.000000" m_d="3.000000" m_tx="12.599976" m_ty="-71.055557"/>
  </frame>
  <frame idx="325" w="333" h="441" x="12.599976" y="-71.055557">
   <element name="symbol0" layername="timeline_0" frame="1" z_index="5" m_a="3.000000" m_b="0.000000" m_c="0.000000" m_d="3.000000" m_tx="12.599976" m_ty="-71.055557"/>
  </frame>
  <frame idx="350" w="333" h="441" x="12.599976" y="-71.055557">
   <element name="symbol0" layername="timeline_0" frame="1" z_index="5" m_a="3.000000" m_b="0.000000" m_c="0.000000" m_d="3.000000" m_tx="12.599976" m_ty="-71.055557"/>
  </frame>
  <frame idx="375" w="333" h="441" x="12.599976" y="-71.055557">
   <element name="symbol0" layername="timeline_0" frame="1" z_index="5" m_a="3.000000" m_b="0.000000" m_c="0.000000" m_d="3.000000" m_tx="12.599976" m_ty="-71.055557"/>
  </frame>
  <frame idx="400" w="333" h="441" x="12.599976" y="-71.055557">
   <element name="symbol0" layername="timeline_0" frame="1" z_index="5" m_a="3.000000" m_b="0.000000" m_c="0.000000" m_d="3.000000" m_tx="12.599976" m_ty="-71.055557"/>
  </frame>
  <frame idx="425" w="333" h="441" x="12.599976" y="-71.055557">
   <element name="symbol0" layername="timeline_0" frame="1" z_index="5" m_a="3.000000" m_b="0.000000" m_c="0.000000" m_d="3.000000" m_tx="12.599976" m_ty="-71.055557"/>
  </frame>
  <frame idx="450" w="333" h="441" x="12.599976" y="-71.055557">
   <element name="symbol0" layername="timeline_0" frame="1" z_index="5" m_a="3.000000" m_b="0.000000" m_c="0.000000" m_d="3.000000" m_tx="12.599976" m_ty="-71.055557"/>
  </frame>
  <frame idx="475" w="333" h="441" x="12.599976" y="-71.055557">
   <element name="symbol0" layername="timeline_0" frame="1" z_index="5" m_a="3.000000" m_b="0.000000" m_c="0.000000" m_d="3.000000" m_tx="12.599976" m_ty="-71.055557"/>
  </frame>
  <frame idx="500" w="333" h="441" x="12.599976" y="-71.055557">
   <element name="symbol0" layername="timeline_0" frame="1" z_index="5" m_a="3.000000" m_b="0.000000" m_c="0.000000" m_d="3.000000" m_tx="12.599976" m_ty="-71.055557"/>
  </frame>
  <frame idx="525" w="333" h="441" x="12.599976" y="-71.055557">
   <element name="symbol0" layername="timeline_0" frame="1" z_index="5" m_a="3.000000" m_b="0.000000" m_c="0.000000" m_d="3.000000" m_tx="12.599976" m_ty="-71.055557"/>
  </frame>
  <frame idx="550" w="333" h="441" x="12.599976" y="-71.055557">
   <element name="symbol0" layername="timeline_0" frame="1" z_index="5" m_a="3.000000" m_b="0.000000" m_c="0.000000" m_d="3.000000" m_tx="12.599976" m_ty="-71.055557"/>
  </frame>
  <frame idx="575" w="333" h="441" x="12.599976" y="-71.055557">
   <element name="symbol0" layername="timeline_0" frame="1" z_index="5" m_a="3.000000" m_b="0.000000" m_c="0.000000" m_d="3.000000" m_tx="12.599976" m_ty="-71.055557"/>
  </frame>
  <frame idx="600" w="333" h="441" x="12.599976" y="-71.055557">
   <element name="symbol0" layername="timeline_0" frame="1" z_index="5" m_a="3.000000" m_b="0.000000" m_c="0.000000" m_d="3.000000" m_tx="12.599976" m_ty="-71.055557"/>
  </frame>
  <frame idx="625" w="333" h="441" x="12.599976" y="-71.055557">
   <element name="symbol0" layername="timeline_0" frame="1" z_index="5" m_a="3.000000" m_b="0.000000" m_c="0.000000" m_d="3.000000" m_tx="12.599976" m_ty="-71.055557"/>
  </frame>
  <frame idx="650" w="333" h="441" x="12.599976" y="-71.055557">
   <element name="symbol0" layername="timeline_0" frame="1" z_index="5" m_a="3.000000" m_b="0.000000" m_c="0.000000" m_d="3.000000" m_tx="12.599976" m_ty="-71.055557"/>
  </frame>
  <frame idx="675" w="333" h="441" x="12.599976" y="-71.055557">
   <element name="symbol0" layername="timeline_0" frame="1" z_index="5" m_a="3.000000" m_b="0.000000" m_c="0.000000" m_d="3.000000" m_tx="12.599976" m_ty="-71.055557"/>
  </frame>
  <frame idx="700" w="333" h="441" x="12.599976" y="-71.055557">
   <element name="symbol0" layername="timeline_0" frame="1" z_index="5" m_a="3.000000" m_b="0.000000" m_c="0.000000" m_d="3.000000" m_tx="12.599976" m_ty="-71.055557"/>
  </frame>
  <frame idx="725" w="333" h="441" x="12.599976" y="-71.055557">
   <element name="symbol0" layername="timeline_0" frame="1" z_index="5" m_a="3.000000" m_b="0.000000" m_c="0.000000" m_d="3.000000" m_tx="12.599976" m_ty="-71.055557"/>
  </frame>
  <frame idx="750" w="333" h="441" x="12.599976" y="-71.055557">
   <element name="symbol0" layername="timeline_0" frame="1" z_index="5" m_a="3.000000" m_b="0.000000" m_c="0.000000" m_d="3.000000" m_tx="12.599976" m_ty="-71.055557"/>
  </frame>
  <frame idx="775" w="333" h="441" x="12.599976" y="-71.055557">
   <element name="symbol0" layername="timeline_0" frame="1" z_index="5" m_a="3.000000" m_b="0.000000" m_c="0.000000" m_d="3.000000" m_tx="12.599976" m_ty="-71.055557"/>
  </frame>
  <frame idx="800" w="333" h="441" x="12.599976" y="-71.055557">
   <element name="symbol0" layername="timeline_0" frame="1" z_index="5" m_a="3.000000" m_b="0.000000" m_c="0.000000" m_d="3.000000" m_tx="12.599976" m_ty="-71.055557"/>
  </frame>
  <frame idx="825" w="333" h="441" x="12.599976" y="-71.055557">
   <element name="symbol0" layername="timeline_0" frame="1" z_index="5" m_a="3.000000" m_b="0.000000" m_c="0.000000" m_d="3.000000" m_tx="12.599976" m_ty="-71.055557"/>
  </frame>
  <frame idx="850" w="333" h="441" x="12.599976" y="-71.055557">
   <element name="symbol0" layername="timeline_0" frame="1" z_index="5" m_a="3.000000" m_b="0.000000" m_c="0.000000" m_d="3.000000" m_tx="12.599976" m_ty="-71.055557"/>
  </frame>
  <frame idx="875" w="333" h="441" x="12.599976" y="-71.055557">
   <element name="symbol0" layername="timeline_0" frame="1" z_index="5" m_a="3.000000" m_b="0.000000" m_c="0.000000" m_d="3.000000" m_tx="12.599976" m_ty="-71.055557"/>
  </frame>
  <frame idx="900" w="333" h="441" x="12.599976" y="-71.055557">
   <element name="symbol0" layername="timeline_0" frame="1" z_index="5" m_a="3.000000" m_b="0.000000" m_c="0.000000" m_d="3.000000" m_tx="12.599976" m_ty="-71.055557"/>
  </frame>
  <frame idx="925" w="333" h="441" x="12.599976" y="-71.055557">
   <element name="symbol0" layername="timeline_0" frame="1" z_index="5" m_a="3.000000" m_b="0.000000" m_c="0.000000" m_d="3.000000" m_tx="12.599976" m_ty="-71.055557"/>
  </frame>
  <frame idx="950" w="333" h="441" x="12.599976" y="-71.055557">
   <element name="symbol0" layername="timeline_0" frame="1" z_index="5" m_a="3.000000" m_b="0.000000" m_c="0.000000" m_d="3.000000" m_tx="12.599976" m_ty="-71.055557"/>
  </frame>
  <frame idx="975" w="333" h="441" x="12.599976" y="-71.055557">
   <element name="symbol0" layername="timeline_0" frame="1" z_index="5" m_a="3.000000" m_b="0.000000" m_c="0.000000" m_d="3.000000" m_tx="12.599976" m_ty="-71.055557"/>
  </frame>
 </anim>
 <anim name="1_4" root="beanstalk_wall" numframes="1000" framerate="40">
  <frame idx="0" w="327" h="349" x="-0.294083" y="-42.736435">
   <element name="symbol0" layername="timeline_0" frame="2" z_index="5" m_a="3.000000" m_b="0.000000" m_c="0.000000" m_d="3.000000" m_tx="-0.294083" m_ty="-42.736435"/>
  </frame>
  <frame idx="25" w="327" h="349" x="-0.294083" y="-42.736435">
   <element name="symbol0" layername="timeline_0" frame="2" z_index="5" m_a="3.000000" m_b="0.000000" m_c="0.000000" m_d="3.000000" m_tx="-0.294083" m_ty="-42.736435"/>
  </frame>
  <frame idx="50" w="327" h="349" x="-0.294083" y="-42.736435">
   <element name="symbol0" layername="timeline_0" frame="2" z_index="5" m_a="3.000000" m_b="0.000000" m_c="0.000000" m_d="3.000000" m_tx="-0.294083" m_ty="-42.736435"/>
  </frame>
  <frame idx="75" w="327" h="349" x="-0.294083" y="-42.736435">
   <element name="symbol0" layername="timeline_0" frame="2" z_index="5" m_a="3.000000" m_b="0.000000" m_c="0.000000" m_d="3.000000" m_tx="-0.294083" m_ty="-42.736435"/>
  </frame>
  <frame idx="100" w="327" h="349" x="-0.294083" y="-42.736435">
   <element name="symbol0" layername="timeline_0" frame="2" z_index="5" m_a="3.000000" m_b="0.000000" m_c="0.000000" m_d="3.000000" m_tx="-0.294083" m_ty="-42.736435"/>
  </frame>
  <frame idx="125" w="327" h="349" x="-0.294083" y="-42.736435">
   <element name="symbol0" layername="timeline_0" frame="2" z_index="5" m_a="3.000000" m_b="0.000000" m_c="0.000000" m_d="3.000000" m_tx="-0.294083" m_ty="-42.736435"/>
  </frame>
  <frame idx="150" w="327" h="349" x="-0.294083" y="-42.736435">
   <element name="symbol0" layername="timeline_0" frame="2" z_index="5" m_a="3.000000" m_b="0.000000" m_c="0.000000" m_d="3.000000" m_tx="-0.294083" m_ty="-42.736435"/>
  </frame>
  <frame idx="175" w="327" h="349" x="-0.294083" y="-42.736435">
   <element name="symbol0" layername="timeline_0" frame="2" z_index="5" m_a="3.000000" m_b="0.000000" m_c="0.000000" m_d="3.000000" m_tx="-0.294083" m_ty="-42.736435"/>
  </frame>
  <frame idx="200" w="327" h="349" x="-0.294083" y="-42.736435">
   <element name="symbol0" layername="timeline_0" frame="2" z_index="5" m_a="3.000000" m_b="0.000000" m_c="0.000000" m_d="3.000000" m_tx="-0.294083" m_ty="-42.736435"/>
  </frame>
  <frame idx="225" w="327" h="349" x="-0.294083" y="-42.736435">
   <element name="symbol0" layername="timeline_0" frame="2" z_index="5" m_a="3.000000" m_b="0.000000" m_c="0.000000" m_d="3.000000" m_tx="-0.294083" m_ty="-42.736435"/>
  </frame>
  <frame idx="250" w="327" h="349" x="-0.294083" y="-42.736435">
   <element name="symbol0" layername="timeline_0" frame="2" z_index="5" m_a="3.000000" m_b="0.000000" m_c="0.000000" m_d="3.000000" m_tx="-0.294083" m_ty="-42.736435"/>
  </frame>
  <frame idx="275" w="327" h="349" x="-0.294083" y="-42.736435">
   <element name="symbol0" layername="timeline_0" frame="2" z_index="5" m_a="3.000000" m_b="0.000000" m_c="0.000000" m_d="3.000000" m_tx="-0.294083" m_ty="-42.736435"/>
  </frame>
  <frame idx="300" w="327" h="349" x="-0.294083" y="-42.736435">
   <element name="symbol0" layername="timeline_0" frame="2" z_index="5" m_a="3.000000" m_b="0.000000" m_c="0.000000" m_d="3.000000" m_tx="-0.294083" m_ty="-42.736435"/>
  </frame>
  <frame idx="325" w="327" h="349" x="-0.294083" y="-42.736435">
   <element name="symbol0" layername="timeline_0" frame="2" z_index="5" m_a="3.000000" m_b="0.000000" m_c="0.000000" m_d="3.000000" m_tx="-0.294083" m_ty="-42.736435"/>
  </frame>
  <frame idx="350" w="327" h="349" x="-0.294083" y="-42.736435">
   <element name="symbol0" layername="timeline_0" frame="2" z_index="5" m_a="3.000000" m_b="0.000000" m_c="0.000000" m_d="3.000000" m_tx="-0.294083" m_ty="-42.736435"/>
  </frame>
  <frame idx="375" w="327" h="349" x="-0.294083" y="-42.736435">
   <element name="symbol0" layername="timeline_0" frame="2" z_index="5" m_a="3.000000" m_b="0.000000" m_c="0.000000" m_d="3.000000" m_tx="-0.294083" m_ty="-42.736435"/>
  </frame>
  <frame idx="400" w="327" h="349" x="-0.294083" y="-42.736435">
   <element name="symbol0" layername="timeline_0" frame="2" z_index="5" m_a="3.000000" m_b="0.000000" m_c="0.000000" m_d="3.000000" m_tx="-0.294083" m_ty="-42.736435"/>
  </frame>
  <frame idx="425" w="327" h="349" x="-0.294083" y="-42.736435">
   <element name="symbol0" layername="timeline_0" frame="2" z_index="5" m_a="3.000000" m_b="0.000000" m_c="0.000000" m_d="3.000000" m_tx="-0.294083" m_ty="-42.736435"/>
  </frame>
  <frame idx="450" w="327" h="349" x="-0.294083" y="-42.736435">
   <element name="symbol0" layername="timeline_0" frame="2" z_index="5" m_a="3.000000" m_b="0.000000" m_c="0.000000" m_d="3.000000" m_tx="-0.294083" m_ty="-42.736435"/>
  </frame>
  <frame idx="475" w="327" h="349" x="-0.294083" y="-42.736435">
   <element name="symbol0" layername="timeline_0" frame="2" z_index="5" m_a="3.000000" m_b="0.000000" m_c="0.000000" m_d="3.000000" m_tx="-0.294083" m_ty="-42.736435"/>
  </frame>
  <frame idx="500" w="327" h="349" x="-0.294083" y="-42.736435">
   <element name="symbol0" layername="timeline_0" frame="2" z_index="5" m_a="3.000000" m_b="0.000000" m_c="0.000000" m_d="3.000000" m_tx="-0.294083" m_ty="-42.736435"/>
  </frame>
  <frame idx="525" w="327" h="349" x="-0.294083" y="-42.736435">
   <element name="symbol0" layername="timeline_0" frame="2" z_index="5" m_a="3.000000" m_b="0.000000" m_c="0.000000" m_d="3.000000" m_tx="-0.294083" m_ty="-42.736435"/>
  </frame>
  <frame idx="550" w="327" h="349" x="-0.294083" y="-42.736435">
   <element name="symbol0" layername="timeline_0" frame="2" z_index="5" m_a="3.000000" m_b="0.000000" m_c="0.000000" m_d="3.000000" m_tx="-0.294083" m_ty="-42.736435"/>
  </frame>
  <frame idx="575" w="327" h="349" x="-0.294083" y="-42.736435">
   <element name="symbol0" layername="timeline_0" frame="2" z_index="5" m_a="3.000000" m_b="0.000000" m_c="0.000000" m_d="3.000000" m_tx="-0.294083" m_ty="-42.736435"/>
  </frame>
  <frame idx="600" w="327" h="349" x="-0.294083" y="-42.736435">
   <element name="symbol0" layername="timeline_0" frame="2" z_index="5" m_a="3.000000" m_b="0.000000" m_c="0.000000" m_d="3.000000" m_tx="-0.294083" m_ty="-42.736435"/>
  </frame>
  <frame idx="625" w="327" h="349" x="-0.294083" y="-42.736435">
   <element name="symbol0" layername="timeline_0" frame="2" z_index="5" m_a="3.000000" m_b="0.000000" m_c="0.000000" m_d="3.000000" m_tx="-0.294083" m_ty="-42.736435"/>
  </frame>
  <frame idx="650" w="327" h="349" x="-0.294083" y="-42.736435">
   <element name="symbol0" layername="timeline_0" frame="2" z_index="5" m_a="3.000000" m_b="0.000000" m_c="0.000000" m_d="3.000000" m_tx="-0.294083" m_ty="-42.736435"/>
  </frame>
  <frame idx="675" w="327" h="349" x="-0.294083" y="-42.736435">
   <element name="symbol0" layername="timeline_0" frame="2" z_index="5" m_a="3.000000" m_b="0.000000" m_c="0.000000" m_d="3.000000" m_tx="-0.294083" m_ty="-42.736435"/>
  </frame>
  <frame idx="700" w="327" h="349" x="-0.294083" y="-42.736435">
   <element name="symbol0" layername="timeline_0" frame="2" z_index="5" m_a="3.000000" m_b="0.000000" m_c="0.000000" m_d="3.000000" m_tx="-0.294083" m_ty="-42.736435"/>
  </frame>
  <frame idx="725" w="327" h="349" x="-0.294083" y="-42.736435">
   <element name="symbol0" layername="timeline_0" frame="2" z_index="5" m_a="3.000000" m_b="0.000000" m_c="0.000000" m_d="3.000000" m_tx="-0.294083" m_ty="-42.736435"/>
  </frame>
  <frame idx="750" w="327" h="349" x="-0.294083" y="-42.736435">
   <element name="symbol0" layername="timeline_0" frame="2" z_index="5" m_a="3.000000" m_b="0.000000" m_c="0.000000" m_d="3.000000" m_tx="-0.294083" m_ty="-42.736435"/>
  </frame>
  <frame idx="775" w="327" h="349" x="-0.294083" y="-42.736435">
   <element name="symbol0" layername="timeline_0" frame="2" z_index="5" m_a="3.000000" m_b="0.000000" m_c="0.000000" m_d="3.000000" m_tx="-0.294083" m_ty="-42.736435"/>
  </frame>
  <frame idx="800" w="327" h="349" x="-0.294083" y="-42.736435">
   <element name="symbol0" layername="timeline_0" frame="2" z_index="5" m_a="3.000000" m_b="0.000000" m_c="0.000000" m_d="3.000000" m_tx="-0.294083" m_ty="-42.736435"/>
  </frame>
  <frame idx="825" w="327" h="349" x="-0.294083" y="-42.736435">
   <element name="symbol0" layername="timeline_0" frame="2" z_index="5" m_a="3.000000" m_b="0.000000" m_c="0.000000" m_d="3.000000" m_tx="-0.294083" m_ty="-42.736435"/>
  </frame>
  <frame idx="850" w="327" h="349" x="-0.294083" y="-42.736435">
   <element name="symbol0" layername="timeline_0" frame="2" z_index="5" m_a="3.000000" m_b="0.000000" m_c="0.000000" m_d="3.000000" m_tx="-0.294083" m_ty="-42.736435"/>
  </frame>
  <frame idx="875" w="327" h="349" x="-0.294083" y="-42.736435">
   <element name="symbol0" layername="timeline_0" frame="2" z_index="5" m_a="3.000000" m_b="0.000000" m_c="0.000000" m_d="3.000000" m_tx="-0.294083" m_ty="-42.736435"/>
  </frame>
  <frame idx="900" w="327" h="349" x="-0.294083" y="-42.736435">
   <element name="symbol0" layername="timeline_0" frame="2" z_index="5" m_a="3.000000" m_b="0.000000" m_c="0.000000" m_d="3.000000" m_tx="-0.294083" m_ty="-42.736435"/>
  </frame>
  <frame idx="925" w="327" h="349" x="-0.294083" y="-42.736435">
   <element name="symbol0" layername="timeline_0" frame="2" z_index="5" m_a="3.000000" m_b="0.000000" m_c="0.000000" m_d="3.000000" m_tx="-0.294083" m_ty="-42.736435"/>
  </frame>
  <frame idx="950" w="327" h="349" x="-0.294083" y="-42.736435">
   <element name="symbol0" layername="timeline_0" frame="2" z_index="5" m_a="3.000000" m_b="0.000000" m_c="0.000000" m_d="3.000000" m_tx="-0.294083" m_ty="-42.736435"/>
  </frame>
  <frame idx="975" w="327" h="349" x="-0.294083" y="-42.736435">
   <element name="symbol0" layername="timeline_0" frame="2" z_index="5" m_a="3.000000" m_b="0.000000" m_c="0.000000" m_d="3.000000" m_tx="-0.294083" m_ty="-42.736435"/>
  </frame>
 </anim>
 <anim name="3_4" root="beanstalk_wall" numframes="1000" framerate="40">
  <frame idx="0" w="351" h="499" x="-22.586075" y="-104.089142">
   <element name="symbol0" layername="timeline_0" frame="3" z_index="5" m_a="3.000000" m_b="0.000000" m_c="0.000000" m_d="3.000000" m_tx="-22.586075" m_ty="-104.089142"/>
  </frame>
  <frame idx="25" w="351" h="499" x="-22.586075" y="-104.089142">
   <element name="symbol0" layername="timeline_0" frame="3" z_index="5" m_a="3.000000" m_b="0.000000" m_c="0.000000" m_d="3.000000" m_tx="-22.586075" m_ty="-104.089142"/>
  </frame>
  <frame idx="50" w="351" h="499" x="-22.586075" y="-104.089142">
   <element name="symbol0" layername="timeline_0" frame="3" z_index="5" m_a="3.000000" m_b="0.000000" m_c="0.000000" m_d="3.000000" m_tx="-22.586075" m_ty="-104.089142"/>
  </frame>
  <frame idx="75" w="351" h="499" x="-22.586075" y="-104.089142">
   <element name="symbol0" layername="timeline_0" frame="3" z_index="5" m_a="3.000000" m_b="0.000000" m_c="0.000000" m_d="3.000000" m_tx="-22.586075" m_ty="-104.089142"/>
  </frame>
  <frame idx="100" w="351" h="499" x="-22.586075" y="-104.089142">
   <element name="symbol0" layername="timeline_0" frame="3" z_index="5" m_a="3.000000" m_b="0.000000" m_c="0.000000" m_d="3.000000" m_tx="-22.586075" m_ty="-104.089142"/>
  </frame>
  <frame idx="125" w="351" h="499" x="-22.586075" y="-104.089142">
   <element name="symbol0" layername="timeline_0" frame="3" z_index="5" m_a="3.000000" m_b="0.000000" m_c="0.000000" m_d="3.000000" m_tx="-22.586075" m_ty="-104.089142"/>
  </frame>
  <frame idx="150" w="351" h="499" x="-22.586075" y="-104.089142">
   <element name="symbol0" layername="timeline_0" frame="3" z_index="5" m_a="3.000000" m_b="0.000000" m_c="0.000000" m_d="3.000000" m_tx="-22.586075" m_ty="-104.089142"/>
  </frame>
  <frame idx="175" w="351" h="499" x="-22.586075" y="-104.089142">
   <element name="symbol0" layername="timeline_0" frame="3" z_index="5" m_a="3.000000" m_b="0.000000" m_c="0.000000" m_d="3.000000" m_tx="-22.586075" m_ty="-104.089142"/>
  </frame>
  <frame idx="200" w="351" h="499" x="-22.586075" y="-104.089142">
   <element name="symbol0" layername="timeline_0" frame="3" z_index="5" m_a="3.000000" m_b="0.000000" m_c="0.000000" m_d="3.000000" m_tx="-22.586075" m_ty="-104.089142"/>
  </frame>
  <frame idx="225" w="351" h="499" x="-22.586075" y="-104.089142">
   <element name="symbol0" layername="timeline_0" frame="3" z_index="5" m_a="3.000000" m_b="0.000000" m_c="0.000000" m_d="3.000000" m_tx="-22.586075" m_ty="-104.089142"/>
  </frame>
  <frame idx="250" w="351" h="499" x="-22.586075" y="-104.089142">
   <element name="symbol0" layername="timeline_0" frame="3" z_index="5" m_a="3.000000" m_b="0.000000" m_c="0.000000" m_d="3.000000" m_tx="-22.586075" m_ty="-104.089142"/>
  </frame>
  <frame idx="275" w="351" h="499" x="-22.586075" y="-104.089142">
   <element name="symbol0" layername="timeline_0" frame="3" z_index="5" m_a="3.000000" m_b="0.000000" m_c="0.000000" m_d="3.000000" m_tx="-22.586075" m_ty="-104.089142"/>
  </frame>
  <frame idx="300" w="351" h="499" x="-22.586075" y="-104.089142">
   <element name="symbol0" layername="timeline_0" frame="3" z_index="5" m_a="3.000000" m_b="0.000000" m_c="0.000000" m_d="3.000000" m_tx="-22.586075" m_ty="-104.089142"/>
  </frame>
  <frame idx="325" w="351" h="499" x="-22.586075" y="-104.089142">
   <element name="symbol0" layername="timeline_0" frame="3" z_index="5" m_a="3.000000" m_b="0.000000" m_c="0.000000" m_d="3.000000" m_tx="-22.586075" m_ty="-104.089142"/>
  </frame>
  <frame idx="350" w="351" h="499" x="-22.586075" y="-104.089142">
   <element name="symbol0" layername="timeline_0" frame="3" z_index="5" m_a="3.000000" m_b="0.000000" m_c="0.000000" m_d="3.000000" m_tx="-22.586075" m_ty="-104.089142"/>
  </frame>
  <frame idx="375" w="351" h="499" x="-22.586075" y="-104.089142">
   <element name="symbol0" layername="timeline_0" frame="3" z_index="5" m_a="3.000000" m_b="0.000000" m_c="0.000000" m_d="3.000000" m_tx="-22.586075" m_ty="-104.089142"/>
  </frame>
  <frame idx="400" w="351" h="499" x="-22.586075" y="-104.089142">
   <element name="symbol0" layername="timeline_0" frame="3" z_index="5" m_a="3.000000" m_b="0.000000" m_c="0.000000" m_d="3.000000" m_tx="-22.586075" m_ty="-104.089142"/>
  </frame>
  <frame idx="425" w="351" h="499" x="-22.586075" y="-104.089142">
   <element name="symbol0" layername="timeline_0" frame="3" z_index="5" m_a="3.000000" m_b="0.000000" m_c="0.000000" m_d="3.000000" m_tx="-22.586075" m_ty="-104.089142"/>
  </frame>
  <frame idx="450" w="351" h="499" x="-22.586075" y="-104.089142">
   <element name="symbol0" layername="timeline_0" frame="3" z_index="5" m_a="3.000000" m_b="0.000000" m_c="0.000000" m_d="3.000000" m_tx="-22.586075" m_ty="-104.089142"/>
  </frame>
  <frame idx="475" w="351" h="499" x="-22.586075" y="-104.089142">
   <element name="symbol0" layername="timeline_0" frame="3" z_index="5" m_a="3.000000" m_b="0.000000" m_c="0.000000" m_d="3.000000" m_tx="-22.586075" m_ty="-104.089142"/>
  </frame>
  <frame idx="500" w="351" h="499" x="-22.586075" y="-104.089142">
   <element name="symbol0" layername="timeline_0" frame="3" z_index="5" m_a="3.000000" m_b="0.000000" m_c="0.000000" m_d="3.000000" m_tx="-22.586075" m_ty="-104.089142"/>
  </frame>
  <frame idx="525" w="351" h="499" x="-22.586075" y="-104.089142">
   <element name="symbol0" layername="timeline_0" frame="3" z_index="5" m_a="3.000000" m_b="0.000000" m_c="0.000000" m_d="3.000000" m_tx="-22.586075" m_ty="-104.089142"/>
  </frame>
  <frame idx="550" w="351" h="499" x="-22.586075" y="-104.089142">
   <element name="symbol0" layername="timeline_0" frame="3" z_index="5" m_a="3.000000" m_b="0.000000" m_c="0.000000" m_d="3.000000" m_tx="-22.586075" m_ty="-104.089142"/>
  </frame>
  <frame idx="575" w="351" h="499" x="-22.586075" y="-104.089142">
   <element name="symbol0" layername="timeline_0" frame="3" z_index="5" m_a="3.000000" m_b="0.000000" m_c="0.000000" m_d="3.000000" m_tx="-22.586075" m_ty="-104.089142"/>
  </frame>
  <frame idx="600" w="351" h="499" x="-22.586075" y="-104.089142">
   <element name="symbol0" layername="timeline_0" frame="3" z_index="5" m_a="3.000000" m_b="0.000000" m_c="0.000000" m_d="3.000000" m_tx="-22.586075" m_ty="-104.089142"/>
  </frame>
  <frame idx="625" w="351" h="499" x="-22.586075" y="-104.089142">
   <element name="symbol0" layername="timeline_0" frame="3" z_index="5" m_a="3.000000" m_b="0.000000" m_c="0.000000" m_d="3.000000" m_tx="-22.586075" m_ty="-104.089142"/>
  </frame>
  <frame idx="650" w="351" h="499" x="-22.586075" y="-104.089142">
   <element name="symbol0" layername="timeline_0" frame="3" z_index="5" m_a="3.000000" m_b="0.000000" m_c="0.000000" m_d="3.000000" m_tx="-22.586075" m_ty="-104.089142"/>
  </frame>
  <frame idx="675" w="351" h="499" x="-22.586075" y="-104.089142">
   <element name="symbol0" layername="timeline_0" frame="3" z_index="5" m_a="3.000000" m_b="0.000000" m_c="0.000000" m_d="3.000000" m_tx="-22.586075" m_ty="-104.089142"/>
  </frame>
  <frame idx="700" w="351" h="499" x="-22.586075" y="-104.089142">
   <element name="symbol0" layername="timeline_0" frame="3" z_index="5" m_a="3.000000" m_b="0.000000" m_c="0.000000" m_d="3.000000" m_tx="-22.586075" m_ty="-104.089142"/>
  </frame>
  <frame idx="725" w="351" h="499" x="-22.586075" y="-104.089142">
   <element name="symbol0" layername="timeline_0" frame="3" z_index="5" m_a="3.000000" m_b="0.000000" m_c="0.000000" m_d="3.000000" m_tx="-22.586075" m_ty="-104.089142"/>
  </frame>
  <frame idx="750" w="351" h="499" x="-22.586075" y="-104.089142">
   <element name="symbol0" layername="timeline_0" frame="3" z_index="5" m_a="3.000000" m_b="0.000000" m_c="0.000000" m_d="3.000000" m_tx="-22.586075" m_ty="-104.089142"/>
  </frame>
  <frame idx="775" w="351" h="499" x="-22.586075" y="-104.089142">
   <element name="symbol0" layername="timeline_0" frame="3" z_index="5" m_a="3.000000" m_b="0.000000" m_c="0.000000" m_d="3.000000" m_tx="-22.586075" m_ty="-104.089142"/>
  </frame>
  <frame idx="800" w="351" h="499" x="-22.586075" y="-104.089142">
   <element name="symbol0" layername="timeline_0" frame="3" z_index="5" m_a="3.000000" m_b="0.000000" m_c="0.000000" m_d="3.000000" m_tx="-22.586075" m_ty="-104.089142"/>
  </frame>
  <frame idx="825" w="351" h="499" x="-22.586075" y="-104.089142">
   <element name="symbol0" layername="timeline_0" frame="3" z_index="5" m_a="3.000000" m_b="0.000000" m_c="0.000000" m_d="3.000000" m_tx="-22.586075" m_ty="-104.089142"/>
  </frame>
  <frame idx="850" w="351" h="499" x="-22.586075" y="-104.089142">
   <element name="symbol0" layername="timeline_0" frame="3" z_index="5" m_a="3.000000" m_b="0.000000" m_c="0.000000" m_d="3.000000" m_tx="-22.586075" m_ty="-104.089142"/>
  </frame>
  <frame idx="875" w="351" h="499" x="-22.586075" y="-104.089142">
   <element name="symbol0" layername="timeline_0" frame="3" z_index="5" m_a="3.000000" m_b="0.000000" m_c="0.000000" m_d="3.000000" m_tx="-22.586075" m_ty="-104.089142"/>
  </frame>
  <frame idx="900" w="351" h="499" x="-22.586075" y="-104.089142">
   <element name="symbol0" layername="timeline_0" frame="3" z_index="5" m_a="3.000000" m_b="0.000000" m_c="0.000000" m_d="3.000000" m_tx="-22.586075" m_ty="-104.089142"/>
  </frame>
  <frame idx="925" w="351" h="499" x="-22.586075" y="-104.089142">
   <element name="symbol0" layername="timeline_0" frame="3" z_index="5" m_a="3.000000" m_b="0.000000" m_c="0.000000" m_d="3.000000" m_tx="-22.586075" m_ty="-104.089142"/>
  </frame>
  <frame idx="950" w="351" h="499" x="-22.586075" y="-104.089142">
   <element name="symbol0" layername="timeline_0" frame="3" z_index="5" m_a="3.000000" m_b="0.000000" m_c="0.000000" m_d="3.000000" m_tx="-22.586075" m_ty="-104.089142"/>
  </frame>
  <frame idx="975" w="351" h="499" x="-22.586075" y="-104.089142">
   <element name="symbol0" layername="timeline_0" frame="3" z_index="5" m_a="3.000000" m_b="0.000000" m_c="0.000000" m_d="3.000000" m_tx="-22.586075" m_ty="-104.089142"/>
  </frame>
 </anim>
 <anim name="0" root="beanstalk_wall" numframes="1000" framerate="40">
  <frame idx="0" w="393" h="380" x="-9.336761" y="-31.955399">
   <element name="symbol0" layername="timeline_0" frame="4" z_index="5" m_a="3.000000" m_b="0.000000" m_c="0.000000" m_d="3.000000" m_tx="-9.336761" m_ty="-31.955399"/>
  </frame>
  <frame idx="25" w="393" h="380" x="-9.336761" y="-31.955399">
   <element name="symbol0" layername="timeline_0" frame="4" z_index="5" m_a="3.000000" m_b="0.000000" m_c="0.000000" m_d="3.000000" m_tx="-9.336761" m_ty="-31.955399"/>
  </frame>
  <frame idx="50" w="393" h="380" x="-9.336761" y="-31.955399">
   <element name="symbol0" layername="timeline_0" frame="4" z_index="5" m_a="3.000000" m_b="0.000000" m_c="0.000000" m_d="3.000000" m_tx="-9.336761" m_ty="-31.955399"/>
  </frame>
  <frame idx="75" w="393" h="380" x="-9.336761" y="-31.955399">
   <element name="symbol0" layername="timeline_0" frame="4" z_index="5" m_a="3.000000" m_b="0.000000" m_c="0.000000" m_d="3.000000" m_tx="-9.336761" m_ty="-31.955399"/>
  </frame>
  <frame idx="100" w="393" h="380" x="-9.336761" y="-31.955399">
   <element name="symbol0" layername="timeline_0" frame="4" z_index="5" m_a="3.000000" m_b="0.000000" m_c="0.000000" m_d="3.000000" m_tx="-9.336761" m_ty="-31.955399"/>
  </frame>
  <frame idx="125" w="393" h="380" x="-9.336761" y="-31.955399">
   <element name="symbol0" layername="timeline_0" frame="4" z_index="5" m_a="3.000000" m_b="0.000000" m_c="0.000000" m_d="3.000000" m_tx="-9.336761" m_ty="-31.955399"/>
  </frame>
  <frame idx="150" w="393" h="380" x="-9.336761" y="-31.955399">
   <element name="symbol0" layername="timeline_0" frame="4" z_index="5" m_a="3.000000" m_b="0.000000" m_c="0.000000" m_d="3.000000" m_tx="-9.336761" m_ty="-31.955399"/>
  </frame>
  <frame idx="175" w="393" h="380" x="-9.336761" y="-31.955399">
   <element name="symbol0" layername="timeline_0" frame="4" z_index="5" m_a="3.000000" m_b="0.000000" m_c="0.000000" m_d="3.000000" m_tx="-9.336761" m_ty="-31.955399"/>
  </frame>
  <frame idx="200" w="393" h="380" x="-9.336761" y="-31.955399">
   <element name="symbol0" layername="timeline_0" frame="4" z_index="5" m_a="3.000000" m_b="0.000000" m_c="0.000000" m_d="3.000000" m_tx="-9.336761" m_ty="-31.955399"/>
  </frame>
  <frame idx="225" w="393" h="380" x="-9.336761" y="-31.955399">
   <element name="symbol0" layername="timeline_0" frame="4" z_index="5" m_a="3.000000" m_b="0.000000" m_c="0.000000" m_d="3.000000" m_tx="-9.336761" m_ty="-31.955399"/>
  </frame>
  <frame idx="250" w="393" h="380" x="-9.336761" y="-31.955399">
   <element name="symbol0" layername="timeline_0" frame="4" z_index="5" m_a="3.000000" m_b="0.000000" m_c="0.000000" m_d="3.000000" m_tx="-9.336761" m_ty="-31.955399"/>
  </frame>
  <frame idx="275" w="393" h="380" x="-9.336761" y="-31.955399">
   <element name="symbol0" layername="timeline_0" frame="4" z_index="5" m_a="3.000000" m_b="0.000000" m_c="0.000000" m_d="3.000000" m_tx="-9.336761" m_ty="-31.955399"/>
  </frame>
  <frame idx="300" w="393" h="380" x="-9.336761" y="-31.955399">
   <element name="symbol0" layername="timeline_0" frame="4" z_index="5" m_a="3.000000" m_b="0.000000" m_c="0.000000" m_d="3.000000" m_tx="-9.336761" m_ty="-31.955399"/>
  </frame>
  <frame idx="325" w="393" h="380" x="-9.336761" y="-31.955399">
   <element name="symbol0" layername="timeline_0" frame="4" z_index="5" m_a="3.000000" m_b="0.000000" m_c="0.000000" m_d="3.000000" m_tx="-9.336761" m_ty="-31.955399"/>
  </frame>
  <frame idx="350" w="393" h="380" x="-9.336761" y="-31.955399">
   <element name="symbol0" layername="timeline_0" frame="4" z_index="5" m_a="3.000000" m_b="0.000000" m_c="0.000000" m_d="3.000000" m_tx="-9.336761" m_ty="-31.955399"/>
  </frame>
  <frame idx="375" w="393" h="380" x="-9.336761" y="-31.955399">
   <element name="symbol0" layername="timeline_0" frame="4" z_index="5" m_a="3.000000" m_b="0.000000" m_c="0.000000" m_d="3.000000" m_tx="-9.336761" m_ty="-31.955399"/>
  </frame>
  <frame idx="400" w="393" h="380" x="-9.336761" y="-31.955399">
   <element name="symbol0" layername="timeline_0" frame="4" z_index="5" m_a="3.000000" m_b="0.000000" m_c="0.000000" m_d="3.000000" m_tx="-9.336761" m_ty="-31.955399"/>
  </frame>
  <frame idx="425" w="393" h="380" x="-9.336761" y="-31.955399">
   <element name="symbol0" layername="timeline_0" frame="4" z_index="5" m_a="3.000000" m_b="0.000000" m_c="0.000000" m_d="3.000000" m_tx="-9.336761" m_ty="-31.955399"/>
  </frame>
  <frame idx="450" w="393" h="380" x="-9.336761" y="-31.955399">
   <element name="symbol0" layername="timeline_0" frame="4" z_index="5" m_a="3.000000" m_b="0.000000" m_c="0.000000" m_d="3.000000" m_tx="-9.336761" m_ty="-31.955399"/>
  </frame>
  <frame idx="475" w="393" h="380" x="-9.336761" y="-31.955399">
   <element name="symbol0" layername="timeline_0" frame="4" z_index="5" m_a="3.000000" m_b="0.000000" m_c="0.000000" m_d="3.000000" m_tx="-9.336761" m_ty="-31.955399"/>
  </frame>
  <frame idx="500" w="393" h="380" x="-9.336761" y="-31.955399">
   <element name="symbol0" layername="timeline_0" frame="4" z_index="5" m_a="3.000000" m_b="0.000000" m_c="0.000000" m_d="3.000000" m_tx="-9.336761" m_ty="-31.955399"/>
  </frame>
  <frame idx="525" w="393" h="380" x="-9.336761" y="-31.955399">
   <element name="symbol0" layername="timeline_0" frame="4" z_index="5" m_a="3.000000" m_b="0.000000" m_c="0.000000" m_d="3.000000" m_tx="-9.336761" m_ty="-31.955399"/>
  </frame>
  <frame idx="550" w="393" h="380" x="-9.336761" y="-31.955399">
   <element name="symbol0" layername="timeline_0" frame="4" z_index="5" m_a="3.000000" m_b="0.000000" m_c="0.000000" m_d="3.000000" m_tx="-9.336761" m_ty="-31.955399"/>
  </frame>
  <frame idx="575" w="393" h="380" x="-9.336761" y="-31.955399">
   <element name="symbol0" layername="timeline_0" frame="4" z_index="5" m_a="3.000000" m_b="0.000000" m_c="0.000000" m_d="3.000000" m_tx="-9.336761" m_ty="-31.955399"/>
  </frame>
  <frame idx="600" w="393" h="380" x="-9.336761" y="-31.955399">
   <element name="symbol0" layername="timeline_0" frame="4" z_index="5" m_a="3.000000" m_b="0.000000" m_c="0.000000" m_d="3.000000" m_tx="-9.336761" m_ty="-31.955399"/>
  </frame>
  <frame idx="625" w="393" h="380" x="-9.336761" y="-31.955399">
   <element name="symbol0" layername="timeline_0" frame="4" z_index="5" m_a="3.000000" m_b="0.000000" m_c="0.000000" m_d="3.000000" m_tx="-9.336761" m_ty="-31.955399"/>
  </frame>
  <frame idx="650" w="393" h="380" x="-9.336761" y="-31.955399">
   <element name="symbol0" layername="timeline_0" frame="4" z_index="5" m_a="3.000000" m_b="0.000000" m_c="0.000000" m_d="3.000000" m_tx="-9.336761" m_ty="-31.955399"/>
  </frame>
  <frame idx="675" w="393" h="380" x="-9.336761" y="-31.955399">
   <element name="symbol0" layername="timeline_0" frame="4" z_index="5" m_a="3.000000" m_b="0.000000" m_c="0.000000" m_d="3.000000" m_tx="-9.336761" m_ty="-31.955399"/>
  </frame>
  <frame idx="700" w="393" h="380" x="-9.336761" y="-31.955399">
   <element name="symbol0" layername="timeline_0" frame="4" z_index="5" m_a="3.000000" m_b="0.000000" m_c="0.000000" m_d="3.000000" m_tx="-9.336761" m_ty="-31.955399"/>
  </frame>
  <frame idx="725" w="393" h="380" x="-9.336761" y="-31.955399">
   <element name="symbol0" layername="timeline_0" frame="4" z_index="5" m_a="3.000000" m_b="0.000000" m_c="0.000000" m_d="3.000000" m_tx="-9.336761" m_ty="-31.955399"/>
  </frame>
  <frame idx="750" w="393" h="380" x="-9.336761" y="-31.955399">
   <element name="symbol0" layername="timeline_0" frame="4" z_index="5" m_a="3.000000" m_b="0.000000" m_c="0.000000" m_d="3.000000" m_tx="-9.336761" m_ty="-31.955399"/>
  </frame>
  <frame idx="775" w="393" h="380" x="-9.336761" y="-31.955399">
   <element name="symbol0" layername="timeline_0" frame="4" z_index="5" m_a="3.000000" m_b="0.000000" m_c="0.000000" m_d="3.000000" m_tx="-9.336761" m_ty="-31.955399"/>
  </frame>
  <frame idx="800" w="393" h="380" x="-9.336761" y="-31.955399">
   <element name="symbol0" layername="timeline_0" frame="4" z_index="5" m_a="3.000000" m_b="0.000000" m_c="0.000000" m_d="3.000000" m_tx="-9.336761" m_ty="-31.955399"/>
  </frame>
  <frame idx="825" w="393" h="380" x="-9.336761" y="-31.955399">
   <element name="symbol0" layername="timeline_0" frame="4" z_index="5" m_a="3.000000" m_b="0.000000" m_c="0.000000" m_d="3.000000" m_tx="-9.336761" m_ty="-31.955399"/>
  </frame>
  <frame idx="850" w="393" h="380" x="-9.336761" y="-31.955399">
   <element name="symbol0" layername="timeline_0" frame="4" z_index="5" m_a="3.000000" m_b="0.000000" m_c="0.000000" m_d="3.000000" m_tx="-9.336761" m_ty="-31.955399"/>
  </frame>
  <frame idx="875" w="393" h="380" x="-9.336761" y="-31.955399">
   <element name="symbol0" layername="timeline_0" frame="4" z_index="5" m_a="3.000000" m_b="0.000000" m_c="0.000000" m_d="3.000000" m_tx="-9.336761" m_ty="-31.955399"/>
  </frame>
  <frame idx="900" w="393" h="380" x="-9.336761" y="-31.955399">
   <element name="symbol0" layername="timeline_0" frame="4" z_index="5" m_a="3.000000" m_b="0.000000" m_c="0.000000" m_d="3.000000" m_tx="-9.336761" m_ty="-31.955399"/>
  </frame>
  <frame idx="925" w="393" h="380" x="-9.336761" y="-31.955399">
   <element name="symbol0" layername="timeline_0" frame="4" z_index="5" m_a="3.000000" m_b="0.000000" m_c="0.000000" m_d="3.000000" m_tx="-9.336761" m_ty="-31.955399"/>
  </frame>
  <frame idx="950" w="393" h="380" x="-9.336761" y="-31.955399">
   <element name="symbol0" layername="timeline_0" frame="4" z_index="5" m_a="3.000000" m_b="0.000000" m_c="0.000000" m_d="3.000000" m_tx="-9.336761" m_ty="-31.955399"/>
  </frame>
  <frame idx="975" w="393" h="380" x="-9.336761" y="-31.955399">
   <element name="symbol0" layername="timeline_0" frame="4" z_index="5" m_a="3.000000" m_b="0.000000" m_c="0.000000" m_d="3.000000" m_tx="-9.336761" m_ty="-31.955399"/>
  </frame>
 </anim>
</Anims>
