<Anims>
 <anim name="1" root="beanstalk_wall" numframes="1000" framerate="40">
  <frame idx="0" w="104" h="184" x="0.000000" y="0.000000">
   <element name="symbol0" layername="timeline_0" frame="0" z_index="5" m_a="1.000000" m_b="0.000000" m_c="0.000000" m_d="1.000000" m_tx="7.844154" m_ty="-58.000000"/>
  </frame>
  <frame idx="25" w="104" h="184" x="0.000000" y="0.000000">
   <element name="symbol0" layername="timeline_0" frame="0" z_index="5" m_a="1.000000" m_b="0.000000" m_c="0.000000" m_d="1.000000" m_tx="7.844154" m_ty="-58.000000"/>
  </frame>
  <frame idx="50" w="104" h="184" x="0.000000" y="0.000000">
   <element name="symbol0" layername="timeline_0" frame="0" z_index="5" m_a="1.000000" m_b="0.000000" m_c="0.000000" m_d="1.000000" m_tx="7.844154" m_ty="-58.000000"/>
  </frame>
  <frame idx="75" w="104" h="184" x="0.000000" y="0.000000">
   <element name="symbol0" layername="timeline_0" frame="0" z_index="5" m_a="1.000000" m_b="0.000000" m_c="0.000000" m_d="1.000000" m_tx="7.844154" m_ty="-58.000000"/>
  </frame>
  <frame idx="100" w="104" h="184" x="0.000000" y="0.000000">
   <element name="symbol0" layername="timeline_0" frame="0" z_index="5" m_a="1.000000" m_b="0.000000" m_c="0.000000" m_d="1.000000" m_tx="7.844154" m_ty="-58.000000"/>
  </frame>
  <frame idx="125" w="104" h="184" x="0.000000" y="0.000000">
   <element name="symbol0" layername="timeline_0" frame="0" z_index="5" m_a="1.000000" m_b="0.000000" m_c="0.000000" m_d="1.000000" m_tx="7.844154" m_ty="-58.000000"/>
  </frame>
  <frame idx="150" w="104" h="184" x="0.000000" y="0.000000">
   <element name="symbol0" layername="timeline_0" frame="0" z_index="5" m_a="1.000000" m_b="0.000000" m_c="0.000000" m_d="1.000000" m_tx="7.844154" m_ty="-58.000000"/>
  </frame>
  <frame idx="175" w="104" h="184" x="0.000000" y="0.000000">
   <element name="symbol0" layername="timeline_0" frame="0" z_index="5" m_a="1.000000" m_b="0.000000" m_c="0.000000" m_d="1.000000" m_tx="7.844154" m_ty="-58.000000"/>
  </frame>
  <frame idx="200" w="104" h="184" x="0.000000" y="0.000000">
   <element name="symbol0" layername="timeline_0" frame="0" z_index="5" m_a="1.000000" m_b="0.000000" m_c="0.000000" m_d="1.000000" m_tx="7.844154" m_ty="-58.000000"/>
  </frame>
  <frame idx="225" w="104" h="184" x="0.000000" y="0.000000">
   <element name="symbol0" layername="timeline_0" frame="0" z_index="5" m_a="1.000000" m_b="0.000000" m_c="0.000000" m_d="1.000000" m_tx="7.844154" m_ty="-58.000000"/>
  </frame>
  <frame idx="250" w="104" h="184" x="0.000000" y="0.000000">
   <element name="symbol0" layername="timeline_0" frame="0" z_index="5" m_a="1.000000" m_b="0.000000" m_c="0.000000" m_d="1.000000" m_tx="7.844154" m_ty="-58.000000"/>
  </frame>
  <frame idx="275" w="104" h="184" x="0.000000" y="0.000000">
   <element name="symbol0" layername="timeline_0" frame="0" z_index="5" m_a="1.000000" m_b="0.000000" m_c="0.000000" m_d="1.000000" m_tx="7.844154" m_ty="-58.000000"/>
  </frame>
  <frame idx="300" w="104" h="184" x="0.000000" y="0.000000">
   <element name="symbol0" layername="timeline_0" frame="0" z_index="5" m_a="1.000000" m_b="0.000000" m_c="0.000000" m_d="1.000000" m_tx="7.844154" m_ty="-58.000000"/>
  </frame>
  <frame idx="325" w="104" h="184" x="0.000000" y="0.000000">
   <element name="symbol0" layername="timeline_0" frame="0" z_index="5" m_a="1.000000" m_b="0.000000" m_c="0.000000" m_d="1.000000" m_tx="7.844154" m_ty="-58.000000"/>
  </frame>
  <frame idx="350" w="104" h="184" x="0.000000" y="0.000000">
   <element name="symbol0" layername="timeline_0" frame="0" z_index="5" m_a="1.000000" m_b="0.000000" m_c="0.000000" m_d="1.000000" m_tx="7.844154" m_ty="-58.000000"/>
  </frame>
  <frame idx="375" w="104" h="184" x="0.000000" y="0.000000">
   <element name="symbol0" layername="timeline_0" frame="0" z_index="5" m_a="1.000000" m_b="0.000000" m_c="0.000000" m_d="1.000000" m_tx="7.844154" m_ty="-58.000000"/>
  </frame>
  <frame idx="400" w="104" h="184" x="0.000000" y="0.000000">
   <element name="symbol0" layername="timeline_0" frame="0" z_index="5" m_a="1.000000" m_b="0.000000" m_c="0.000000" m_d="1.000000" m_tx="7.844154" m_ty="-58.000000"/>
  </frame>
  <frame idx="425" w="104" h="184" x="0.000000" y="0.000000">
   <element name="symbol0" layername="timeline_0" frame="0" z_index="5" m_a="1.000000" m_b="0.000000" m_c="0.000000" m_d="1.000000" m_tx="7.844154" m_ty="-58.000000"/>
  </frame>
  <frame idx="450" w="104" h="184" x="0.000000" y="0.000000">
   <element name="symbol0" layername="timeline_0" frame="0" z_index="5" m_a="1.000000" m_b="0.000000" m_c="0.000000" m_d="1.000000" m_tx="7.844154" m_ty="-58.000000"/>
  </frame>
  <frame idx="475" w="104" h="184" x="0.000000" y="0.000000">
   <element name="symbol0" layername="timeline_0" frame="0" z_index="5" m_a="1.000000" m_b="0.000000" m_c="0.000000" m_d="1.000000" m_tx="7.844154" m_ty="-58.000000"/>
  </frame>
  <frame idx="500" w="104" h="184" x="0.000000" y="0.000000">
   <element name="symbol0" layername="timeline_0" frame="0" z_index="5" m_a="1.000000" m_b="0.000000" m_c="0.000000" m_d="1.000000" m_tx="7.844154" m_ty="-58.000000"/>
  </frame>
  <frame idx="525" w="104" h="184" x="0.000000" y="0.000000">
   <element name="symbol0" layername="timeline_0" frame="0" z_index="5" m_a="1.000000" m_b="0.000000" m_c="0.000000" m_d="1.000000" m_tx="7.844154" m_ty="-58.000000"/>
  </frame>
  <frame idx="550" w="104" h="184" x="0.000000" y="0.000000">
   <element name="symbol0" layername="timeline_0" frame="0" z_index="5" m_a="1.000000" m_b="0.000000" m_c="0.000000" m_d="1.000000" m_tx="7.844154" m_ty="-58.000000"/>
  </frame>
  <frame idx="575" w="104" h="184" x="0.000000" y="0.000000">
   <element name="symbol0" layername="timeline_0" frame="0" z_index="5" m_a="1.000000" m_b="0.000000" m_c="0.000000" m_d="1.000000" m_tx="7.844154" m_ty="-58.000000"/>
  </frame>
  <frame idx="600" w="104" h="184" x="0.000000" y="0.000000">
   <element name="symbol0" layername="timeline_0" frame="0" z_index="5" m_a="1.000000" m_b="0.000000" m_c="0.000000" m_d="1.000000" m_tx="7.844154" m_ty="-58.000000"/>
  </frame>
  <frame idx="625" w="104" h="184" x="0.000000" y="0.000000">
   <element name="symbol0" layername="timeline_0" frame="0" z_index="5" m_a="1.000000" m_b="0.000000" m_c="0.000000" m_d="1.000000" m_tx="7.844154" m_ty="-58.000000"/>
  </frame>
  <frame idx="650" w="104" h="184" x="0.000000" y="0.000000">
   <element name="symbol0" layername="timeline_0" frame="0" z_index="5" m_a="1.000000" m_b="0.000000" m_c="0.000000" m_d="1.000000" m_tx="7.844154" m_ty="-58.000000"/>
  </frame>
  <frame idx="675" w="104" h="184" x="0.000000" y="0.000000">
   <element name="symbol0" layername="timeline_0" frame="0" z_index="5" m_a="1.000000" m_b="0.000000" m_c="0.000000" m_d="1.000000" m_tx="7.844154" m_ty="-58.000000"/>
  </frame>
  <frame idx="700" w="104" h="184" x="0.000000" y="0.000000">
   <element name="symbol0" layername="timeline_0" frame="0" z_index="5" m_a="1.000000" m_b="0.000000" m_c="0.000000" m_d="1.000000" m_tx="7.844154" m_ty="-58.000000"/>
  </frame>
  <frame idx="725" w="104" h="184" x="0.000000" y="0.000000">
   <element name="symbol0" layername="timeline_0" frame="0" z_index="5" m_a="1.000000" m_b="0.000000" m_c="0.000000" m_d="1.000000" m_tx="7.844154" m_ty="-58.000000"/>
  </frame>
  <frame idx="750" w="104" h="184" x="0.000000" y="0.000000">
   <element name="symbol0" layername="timeline_0" frame="0" z_index="5" m_a="1.000000" m_b="0.000000" m_c="0.000000" m_d="1.000000" m_tx="7.844154" m_ty="-58.000000"/>
  </frame>
  <frame idx="775" w="104" h="184" x="0.000000" y="0.000000">
   <element name="symbol0" layername="timeline_0" frame="0" z_index="5" m_a="1.000000" m_b="0.000000" m_c="0.000000" m_d="1.000000" m_tx="7.844154" m_ty="-58.000000"/>
  </frame>
  <frame idx="800" w="104" h="184" x="0.000000" y="0.000000">
   <element name="symbol0" layername="timeline_0" frame="0" z_index="5" m_a="1.000000" m_b="0.000000" m_c="0.000000" m_d="1.000000" m_tx="7.844154" m_ty="-58.000000"/>
  </frame>
  <frame idx="825" w="104" h="184" x="0.000000" y="0.000000">
   <element name="symbol0" layername="timeline_0" frame="0" z_index="5" m_a="1.000000" m_b="0.000000" m_c="0.000000" m_d="1.000000" m_tx="7.844154" m_ty="-58.000000"/>
  </frame>
  <frame idx="850" w="104" h="184" x="0.000000" y="0.000000">
   <element name="symbol0" layername="timeline_0" frame="0" z_index="5" m_a="1.000000" m_b="0.000000" m_c="0.000000" m_d="1.000000" m_tx="7.844154" m_ty="-58.000000"/>
  </frame>
  <frame idx="875" w="104" h="184" x="0.000000" y="0.000000">
   <element name="symbol0" layername="timeline_0" frame="0" z_index="5" m_a="1.000000" m_b="0.000000" m_c="0.000000" m_d="1.000000" m_tx="7.844154" m_ty="-58.000000"/>
  </frame>
  <frame idx="900" w="104" h="184" x="0.000000" y="0.000000">
   <element name="symbol0" layername="timeline_0" frame="0" z_index="5" m_a="1.000000" m_b="0.000000" m_c="0.000000" m_d="1.000000" m_tx="7.844154" m_ty="-58.000000"/>
  </frame>
  <frame idx="925" w="104" h="184" x="0.000000" y="0.000000">
   <element name="symbol0" layername="timeline_0" frame="0" z_index="5" m_a="1.000000" m_b="0.000000" m_c="0.000000" m_d="1.000000" m_tx="7.844154" m_ty="-58.000000"/>
  </frame>
  <frame idx="950" w="104" h="184" x="0.000000" y="0.000000">
   <element name="symbol0" layername="timeline_0" frame="0" z_index="5" m_a="1.000000" m_b="0.000000" m_c="0.000000" m_d="1.000000" m_tx="7.844154" m_ty="-58.000000"/>
  </frame>
  <frame idx="975" w="104" h="184" x="0.000000" y="0.000000">
   <element name="symbol0" layername="timeline_0" frame="0" z_index="5" m_a="1.000000" m_b="0.000000" m_c="0.000000" m_d="1.000000" m_tx="7.844154" m_ty="-58.000000"/>
  </frame>
 </anim>
 <anim name="1_2" root="beanstalk_wall" numframes="1000" framerate="40">
  <frame idx="0" w="111" h="119" x="0.000000" y="0.000000">
   <element name="symbol0" layername="timeline_0" frame="1" z_index="5" m_a="1.000000" m_b="0.000000" m_c="0.000000" m_d="1.000000" m_tx="5.266636" m_ty="-20.833336"/>
  </frame>
  <frame idx="25" w="111" h="119" x="0.000000" y="0.000000">
   <element name="symbol0" layername="timeline_0" frame="1" z_index="5" m_a="1.000000" m_b="0.000000" m_c="0.000000" m_d="1.000000" m_tx="5.266636" m_ty="-20.833336"/>
  </frame>
  <frame idx="50" w="111" h="119" x="0.000000" y="0.000000">
   <element name="symbol0" layername="timeline_0" frame="1" z_index="5" m_a="1.000000" m_b="0.000000" m_c="0.000000" m_d="1.000000" m_tx="5.266636" m_ty="-20.833336"/>
  </frame>
  <frame idx="75" w="111" h="119" x="0.000000" y="0.000000">
   <element name="symbol0" layername="timeline_0" frame="1" z_index="5" m_a="1.000000" m_b="0.000000" m_c="0.000000" m_d="1.000000" m_tx="5.266636" m_ty="-20.833336"/>
  </frame>
  <frame idx="100" w="111" h="119" x="0.000000" y="0.000000">
   <element name="symbol0" layername="timeline_0" frame="1" z_index="5" m_a="1.000000" m_b="0.000000" m_c="0.000000" m_d="1.000000" m_tx="5.266636" m_ty="-20.833336"/>
  </frame>
  <frame idx="125" w="111" h="119" x="0.000000" y="0.000000">
   <element name="symbol0" layername="timeline_0" frame="1" z_index="5" m_a="1.000000" m_b="0.000000" m_c="0.000000" m_d="1.000000" m_tx="5.266636" m_ty="-20.833336"/>
  </frame>
  <frame idx="150" w="111" h="119" x="0.000000" y="0.000000">
   <element name="symbol0" layername="timeline_0" frame="1" z_index="5" m_a="1.000000" m_b="0.000000" m_c="0.000000" m_d="1.000000" m_tx="5.266636" m_ty="-20.833336"/>
  </frame>
  <frame idx="175" w="111" h="119" x="0.000000" y="0.000000">
   <element name="symbol0" layername="timeline_0" frame="1" z_index="5" m_a="1.000000" m_b="0.000000" m_c="0.000000" m_d="1.000000" m_tx="5.266636" m_ty="-20.833336"/>
  </frame>
  <frame idx="200" w="111" h="119" x="0.000000" y="0.000000">
   <element name="symbol0" layername="timeline_0" frame="1" z_index="5" m_a="1.000000" m_b="0.000000" m_c="0.000000" m_d="1.000000" m_tx="5.266636" m_ty="-20.833336"/>
  </frame>
  <frame idx="225" w="111" h="119" x="0.000000" y="0.000000">
   <element name="symbol0" layername="timeline_0" frame="1" z_index="5" m_a="1.000000" m_b="0.000000" m_c="0.000000" m_d="1.000000" m_tx="5.266636" m_ty="-20.833336"/>
  </frame>
  <frame idx="250" w="111" h="119" x="0.000000" y="0.000000">
   <element name="symbol0" layername="timeline_0" frame="1" z_index="5" m_a="1.000000" m_b="0.000000" m_c="0.000000" m_d="1.000000" m_tx="5.266636" m_ty="-20.833336"/>
  </frame>
  <frame idx="275" w="111" h="119" x="0.000000" y="0.000000">
   <element name="symbol0" layername="timeline_0" frame="1" z_index="5" m_a="1.000000" m_b="0.000000" m_c="0.000000" m_d="1.000000" m_tx="5.266636" m_ty="-20.833336"/>
  </frame>
  <frame idx="300" w="111" h="119" x="0.000000" y="0.000000">
   <element name="symbol0" layername="timeline_0" frame="1" z_index="5" m_a="1.000000" m_b="0.000000" m_c="0.000000" m_d="1.000000" m_tx="5.266636" m_ty="-20.833336"/>
  </frame>
  <frame idx="325" w="111" h="119" x="0.000000" y="0.000000">
   <element name="symbol0" layername="timeline_0" frame="1" z_index="5" m_a="1.000000" m_b="0.000000" m_c="0.000000" m_d="1.000000" m_tx="5.266636" m_ty="-20.833336"/>
  </frame>
  <frame idx="350" w="111" h="119" x="0.000000" y="0.000000">
   <element name="symbol0" layername="timeline_0" frame="1" z_index="5" m_a="1.000000" m_b="0.000000" m_c="0.000000" m_d="1.000000" m_tx="5.266636" m_ty="-20.833336"/>
  </frame>
  <frame idx="375" w="111" h="119" x="0.000000" y="0.000000">
   <element name="symbol0" layername="timeline_0" frame="1" z_index="5" m_a="1.000000" m_b="0.000000" m_c="0.000000" m_d="1.000000" m_tx="5.266636" m_ty="-20.833336"/>
  </frame>
  <frame idx="400" w="111" h="119" x="0.000000" y="0.000000">
   <element name="symbol0" layername="timeline_0" frame="1" z_index="5" m_a="1.000000" m_b="0.000000" m_c="0.000000" m_d="1.000000" m_tx="5.266636" m_ty="-20.833336"/>
  </frame>
  <frame idx="425" w="111" h="119" x="0.000000" y="0.000000">
   <element name="symbol0" layername="timeline_0" frame="1" z_index="5" m_a="1.000000" m_b="0.000000" m_c="0.000000" m_d="1.000000" m_tx="5.266636" m_ty="-20.833336"/>
  </frame>
  <frame idx="450" w="111" h="119" x="0.000000" y="0.000000">
   <element name="symbol0" layername="timeline_0" frame="1" z_index="5" m_a="1.000000" m_b="0.000000" m_c="0.000000" m_d="1.000000" m_tx="5.266636" m_ty="-20.833336"/>
  </frame>
  <frame idx="475" w="111" h="119" x="0.000000" y="0.000000">
   <element name="symbol0" layername="timeline_0" frame="1" z_index="5" m_a="1.000000" m_b="0.000000" m_c="0.000000" m_d="1.000000" m_tx="5.266636" m_ty="-20.833336"/>
  </frame>
  <frame idx="500" w="111" h="119" x="0.000000" y="0.000000">
   <element name="symbol0" layername="timeline_0" frame="1" z_index="5" m_a="1.000000" m_b="0.000000" m_c="0.000000" m_d="1.000000" m_tx="5.266636" m_ty="-20.833336"/>
  </frame>
  <frame idx="525" w="111" h="119" x="0.000000" y="0.000000">
   <element name="symbol0" layername="timeline_0" frame="1" z_index="5" m_a="1.000000" m_b="0.000000" m_c="0.000000" m_d="1.000000" m_tx="5.266636" m_ty="-20.833336"/>
  </frame>
  <frame idx="550" w="111" h="119" x="0.000000" y="0.000000">
   <element name="symbol0" layername="timeline_0" frame="1" z_index="5" m_a="1.000000" m_b="0.000000" m_c="0.000000" m_d="1.000000" m_tx="5.266636" m_ty="-20.833336"/>
  </frame>
  <frame idx="575" w="111" h="119" x="0.000000" y="0.000000">
   <element name="symbol0" layername="timeline_0" frame="1" z_index="5" m_a="1.000000" m_b="0.000000" m_c="0.000000" m_d="1.000000" m_tx="5.266636" m_ty="-20.833336"/>
  </frame>
  <frame idx="600" w="111" h="119" x="0.000000" y="0.000000">
   <element name="symbol0" layername="timeline_0" frame="1" z_index="5" m_a="1.000000" m_b="0.000000" m_c="0.000000" m_d="1.000000" m_tx="5.266636" m_ty="-20.833336"/>
  </frame>
  <frame idx="625" w="111" h="119" x="0.000000" y="0.000000">
   <element name="symbol0" layername="timeline_0" frame="1" z_index="5" m_a="1.000000" m_b="0.000000" m_c="0.000000" m_d="1.000000" m_tx="5.266636" m_ty="-20.833336"/>
  </frame>
  <frame idx="650" w="111" h="119" x="0.000000" y="0.000000">
   <element name="symbol0" layername="timeline_0" frame="1" z_index="5" m_a="1.000000" m_b="0.000000" m_c="0.000000" m_d="1.000000" m_tx="5.266636" m_ty="-20.833336"/>
  </frame>
  <frame idx="675" w="111" h="119" x="0.000000" y="0.000000">
   <element name="symbol0" layername="timeline_0" frame="1" z_index="5" m_a="1.000000" m_b="0.000000" m_c="0.000000" m_d="1.000000" m_tx="5.266636" m_ty="-20.833336"/>
  </frame>
  <frame idx="700" w="111" h="119" x="0.000000" y="0.000000">
   <element name="symbol0" layername="timeline_0" frame="1" z_index="5" m_a="1.000000" m_b="0.000000" m_c="0.000000" m_d="1.000000" m_tx="5.266636" m_ty="-20.833336"/>
  </frame>
  <frame idx="725" w="111" h="119" x="0.000000" y="0.000000">
   <element name="symbol0" layername="timeline_0" frame="1" z_index="5" m_a="1.000000" m_b="0.000000" m_c="0.000000" m_d="1.000000" m_tx="5.266636" m_ty="-20.833336"/>
  </frame>
  <frame idx="750" w="111" h="119" x="0.000000" y="0.000000">
   <element name="symbol0" layername="timeline_0" frame="1" z_index="5" m_a="1.000000" m_b="0.000000" m_c="0.000000" m_d="1.000000" m_tx="5.266636" m_ty="-20.833336"/>
  </frame>
  <frame idx="775" w="111" h="119" x="0.000000" y="0.000000">
   <element name="symbol0" layername="timeline_0" frame="1" z_index="5" m_a="1.000000" m_b="0.000000" m_c="0.000000" m_d="1.000000" m_tx="5.266636" m_ty="-20.833336"/>
  </frame>
  <frame idx="800" w="111" h="119" x="0.000000" y="0.000000">
   <element name="symbol0" layername="timeline_0" frame="1" z_index="5" m_a="1.000000" m_b="0.000000" m_c="0.000000" m_d="1.000000" m_tx="5.266636" m_ty="-20.833336"/>
  </frame>
  <frame idx="825" w="111" h="119" x="0.000000" y="0.000000">
   <element name="symbol0" layername="timeline_0" frame="1" z_index="5" m_a="1.000000" m_b="0.000000" m_c="0.000000" m_d="1.000000" m_tx="5.266636" m_ty="-20.833336"/>
  </frame>
  <frame idx="850" w="111" h="119" x="0.000000" y="0.000000">
   <element name="symbol0" layername="timeline_0" frame="1" z_index="5" m_a="1.000000" m_b="0.000000" m_c="0.000000" m_d="1.000000" m_tx="5.266636" m_ty="-20.833336"/>
  </frame>
  <frame idx="875" w="111" h="119" x="0.000000" y="0.000000">
   <element name="symbol0" layername="timeline_0" frame="1" z_index="5" m_a="1.000000" m_b="0.000000" m_c="0.000000" m_d="1.000000" m_tx="5.266636" m_ty="-20.833336"/>
  </frame>
  <frame idx="900" w="111" h="119" x="0.000000" y="0.000000">
   <element name="symbol0" layername="timeline_0" frame="1" z_index="5" m_a="1.000000" m_b="0.000000" m_c="0.000000" m_d="1.000000" m_tx="5.266636" m_ty="-20.833336"/>
  </frame>
  <frame idx="925" w="111" h="119" x="0.000000" y="0.000000">
   <element name="symbol0" layername="timeline_0" frame="1" z_index="5" m_a="1.000000" m_b="0.000000" m_c="0.000000" m_d="1.000000" m_tx="5.266636" m_ty="-20.833336"/>
  </frame>
  <frame idx="950" w="111" h="119" x="0.000000" y="0.000000">
   <element name="symbol0" layername="timeline_0" frame="1" z_index="5" m_a="1.000000" m_b="0.000000" m_c="0.000000" m_d="1.000000" m_tx="5.266636" m_ty="-20.833336"/>
  </frame>
  <frame idx="975" w="111" h="119" x="0.000000" y="0.000000">
   <element name="symbol0" layername="timeline_0" frame="1" z_index="5" m_a="1.000000" m_b="0.000000" m_c="0.000000" m_d="1.000000" m_tx="5.266636" m_ty="-20.833336"/>
  </frame>
 </anim>
 <anim name="1_4" root="beanstalk_wall" numframes="1000" framerate="40">
  <frame idx="0" w="109" h="102" x="0.000000" y="0.000000">
   <element name="symbol0" layername="timeline_0" frame="2" z_index="5" m_a="1.000000" m_b="0.000000" m_c="0.000000" m_d="1.000000" m_tx="1.817024" m_ty="-11.403103"/>
  </frame>
  <frame idx="25" w="109" h="102" x="0.000000" y="0.000000">
   <element name="symbol0" layername="timeline_0" frame="2" z_index="5" m_a="1.000000" m_b="0.000000" m_c="0.000000" m_d="1.000000" m_tx="1.817024" m_ty="-11.403103"/>
  </frame>
  <frame idx="50" w="109" h="102" x="0.000000" y="0.000000">
   <element name="symbol0" layername="timeline_0" frame="2" z_index="5" m_a="1.000000" m_b="0.000000" m_c="0.000000" m_d="1.000000" m_tx="1.817024" m_ty="-11.403103"/>
  </frame>
  <frame idx="75" w="109" h="102" x="0.000000" y="0.000000">
   <element name="symbol0" layername="timeline_0" frame="2" z_index="5" m_a="1.000000" m_b="0.000000" m_c="0.000000" m_d="1.000000" m_tx="1.817024" m_ty="-11.403103"/>
  </frame>
  <frame idx="100" w="109" h="102" x="0.000000" y="0.000000">
   <element name="symbol0" layername="timeline_0" frame="2" z_index="5" m_a="1.000000" m_b="0.000000" m_c="0.000000" m_d="1.000000" m_tx="1.817024" m_ty="-11.403103"/>
  </frame>
  <frame idx="125" w="109" h="102" x="0.000000" y="0.000000">
   <element name="symbol0" layername="timeline_0" frame="2" z_index="5" m_a="1.000000" m_b="0.000000" m_c="0.000000" m_d="1.000000" m_tx="1.817024" m_ty="-11.403103"/>
  </frame>
  <frame idx="150" w="109" h="102" x="0.000000" y="0.000000">
   <element name="symbol0" layername="timeline_0" frame="2" z_index="5" m_a="1.000000" m_b="0.000000" m_c="0.000000" m_d="1.000000" m_tx="1.817024" m_ty="-11.403103"/>
  </frame>
  <frame idx="175" w="109" h="102" x="0.000000" y="0.000000">
   <element name="symbol0" layername="timeline_0" frame="2" z_index="5" m_a="1.000000" m_b="0.000000" m_c="0.000000" m_d="1.000000" m_tx="1.817024" m_ty="-11.403103"/>
  </frame>
  <frame idx="200" w="109" h="102" x="0.000000" y="0.000000">
   <element name="symbol0" layername="timeline_0" frame="2" z_index="5" m_a="1.000000" m_b="0.000000" m_c="0.000000" m_d="1.000000" m_tx="1.817024" m_ty="-11.403103"/>
  </frame>
  <frame idx="225" w="109" h="102" x="0.000000" y="0.000000">
   <element name="symbol0" layername="timeline_0" frame="2" z_index="5" m_a="1.000000" m_b="0.000000" m_c="0.000000" m_d="1.000000" m_tx="1.817024" m_ty="-11.403103"/>
  </frame>
  <frame idx="250" w="109" h="102" x="0.000000" y="0.000000">
   <element name="symbol0" layername="timeline_0" frame="2" z_index="5" m_a="1.000000" m_b="0.000000" m_c="0.000000" m_d="1.000000" m_tx="1.817024" m_ty="-11.403103"/>
  </frame>
  <frame idx="275" w="109" h="102" x="0.000000" y="0.000000">
   <element name="symbol0" layername="timeline_0" frame="2" z_index="5" m_a="1.000000" m_b="0.000000" m_c="0.000000" m_d="1.000000" m_tx="1.817024" m_ty="-11.403103"/>
  </frame>
  <frame idx="300" w="109" h="102" x="0.000000" y="0.000000">
   <element name="symbol0" layername="timeline_0" frame="2" z_index="5" m_a="1.000000" m_b="0.000000" m_c="0.000000" m_d="1.000000" m_tx="1.817024" m_ty="-11.403103"/>
  </frame>
  <frame idx="325" w="109" h="102" x="0.000000" y="0.000000">
   <element name="symbol0" layername="timeline_0" frame="2" z_index="5" m_a="1.000000" m_b="0.000000" m_c="0.000000" m_d="1.000000" m_tx="1.817024" m_ty="-11.403103"/>
  </frame>
  <frame idx="350" w="109" h="102" x="0.000000" y="0.000000">
   <element name="symbol0" layername="timeline_0" frame="2" z_index="5" m_a="1.000000" m_b="0.000000" m_c="0.000000" m_d="1.000000" m_tx="1.817024" m_ty="-11.403103"/>
  </frame>
  <frame idx="375" w="109" h="102" x="0.000000" y="0.000000">
   <element name="symbol0" layername="timeline_0" frame="2" z_index="5" m_a="1.000000" m_b="0.000000" m_c="0.000000" m_d="1.000000" m_tx="1.817024" m_ty="-11.403103"/>
  </frame>
  <frame idx="400" w="109" h="102" x="0.000000" y="0.000000">
   <element name="symbol0" layername="timeline_0" frame="2" z_index="5" m_a="1.000000" m_b="0.000000" m_c="0.000000" m_d="1.000000" m_tx="1.817024" m_ty="-11.403103"/>
  </frame>
  <frame idx="425" w="109" h="102" x="0.000000" y="0.000000">
   <element name="symbol0" layername="timeline_0" frame="2" z_index="5" m_a="1.000000" m_b="0.000000" m_c="0.000000" m_d="1.000000" m_tx="1.817024" m_ty="-11.403103"/>
  </frame>
  <frame idx="450" w="109" h="102" x="0.000000" y="0.000000">
   <element name="symbol0" layername="timeline_0" frame="2" z_index="5" m_a="1.000000" m_b="0.000000" m_c="0.000000" m_d="1.000000" m_tx="1.817024" m_ty="-11.403103"/>
  </frame>
  <frame idx="475" w="109" h="102" x="0.000000" y="0.000000">
   <element name="symbol0" layername="timeline_0" frame="2" z_index="5" m_a="1.000000" m_b="0.000000" m_c="0.000000" m_d="1.000000" m_tx="1.817024" m_ty="-11.403103"/>
  </frame>
  <frame idx="500" w="109" h="102" x="0.000000" y="0.000000">
   <element name="symbol0" layername="timeline_0" frame="2" z_index="5" m_a="1.000000" m_b="0.000000" m_c="0.000000" m_d="1.000000" m_tx="1.817024" m_ty="-11.403103"/>
  </frame>
  <frame idx="525" w="109" h="102" x="0.000000" y="0.000000">
   <element name="symbol0" layername="timeline_0" frame="2" z_index="5" m_a="1.000000" m_b="0.000000" m_c="0.000000" m_d="1.000000" m_tx="1.817024" m_ty="-11.403103"/>
  </frame>
  <frame idx="550" w="109" h="102" x="0.000000" y="0.000000">
   <element name="symbol0" layername="timeline_0" frame="2" z_index="5" m_a="1.000000" m_b="0.000000" m_c="0.000000" m_d="1.000000" m_tx="1.817024" m_ty="-11.403103"/>
  </frame>
  <frame idx="575" w="109" h="102" x="0.000000" y="0.000000">
   <element name="symbol0" layername="timeline_0" frame="2" z_index="5" m_a="1.000000" m_b="0.000000" m_c="0.000000" m_d="1.000000" m_tx="1.817024" m_ty="-11.403103"/>
  </frame>
  <frame idx="600" w="109" h="102" x="0.000000" y="0.000000">
   <element name="symbol0" layername="timeline_0" frame="2" z_index="5" m_a="1.000000" m_b="0.000000" m_c="0.000000" m_d="1.000000" m_tx="1.817024" m_ty="-11.403103"/>
  </frame>
  <frame idx="625" w="109" h="102" x="0.000000" y="0.000000">
   <element name="symbol0" layername="timeline_0" frame="2" z_index="5" m_a="1.000000" m_b="0.000000" m_c="0.000000" m_d="1.000000" m_tx="1.817024" m_ty="-11.403103"/>
  </frame>
  <frame idx="650" w="109" h="102" x="0.000000" y="0.000000">
   <element name="symbol0" layername="timeline_0" frame="2" z_index="5" m_a="1.000000" m_b="0.000000" m_c="0.000000" m_d="1.000000" m_tx="1.817024" m_ty="-11.403103"/>
  </frame>
  <frame idx="675" w="109" h="102" x="0.000000" y="0.000000">
   <element name="symbol0" layername="timeline_0" frame="2" z_index="5" m_a="1.000000" m_b="0.000000" m_c="0.000000" m_d="1.000000" m_tx="1.817024" m_ty="-11.403103"/>
  </frame>
  <frame idx="700" w="109" h="102" x="0.000000" y="0.000000">
   <element name="symbol0" layername="timeline_0" frame="2" z_index="5" m_a="1.000000" m_b="0.000000" m_c="0.000000" m_d="1.000000" m_tx="1.817024" m_ty="-11.403103"/>
  </frame>
  <frame idx="725" w="109" h="102" x="0.000000" y="0.000000">
   <element name="symbol0" layername="timeline_0" frame="2" z_index="5" m_a="1.000000" m_b="0.000000" m_c="0.000000" m_d="1.000000" m_tx="1.817024" m_ty="-11.403103"/>
  </frame>
  <frame idx="750" w="109" h="102" x="0.000000" y="0.000000">
   <element name="symbol0" layername="timeline_0" frame="2" z_index="5" m_a="1.000000" m_b="0.000000" m_c="0.000000" m_d="1.000000" m_tx="1.817024" m_ty="-11.403103"/>
  </frame>
  <frame idx="775" w="109" h="102" x="0.000000" y="0.000000">
   <element name="symbol0" layername="timeline_0" frame="2" z_index="5" m_a="1.000000" m_b="0.000000" m_c="0.000000" m_d="1.000000" m_tx="1.817024" m_ty="-11.403103"/>
  </frame>
  <frame idx="800" w="109" h="102" x="0.000000" y="0.000000">
   <element name="symbol0" layername="timeline_0" frame="2" z_index="5" m_a="1.000000" m_b="0.000000" m_c="0.000000" m_d="1.000000" m_tx="1.817024" m_ty="-11.403103"/>
  </frame>
  <frame idx="825" w="109" h="102" x="0.000000" y="0.000000">
   <element name="symbol0" layername="timeline_0" frame="2" z_index="5" m_a="1.000000" m_b="0.000000" m_c="0.000000" m_d="1.000000" m_tx="1.817024" m_ty="-11.403103"/>
  </frame>
  <frame idx="850" w="109" h="102" x="0.000000" y="0.000000">
   <element name="symbol0" layername="timeline_0" frame="2" z_index="5" m_a="1.000000" m_b="0.000000" m_c="0.000000" m_d="1.000000" m_tx="1.817024" m_ty="-11.403103"/>
  </frame>
  <frame idx="875" w="109" h="102" x="0.000000" y="0.000000">
   <element name="symbol0" layername="timeline_0" frame="2" z_index="5" m_a="1.000000" m_b="0.000000" m_c="0.000000" m_d="1.000000" m_tx="1.817024" m_ty="-11.403103"/>
  </frame>
  <frame idx="900" w="109" h="102" x="0.000000" y="0.000000">
   <element name="symbol0" layername="timeline_0" frame="2" z_index="5" m_a="1.000000" m_b="0.000000" m_c="0.000000" m_d="1.000000" m_tx="1.817024" m_ty="-11.403103"/>
  </frame>
  <frame idx="925" w="109" h="102" x="0.000000" y="0.000000">
   <element name="symbol0" layername="timeline_0" frame="2" z_index="5" m_a="1.000000" m_b="0.000000" m_c="0.000000" m_d="1.000000" m_tx="1.817024" m_ty="-11.403103"/>
  </frame>
  <frame idx="950" w="109" h="102" x="0.000000" y="0.000000">
   <element name="symbol0" layername="timeline_0" frame="2" z_index="5" m_a="1.000000" m_b="0.000000" m_c="0.000000" m_d="1.000000" m_tx="1.817024" m_ty="-11.403103"/>
  </frame>
  <frame idx="975" w="109" h="102" x="0.000000" y="0.000000">
   <element name="symbol0" layername="timeline_0" frame="2" z_index="5" m_a="1.000000" m_b="0.000000" m_c="0.000000" m_d="1.000000" m_tx="1.817024" m_ty="-11.403103"/>
  </frame>
 </anim>
 <anim name="3_4" root="beanstalk_wall" numframes="1000" framerate="40">
  <frame idx="0" w="117" h="139" x="0.000000" y="0.000000">
   <element name="symbol0" layername="timeline_0" frame="3" z_index="5" m_a="1.000000" m_b="0.000000" m_c="0.000000" m_d="1.000000" m_tx="-6.586075" m_ty="-33.089149"/>
  </frame>
  <frame idx="25" w="117" h="139" x="0.000000" y="0.000000">
   <element name="symbol0" layername="timeline_0" frame="3" z_index="5" m_a="1.000000" m_b="0.000000" m_c="0.000000" m_d="1.000000" m_tx="-6.586075" m_ty="-33.089149"/>
  </frame>
  <frame idx="50" w="117" h="139" x="0.000000" y="0.000000">
   <element name="symbol0" layername="timeline_0" frame="3" z_index="5" m_a="1.000000" m_b="0.000000" m_c="0.000000" m_d="1.000000" m_tx="-6.586075" m_ty="-33.089149"/>
  </frame>
  <frame idx="75" w="117" h="139" x="0.000000" y="0.000000">
   <element name="symbol0" layername="timeline_0" frame="3" z_index="5" m_a="1.000000" m_b="0.000000" m_c="0.000000" m_d="1.000000" m_tx="-6.586075" m_ty="-33.089149"/>
  </frame>
  <frame idx="100" w="117" h="139" x="0.000000" y="0.000000">
   <element name="symbol0" layername="timeline_0" frame="3" z_index="5" m_a="1.000000" m_b="0.000000" m_c="0.000000" m_d="1.000000" m_tx="-6.586075" m_ty="-33.089149"/>
  </frame>
  <frame idx="125" w="117" h="139" x="0.000000" y="0.000000">
   <element name="symbol0" layername="timeline_0" frame="3" z_index="5" m_a="1.000000" m_b="0.000000" m_c="0.000000" m_d="1.000000" m_tx="-6.586075" m_ty="-33.089149"/>
  </frame>
  <frame idx="150" w="117" h="139" x="0.000000" y="0.000000">
   <element name="symbol0" layername="timeline_0" frame="3" z_index="5" m_a="1.000000" m_b="0.000000" m_c="0.000000" m_d="1.000000" m_tx="-6.586075" m_ty="-33.089149"/>
  </frame>
  <frame idx="175" w="117" h="139" x="0.000000" y="0.000000">
   <element name="symbol0" layername="timeline_0" frame="3" z_index="5" m_a="1.000000" m_b="0.000000" m_c="0.000000" m_d="1.000000" m_tx="-6.586075" m_ty="-33.089149"/>
  </frame>
  <frame idx="200" w="117" h="139" x="0.000000" y="0.000000">
   <element name="symbol0" layername="timeline_0" frame="3" z_index="5" m_a="1.000000" m_b="0.000000" m_c="0.000000" m_d="1.000000" m_tx="-6.586075" m_ty="-33.089149"/>
  </frame>
  <frame idx="225" w="117" h="139" x="0.000000" y="0.000000">
   <element name="symbol0" layername="timeline_0" frame="3" z_index="5" m_a="1.000000" m_b="0.000000" m_c="0.000000" m_d="1.000000" m_tx="-6.586075" m_ty="-33.089149"/>
  </frame>
  <frame idx="250" w="117" h="139" x="0.000000" y="0.000000">
   <element name="symbol0" layername="timeline_0" frame="3" z_index="5" m_a="1.000000" m_b="0.000000" m_c="0.000000" m_d="1.000000" m_tx="-6.586075" m_ty="-33.089149"/>
  </frame>
  <frame idx="275" w="117" h="139" x="0.000000" y="0.000000">
   <element name="symbol0" layername="timeline_0" frame="3" z_index="5" m_a="1.000000" m_b="0.000000" m_c="0.000000" m_d="1.000000" m_tx="-6.586075" m_ty="-33.089149"/>
  </frame>
  <frame idx="300" w="117" h="139" x="0.000000" y="0.000000">
   <element name="symbol0" layername="timeline_0" frame="3" z_index="5" m_a="1.000000" m_b="0.000000" m_c="0.000000" m_d="1.000000" m_tx="-6.586075" m_ty="-33.089149"/>
  </frame>
  <frame idx="325" w="117" h="139" x="0.000000" y="0.000000">
   <element name="symbol0" layername="timeline_0" frame="3" z_index="5" m_a="1.000000" m_b="0.000000" m_c="0.000000" m_d="1.000000" m_tx="-6.586075" m_ty="-33.089149"/>
  </frame>
  <frame idx="350" w="117" h="139" x="0.000000" y="0.000000">
   <element name="symbol0" layername="timeline_0" frame="3" z_index="5" m_a="1.000000" m_b="0.000000" m_c="0.000000" m_d="1.000000" m_tx="-6.586075" m_ty="-33.089149"/>
  </frame>
  <frame idx="375" w="117" h="139" x="0.000000" y="0.000000">
   <element name="symbol0" layername="timeline_0" frame="3" z_index="5" m_a="1.000000" m_b="0.000000" m_c="0.000000" m_d="1.000000" m_tx="-6.586075" m_ty="-33.089149"/>
  </frame>
  <frame idx="400" w="117" h="139" x="0.000000" y="0.000000">
   <element name="symbol0" layername="timeline_0" frame="3" z_index="5" m_a="1.000000" m_b="0.000000" m_c="0.000000" m_d="1.000000" m_tx="-6.586075" m_ty="-33.089149"/>
  </frame>
  <frame idx="425" w="117" h="139" x="0.000000" y="0.000000">
   <element name="symbol0" layername="timeline_0" frame="3" z_index="5" m_a="1.000000" m_b="0.000000" m_c="0.000000" m_d="1.000000" m_tx="-6.586075" m_ty="-33.089149"/>
  </frame>
  <frame idx="450" w="117" h="139" x="0.000000" y="0.000000">
   <element name="symbol0" layername="timeline_0" frame="3" z_index="5" m_a="1.000000" m_b="0.000000" m_c="0.000000" m_d="1.000000" m_tx="-6.586075" m_ty="-33.089149"/>
  </frame>
  <frame idx="475" w="117" h="139" x="0.000000" y="0.000000">
   <element name="symbol0" layername="timeline_0" frame="3" z_index="5" m_a="1.000000" m_b="0.000000" m_c="0.000000" m_d="1.000000" m_tx="-6.586075" m_ty="-33.089149"/>
  </frame>
  <frame idx="500" w="117" h="139" x="0.000000" y="0.000000">
   <element name="symbol0" layername="timeline_0" frame="3" z_index="5" m_a="1.000000" m_b="0.000000" m_c="0.000000" m_d="1.000000" m_tx="-6.586075" m_ty="-33.089149"/>
  </frame>
  <frame idx="525" w="117" h="139" x="0.000000" y="0.000000">
   <element name="symbol0" layername="timeline_0" frame="3" z_index="5" m_a="1.000000" m_b="0.000000" m_c="0.000000" m_d="1.000000" m_tx="-6.586075" m_ty="-33.089149"/>
  </frame>
  <frame idx="550" w="117" h="139" x="0.000000" y="0.000000">
   <element name="symbol0" layername="timeline_0" frame="3" z_index="5" m_a="1.000000" m_b="0.000000" m_c="0.000000" m_d="1.000000" m_tx="-6.586075" m_ty="-33.089149"/>
  </frame>
  <frame idx="575" w="117" h="139" x="0.000000" y="0.000000">
   <element name="symbol0" layername="timeline_0" frame="3" z_index="5" m_a="1.000000" m_b="0.000000" m_c="0.000000" m_d="1.000000" m_tx="-6.586075" m_ty="-33.089149"/>
  </frame>
  <frame idx="600" w="117" h="139" x="0.000000" y="0.000000">
   <element name="symbol0" layername="timeline_0" frame="3" z_index="5" m_a="1.000000" m_b="0.000000" m_c="0.000000" m_d="1.000000" m_tx="-6.586075" m_ty="-33.089149"/>
  </frame>
  <frame idx="625" w="117" h="139" x="0.000000" y="0.000000">
   <element name="symbol0" layername="timeline_0" frame="3" z_index="5" m_a="1.000000" m_b="0.000000" m_c="0.000000" m_d="1.000000" m_tx="-6.586075" m_ty="-33.089149"/>
  </frame>
  <frame idx="650" w="117" h="139" x="0.000000" y="0.000000">
   <element name="symbol0" layername="timeline_0" frame="3" z_index="5" m_a="1.000000" m_b="0.000000" m_c="0.000000" m_d="1.000000" m_tx="-6.586075" m_ty="-33.089149"/>
  </frame>
  <frame idx="675" w="117" h="139" x="0.000000" y="0.000000">
   <element name="symbol0" layername="timeline_0" frame="3" z_index="5" m_a="1.000000" m_b="0.000000" m_c="0.000000" m_d="1.000000" m_tx="-6.586075" m_ty="-33.089149"/>
  </frame>
  <frame idx="700" w="117" h="139" x="0.000000" y="0.000000">
   <element name="symbol0" layername="timeline_0" frame="3" z_index="5" m_a="1.000000" m_b="0.000000" m_c="0.000000" m_d="1.000000" m_tx="-6.586075" m_ty="-33.089149"/>
  </frame>
  <frame idx="725" w="117" h="139" x="0.000000" y="0.000000">
   <element name="symbol0" layername="timeline_0" frame="3" z_index="5" m_a="1.000000" m_b="0.000000" m_c="0.000000" m_d="1.000000" m_tx="-6.586075" m_ty="-33.089149"/>
  </frame>
  <frame idx="750" w="117" h="139" x="0.000000" y="0.000000">
   <element name="symbol0" layername="timeline_0" frame="3" z_index="5" m_a="1.000000" m_b="0.000000" m_c="0.000000" m_d="1.000000" m_tx="-6.586075" m_ty="-33.089149"/>
  </frame>
  <frame idx="775" w="117" h="139" x="0.000000" y="0.000000">
   <element name="symbol0" layername="timeline_0" frame="3" z_index="5" m_a="1.000000" m_b="0.000000" m_c="0.000000" m_d="1.000000" m_tx="-6.586075" m_ty="-33.089149"/>
  </frame>
  <frame idx="800" w="117" h="139" x="0.000000" y="0.000000">
   <element name="symbol0" layername="timeline_0" frame="3" z_index="5" m_a="1.000000" m_b="0.000000" m_c="0.000000" m_d="1.000000" m_tx="-6.586075" m_ty="-33.089149"/>
  </frame>
  <frame idx="825" w="117" h="139" x="0.000000" y="0.000000">
   <element name="symbol0" layername="timeline_0" frame="3" z_index="5" m_a="1.000000" m_b="0.000000" m_c="0.000000" m_d="1.000000" m_tx="-6.586075" m_ty="-33.089149"/>
  </frame>
  <frame idx="850" w="117" h="139" x="0.000000" y="0.000000">
   <element name="symbol0" layername="timeline_0" frame="3" z_index="5" m_a="1.000000" m_b="0.000000" m_c="0.000000" m_d="1.000000" m_tx="-6.586075" m_ty="-33.089149"/>
  </frame>
  <frame idx="875" w="117" h="139" x="0.000000" y="0.000000">
   <element name="symbol0" layername="timeline_0" frame="3" z_index="5" m_a="1.000000" m_b="0.000000" m_c="0.000000" m_d="1.000000" m_tx="-6.586075" m_ty="-33.089149"/>
  </frame>
  <frame idx="900" w="117" h="139" x="0.000000" y="0.000000">
   <element name="symbol0" layername="timeline_0" frame="3" z_index="5" m_a="1.000000" m_b="0.000000" m_c="0.000000" m_d="1.000000" m_tx="-6.586075" m_ty="-33.089149"/>
  </frame>
  <frame idx="925" w="117" h="139" x="0.000000" y="0.000000">
   <element name="symbol0" layername="timeline_0" frame="3" z_index="5" m_a="1.000000" m_b="0.000000" m_c="0.000000" m_d="1.000000" m_tx="-6.586075" m_ty="-33.089149"/>
  </frame>
  <frame idx="950" w="117" h="139" x="0.000000" y="0.000000">
   <element name="symbol0" layername="timeline_0" frame="3" z_index="5" m_a="1.000000" m_b="0.000000" m_c="0.000000" m_d="1.000000" m_tx="-6.586075" m_ty="-33.089149"/>
  </frame>
  <frame idx="975" w="117" h="139" x="0.000000" y="0.000000">
   <element name="symbol0" layername="timeline_0" frame="3" z_index="5" m_a="1.000000" m_b="0.000000" m_c="0.000000" m_d="1.000000" m_tx="-6.586075" m_ty="-33.089149"/>
  </frame>
 </anim>
 <anim name="0" root="beanstalk_wall" numframes="1000" framerate="40">
  <frame idx="0" w="131" h="119" x="0.000000" y="0.000000">
   <element name="symbol0" layername="timeline_0" frame="4" z_index="5" m_a="1.000000" m_b="0.000000" m_c="0.000000" m_d="1.000000" m_tx="-0.810883" m_ty="-8.329460"/>
  </frame>
  <frame idx="25" w="131" h="119" x="0.000000" y="0.000000">
   <element name="symbol0" layername="timeline_0" frame="4" z_index="5" m_a="1.000000" m_b="0.000000" m_c="0.000000" m_d="1.000000" m_tx="-0.810883" m_ty="-8.329460"/>
  </frame>
  <frame idx="50" w="131" h="119" x="0.000000" y="0.000000">
   <element name="symbol0" layername="timeline_0" frame="4" z_index="5" m_a="1.000000" m_b="0.000000" m_c="0.000000" m_d="1.000000" m_tx="-0.810883" m_ty="-8.329460"/>
  </frame>
  <frame idx="75" w="131" h="119" x="0.000000" y="0.000000">
   <element name="symbol0" layername="timeline_0" frame="4" z_index="5" m_a="1.000000" m_b="0.000000" m_c="0.000000" m_d="1.000000" m_tx="-0.810883" m_ty="-8.329460"/>
  </frame>
  <frame idx="100" w="131" h="119" x="0.000000" y="0.000000">
   <element name="symbol0" layername="timeline_0" frame="4" z_index="5" m_a="1.000000" m_b="0.000000" m_c="0.000000" m_d="1.000000" m_tx="-0.810883" m_ty="-8.329460"/>
  </frame>
  <frame idx="125" w="131" h="119" x="0.000000" y="0.000000">
   <element name="symbol0" layername="timeline_0" frame="4" z_index="5" m_a="1.000000" m_b="0.000000" m_c="0.000000" m_d="1.000000" m_tx="-0.810883" m_ty="-8.329460"/>
  </frame>
  <frame idx="150" w="131" h="119" x="0.000000" y="0.000000">
   <element name="symbol0" layername="timeline_0" frame="4" z_index="5" m_a="1.000000" m_b="0.000000" m_c="0.000000" m_d="1.000000" m_tx="-0.810883" m_ty="-8.329460"/>
  </frame>
  <frame idx="175" w="131" h="119" x="0.000000" y="0.000000">
   <element name="symbol0" layername="timeline_0" frame="4" z_index="5" m_a="1.000000" m_b="0.000000" m_c="0.000000" m_d="1.000000" m_tx="-0.810883" m_ty="-8.329460"/>
  </frame>
  <frame idx="200" w="131" h="119" x="0.000000" y="0.000000">
   <element name="symbol0" layername="timeline_0" frame="4" z_index="5" m_a="1.000000" m_b="0.000000" m_c="0.000000" m_d="1.000000" m_tx="-0.810883" m_ty="-8.329460"/>
  </frame>
  <frame idx="225" w="131" h="119" x="0.000000" y="0.000000">
   <element name="symbol0" layername="timeline_0" frame="4" z_index="5" m_a="1.000000" m_b="0.000000" m_c="0.000000" m_d="1.000000" m_tx="-0.810883" m_ty="-8.329460"/>
  </frame>
  <frame idx="250" w="131" h="119" x="0.000000" y="0.000000">
   <element name="symbol0" layername="timeline_0" frame="4" z_index="5" m_a="1.000000" m_b="0.000000" m_c="0.000000" m_d="1.000000" m_tx="-0.810883" m_ty="-8.329460"/>
  </frame>
  <frame idx="275" w="131" h="119" x="0.000000" y="0.000000">
   <element name="symbol0" layername="timeline_0" frame="4" z_index="5" m_a="1.000000" m_b="0.000000" m_c="0.000000" m_d="1.000000" m_tx="-0.810883" m_ty="-8.329460"/>
  </frame>
  <frame idx="300" w="131" h="119" x="0.000000" y="0.000000">
   <element name="symbol0" layername="timeline_0" frame="4" z_index="5" m_a="1.000000" m_b="0.000000" m_c="0.000000" m_d="1.000000" m_tx="-0.810883" m_ty="-8.329460"/>
  </frame>
  <frame idx="325" w="131" h="119" x="0.000000" y="0.000000">
   <element name="symbol0" layername="timeline_0" frame="4" z_index="5" m_a="1.000000" m_b="0.000000" m_c="0.000000" m_d="1.000000" m_tx="-0.810883" m_ty="-8.329460"/>
  </frame>
  <frame idx="350" w="131" h="119" x="0.000000" y="0.000000">
   <element name="symbol0" layername="timeline_0" frame="4" z_index="5" m_a="1.000000" m_b="0.000000" m_c="0.000000" m_d="1.000000" m_tx="-0.810883" m_ty="-8.329460"/>
  </frame>
  <frame idx="375" w="131" h="119" x="0.000000" y="0.000000">
   <element name="symbol0" layername="timeline_0" frame="4" z_index="5" m_a="1.000000" m_b="0.000000" m_c="0.000000" m_d="1.000000" m_tx="-0.810883" m_ty="-8.329460"/>
  </frame>
  <frame idx="400" w="131" h="119" x="0.000000" y="0.000000">
   <element name="symbol0" layername="timeline_0" frame="4" z_index="5" m_a="1.000000" m_b="0.000000" m_c="0.000000" m_d="1.000000" m_tx="-0.810883" m_ty="-8.329460"/>
  </frame>
  <frame idx="425" w="131" h="119" x="0.000000" y="0.000000">
   <element name="symbol0" layername="timeline_0" frame="4" z_index="5" m_a="1.000000" m_b="0.000000" m_c="0.000000" m_d="1.000000" m_tx="-0.810883" m_ty="-8.329460"/>
  </frame>
  <frame idx="450" w="131" h="119" x="0.000000" y="0.000000">
   <element name="symbol0" layername="timeline_0" frame="4" z_index="5" m_a="1.000000" m_b="0.000000" m_c="0.000000" m_d="1.000000" m_tx="-0.810883" m_ty="-8.329460"/>
  </frame>
  <frame idx="475" w="131" h="119" x="0.000000" y="0.000000">
   <element name="symbol0" layername="timeline_0" frame="4" z_index="5" m_a="1.000000" m_b="0.000000" m_c="0.000000" m_d="1.000000" m_tx="-0.810883" m_ty="-8.329460"/>
  </frame>
  <frame idx="500" w="131" h="119" x="0.000000" y="0.000000">
   <element name="symbol0" layername="timeline_0" frame="4" z_index="5" m_a="1.000000" m_b="0.000000" m_c="0.000000" m_d="1.000000" m_tx="-0.810883" m_ty="-8.329460"/>
  </frame>
  <frame idx="525" w="131" h="119" x="0.000000" y="0.000000">
   <element name="symbol0" layername="timeline_0" frame="4" z_index="5" m_a="1.000000" m_b="0.000000" m_c="0.000000" m_d="1.000000" m_tx="-0.810883" m_ty="-8.329460"/>
  </frame>
  <frame idx="550" w="131" h="119" x="0.000000" y="0.000000">
   <element name="symbol0" layername="timeline_0" frame="4" z_index="5" m_a="1.000000" m_b="0.000000" m_c="0.000000" m_d="1.000000" m_tx="-0.810883" m_ty="-8.329460"/>
  </frame>
  <frame idx="575" w="131" h="119" x="0.000000" y="0.000000">
   <element name="symbol0" layername="timeline_0" frame="4" z_index="5" m_a="1.000000" m_b="0.000000" m_c="0.000000" m_d="1.000000" m_tx="-0.810883" m_ty="-8.329460"/>
  </frame>
  <frame idx="600" w="131" h="119" x="0.000000" y="0.000000">
   <element name="symbol0" layername="timeline_0" frame="4" z_index="5" m_a="1.000000" m_b="0.000000" m_c="0.000000" m_d="1.000000" m_tx="-0.810883" m_ty="-8.329460"/>
  </frame>
  <frame idx="625" w="131" h="119" x="0.000000" y="0.000000">
   <element name="symbol0" layername="timeline_0" frame="4" z_index="5" m_a="1.000000" m_b="0.000000" m_c="0.000000" m_d="1.000000" m_tx="-0.810883" m_ty="-8.329460"/>
  </frame>
  <frame idx="650" w="131" h="119" x="0.000000" y="0.000000">
   <element name="symbol0" layername="timeline_0" frame="4" z_index="5" m_a="1.000000" m_b="0.000000" m_c="0.000000" m_d="1.000000" m_tx="-0.810883" m_ty="-8.329460"/>
  </frame>
  <frame idx="675" w="131" h="119" x="0.000000" y="0.000000">
   <element name="symbol0" layername="timeline_0" frame="4" z_index="5" m_a="1.000000" m_b="0.000000" m_c="0.000000" m_d="1.000000" m_tx="-0.810883" m_ty="-8.329460"/>
  </frame>
  <frame idx="700" w="131" h="119" x="0.000000" y="0.000000">
   <element name="symbol0" layername="timeline_0" frame="4" z_index="5" m_a="1.000000" m_b="0.000000" m_c="0.000000" m_d="1.000000" m_tx="-0.810883" m_ty="-8.329460"/>
  </frame>
  <frame idx="725" w="131" h="119" x="0.000000" y="0.000000">
   <element name="symbol0" layername="timeline_0" frame="4" z_index="5" m_a="1.000000" m_b="0.000000" m_c="0.000000" m_d="1.000000" m_tx="-0.810883" m_ty="-8.329460"/>
  </frame>
  <frame idx="750" w="131" h="119" x="0.000000" y="0.000000">
   <element name="symbol0" layername="timeline_0" frame="4" z_index="5" m_a="1.000000" m_b="0.000000" m_c="0.000000" m_d="1.000000" m_tx="-0.810883" m_ty="-8.329460"/>
  </frame>
  <frame idx="775" w="131" h="119" x="0.000000" y="0.000000">
   <element name="symbol0" layername="timeline_0" frame="4" z_index="5" m_a="1.000000" m_b="0.000000" m_c="0.000000" m_d="1.000000" m_tx="-0.810883" m_ty="-8.329460"/>
  </frame>
  <frame idx="800" w="131" h="119" x="0.000000" y="0.000000">
   <element name="symbol0" layername="timeline_0" frame="4" z_index="5" m_a="1.000000" m_b="0.000000" m_c="0.000000" m_d="1.000000" m_tx="-0.810883" m_ty="-8.329460"/>
  </frame>
  <frame idx="825" w="131" h="119" x="0.000000" y="0.000000">
   <element name="symbol0" layername="timeline_0" frame="4" z_index="5" m_a="1.000000" m_b="0.000000" m_c="0.000000" m_d="1.000000" m_tx="-0.810883" m_ty="-8.329460"/>
  </frame>
  <frame idx="850" w="131" h="119" x="0.000000" y="0.000000">
   <element name="symbol0" layername="timeline_0" frame="4" z_index="5" m_a="1.000000" m_b="0.000000" m_c="0.000000" m_d="1.000000" m_tx="-0.810883" m_ty="-8.329460"/>
  </frame>
  <frame idx="875" w="131" h="119" x="0.000000" y="0.000000">
   <element name="symbol0" layername="timeline_0" frame="4" z_index="5" m_a="1.000000" m_b="0.000000" m_c="0.000000" m_d="1.000000" m_tx="-0.810883" m_ty="-8.329460"/>
  </frame>
  <frame idx="900" w="131" h="119" x="0.000000" y="0.000000">
   <element name="symbol0" layername="timeline_0" frame="4" z_index="5" m_a="1.000000" m_b="0.000000" m_c="0.000000" m_d="1.000000" m_tx="-0.810883" m_ty="-8.329460"/>
  </frame>
  <frame idx="925" w="131" h="119" x="0.000000" y="0.000000">
   <element name="symbol0" layername="timeline_0" frame="4" z_index="5" m_a="1.000000" m_b="0.000000" m_c="0.000000" m_d="1.000000" m_tx="-0.810883" m_ty="-8.329460"/>
  </frame>
  <frame idx="950" w="131" h="119" x="0.000000" y="0.000000">
   <element name="symbol0" layername="timeline_0" frame="4" z_index="5" m_a="1.000000" m_b="0.000000" m_c="0.000000" m_d="1.000000" m_tx="-0.810883" m_ty="-8.329460"/>
  </frame>
  <frame idx="975" w="131" h="119" x="0.000000" y="0.000000">
   <element name="symbol0" layername="timeline_0" frame="4" z_index="5" m_a="1.000000" m_b="0.000000" m_c="0.000000" m_d="1.000000" m_tx="-0.810883" m_ty="-8.329460"/>
  </frame>
 </anim>
</Anims>
