<Anims>
 <anim name="idle" root="Redjellyshroom" numframes="1000" framerate="40">
  <frame idx="0" w="459" h="930" x="15.249298" y="-269.876770">
   <element name="symbol0" layername="timeline_0" frame="0" z_index="3" m_a="1.000000" m_b="0.000000" m_c="0.000000" m_d="1.000000" m_tx="15.249298" m_ty="-269.876770"/>
  </frame>
  <frame idx="25" w="459" h="930" x="15.249298" y="-269.876770">
   <element name="symbol0" layername="timeline_0" frame="0" z_index="3" m_a="1.000000" m_b="0.000000" m_c="0.000000" m_d="1.000000" m_tx="15.249298" m_ty="-269.876770"/>
  </frame>
  <frame idx="50" w="459" h="930" x="15.249298" y="-269.876770">
   <element name="symbol0" layername="timeline_0" frame="0" z_index="3" m_a="1.000000" m_b="0.000000" m_c="0.000000" m_d="1.000000" m_tx="15.249298" m_ty="-269.876770"/>
  </frame>
  <frame idx="75" w="459" h="930" x="15.249298" y="-269.876770">
   <element name="symbol0" layername="timeline_0" frame="0" z_index="3" m_a="1.000000" m_b="0.000000" m_c="0.000000" m_d="1.000000" m_tx="15.249298" m_ty="-269.876770"/>
  </frame>
  <frame idx="100" w="459" h="930" x="15.249298" y="-269.876770">
   <element name="symbol0" layername="timeline_0" frame="0" z_index="3" m_a="1.000000" m_b="0.000000" m_c="0.000000" m_d="1.000000" m_tx="15.249298" m_ty="-269.876770"/>
  </frame>
  <frame idx="125" w="459" h="930" x="15.249298" y="-269.876770">
   <element name="symbol0" layername="timeline_0" frame="0" z_index="3" m_a="1.000000" m_b="0.000000" m_c="0.000000" m_d="1.000000" m_tx="15.249298" m_ty="-269.876770"/>
  </frame>
  <frame idx="150" w="459" h="930" x="15.249298" y="-269.876770">
   <element name="symbol0" layername="timeline_0" frame="0" z_index="3" m_a="1.000000" m_b="0.000000" m_c="0.000000" m_d="1.000000" m_tx="15.249298" m_ty="-269.876770"/>
  </frame>
  <frame idx="175" w="459" h="930" x="15.249298" y="-269.876770">
   <element name="symbol0" layername="timeline_0" frame="0" z_index="3" m_a="1.000000" m_b="0.000000" m_c="0.000000" m_d="1.000000" m_tx="15.249298" m_ty="-269.876770"/>
  </frame>
  <frame idx="200" w="459" h="930" x="15.249298" y="-269.876770">
   <element name="symbol0" layername="timeline_0" frame="0" z_index="3" m_a="1.000000" m_b="0.000000" m_c="0.000000" m_d="1.000000" m_tx="15.249298" m_ty="-269.876770"/>
  </frame>
  <frame idx="225" w="459" h="930" x="15.249298" y="-269.876770">
   <element name="symbol0" layername="timeline_0" frame="0" z_index="3" m_a="1.000000" m_b="0.000000" m_c="0.000000" m_d="1.000000" m_tx="15.249298" m_ty="-269.876770"/>
  </frame>
  <frame idx="250" w="459" h="930" x="15.249298" y="-269.876770">
   <element name="symbol0" layername="timeline_0" frame="0" z_index="3" m_a="1.000000" m_b="0.000000" m_c="0.000000" m_d="1.000000" m_tx="15.249298" m_ty="-269.876770"/>
  </frame>
  <frame idx="275" w="459" h="930" x="15.249298" y="-269.876770">
   <element name="symbol0" layername="timeline_0" frame="0" z_index="3" m_a="1.000000" m_b="0.000000" m_c="0.000000" m_d="1.000000" m_tx="15.249298" m_ty="-269.876770"/>
  </frame>
  <frame idx="300" w="459" h="930" x="15.249298" y="-269.876770">
   <element name="symbol0" layername="timeline_0" frame="0" z_index="3" m_a="1.000000" m_b="0.000000" m_c="0.000000" m_d="1.000000" m_tx="15.249298" m_ty="-269.876770"/>
  </frame>
  <frame idx="325" w="459" h="930" x="15.249298" y="-269.876770">
   <element name="symbol0" layername="timeline_0" frame="0" z_index="3" m_a="1.000000" m_b="0.000000" m_c="0.000000" m_d="1.000000" m_tx="15.249298" m_ty="-269.876770"/>
  </frame>
  <frame idx="350" w="459" h="930" x="15.249298" y="-269.876770">
   <element name="symbol0" layername="timeline_0" frame="0" z_index="3" m_a="1.000000" m_b="0.000000" m_c="0.000000" m_d="1.000000" m_tx="15.249298" m_ty="-269.876770"/>
  </frame>
  <frame idx="375" w="459" h="930" x="15.249298" y="-269.876770">
   <element name="symbol0" layername="timeline_0" frame="0" z_index="3" m_a="1.000000" m_b="0.000000" m_c="0.000000" m_d="1.000000" m_tx="15.249298" m_ty="-269.876770"/>
  </frame>
  <frame idx="400" w="459" h="930" x="15.249298" y="-269.876770">
   <element name="symbol0" layername="timeline_0" frame="0" z_index="3" m_a="1.000000" m_b="0.000000" m_c="0.000000" m_d="1.000000" m_tx="15.249298" m_ty="-269.876770"/>
  </frame>
  <frame idx="425" w="459" h="930" x="15.249298" y="-269.876770">
   <element name="symbol0" layername="timeline_0" frame="0" z_index="3" m_a="1.000000" m_b="0.000000" m_c="0.000000" m_d="1.000000" m_tx="15.249298" m_ty="-269.876770"/>
  </frame>
  <frame idx="450" w="459" h="930" x="15.249298" y="-269.876770">
   <element name="symbol0" layername="timeline_0" frame="0" z_index="3" m_a="1.000000" m_b="0.000000" m_c="0.000000" m_d="1.000000" m_tx="15.249298" m_ty="-269.876770"/>
  </frame>
  <frame idx="475" w="459" h="930" x="15.249298" y="-269.876770">
   <element name="symbol0" layername="timeline_0" frame="0" z_index="3" m_a="1.000000" m_b="0.000000" m_c="0.000000" m_d="1.000000" m_tx="15.249298" m_ty="-269.876770"/>
  </frame>
  <frame idx="500" w="459" h="930" x="15.249298" y="-269.876770">
   <element name="symbol0" layername="timeline_0" frame="0" z_index="3" m_a="1.000000" m_b="0.000000" m_c="0.000000" m_d="1.000000" m_tx="15.249298" m_ty="-269.876770"/>
  </frame>
  <frame idx="525" w="459" h="930" x="15.249298" y="-269.876770">
   <element name="symbol0" layername="timeline_0" frame="0" z_index="3" m_a="1.000000" m_b="0.000000" m_c="0.000000" m_d="1.000000" m_tx="15.249298" m_ty="-269.876770"/>
  </frame>
  <frame idx="550" w="459" h="930" x="15.249298" y="-269.876770">
   <element name="symbol0" layername="timeline_0" frame="0" z_index="3" m_a="1.000000" m_b="0.000000" m_c="0.000000" m_d="1.000000" m_tx="15.249298" m_ty="-269.876770"/>
  </frame>
  <frame idx="575" w="459" h="930" x="15.249298" y="-269.876770">
   <element name="symbol0" layername="timeline_0" frame="0" z_index="3" m_a="1.000000" m_b="0.000000" m_c="0.000000" m_d="1.000000" m_tx="15.249298" m_ty="-269.876770"/>
  </frame>
  <frame idx="600" w="459" h="930" x="15.249298" y="-269.876770">
   <element name="symbol0" layername="timeline_0" frame="0" z_index="3" m_a="1.000000" m_b="0.000000" m_c="0.000000" m_d="1.000000" m_tx="15.249298" m_ty="-269.876770"/>
  </frame>
  <frame idx="625" w="459" h="930" x="15.249298" y="-269.876770">
   <element name="symbol0" layername="timeline_0" frame="0" z_index="3" m_a="1.000000" m_b="0.000000" m_c="0.000000" m_d="1.000000" m_tx="15.249298" m_ty="-269.876770"/>
  </frame>
  <frame idx="650" w="459" h="930" x="15.249298" y="-269.876770">
   <element name="symbol0" layername="timeline_0" frame="0" z_index="3" m_a="1.000000" m_b="0.000000" m_c="0.000000" m_d="1.000000" m_tx="15.249298" m_ty="-269.876770"/>
  </frame>
  <frame idx="675" w="459" h="930" x="15.249298" y="-269.876770">
   <element name="symbol0" layername="timeline_0" frame="0" z_index="3" m_a="1.000000" m_b="0.000000" m_c="0.000000" m_d="1.000000" m_tx="15.249298" m_ty="-269.876770"/>
  </frame>
  <frame idx="700" w="459" h="930" x="15.249298" y="-269.876770">
   <element name="symbol0" layername="timeline_0" frame="0" z_index="3" m_a="1.000000" m_b="0.000000" m_c="0.000000" m_d="1.000000" m_tx="15.249298" m_ty="-269.876770"/>
  </frame>
  <frame idx="725" w="459" h="930" x="15.249298" y="-269.876770">
   <element name="symbol0" layername="timeline_0" frame="0" z_index="3" m_a="1.000000" m_b="0.000000" m_c="0.000000" m_d="1.000000" m_tx="15.249298" m_ty="-269.876770"/>
  </frame>
  <frame idx="750" w="459" h="930" x="15.249298" y="-269.876770">
   <element name="symbol0" layername="timeline_0" frame="0" z_index="3" m_a="1.000000" m_b="0.000000" m_c="0.000000" m_d="1.000000" m_tx="15.249298" m_ty="-269.876770"/>
  </frame>
  <frame idx="775" w="459" h="930" x="15.249298" y="-269.876770">
   <element name="symbol0" layername="timeline_0" frame="0" z_index="3" m_a="1.000000" m_b="0.000000" m_c="0.000000" m_d="1.000000" m_tx="15.249298" m_ty="-269.876770"/>
  </frame>
  <frame idx="800" w="459" h="930" x="15.249298" y="-269.876770">
   <element name="symbol0" layername="timeline_0" frame="0" z_index="3" m_a="1.000000" m_b="0.000000" m_c="0.000000" m_d="1.000000" m_tx="15.249298" m_ty="-269.876770"/>
  </frame>
  <frame idx="825" w="459" h="930" x="15.249298" y="-269.876770">
   <element name="symbol0" layername="timeline_0" frame="0" z_index="3" m_a="1.000000" m_b="0.000000" m_c="0.000000" m_d="1.000000" m_tx="15.249298" m_ty="-269.876770"/>
  </frame>
  <frame idx="850" w="459" h="930" x="15.249298" y="-269.876770">
   <element name="symbol0" layername="timeline_0" frame="0" z_index="3" m_a="1.000000" m_b="0.000000" m_c="0.000000" m_d="1.000000" m_tx="15.249298" m_ty="-269.876770"/>
  </frame>
  <frame idx="875" w="459" h="930" x="15.249298" y="-269.876770">
   <element name="symbol0" layername="timeline_0" frame="0" z_index="3" m_a="1.000000" m_b="0.000000" m_c="0.000000" m_d="1.000000" m_tx="15.249298" m_ty="-269.876770"/>
  </frame>
  <frame idx="900" w="459" h="930" x="15.249298" y="-269.876770">
   <element name="symbol0" layername="timeline_0" frame="0" z_index="3" m_a="1.000000" m_b="0.000000" m_c="0.000000" m_d="1.000000" m_tx="15.249298" m_ty="-269.876770"/>
  </frame>
  <frame idx="925" w="459" h="930" x="15.249298" y="-269.876770">
   <element name="symbol0" layername="timeline_0" frame="0" z_index="3" m_a="1.000000" m_b="0.000000" m_c="0.000000" m_d="1.000000" m_tx="15.249298" m_ty="-269.876770"/>
  </frame>
  <frame idx="950" w="459" h="930" x="15.249298" y="-269.876770">
   <element name="symbol0" layername="timeline_0" frame="0" z_index="3" m_a="1.000000" m_b="0.000000" m_c="0.000000" m_d="1.000000" m_tx="15.249298" m_ty="-269.876770"/>
  </frame>
  <frame idx="975" w="459" h="930" x="15.249298" y="-269.876770">
   <element name="symbol0" layername="timeline_0" frame="0" z_index="3" m_a="1.000000" m_b="0.000000" m_c="0.000000" m_d="1.000000" m_tx="15.249298" m_ty="-269.876770"/>
  </frame>
 </anim>
 <anim name="idle" root="Bluejellyshroom" numframes="1000" framerate="40">
  <frame idx="0" w="459" h="882" x="-5.500000" y="-243.000000">
   <element name="symbol0" layername="timeline_0" frame="1" z_index="3" m_a="1.000000" m_b="0.000000" m_c="0.000000" m_d="1.000000" m_tx="-5.500000" m_ty="-243.000000"/>
  </frame>
  <frame idx="25" w="459" h="882" x="-5.500000" y="-243.000000">
   <element name="symbol0" layername="timeline_0" frame="1" z_index="3" m_a="1.000000" m_b="0.000000" m_c="0.000000" m_d="1.000000" m_tx="-5.500000" m_ty="-243.000000"/>
  </frame>
  <frame idx="50" w="459" h="882" x="-5.500000" y="-243.000000">
   <element name="symbol0" layername="timeline_0" frame="1" z_index="3" m_a="1.000000" m_b="0.000000" m_c="0.000000" m_d="1.000000" m_tx="-5.500000" m_ty="-243.000000"/>
  </frame>
  <frame idx="75" w="459" h="882" x="-5.500000" y="-243.000000">
   <element name="symbol0" layername="timeline_0" frame="1" z_index="3" m_a="1.000000" m_b="0.000000" m_c="0.000000" m_d="1.000000" m_tx="-5.500000" m_ty="-243.000000"/>
  </frame>
  <frame idx="100" w="459" h="882" x="-5.500000" y="-243.000000">
   <element name="symbol0" layername="timeline_0" frame="1" z_index="3" m_a="1.000000" m_b="0.000000" m_c="0.000000" m_d="1.000000" m_tx="-5.500000" m_ty="-243.000000"/>
  </frame>
  <frame idx="125" w="459" h="882" x="-5.500000" y="-243.000000">
   <element name="symbol0" layername="timeline_0" frame="1" z_index="3" m_a="1.000000" m_b="0.000000" m_c="0.000000" m_d="1.000000" m_tx="-5.500000" m_ty="-243.000000"/>
  </frame>
  <frame idx="150" w="459" h="882" x="-5.500000" y="-243.000000">
   <element name="symbol0" layername="timeline_0" frame="1" z_index="3" m_a="1.000000" m_b="0.000000" m_c="0.000000" m_d="1.000000" m_tx="-5.500000" m_ty="-243.000000"/>
  </frame>
  <frame idx="175" w="459" h="882" x="-5.500000" y="-243.000000">
   <element name="symbol0" layername="timeline_0" frame="1" z_index="3" m_a="1.000000" m_b="0.000000" m_c="0.000000" m_d="1.000000" m_tx="-5.500000" m_ty="-243.000000"/>
  </frame>
  <frame idx="200" w="459" h="882" x="-5.500000" y="-243.000000">
   <element name="symbol0" layername="timeline_0" frame="1" z_index="3" m_a="1.000000" m_b="0.000000" m_c="0.000000" m_d="1.000000" m_tx="-5.500000" m_ty="-243.000000"/>
  </frame>
  <frame idx="225" w="459" h="882" x="-5.500000" y="-243.000000">
   <element name="symbol0" layername="timeline_0" frame="1" z_index="3" m_a="1.000000" m_b="0.000000" m_c="0.000000" m_d="1.000000" m_tx="-5.500000" m_ty="-243.000000"/>
  </frame>
  <frame idx="250" w="459" h="882" x="-5.500000" y="-243.000000">
   <element name="symbol0" layername="timeline_0" frame="1" z_index="3" m_a="1.000000" m_b="0.000000" m_c="0.000000" m_d="1.000000" m_tx="-5.500000" m_ty="-243.000000"/>
  </frame>
  <frame idx="275" w="459" h="882" x="-5.500000" y="-243.000000">
   <element name="symbol0" layername="timeline_0" frame="1" z_index="3" m_a="1.000000" m_b="0.000000" m_c="0.000000" m_d="1.000000" m_tx="-5.500000" m_ty="-243.000000"/>
  </frame>
  <frame idx="300" w="459" h="882" x="-5.500000" y="-243.000000">
   <element name="symbol0" layername="timeline_0" frame="1" z_index="3" m_a="1.000000" m_b="0.000000" m_c="0.000000" m_d="1.000000" m_tx="-5.500000" m_ty="-243.000000"/>
  </frame>
  <frame idx="325" w="459" h="882" x="-5.500000" y="-243.000000">
   <element name="symbol0" layername="timeline_0" frame="1" z_index="3" m_a="1.000000" m_b="0.000000" m_c="0.000000" m_d="1.000000" m_tx="-5.500000" m_ty="-243.000000"/>
  </frame>
  <frame idx="350" w="459" h="882" x="-5.500000" y="-243.000000">
   <element name="symbol0" layername="timeline_0" frame="1" z_index="3" m_a="1.000000" m_b="0.000000" m_c="0.000000" m_d="1.000000" m_tx="-5.500000" m_ty="-243.000000"/>
  </frame>
  <frame idx="375" w="459" h="882" x="-5.500000" y="-243.000000">
   <element name="symbol0" layername="timeline_0" frame="1" z_index="3" m_a="1.000000" m_b="0.000000" m_c="0.000000" m_d="1.000000" m_tx="-5.500000" m_ty="-243.000000"/>
  </frame>
  <frame idx="400" w="459" h="882" x="-5.500000" y="-243.000000">
   <element name="symbol0" layername="timeline_0" frame="1" z_index="3" m_a="1.000000" m_b="0.000000" m_c="0.000000" m_d="1.000000" m_tx="-5.500000" m_ty="-243.000000"/>
  </frame>
  <frame idx="425" w="459" h="882" x="-5.500000" y="-243.000000">
   <element name="symbol0" layername="timeline_0" frame="1" z_index="3" m_a="1.000000" m_b="0.000000" m_c="0.000000" m_d="1.000000" m_tx="-5.500000" m_ty="-243.000000"/>
  </frame>
  <frame idx="450" w="459" h="882" x="-5.500000" y="-243.000000">
   <element name="symbol0" layername="timeline_0" frame="1" z_index="3" m_a="1.000000" m_b="0.000000" m_c="0.000000" m_d="1.000000" m_tx="-5.500000" m_ty="-243.000000"/>
  </frame>
  <frame idx="475" w="459" h="882" x="-5.500000" y="-243.000000">
   <element name="symbol0" layername="timeline_0" frame="1" z_index="3" m_a="1.000000" m_b="0.000000" m_c="0.000000" m_d="1.000000" m_tx="-5.500000" m_ty="-243.000000"/>
  </frame>
  <frame idx="500" w="459" h="882" x="-5.500000" y="-243.000000">
   <element name="symbol0" layername="timeline_0" frame="1" z_index="3" m_a="1.000000" m_b="0.000000" m_c="0.000000" m_d="1.000000" m_tx="-5.500000" m_ty="-243.000000"/>
  </frame>
  <frame idx="525" w="459" h="882" x="-5.500000" y="-243.000000">
   <element name="symbol0" layername="timeline_0" frame="1" z_index="3" m_a="1.000000" m_b="0.000000" m_c="0.000000" m_d="1.000000" m_tx="-5.500000" m_ty="-243.000000"/>
  </frame>
  <frame idx="550" w="459" h="882" x="-5.500000" y="-243.000000">
   <element name="symbol0" layername="timeline_0" frame="1" z_index="3" m_a="1.000000" m_b="0.000000" m_c="0.000000" m_d="1.000000" m_tx="-5.500000" m_ty="-243.000000"/>
  </frame>
  <frame idx="575" w="459" h="882" x="-5.500000" y="-243.000000">
   <element name="symbol0" layername="timeline_0" frame="1" z_index="3" m_a="1.000000" m_b="0.000000" m_c="0.000000" m_d="1.000000" m_tx="-5.500000" m_ty="-243.000000"/>
  </frame>
  <frame idx="600" w="459" h="882" x="-5.500000" y="-243.000000">
   <element name="symbol0" layername="timeline_0" frame="1" z_index="3" m_a="1.000000" m_b="0.000000" m_c="0.000000" m_d="1.000000" m_tx="-5.500000" m_ty="-243.000000"/>
  </frame>
  <frame idx="625" w="459" h="882" x="-5.500000" y="-243.000000">
   <element name="symbol0" layername="timeline_0" frame="1" z_index="3" m_a="1.000000" m_b="0.000000" m_c="0.000000" m_d="1.000000" m_tx="-5.500000" m_ty="-243.000000"/>
  </frame>
  <frame idx="650" w="459" h="882" x="-5.500000" y="-243.000000">
   <element name="symbol0" layername="timeline_0" frame="1" z_index="3" m_a="1.000000" m_b="0.000000" m_c="0.000000" m_d="1.000000" m_tx="-5.500000" m_ty="-243.000000"/>
  </frame>
  <frame idx="675" w="459" h="882" x="-5.500000" y="-243.000000">
   <element name="symbol0" layername="timeline_0" frame="1" z_index="3" m_a="1.000000" m_b="0.000000" m_c="0.000000" m_d="1.000000" m_tx="-5.500000" m_ty="-243.000000"/>
  </frame>
  <frame idx="700" w="459" h="882" x="-5.500000" y="-243.000000">
   <element name="symbol0" layername="timeline_0" frame="1" z_index="3" m_a="1.000000" m_b="0.000000" m_c="0.000000" m_d="1.000000" m_tx="-5.500000" m_ty="-243.000000"/>
  </frame>
  <frame idx="725" w="459" h="882" x="-5.500000" y="-243.000000">
   <element name="symbol0" layername="timeline_0" frame="1" z_index="3" m_a="1.000000" m_b="0.000000" m_c="0.000000" m_d="1.000000" m_tx="-5.500000" m_ty="-243.000000"/>
  </frame>
  <frame idx="750" w="459" h="882" x="-5.500000" y="-243.000000">
   <element name="symbol0" layername="timeline_0" frame="1" z_index="3" m_a="1.000000" m_b="0.000000" m_c="0.000000" m_d="1.000000" m_tx="-5.500000" m_ty="-243.000000"/>
  </frame>
  <frame idx="775" w="459" h="882" x="-5.500000" y="-243.000000">
   <element name="symbol0" layername="timeline_0" frame="1" z_index="3" m_a="1.000000" m_b="0.000000" m_c="0.000000" m_d="1.000000" m_tx="-5.500000" m_ty="-243.000000"/>
  </frame>
  <frame idx="800" w="459" h="882" x="-5.500000" y="-243.000000">
   <element name="symbol0" layername="timeline_0" frame="1" z_index="3" m_a="1.000000" m_b="0.000000" m_c="0.000000" m_d="1.000000" m_tx="-5.500000" m_ty="-243.000000"/>
  </frame>
  <frame idx="825" w="459" h="882" x="-5.500000" y="-243.000000">
   <element name="symbol0" layername="timeline_0" frame="1" z_index="3" m_a="1.000000" m_b="0.000000" m_c="0.000000" m_d="1.000000" m_tx="-5.500000" m_ty="-243.000000"/>
  </frame>
  <frame idx="850" w="459" h="882" x="-5.500000" y="-243.000000">
   <element name="symbol0" layername="timeline_0" frame="1" z_index="3" m_a="1.000000" m_b="0.000000" m_c="0.000000" m_d="1.000000" m_tx="-5.500000" m_ty="-243.000000"/>
  </frame>
  <frame idx="875" w="459" h="882" x="-5.500000" y="-243.000000">
   <element name="symbol0" layername="timeline_0" frame="1" z_index="3" m_a="1.000000" m_b="0.000000" m_c="0.000000" m_d="1.000000" m_tx="-5.500000" m_ty="-243.000000"/>
  </frame>
  <frame idx="900" w="459" h="882" x="-5.500000" y="-243.000000">
   <element name="symbol0" layername="timeline_0" frame="1" z_index="3" m_a="1.000000" m_b="0.000000" m_c="0.000000" m_d="1.000000" m_tx="-5.500000" m_ty="-243.000000"/>
  </frame>
  <frame idx="925" w="459" h="882" x="-5.500000" y="-243.000000">
   <element name="symbol0" layername="timeline_0" frame="1" z_index="3" m_a="1.000000" m_b="0.000000" m_c="0.000000" m_d="1.000000" m_tx="-5.500000" m_ty="-243.000000"/>
  </frame>
  <frame idx="950" w="459" h="882" x="-5.500000" y="-243.000000">
   <element name="symbol0" layername="timeline_0" frame="1" z_index="3" m_a="1.000000" m_b="0.000000" m_c="0.000000" m_d="1.000000" m_tx="-5.500000" m_ty="-243.000000"/>
  </frame>
  <frame idx="975" w="459" h="882" x="-5.500000" y="-243.000000">
   <element name="symbol0" layername="timeline_0" frame="1" z_index="3" m_a="1.000000" m_b="0.000000" m_c="0.000000" m_d="1.000000" m_tx="-5.500000" m_ty="-243.000000"/>
  </frame>
 </anim>
 <anim name="idle" root="Greenjellyshroom" numframes="1000" framerate="40">
  <frame idx="0" w="459" h="842" x="-48.000000" y="-245.500000">
   <element name="symbol0" layername="timeline_0" frame="2" z_index="3" m_a="1.000000" m_b="0.000000" m_c="0.000000" m_d="1.000000" m_tx="-48.000000" m_ty="-245.500000"/>
  </frame>
  <frame idx="25" w="459" h="842" x="-48.000000" y="-245.500000">
   <element name="symbol0" layername="timeline_0" frame="2" z_index="3" m_a="1.000000" m_b="0.000000" m_c="0.000000" m_d="1.000000" m_tx="-48.000000" m_ty="-245.500000"/>
  </frame>
  <frame idx="50" w="459" h="842" x="-48.000000" y="-245.500000">
   <element name="symbol0" layername="timeline_0" frame="2" z_index="3" m_a="1.000000" m_b="0.000000" m_c="0.000000" m_d="1.000000" m_tx="-48.000000" m_ty="-245.500000"/>
  </frame>
  <frame idx="75" w="459" h="842" x="-48.000000" y="-245.500000">
   <element name="symbol0" layername="timeline_0" frame="2" z_index="3" m_a="1.000000" m_b="0.000000" m_c="0.000000" m_d="1.000000" m_tx="-48.000000" m_ty="-245.500000"/>
  </frame>
  <frame idx="100" w="459" h="842" x="-48.000000" y="-245.500000">
   <element name="symbol0" layername="timeline_0" frame="2" z_index="3" m_a="1.000000" m_b="0.000000" m_c="0.000000" m_d="1.000000" m_tx="-48.000000" m_ty="-245.500000"/>
  </frame>
  <frame idx="125" w="459" h="842" x="-48.000000" y="-245.500000">
   <element name="symbol0" layername="timeline_0" frame="2" z_index="3" m_a="1.000000" m_b="0.000000" m_c="0.000000" m_d="1.000000" m_tx="-48.000000" m_ty="-245.500000"/>
  </frame>
  <frame idx="150" w="459" h="842" x="-48.000000" y="-245.500000">
   <element name="symbol0" layername="timeline_0" frame="2" z_index="3" m_a="1.000000" m_b="0.000000" m_c="0.000000" m_d="1.000000" m_tx="-48.000000" m_ty="-245.500000"/>
  </frame>
  <frame idx="175" w="459" h="842" x="-48.000000" y="-245.500000">
   <element name="symbol0" layername="timeline_0" frame="2" z_index="3" m_a="1.000000" m_b="0.000000" m_c="0.000000" m_d="1.000000" m_tx="-48.000000" m_ty="-245.500000"/>
  </frame>
  <frame idx="200" w="459" h="842" x="-48.000000" y="-245.500000">
   <element name="symbol0" layername="timeline_0" frame="2" z_index="3" m_a="1.000000" m_b="0.000000" m_c="0.000000" m_d="1.000000" m_tx="-48.000000" m_ty="-245.500000"/>
  </frame>
  <frame idx="225" w="459" h="842" x="-48.000000" y="-245.500000">
   <element name="symbol0" layername="timeline_0" frame="2" z_index="3" m_a="1.000000" m_b="0.000000" m_c="0.000000" m_d="1.000000" m_tx="-48.000000" m_ty="-245.500000"/>
  </frame>
  <frame idx="250" w="459" h="842" x="-48.000000" y="-245.500000">
   <element name="symbol0" layername="timeline_0" frame="2" z_index="3" m_a="1.000000" m_b="0.000000" m_c="0.000000" m_d="1.000000" m_tx="-48.000000" m_ty="-245.500000"/>
  </frame>
  <frame idx="275" w="459" h="842" x="-48.000000" y="-245.500000">
   <element name="symbol0" layername="timeline_0" frame="2" z_index="3" m_a="1.000000" m_b="0.000000" m_c="0.000000" m_d="1.000000" m_tx="-48.000000" m_ty="-245.500000"/>
  </frame>
  <frame idx="300" w="459" h="842" x="-48.000000" y="-245.500000">
   <element name="symbol0" layername="timeline_0" frame="2" z_index="3" m_a="1.000000" m_b="0.000000" m_c="0.000000" m_d="1.000000" m_tx="-48.000000" m_ty="-245.500000"/>
  </frame>
  <frame idx="325" w="459" h="842" x="-48.000000" y="-245.500000">
   <element name="symbol0" layername="timeline_0" frame="2" z_index="3" m_a="1.000000" m_b="0.000000" m_c="0.000000" m_d="1.000000" m_tx="-48.000000" m_ty="-245.500000"/>
  </frame>
  <frame idx="350" w="459" h="842" x="-48.000000" y="-245.500000">
   <element name="symbol0" layername="timeline_0" frame="2" z_index="3" m_a="1.000000" m_b="0.000000" m_c="0.000000" m_d="1.000000" m_tx="-48.000000" m_ty="-245.500000"/>
  </frame>
  <frame idx="375" w="459" h="842" x="-48.000000" y="-245.500000">
   <element name="symbol0" layername="timeline_0" frame="2" z_index="3" m_a="1.000000" m_b="0.000000" m_c="0.000000" m_d="1.000000" m_tx="-48.000000" m_ty="-245.500000"/>
  </frame>
  <frame idx="400" w="459" h="842" x="-48.000000" y="-245.500000">
   <element name="symbol0" layername="timeline_0" frame="2" z_index="3" m_a="1.000000" m_b="0.000000" m_c="0.000000" m_d="1.000000" m_tx="-48.000000" m_ty="-245.500000"/>
  </frame>
  <frame idx="425" w="459" h="842" x="-48.000000" y="-245.500000">
   <element name="symbol0" layername="timeline_0" frame="2" z_index="3" m_a="1.000000" m_b="0.000000" m_c="0.000000" m_d="1.000000" m_tx="-48.000000" m_ty="-245.500000"/>
  </frame>
  <frame idx="450" w="459" h="842" x="-48.000000" y="-245.500000">
   <element name="symbol0" layername="timeline_0" frame="2" z_index="3" m_a="1.000000" m_b="0.000000" m_c="0.000000" m_d="1.000000" m_tx="-48.000000" m_ty="-245.500000"/>
  </frame>
  <frame idx="475" w="459" h="842" x="-48.000000" y="-245.500000">
   <element name="symbol0" layername="timeline_0" frame="2" z_index="3" m_a="1.000000" m_b="0.000000" m_c="0.000000" m_d="1.000000" m_tx="-48.000000" m_ty="-245.500000"/>
  </frame>
  <frame idx="500" w="459" h="842" x="-48.000000" y="-245.500000">
   <element name="symbol0" layername="timeline_0" frame="2" z_index="3" m_a="1.000000" m_b="0.000000" m_c="0.000000" m_d="1.000000" m_tx="-48.000000" m_ty="-245.500000"/>
  </frame>
  <frame idx="525" w="459" h="842" x="-48.000000" y="-245.500000">
   <element name="symbol0" layername="timeline_0" frame="2" z_index="3" m_a="1.000000" m_b="0.000000" m_c="0.000000" m_d="1.000000" m_tx="-48.000000" m_ty="-245.500000"/>
  </frame>
  <frame idx="550" w="459" h="842" x="-48.000000" y="-245.500000">
   <element name="symbol0" layername="timeline_0" frame="2" z_index="3" m_a="1.000000" m_b="0.000000" m_c="0.000000" m_d="1.000000" m_tx="-48.000000" m_ty="-245.500000"/>
  </frame>
  <frame idx="575" w="459" h="842" x="-48.000000" y="-245.500000">
   <element name="symbol0" layername="timeline_0" frame="2" z_index="3" m_a="1.000000" m_b="0.000000" m_c="0.000000" m_d="1.000000" m_tx="-48.000000" m_ty="-245.500000"/>
  </frame>
  <frame idx="600" w="459" h="842" x="-48.000000" y="-245.500000">
   <element name="symbol0" layername="timeline_0" frame="2" z_index="3" m_a="1.000000" m_b="0.000000" m_c="0.000000" m_d="1.000000" m_tx="-48.000000" m_ty="-245.500000"/>
  </frame>
  <frame idx="625" w="459" h="842" x="-48.000000" y="-245.500000">
   <element name="symbol0" layername="timeline_0" frame="2" z_index="3" m_a="1.000000" m_b="0.000000" m_c="0.000000" m_d="1.000000" m_tx="-48.000000" m_ty="-245.500000"/>
  </frame>
  <frame idx="650" w="459" h="842" x="-48.000000" y="-245.500000">
   <element name="symbol0" layername="timeline_0" frame="2" z_index="3" m_a="1.000000" m_b="0.000000" m_c="0.000000" m_d="1.000000" m_tx="-48.000000" m_ty="-245.500000"/>
  </frame>
  <frame idx="675" w="459" h="842" x="-48.000000" y="-245.500000">
   <element name="symbol0" layername="timeline_0" frame="2" z_index="3" m_a="1.000000" m_b="0.000000" m_c="0.000000" m_d="1.000000" m_tx="-48.000000" m_ty="-245.500000"/>
  </frame>
  <frame idx="700" w="459" h="842" x="-48.000000" y="-245.500000">
   <element name="symbol0" layername="timeline_0" frame="2" z_index="3" m_a="1.000000" m_b="0.000000" m_c="0.000000" m_d="1.000000" m_tx="-48.000000" m_ty="-245.500000"/>
  </frame>
  <frame idx="725" w="459" h="842" x="-48.000000" y="-245.500000">
   <element name="symbol0" layername="timeline_0" frame="2" z_index="3" m_a="1.000000" m_b="0.000000" m_c="0.000000" m_d="1.000000" m_tx="-48.000000" m_ty="-245.500000"/>
  </frame>
  <frame idx="750" w="459" h="842" x="-48.000000" y="-245.500000">
   <element name="symbol0" layername="timeline_0" frame="2" z_index="3" m_a="1.000000" m_b="0.000000" m_c="0.000000" m_d="1.000000" m_tx="-48.000000" m_ty="-245.500000"/>
  </frame>
  <frame idx="775" w="459" h="842" x="-48.000000" y="-245.500000">
   <element name="symbol0" layername="timeline_0" frame="2" z_index="3" m_a="1.000000" m_b="0.000000" m_c="0.000000" m_d="1.000000" m_tx="-48.000000" m_ty="-245.500000"/>
  </frame>
  <frame idx="800" w="459" h="842" x="-48.000000" y="-245.500000">
   <element name="symbol0" layername="timeline_0" frame="2" z_index="3" m_a="1.000000" m_b="0.000000" m_c="0.000000" m_d="1.000000" m_tx="-48.000000" m_ty="-245.500000"/>
  </frame>
  <frame idx="825" w="459" h="842" x="-48.000000" y="-245.500000">
   <element name="symbol0" layername="timeline_0" frame="2" z_index="3" m_a="1.000000" m_b="0.000000" m_c="0.000000" m_d="1.000000" m_tx="-48.000000" m_ty="-245.500000"/>
  </frame>
  <frame idx="850" w="459" h="842" x="-48.000000" y="-245.500000">
   <element name="symbol0" layername="timeline_0" frame="2" z_index="3" m_a="1.000000" m_b="0.000000" m_c="0.000000" m_d="1.000000" m_tx="-48.000000" m_ty="-245.500000"/>
  </frame>
  <frame idx="875" w="459" h="842" x="-48.000000" y="-245.500000">
   <element name="symbol0" layername="timeline_0" frame="2" z_index="3" m_a="1.000000" m_b="0.000000" m_c="0.000000" m_d="1.000000" m_tx="-48.000000" m_ty="-245.500000"/>
  </frame>
  <frame idx="900" w="459" h="842" x="-48.000000" y="-245.500000">
   <element name="symbol0" layername="timeline_0" frame="2" z_index="3" m_a="1.000000" m_b="0.000000" m_c="0.000000" m_d="1.000000" m_tx="-48.000000" m_ty="-245.500000"/>
  </frame>
  <frame idx="925" w="459" h="842" x="-48.000000" y="-245.500000">
   <element name="symbol0" layername="timeline_0" frame="2" z_index="3" m_a="1.000000" m_b="0.000000" m_c="0.000000" m_d="1.000000" m_tx="-48.000000" m_ty="-245.500000"/>
  </frame>
  <frame idx="950" w="459" h="842" x="-48.000000" y="-245.500000">
   <element name="symbol0" layername="timeline_0" frame="2" z_index="3" m_a="1.000000" m_b="0.000000" m_c="0.000000" m_d="1.000000" m_tx="-48.000000" m_ty="-245.500000"/>
  </frame>
  <frame idx="975" w="459" h="842" x="-48.000000" y="-245.500000">
   <element name="symbol0" layername="timeline_0" frame="2" z_index="3" m_a="1.000000" m_b="0.000000" m_c="0.000000" m_d="1.000000" m_tx="-48.000000" m_ty="-245.500000"/>
  </frame>
 </anim>
</Anims>
