<Anims>
 <anim name="idle_off" root="weather_machine" numframes="1000" framerate="40">
  <frame idx="0" w="483" h="588" x="42.609711" y="-99.017853">
   <element name="symbol0" layername="timeline_0" frame="0" z_index="22" m_a="1.000000" m_b="0.000000" m_c="0.000000" m_d="1.000000" m_tx="42.609711" m_ty="-99.017853"/>
   <element name="symbol0" layername="timeline_1" frame="1" z_index="21" m_a="1.000000" m_b="0.000000" m_c="0.000000" m_d="1.000000" m_tx="48.750000" m_ty="-85.000000"/>
   <element name="symbol0" layername="timeline_2" frame="2" z_index="20" m_a="1.000000" m_b="0.000000" m_c="0.000000" m_d="1.000000" m_tx="47.500000" m_ty="-87.500000"/>
  </frame>
  <frame idx="25" w="483" h="588" x="42.609711" y="-99.017853">
   <element name="symbol0" layername="timeline_0" frame="0" z_index="22" m_a="1.000000" m_b="0.000000" m_c="0.000000" m_d="1.000000" m_tx="42.609711" m_ty="-99.017853"/>
   <element name="symbol0" layername="timeline_1" frame="1" z_index="21" m_a="1.000000" m_b="0.000000" m_c="0.000000" m_d="1.000000" m_tx="48.750000" m_ty="-85.000000"/>
   <element name="symbol0" layername="timeline_2" frame="2" z_index="20" m_a="1.000000" m_b="0.000000" m_c="0.000000" m_d="1.000000" m_tx="47.500000" m_ty="-87.500000"/>
  </frame>
  <frame idx="50" w="483" h="588" x="42.609711" y="-99.017853">
   <element name="symbol0" layername="timeline_0" frame="0" z_index="22" m_a="1.000000" m_b="0.000000" m_c="0.000000" m_d="1.000000" m_tx="42.609711" m_ty="-99.017853"/>
   <element name="symbol0" layername="timeline_1" frame="1" z_index="21" m_a="1.000000" m_b="0.000000" m_c="0.000000" m_d="1.000000" m_tx="48.750000" m_ty="-85.000000"/>
   <element name="symbol0" layername="timeline_2" frame="2" z_index="20" m_a="1.000000" m_b="0.000000" m_c="0.000000" m_d="1.000000" m_tx="47.500000" m_ty="-87.500000"/>
  </frame>
  <frame idx="75" w="483" h="588" x="42.609711" y="-99.017853">
   <element name="symbol0" layername="timeline_0" frame="0" z_index="22" m_a="1.000000" m_b="0.000000" m_c="0.000000" m_d="1.000000" m_tx="42.609711" m_ty="-99.017853"/>
   <element name="symbol0" layername="timeline_1" frame="1" z_index="21" m_a="1.000000" m_b="0.000000" m_c="0.000000" m_d="1.000000" m_tx="48.750000" m_ty="-85.000000"/>
   <element name="symbol0" layername="timeline_2" frame="2" z_index="20" m_a="1.000000" m_b="0.000000" m_c="0.000000" m_d="1.000000" m_tx="47.500000" m_ty="-87.500000"/>
  </frame>
  <frame idx="100" w="483" h="588" x="42.609711" y="-99.017853">
   <element name="symbol0" layername="timeline_0" frame="0" z_index="22" m_a="1.000000" m_b="0.000000" m_c="0.000000" m_d="1.000000" m_tx="42.609711" m_ty="-99.017853"/>
   <element name="symbol0" layername="timeline_1" frame="1" z_index="21" m_a="1.000000" m_b="0.000000" m_c="0.000000" m_d="1.000000" m_tx="48.750000" m_ty="-85.000000"/>
   <element name="symbol0" layername="timeline_2" frame="2" z_index="20" m_a="1.000000" m_b="0.000000" m_c="0.000000" m_d="1.000000" m_tx="47.500000" m_ty="-87.500000"/>
  </frame>
  <frame idx="125" w="483" h="588" x="42.609711" y="-99.017853">
   <element name="symbol0" layername="timeline_0" frame="0" z_index="22" m_a="1.000000" m_b="0.000000" m_c="0.000000" m_d="1.000000" m_tx="42.609711" m_ty="-99.017853"/>
   <element name="symbol0" layername="timeline_1" frame="1" z_index="21" m_a="1.000000" m_b="0.000000" m_c="0.000000" m_d="1.000000" m_tx="48.750000" m_ty="-85.000000"/>
   <element name="symbol0" layername="timeline_2" frame="2" z_index="20" m_a="1.000000" m_b="0.000000" m_c="0.000000" m_d="1.000000" m_tx="47.500000" m_ty="-87.500000"/>
  </frame>
  <frame idx="150" w="483" h="588" x="42.609711" y="-99.017853">
   <element name="symbol0" layername="timeline_0" frame="0" z_index="22" m_a="1.000000" m_b="0.000000" m_c="0.000000" m_d="1.000000" m_tx="42.609711" m_ty="-99.017853"/>
   <element name="symbol0" layername="timeline_1" frame="1" z_index="21" m_a="1.000000" m_b="0.000000" m_c="0.000000" m_d="1.000000" m_tx="48.750000" m_ty="-85.000000"/>
   <element name="symbol0" layername="timeline_2" frame="2" z_index="20" m_a="1.000000" m_b="0.000000" m_c="0.000000" m_d="1.000000" m_tx="47.500000" m_ty="-87.500000"/>
  </frame>
  <frame idx="175" w="483" h="588" x="42.609711" y="-99.017853">
   <element name="symbol0" layername="timeline_0" frame="0" z_index="22" m_a="1.000000" m_b="0.000000" m_c="0.000000" m_d="1.000000" m_tx="42.609711" m_ty="-99.017853"/>
   <element name="symbol0" layername="timeline_1" frame="1" z_index="21" m_a="1.000000" m_b="0.000000" m_c="0.000000" m_d="1.000000" m_tx="48.750000" m_ty="-85.000000"/>
   <element name="symbol0" layername="timeline_2" frame="2" z_index="20" m_a="1.000000" m_b="0.000000" m_c="0.000000" m_d="1.000000" m_tx="47.500000" m_ty="-87.500000"/>
  </frame>
  <frame idx="200" w="483" h="588" x="42.609711" y="-99.017853">
   <element name="symbol0" layername="timeline_0" frame="0" z_index="22" m_a="1.000000" m_b="0.000000" m_c="0.000000" m_d="1.000000" m_tx="42.609711" m_ty="-99.017853"/>
   <element name="symbol0" layername="timeline_1" frame="1" z_index="21" m_a="1.000000" m_b="0.000000" m_c="0.000000" m_d="1.000000" m_tx="48.750000" m_ty="-85.000000"/>
   <element name="symbol0" layername="timeline_2" frame="2" z_index="20" m_a="1.000000" m_b="0.000000" m_c="0.000000" m_d="1.000000" m_tx="47.500000" m_ty="-87.500000"/>
  </frame>
  <frame idx="225" w="483" h="588" x="42.609711" y="-99.017853">
   <element name="symbol0" layername="timeline_0" frame="0" z_index="22" m_a="1.000000" m_b="0.000000" m_c="0.000000" m_d="1.000000" m_tx="42.609711" m_ty="-99.017853"/>
   <element name="symbol0" layername="timeline_1" frame="1" z_index="21" m_a="1.000000" m_b="0.000000" m_c="0.000000" m_d="1.000000" m_tx="48.750000" m_ty="-85.000000"/>
   <element name="symbol0" layername="timeline_2" frame="2" z_index="20" m_a="1.000000" m_b="0.000000" m_c="0.000000" m_d="1.000000" m_tx="47.500000" m_ty="-87.500000"/>
  </frame>
  <frame idx="250" w="483" h="588" x="42.609711" y="-99.017853">
   <element name="symbol0" layername="timeline_0" frame="0" z_index="22" m_a="1.000000" m_b="0.000000" m_c="0.000000" m_d="1.000000" m_tx="42.609711" m_ty="-99.017853"/>
   <element name="symbol0" layername="timeline_1" frame="1" z_index="21" m_a="1.000000" m_b="0.000000" m_c="0.000000" m_d="1.000000" m_tx="48.750000" m_ty="-85.000000"/>
   <element name="symbol0" layername="timeline_2" frame="2" z_index="20" m_a="1.000000" m_b="0.000000" m_c="0.000000" m_d="1.000000" m_tx="47.500000" m_ty="-87.500000"/>
  </frame>
  <frame idx="275" w="483" h="588" x="42.609711" y="-99.017853">
   <element name="symbol0" layername="timeline_0" frame="0" z_index="22" m_a="1.000000" m_b="0.000000" m_c="0.000000" m_d="1.000000" m_tx="42.609711" m_ty="-99.017853"/>
   <element name="symbol0" layername="timeline_1" frame="1" z_index="21" m_a="1.000000" m_b="0.000000" m_c="0.000000" m_d="1.000000" m_tx="48.750000" m_ty="-85.000000"/>
   <element name="symbol0" layername="timeline_2" frame="2" z_index="20" m_a="1.000000" m_b="0.000000" m_c="0.000000" m_d="1.000000" m_tx="47.500000" m_ty="-87.500000"/>
  </frame>
  <frame idx="300" w="483" h="588" x="42.609711" y="-99.017853">
   <element name="symbol0" layername="timeline_0" frame="0" z_index="22" m_a="1.000000" m_b="0.000000" m_c="0.000000" m_d="1.000000" m_tx="42.609711" m_ty="-99.017853"/>
   <element name="symbol0" layername="timeline_1" frame="1" z_index="21" m_a="1.000000" m_b="0.000000" m_c="0.000000" m_d="1.000000" m_tx="48.750000" m_ty="-85.000000"/>
   <element name="symbol0" layername="timeline_2" frame="2" z_index="20" m_a="1.000000" m_b="0.000000" m_c="0.000000" m_d="1.000000" m_tx="47.500000" m_ty="-87.500000"/>
  </frame>
  <frame idx="325" w="483" h="588" x="42.609711" y="-99.017853">
   <element name="symbol0" layername="timeline_0" frame="0" z_index="22" m_a="1.000000" m_b="0.000000" m_c="0.000000" m_d="1.000000" m_tx="42.609711" m_ty="-99.017853"/>
   <element name="symbol0" layername="timeline_1" frame="1" z_index="21" m_a="1.000000" m_b="0.000000" m_c="0.000000" m_d="1.000000" m_tx="48.750000" m_ty="-85.000000"/>
   <element name="symbol0" layername="timeline_2" frame="2" z_index="20" m_a="1.000000" m_b="0.000000" m_c="0.000000" m_d="1.000000" m_tx="47.500000" m_ty="-87.500000"/>
  </frame>
  <frame idx="350" w="483" h="588" x="42.609711" y="-99.017853">
   <element name="symbol0" layername="timeline_0" frame="0" z_index="22" m_a="1.000000" m_b="0.000000" m_c="0.000000" m_d="1.000000" m_tx="42.609711" m_ty="-99.017853"/>
   <element name="symbol0" layername="timeline_1" frame="1" z_index="21" m_a="1.000000" m_b="0.000000" m_c="0.000000" m_d="1.000000" m_tx="48.750000" m_ty="-85.000000"/>
   <element name="symbol0" layername="timeline_2" frame="2" z_index="20" m_a="1.000000" m_b="0.000000" m_c="0.000000" m_d="1.000000" m_tx="47.500000" m_ty="-87.500000"/>
  </frame>
  <frame idx="375" w="483" h="588" x="42.609711" y="-99.017853">
   <element name="symbol0" layername="timeline_0" frame="0" z_index="22" m_a="1.000000" m_b="0.000000" m_c="0.000000" m_d="1.000000" m_tx="42.609711" m_ty="-99.017853"/>
   <element name="symbol0" layername="timeline_1" frame="1" z_index="21" m_a="1.000000" m_b="0.000000" m_c="0.000000" m_d="1.000000" m_tx="48.750000" m_ty="-85.000000"/>
   <element name="symbol0" layername="timeline_2" frame="2" z_index="20" m_a="1.000000" m_b="0.000000" m_c="0.000000" m_d="1.000000" m_tx="47.500000" m_ty="-87.500000"/>
  </frame>
  <frame idx="400" w="483" h="588" x="42.609711" y="-99.017853">
   <element name="symbol0" layername="timeline_0" frame="0" z_index="22" m_a="1.000000" m_b="0.000000" m_c="0.000000" m_d="1.000000" m_tx="42.609711" m_ty="-99.017853"/>
   <element name="symbol0" layername="timeline_1" frame="1" z_index="21" m_a="1.000000" m_b="0.000000" m_c="0.000000" m_d="1.000000" m_tx="48.750000" m_ty="-85.000000"/>
   <element name="symbol0" layername="timeline_2" frame="2" z_index="20" m_a="1.000000" m_b="0.000000" m_c="0.000000" m_d="1.000000" m_tx="47.500000" m_ty="-87.500000"/>
  </frame>
  <frame idx="425" w="483" h="588" x="42.609711" y="-99.017853">
   <element name="symbol0" layername="timeline_0" frame="0" z_index="22" m_a="1.000000" m_b="0.000000" m_c="0.000000" m_d="1.000000" m_tx="42.609711" m_ty="-99.017853"/>
   <element name="symbol0" layername="timeline_1" frame="1" z_index="21" m_a="1.000000" m_b="0.000000" m_c="0.000000" m_d="1.000000" m_tx="48.750000" m_ty="-85.000000"/>
   <element name="symbol0" layername="timeline_2" frame="2" z_index="20" m_a="1.000000" m_b="0.000000" m_c="0.000000" m_d="1.000000" m_tx="47.500000" m_ty="-87.500000"/>
  </frame>
  <frame idx="450" w="483" h="588" x="42.609711" y="-99.017853">
   <element name="symbol0" layername="timeline_0" frame="0" z_index="22" m_a="1.000000" m_b="0.000000" m_c="0.000000" m_d="1.000000" m_tx="42.609711" m_ty="-99.017853"/>
   <element name="symbol0" layername="timeline_1" frame="1" z_index="21" m_a="1.000000" m_b="0.000000" m_c="0.000000" m_d="1.000000" m_tx="48.750000" m_ty="-85.000000"/>
   <element name="symbol0" layername="timeline_2" frame="2" z_index="20" m_a="1.000000" m_b="0.000000" m_c="0.000000" m_d="1.000000" m_tx="47.500000" m_ty="-87.500000"/>
  </frame>
  <frame idx="475" w="483" h="588" x="42.609711" y="-99.017853">
   <element name="symbol0" layername="timeline_0" frame="0" z_index="22" m_a="1.000000" m_b="0.000000" m_c="0.000000" m_d="1.000000" m_tx="42.609711" m_ty="-99.017853"/>
   <element name="symbol0" layername="timeline_1" frame="1" z_index="21" m_a="1.000000" m_b="0.000000" m_c="0.000000" m_d="1.000000" m_tx="48.750000" m_ty="-85.000000"/>
   <element name="symbol0" layername="timeline_2" frame="2" z_index="20" m_a="1.000000" m_b="0.000000" m_c="0.000000" m_d="1.000000" m_tx="47.500000" m_ty="-87.500000"/>
  </frame>
  <frame idx="500" w="483" h="588" x="42.609711" y="-99.017853">
   <element name="symbol0" layername="timeline_0" frame="0" z_index="22" m_a="1.000000" m_b="0.000000" m_c="0.000000" m_d="1.000000" m_tx="42.609711" m_ty="-99.017853"/>
   <element name="symbol0" layername="timeline_1" frame="1" z_index="21" m_a="1.000000" m_b="0.000000" m_c="0.000000" m_d="1.000000" m_tx="48.750000" m_ty="-85.000000"/>
   <element name="symbol0" layername="timeline_2" frame="2" z_index="20" m_a="1.000000" m_b="0.000000" m_c="0.000000" m_d="1.000000" m_tx="47.500000" m_ty="-87.500000"/>
  </frame>
  <frame idx="525" w="483" h="588" x="42.609711" y="-99.017853">
   <element name="symbol0" layername="timeline_0" frame="0" z_index="22" m_a="1.000000" m_b="0.000000" m_c="0.000000" m_d="1.000000" m_tx="42.609711" m_ty="-99.017853"/>
   <element name="symbol0" layername="timeline_1" frame="1" z_index="21" m_a="1.000000" m_b="0.000000" m_c="0.000000" m_d="1.000000" m_tx="48.750000" m_ty="-85.000000"/>
   <element name="symbol0" layername="timeline_2" frame="2" z_index="20" m_a="1.000000" m_b="0.000000" m_c="0.000000" m_d="1.000000" m_tx="47.500000" m_ty="-87.500000"/>
  </frame>
  <frame idx="550" w="483" h="588" x="42.609711" y="-99.017853">
   <element name="symbol0" layername="timeline_0" frame="0" z_index="22" m_a="1.000000" m_b="0.000000" m_c="0.000000" m_d="1.000000" m_tx="42.609711" m_ty="-99.017853"/>
   <element name="symbol0" layername="timeline_1" frame="1" z_index="21" m_a="1.000000" m_b="0.000000" m_c="0.000000" m_d="1.000000" m_tx="48.750000" m_ty="-85.000000"/>
   <element name="symbol0" layername="timeline_2" frame="2" z_index="20" m_a="1.000000" m_b="0.000000" m_c="0.000000" m_d="1.000000" m_tx="47.500000" m_ty="-87.500000"/>
  </frame>
  <frame idx="575" w="483" h="588" x="42.609711" y="-99.017853">
   <element name="symbol0" layername="timeline_0" frame="0" z_index="22" m_a="1.000000" m_b="0.000000" m_c="0.000000" m_d="1.000000" m_tx="42.609711" m_ty="-99.017853"/>
   <element name="symbol0" layername="timeline_1" frame="1" z_index="21" m_a="1.000000" m_b="0.000000" m_c="0.000000" m_d="1.000000" m_tx="48.750000" m_ty="-85.000000"/>
   <element name="symbol0" layername="timeline_2" frame="2" z_index="20" m_a="1.000000" m_b="0.000000" m_c="0.000000" m_d="1.000000" m_tx="47.500000" m_ty="-87.500000"/>
  </frame>
  <frame idx="600" w="483" h="588" x="42.609711" y="-99.017853">
   <element name="symbol0" layername="timeline_0" frame="0" z_index="22" m_a="1.000000" m_b="0.000000" m_c="0.000000" m_d="1.000000" m_tx="42.609711" m_ty="-99.017853"/>
   <element name="symbol0" layername="timeline_1" frame="1" z_index="21" m_a="1.000000" m_b="0.000000" m_c="0.000000" m_d="1.000000" m_tx="48.750000" m_ty="-85.000000"/>
   <element name="symbol0" layername="timeline_2" frame="2" z_index="20" m_a="1.000000" m_b="0.000000" m_c="0.000000" m_d="1.000000" m_tx="47.500000" m_ty="-87.500000"/>
  </frame>
  <frame idx="625" w="483" h="588" x="42.609711" y="-99.017853">
   <element name="symbol0" layername="timeline_0" frame="0" z_index="22" m_a="1.000000" m_b="0.000000" m_c="0.000000" m_d="1.000000" m_tx="42.609711" m_ty="-99.017853"/>
   <element name="symbol0" layername="timeline_1" frame="1" z_index="21" m_a="1.000000" m_b="0.000000" m_c="0.000000" m_d="1.000000" m_tx="48.750000" m_ty="-85.000000"/>
   <element name="symbol0" layername="timeline_2" frame="2" z_index="20" m_a="1.000000" m_b="0.000000" m_c="0.000000" m_d="1.000000" m_tx="47.500000" m_ty="-87.500000"/>
  </frame>
  <frame idx="650" w="483" h="588" x="42.609711" y="-99.017853">
   <element name="symbol0" layername="timeline_0" frame="0" z_index="22" m_a="1.000000" m_b="0.000000" m_c="0.000000" m_d="1.000000" m_tx="42.609711" m_ty="-99.017853"/>
   <element name="symbol0" layername="timeline_1" frame="1" z_index="21" m_a="1.000000" m_b="0.000000" m_c="0.000000" m_d="1.000000" m_tx="48.750000" m_ty="-85.000000"/>
   <element name="symbol0" layername="timeline_2" frame="2" z_index="20" m_a="1.000000" m_b="0.000000" m_c="0.000000" m_d="1.000000" m_tx="47.500000" m_ty="-87.500000"/>
  </frame>
  <frame idx="675" w="483" h="588" x="42.609711" y="-99.017853">
   <element name="symbol0" layername="timeline_0" frame="0" z_index="22" m_a="1.000000" m_b="0.000000" m_c="0.000000" m_d="1.000000" m_tx="42.609711" m_ty="-99.017853"/>
   <element name="symbol0" layername="timeline_1" frame="1" z_index="21" m_a="1.000000" m_b="0.000000" m_c="0.000000" m_d="1.000000" m_tx="48.750000" m_ty="-85.000000"/>
   <element name="symbol0" layername="timeline_2" frame="2" z_index="20" m_a="1.000000" m_b="0.000000" m_c="0.000000" m_d="1.000000" m_tx="47.500000" m_ty="-87.500000"/>
  </frame>
  <frame idx="700" w="483" h="588" x="42.609711" y="-99.017853">
   <element name="symbol0" layername="timeline_0" frame="0" z_index="22" m_a="1.000000" m_b="0.000000" m_c="0.000000" m_d="1.000000" m_tx="42.609711" m_ty="-99.017853"/>
   <element name="symbol0" layername="timeline_1" frame="1" z_index="21" m_a="1.000000" m_b="0.000000" m_c="0.000000" m_d="1.000000" m_tx="48.750000" m_ty="-85.000000"/>
   <element name="symbol0" layername="timeline_2" frame="2" z_index="20" m_a="1.000000" m_b="0.000000" m_c="0.000000" m_d="1.000000" m_tx="47.500000" m_ty="-87.500000"/>
  </frame>
  <frame idx="725" w="483" h="588" x="42.609711" y="-99.017853">
   <element name="symbol0" layername="timeline_0" frame="0" z_index="22" m_a="1.000000" m_b="0.000000" m_c="0.000000" m_d="1.000000" m_tx="42.609711" m_ty="-99.017853"/>
   <element name="symbol0" layername="timeline_1" frame="1" z_index="21" m_a="1.000000" m_b="0.000000" m_c="0.000000" m_d="1.000000" m_tx="48.750000" m_ty="-85.000000"/>
   <element name="symbol0" layername="timeline_2" frame="2" z_index="20" m_a="1.000000" m_b="0.000000" m_c="0.000000" m_d="1.000000" m_tx="47.500000" m_ty="-87.500000"/>
  </frame>
  <frame idx="750" w="483" h="588" x="42.609711" y="-99.017853">
   <element name="symbol0" layername="timeline_0" frame="0" z_index="22" m_a="1.000000" m_b="0.000000" m_c="0.000000" m_d="1.000000" m_tx="42.609711" m_ty="-99.017853"/>
   <element name="symbol0" layername="timeline_1" frame="1" z_index="21" m_a="1.000000" m_b="0.000000" m_c="0.000000" m_d="1.000000" m_tx="48.750000" m_ty="-85.000000"/>
   <element name="symbol0" layername="timeline_2" frame="2" z_index="20" m_a="1.000000" m_b="0.000000" m_c="0.000000" m_d="1.000000" m_tx="47.500000" m_ty="-87.500000"/>
  </frame>
  <frame idx="775" w="483" h="588" x="42.609711" y="-99.017853">
   <element name="symbol0" layername="timeline_0" frame="0" z_index="22" m_a="1.000000" m_b="0.000000" m_c="0.000000" m_d="1.000000" m_tx="42.609711" m_ty="-99.017853"/>
   <element name="symbol0" layername="timeline_1" frame="1" z_index="21" m_a="1.000000" m_b="0.000000" m_c="0.000000" m_d="1.000000" m_tx="48.750000" m_ty="-85.000000"/>
   <element name="symbol0" layername="timeline_2" frame="2" z_index="20" m_a="1.000000" m_b="0.000000" m_c="0.000000" m_d="1.000000" m_tx="47.500000" m_ty="-87.500000"/>
  </frame>
  <frame idx="800" w="483" h="588" x="42.609711" y="-99.017853">
   <element name="symbol0" layername="timeline_0" frame="0" z_index="22" m_a="1.000000" m_b="0.000000" m_c="0.000000" m_d="1.000000" m_tx="42.609711" m_ty="-99.017853"/>
   <element name="symbol0" layername="timeline_1" frame="1" z_index="21" m_a="1.000000" m_b="0.000000" m_c="0.000000" m_d="1.000000" m_tx="48.750000" m_ty="-85.000000"/>
   <element name="symbol0" layername="timeline_2" frame="2" z_index="20" m_a="1.000000" m_b="0.000000" m_c="0.000000" m_d="1.000000" m_tx="47.500000" m_ty="-87.500000"/>
  </frame>
  <frame idx="825" w="483" h="588" x="42.609711" y="-99.017853">
   <element name="symbol0" layername="timeline_0" frame="0" z_index="22" m_a="1.000000" m_b="0.000000" m_c="0.000000" m_d="1.000000" m_tx="42.609711" m_ty="-99.017853"/>
   <element name="symbol0" layername="timeline_1" frame="1" z_index="21" m_a="1.000000" m_b="0.000000" m_c="0.000000" m_d="1.000000" m_tx="48.750000" m_ty="-85.000000"/>
   <element name="symbol0" layername="timeline_2" frame="2" z_index="20" m_a="1.000000" m_b="0.000000" m_c="0.000000" m_d="1.000000" m_tx="47.500000" m_ty="-87.500000"/>
  </frame>
  <frame idx="850" w="483" h="588" x="42.609711" y="-99.017853">
   <element name="symbol0" layername="timeline_0" frame="0" z_index="22" m_a="1.000000" m_b="0.000000" m_c="0.000000" m_d="1.000000" m_tx="42.609711" m_ty="-99.017853"/>
   <element name="symbol0" layername="timeline_1" frame="1" z_index="21" m_a="1.000000" m_b="0.000000" m_c="0.000000" m_d="1.000000" m_tx="48.750000" m_ty="-85.000000"/>
   <element name="symbol0" layername="timeline_2" frame="2" z_index="20" m_a="1.000000" m_b="0.000000" m_c="0.000000" m_d="1.000000" m_tx="47.500000" m_ty="-87.500000"/>
  </frame>
  <frame idx="875" w="483" h="588" x="42.609711" y="-99.017853">
   <element name="symbol0" layername="timeline_0" frame="0" z_index="22" m_a="1.000000" m_b="0.000000" m_c="0.000000" m_d="1.000000" m_tx="42.609711" m_ty="-99.017853"/>
   <element name="symbol0" layername="timeline_1" frame="1" z_index="21" m_a="1.000000" m_b="0.000000" m_c="0.000000" m_d="1.000000" m_tx="48.750000" m_ty="-85.000000"/>
   <element name="symbol0" layername="timeline_2" frame="2" z_index="20" m_a="1.000000" m_b="0.000000" m_c="0.000000" m_d="1.000000" m_tx="47.500000" m_ty="-87.500000"/>
  </frame>
  <frame idx="900" w="483" h="588" x="42.609711" y="-99.017853">
   <element name="symbol0" layername="timeline_0" frame="0" z_index="22" m_a="1.000000" m_b="0.000000" m_c="0.000000" m_d="1.000000" m_tx="42.609711" m_ty="-99.017853"/>
   <element name="symbol0" layername="timeline_1" frame="1" z_index="21" m_a="1.000000" m_b="0.000000" m_c="0.000000" m_d="1.000000" m_tx="48.750000" m_ty="-85.000000"/>
   <element name="symbol0" layername="timeline_2" frame="2" z_index="20" m_a="1.000000" m_b="0.000000" m_c="0.000000" m_d="1.000000" m_tx="47.500000" m_ty="-87.500000"/>
  </frame>
  <frame idx="925" w="483" h="588" x="42.609711" y="-99.017853">
   <element name="symbol0" layername="timeline_0" frame="0" z_index="22" m_a="1.000000" m_b="0.000000" m_c="0.000000" m_d="1.000000" m_tx="42.609711" m_ty="-99.017853"/>
   <element name="symbol0" layername="timeline_1" frame="1" z_index="21" m_a="1.000000" m_b="0.000000" m_c="0.000000" m_d="1.000000" m_tx="48.750000" m_ty="-85.000000"/>
   <element name="symbol0" layername="timeline_2" frame="2" z_index="20" m_a="1.000000" m_b="0.000000" m_c="0.000000" m_d="1.000000" m_tx="47.500000" m_ty="-87.500000"/>
  </frame>
  <frame idx="950" w="483" h="588" x="42.609711" y="-99.017853">
   <element name="symbol0" layername="timeline_0" frame="0" z_index="22" m_a="1.000000" m_b="0.000000" m_c="0.000000" m_d="1.000000" m_tx="42.609711" m_ty="-99.017853"/>
   <element name="symbol0" layername="timeline_1" frame="1" z_index="21" m_a="1.000000" m_b="0.000000" m_c="0.000000" m_d="1.000000" m_tx="48.750000" m_ty="-85.000000"/>
   <element name="symbol0" layername="timeline_2" frame="2" z_index="20" m_a="1.000000" m_b="0.000000" m_c="0.000000" m_d="1.000000" m_tx="47.500000" m_ty="-87.500000"/>
  </frame>
  <frame idx="975" w="483" h="588" x="42.609711" y="-99.017853">
   <element name="symbol0" layername="timeline_0" frame="0" z_index="22" m_a="1.000000" m_b="0.000000" m_c="0.000000" m_d="1.000000" m_tx="42.609711" m_ty="-99.017853"/>
   <element name="symbol0" layername="timeline_1" frame="1" z_index="21" m_a="1.000000" m_b="0.000000" m_c="0.000000" m_d="1.000000" m_tx="48.750000" m_ty="-85.000000"/>
   <element name="symbol0" layername="timeline_2" frame="2" z_index="20" m_a="1.000000" m_b="0.000000" m_c="0.000000" m_d="1.000000" m_tx="47.500000" m_ty="-87.500000"/>
  </frame>
 </anim>
 <anim name="idle_on" root="weather_machine" numframes="1000" framerate="40">
  <frame idx="0" w="483" h="796" x="42.609711" y="-105.648804">
   <element name="symbol0" layername="timeline_0" frame="0" z_index="22" m_a="1.000000" m_b="0.000000" m_c="0.000000" m_d="1.000000" m_tx="42.609711" m_ty="-99.017853"/>
   <element name="symbol0" layername="timeline_1" frame="1" z_index="21" m_a="0.643168" m_b="0.765725" m_c="-0.765725" m_d="0.643168" m_tx="96.134201" m_ty="-105.648804"/>
   <element name="symbol0" layername="timeline_2" frame="2" z_index="20" m_a="0.816035" m_b="0.578003" m_c="-0.578003" m_d="0.816035" m_tx="84.975395" m_ty="-74.551758"/>
  </frame>
  <frame idx="25" w="483" h="796" x="42.609711" y="-105.648804">
   <element name="symbol0" layername="timeline_0" frame="0" z_index="22" m_a="1.000000" m_b="0.000000" m_c="0.000000" m_d="1.000000" m_tx="42.609711" m_ty="-99.017853"/>
   <element name="symbol0" layername="timeline_1" frame="1" z_index="21" m_a="0.643168" m_b="0.765725" m_c="-0.765725" m_d="0.643168" m_tx="96.134201" m_ty="-105.648804"/>
   <element name="symbol0" layername="timeline_2" frame="2" z_index="20" m_a="0.816035" m_b="0.578003" m_c="-0.578003" m_d="0.816035" m_tx="84.975395" m_ty="-74.551758"/>
  </frame>
  <frame idx="50" w="483" h="796" x="42.609711" y="-105.648804">
   <element name="symbol0" layername="timeline_0" frame="0" z_index="22" m_a="1.000000" m_b="0.000000" m_c="0.000000" m_d="1.000000" m_tx="42.609711" m_ty="-99.017853"/>
   <element name="symbol0" layername="timeline_1" frame="1" z_index="21" m_a="0.643168" m_b="0.765725" m_c="-0.765725" m_d="0.643168" m_tx="96.134201" m_ty="-105.648804"/>
   <element name="symbol0" layername="timeline_2" frame="2" z_index="20" m_a="0.816035" m_b="0.578003" m_c="-0.578003" m_d="0.816035" m_tx="84.975395" m_ty="-74.551758"/>
  </frame>
  <frame idx="75" w="483" h="796" x="42.609711" y="-105.648804">
   <element name="symbol0" layername="timeline_0" frame="0" z_index="22" m_a="1.000000" m_b="0.000000" m_c="0.000000" m_d="1.000000" m_tx="42.609711" m_ty="-99.017853"/>
   <element name="symbol0" layername="timeline_1" frame="1" z_index="21" m_a="0.643168" m_b="0.765725" m_c="-0.765725" m_d="0.643168" m_tx="96.134201" m_ty="-105.648804"/>
   <element name="symbol0" layername="timeline_2" frame="2" z_index="20" m_a="0.816035" m_b="0.578003" m_c="-0.578003" m_d="0.816035" m_tx="84.975395" m_ty="-74.551758"/>
  </frame>
  <frame idx="100" w="483" h="796" x="42.609711" y="-105.648804">
   <element name="symbol0" layername="timeline_0" frame="0" z_index="22" m_a="1.000000" m_b="0.000000" m_c="0.000000" m_d="1.000000" m_tx="42.609711" m_ty="-99.017853"/>
   <element name="symbol0" layername="timeline_1" frame="1" z_index="21" m_a="0.643168" m_b="0.765725" m_c="-0.765725" m_d="0.643168" m_tx="96.134201" m_ty="-105.648804"/>
   <element name="symbol0" layername="timeline_2" frame="2" z_index="20" m_a="0.816035" m_b="0.578003" m_c="-0.578003" m_d="0.816035" m_tx="84.975395" m_ty="-74.551758"/>
  </frame>
  <frame idx="125" w="483" h="796" x="42.609711" y="-105.648804">
   <element name="symbol0" layername="timeline_0" frame="0" z_index="22" m_a="1.000000" m_b="0.000000" m_c="0.000000" m_d="1.000000" m_tx="42.609711" m_ty="-99.017853"/>
   <element name="symbol0" layername="timeline_1" frame="1" z_index="21" m_a="0.643168" m_b="0.765725" m_c="-0.765725" m_d="0.643168" m_tx="96.134201" m_ty="-105.648804"/>
   <element name="symbol0" layername="timeline_2" frame="2" z_index="20" m_a="0.816035" m_b="0.578003" m_c="-0.578003" m_d="0.816035" m_tx="84.975395" m_ty="-74.551758"/>
  </frame>
  <frame idx="150" w="483" h="796" x="42.609711" y="-105.648804">
   <element name="symbol0" layername="timeline_0" frame="0" z_index="22" m_a="1.000000" m_b="0.000000" m_c="0.000000" m_d="1.000000" m_tx="42.609711" m_ty="-99.017853"/>
   <element name="symbol0" layername="timeline_1" frame="1" z_index="21" m_a="0.643168" m_b="0.765725" m_c="-0.765725" m_d="0.643168" m_tx="96.134201" m_ty="-105.648804"/>
   <element name="symbol0" layername="timeline_2" frame="2" z_index="20" m_a="0.816035" m_b="0.578003" m_c="-0.578003" m_d="0.816035" m_tx="84.975395" m_ty="-74.551758"/>
  </frame>
  <frame idx="175" w="483" h="796" x="42.609711" y="-105.648804">
   <element name="symbol0" layername="timeline_0" frame="0" z_index="22" m_a="1.000000" m_b="0.000000" m_c="0.000000" m_d="1.000000" m_tx="42.609711" m_ty="-99.017853"/>
   <element name="symbol0" layername="timeline_1" frame="1" z_index="21" m_a="0.643168" m_b="0.765725" m_c="-0.765725" m_d="0.643168" m_tx="96.134201" m_ty="-105.648804"/>
   <element name="symbol0" layername="timeline_2" frame="2" z_index="20" m_a="0.816035" m_b="0.578003" m_c="-0.578003" m_d="0.816035" m_tx="84.975395" m_ty="-74.551758"/>
  </frame>
  <frame idx="200" w="483" h="796" x="42.609711" y="-105.648804">
   <element name="symbol0" layername="timeline_0" frame="0" z_index="22" m_a="1.000000" m_b="0.000000" m_c="0.000000" m_d="1.000000" m_tx="42.609711" m_ty="-99.017853"/>
   <element name="symbol0" layername="timeline_1" frame="1" z_index="21" m_a="0.643168" m_b="0.765725" m_c="-0.765725" m_d="0.643168" m_tx="96.134201" m_ty="-105.648804"/>
   <element name="symbol0" layername="timeline_2" frame="2" z_index="20" m_a="0.816035" m_b="0.578003" m_c="-0.578003" m_d="0.816035" m_tx="84.975395" m_ty="-74.551758"/>
  </frame>
  <frame idx="225" w="483" h="796" x="42.609711" y="-105.648804">
   <element name="symbol0" layername="timeline_0" frame="0" z_index="22" m_a="1.000000" m_b="0.000000" m_c="0.000000" m_d="1.000000" m_tx="42.609711" m_ty="-99.017853"/>
   <element name="symbol0" layername="timeline_1" frame="1" z_index="21" m_a="0.643168" m_b="0.765725" m_c="-0.765725" m_d="0.643168" m_tx="96.134201" m_ty="-105.648804"/>
   <element name="symbol0" layername="timeline_2" frame="2" z_index="20" m_a="0.816035" m_b="0.578003" m_c="-0.578003" m_d="0.816035" m_tx="84.975395" m_ty="-74.551758"/>
  </frame>
  <frame idx="250" w="483" h="796" x="42.609711" y="-105.648804">
   <element name="symbol0" layername="timeline_0" frame="0" z_index="22" m_a="1.000000" m_b="0.000000" m_c="0.000000" m_d="1.000000" m_tx="42.609711" m_ty="-99.017853"/>
   <element name="symbol0" layername="timeline_1" frame="1" z_index="21" m_a="0.643168" m_b="0.765725" m_c="-0.765725" m_d="0.643168" m_tx="96.134201" m_ty="-105.648804"/>
   <element name="symbol0" layername="timeline_2" frame="2" z_index="20" m_a="0.816035" m_b="0.578003" m_c="-0.578003" m_d="0.816035" m_tx="84.975395" m_ty="-74.551758"/>
  </frame>
  <frame idx="275" w="483" h="796" x="42.609711" y="-105.648804">
   <element name="symbol0" layername="timeline_0" frame="0" z_index="22" m_a="1.000000" m_b="0.000000" m_c="0.000000" m_d="1.000000" m_tx="42.609711" m_ty="-99.017853"/>
   <element name="symbol0" layername="timeline_1" frame="1" z_index="21" m_a="0.643168" m_b="0.765725" m_c="-0.765725" m_d="0.643168" m_tx="96.134201" m_ty="-105.648804"/>
   <element name="symbol0" layername="timeline_2" frame="2" z_index="20" m_a="0.816035" m_b="0.578003" m_c="-0.578003" m_d="0.816035" m_tx="84.975395" m_ty="-74.551758"/>
  </frame>
  <frame idx="300" w="483" h="796" x="42.609711" y="-105.648804">
   <element name="symbol0" layername="timeline_0" frame="0" z_index="22" m_a="1.000000" m_b="0.000000" m_c="0.000000" m_d="1.000000" m_tx="42.609711" m_ty="-99.017853"/>
   <element name="symbol0" layername="timeline_1" frame="1" z_index="21" m_a="0.643168" m_b="0.765725" m_c="-0.765725" m_d="0.643168" m_tx="96.134201" m_ty="-105.648804"/>
   <element name="symbol0" layername="timeline_2" frame="2" z_index="20" m_a="0.816035" m_b="0.578003" m_c="-0.578003" m_d="0.816035" m_tx="84.975395" m_ty="-74.551758"/>
  </frame>
  <frame idx="325" w="483" h="796" x="42.609711" y="-105.648804">
   <element name="symbol0" layername="timeline_0" frame="0" z_index="22" m_a="1.000000" m_b="0.000000" m_c="0.000000" m_d="1.000000" m_tx="42.609711" m_ty="-99.017853"/>
   <element name="symbol0" layername="timeline_1" frame="1" z_index="21" m_a="0.643168" m_b="0.765725" m_c="-0.765725" m_d="0.643168" m_tx="96.134201" m_ty="-105.648804"/>
   <element name="symbol0" layername="timeline_2" frame="2" z_index="20" m_a="0.816035" m_b="0.578003" m_c="-0.578003" m_d="0.816035" m_tx="84.975395" m_ty="-74.551758"/>
  </frame>
  <frame idx="350" w="483" h="796" x="42.609711" y="-105.648804">
   <element name="symbol0" layername="timeline_0" frame="0" z_index="22" m_a="1.000000" m_b="0.000000" m_c="0.000000" m_d="1.000000" m_tx="42.609711" m_ty="-99.017853"/>
   <element name="symbol0" layername="timeline_1" frame="1" z_index="21" m_a="0.643168" m_b="0.765725" m_c="-0.765725" m_d="0.643168" m_tx="96.134201" m_ty="-105.648804"/>
   <element name="symbol0" layername="timeline_2" frame="2" z_index="20" m_a="0.816035" m_b="0.578003" m_c="-0.578003" m_d="0.816035" m_tx="84.975395" m_ty="-74.551758"/>
  </frame>
  <frame idx="375" w="483" h="796" x="42.609711" y="-105.648804">
   <element name="symbol0" layername="timeline_0" frame="0" z_index="22" m_a="1.000000" m_b="0.000000" m_c="0.000000" m_d="1.000000" m_tx="42.609711" m_ty="-99.017853"/>
   <element name="symbol0" layername="timeline_1" frame="1" z_index="21" m_a="0.643168" m_b="0.765725" m_c="-0.765725" m_d="0.643168" m_tx="96.134201" m_ty="-105.648804"/>
   <element name="symbol0" layername="timeline_2" frame="2" z_index="20" m_a="0.816035" m_b="0.578003" m_c="-0.578003" m_d="0.816035" m_tx="84.975395" m_ty="-74.551758"/>
  </frame>
  <frame idx="400" w="483" h="796" x="42.609711" y="-105.648804">
   <element name="symbol0" layername="timeline_0" frame="0" z_index="22" m_a="1.000000" m_b="0.000000" m_c="0.000000" m_d="1.000000" m_tx="42.609711" m_ty="-99.017853"/>
   <element name="symbol0" layername="timeline_1" frame="1" z_index="21" m_a="0.643168" m_b="0.765725" m_c="-0.765725" m_d="0.643168" m_tx="96.134201" m_ty="-105.648804"/>
   <element name="symbol0" layername="timeline_2" frame="2" z_index="20" m_a="0.816035" m_b="0.578003" m_c="-0.578003" m_d="0.816035" m_tx="84.975395" m_ty="-74.551758"/>
  </frame>
  <frame idx="425" w="483" h="796" x="42.609711" y="-105.648804">
   <element name="symbol0" layername="timeline_0" frame="0" z_index="22" m_a="1.000000" m_b="0.000000" m_c="0.000000" m_d="1.000000" m_tx="42.609711" m_ty="-99.017853"/>
   <element name="symbol0" layername="timeline_1" frame="1" z_index="21" m_a="0.643168" m_b="0.765725" m_c="-0.765725" m_d="0.643168" m_tx="96.134201" m_ty="-105.648804"/>
   <element name="symbol0" layername="timeline_2" frame="2" z_index="20" m_a="0.816035" m_b="0.578003" m_c="-0.578003" m_d="0.816035" m_tx="84.975395" m_ty="-74.551758"/>
  </frame>
  <frame idx="450" w="483" h="796" x="42.609711" y="-105.648804">
   <element name="symbol0" layername="timeline_0" frame="0" z_index="22" m_a="1.000000" m_b="0.000000" m_c="0.000000" m_d="1.000000" m_tx="42.609711" m_ty="-99.017853"/>
   <element name="symbol0" layername="timeline_1" frame="1" z_index="21" m_a="0.643168" m_b="0.765725" m_c="-0.765725" m_d="0.643168" m_tx="96.134201" m_ty="-105.648804"/>
   <element name="symbol0" layername="timeline_2" frame="2" z_index="20" m_a="0.816035" m_b="0.578003" m_c="-0.578003" m_d="0.816035" m_tx="84.975395" m_ty="-74.551758"/>
  </frame>
  <frame idx="475" w="483" h="796" x="42.609711" y="-105.648804">
   <element name="symbol0" layername="timeline_0" frame="0" z_index="22" m_a="1.000000" m_b="0.000000" m_c="0.000000" m_d="1.000000" m_tx="42.609711" m_ty="-99.017853"/>
   <element name="symbol0" layername="timeline_1" frame="1" z_index="21" m_a="0.643168" m_b="0.765725" m_c="-0.765725" m_d="0.643168" m_tx="96.134201" m_ty="-105.648804"/>
   <element name="symbol0" layername="timeline_2" frame="2" z_index="20" m_a="0.816035" m_b="0.578003" m_c="-0.578003" m_d="0.816035" m_tx="84.975395" m_ty="-74.551758"/>
  </frame>
  <frame idx="500" w="483" h="796" x="42.609711" y="-105.648804">
   <element name="symbol0" layername="timeline_0" frame="0" z_index="22" m_a="1.000000" m_b="0.000000" m_c="0.000000" m_d="1.000000" m_tx="42.609711" m_ty="-99.017853"/>
   <element name="symbol0" layername="timeline_1" frame="1" z_index="21" m_a="0.643168" m_b="0.765725" m_c="-0.765725" m_d="0.643168" m_tx="96.134201" m_ty="-105.648804"/>
   <element name="symbol0" layername="timeline_2" frame="2" z_index="20" m_a="0.816035" m_b="0.578003" m_c="-0.578003" m_d="0.816035" m_tx="84.975395" m_ty="-74.551758"/>
  </frame>
  <frame idx="525" w="483" h="796" x="42.609711" y="-105.648804">
   <element name="symbol0" layername="timeline_0" frame="0" z_index="22" m_a="1.000000" m_b="0.000000" m_c="0.000000" m_d="1.000000" m_tx="42.609711" m_ty="-99.017853"/>
   <element name="symbol0" layername="timeline_1" frame="1" z_index="21" m_a="0.643168" m_b="0.765725" m_c="-0.765725" m_d="0.643168" m_tx="96.134201" m_ty="-105.648804"/>
   <element name="symbol0" layername="timeline_2" frame="2" z_index="20" m_a="0.816035" m_b="0.578003" m_c="-0.578003" m_d="0.816035" m_tx="84.975395" m_ty="-74.551758"/>
  </frame>
  <frame idx="550" w="483" h="796" x="42.609711" y="-105.648804">
   <element name="symbol0" layername="timeline_0" frame="0" z_index="22" m_a="1.000000" m_b="0.000000" m_c="0.000000" m_d="1.000000" m_tx="42.609711" m_ty="-99.017853"/>
   <element name="symbol0" layername="timeline_1" frame="1" z_index="21" m_a="0.643168" m_b="0.765725" m_c="-0.765725" m_d="0.643168" m_tx="96.134201" m_ty="-105.648804"/>
   <element name="symbol0" layername="timeline_2" frame="2" z_index="20" m_a="0.816035" m_b="0.578003" m_c="-0.578003" m_d="0.816035" m_tx="84.975395" m_ty="-74.551758"/>
  </frame>
  <frame idx="575" w="483" h="796" x="42.609711" y="-105.648804">
   <element name="symbol0" layername="timeline_0" frame="0" z_index="22" m_a="1.000000" m_b="0.000000" m_c="0.000000" m_d="1.000000" m_tx="42.609711" m_ty="-99.017853"/>
   <element name="symbol0" layername="timeline_1" frame="1" z_index="21" m_a="0.643168" m_b="0.765725" m_c="-0.765725" m_d="0.643168" m_tx="96.134201" m_ty="-105.648804"/>
   <element name="symbol0" layername="timeline_2" frame="2" z_index="20" m_a="0.816035" m_b="0.578003" m_c="-0.578003" m_d="0.816035" m_tx="84.975395" m_ty="-74.551758"/>
  </frame>
  <frame idx="600" w="483" h="796" x="42.609711" y="-105.648804">
   <element name="symbol0" layername="timeline_0" frame="0" z_index="22" m_a="1.000000" m_b="0.000000" m_c="0.000000" m_d="1.000000" m_tx="42.609711" m_ty="-99.017853"/>
   <element name="symbol0" layername="timeline_1" frame="1" z_index="21" m_a="0.643168" m_b="0.765725" m_c="-0.765725" m_d="0.643168" m_tx="96.134201" m_ty="-105.648804"/>
   <element name="symbol0" layername="timeline_2" frame="2" z_index="20" m_a="0.816035" m_b="0.578003" m_c="-0.578003" m_d="0.816035" m_tx="84.975395" m_ty="-74.551758"/>
  </frame>
  <frame idx="625" w="483" h="796" x="42.609711" y="-105.648804">
   <element name="symbol0" layername="timeline_0" frame="0" z_index="22" m_a="1.000000" m_b="0.000000" m_c="0.000000" m_d="1.000000" m_tx="42.609711" m_ty="-99.017853"/>
   <element name="symbol0" layername="timeline_1" frame="1" z_index="21" m_a="0.643168" m_b="0.765725" m_c="-0.765725" m_d="0.643168" m_tx="96.134201" m_ty="-105.648804"/>
   <element name="symbol0" layername="timeline_2" frame="2" z_index="20" m_a="0.816035" m_b="0.578003" m_c="-0.578003" m_d="0.816035" m_tx="84.975395" m_ty="-74.551758"/>
  </frame>
  <frame idx="650" w="483" h="796" x="42.609711" y="-105.648804">
   <element name="symbol0" layername="timeline_0" frame="0" z_index="22" m_a="1.000000" m_b="0.000000" m_c="0.000000" m_d="1.000000" m_tx="42.609711" m_ty="-99.017853"/>
   <element name="symbol0" layername="timeline_1" frame="1" z_index="21" m_a="0.643168" m_b="0.765725" m_c="-0.765725" m_d="0.643168" m_tx="96.134201" m_ty="-105.648804"/>
   <element name="symbol0" layername="timeline_2" frame="2" z_index="20" m_a="0.816035" m_b="0.578003" m_c="-0.578003" m_d="0.816035" m_tx="84.975395" m_ty="-74.551758"/>
  </frame>
  <frame idx="675" w="483" h="796" x="42.609711" y="-105.648804">
   <element name="symbol0" layername="timeline_0" frame="0" z_index="22" m_a="1.000000" m_b="0.000000" m_c="0.000000" m_d="1.000000" m_tx="42.609711" m_ty="-99.017853"/>
   <element name="symbol0" layername="timeline_1" frame="1" z_index="21" m_a="0.643168" m_b="0.765725" m_c="-0.765725" m_d="0.643168" m_tx="96.134201" m_ty="-105.648804"/>
   <element name="symbol0" layername="timeline_2" frame="2" z_index="20" m_a="0.816035" m_b="0.578003" m_c="-0.578003" m_d="0.816035" m_tx="84.975395" m_ty="-74.551758"/>
  </frame>
  <frame idx="700" w="483" h="796" x="42.609711" y="-105.648804">
   <element name="symbol0" layername="timeline_0" frame="0" z_index="22" m_a="1.000000" m_b="0.000000" m_c="0.000000" m_d="1.000000" m_tx="42.609711" m_ty="-99.017853"/>
   <element name="symbol0" layername="timeline_1" frame="1" z_index="21" m_a="0.643168" m_b="0.765725" m_c="-0.765725" m_d="0.643168" m_tx="96.134201" m_ty="-105.648804"/>
   <element name="symbol0" layername="timeline_2" frame="2" z_index="20" m_a="0.816035" m_b="0.578003" m_c="-0.578003" m_d="0.816035" m_tx="84.975395" m_ty="-74.551758"/>
  </frame>
  <frame idx="725" w="483" h="796" x="42.609711" y="-105.648804">
   <element name="symbol0" layername="timeline_0" frame="0" z_index="22" m_a="1.000000" m_b="0.000000" m_c="0.000000" m_d="1.000000" m_tx="42.609711" m_ty="-99.017853"/>
   <element name="symbol0" layername="timeline_1" frame="1" z_index="21" m_a="0.643168" m_b="0.765725" m_c="-0.765725" m_d="0.643168" m_tx="96.134201" m_ty="-105.648804"/>
   <element name="symbol0" layername="timeline_2" frame="2" z_index="20" m_a="0.816035" m_b="0.578003" m_c="-0.578003" m_d="0.816035" m_tx="84.975395" m_ty="-74.551758"/>
  </frame>
  <frame idx="750" w="483" h="796" x="42.609711" y="-105.648804">
   <element name="symbol0" layername="timeline_0" frame="0" z_index="22" m_a="1.000000" m_b="0.000000" m_c="0.000000" m_d="1.000000" m_tx="42.609711" m_ty="-99.017853"/>
   <element name="symbol0" layername="timeline_1" frame="1" z_index="21" m_a="0.643168" m_b="0.765725" m_c="-0.765725" m_d="0.643168" m_tx="96.134201" m_ty="-105.648804"/>
   <element name="symbol0" layername="timeline_2" frame="2" z_index="20" m_a="0.816035" m_b="0.578003" m_c="-0.578003" m_d="0.816035" m_tx="84.975395" m_ty="-74.551758"/>
  </frame>
  <frame idx="775" w="483" h="796" x="42.609711" y="-105.648804">
   <element name="symbol0" layername="timeline_0" frame="0" z_index="22" m_a="1.000000" m_b="0.000000" m_c="0.000000" m_d="1.000000" m_tx="42.609711" m_ty="-99.017853"/>
   <element name="symbol0" layername="timeline_1" frame="1" z_index="21" m_a="0.643168" m_b="0.765725" m_c="-0.765725" m_d="0.643168" m_tx="96.134201" m_ty="-105.648804"/>
   <element name="symbol0" layername="timeline_2" frame="2" z_index="20" m_a="0.816035" m_b="0.578003" m_c="-0.578003" m_d="0.816035" m_tx="84.975395" m_ty="-74.551758"/>
  </frame>
  <frame idx="800" w="483" h="796" x="42.609711" y="-105.648804">
   <element name="symbol0" layername="timeline_0" frame="0" z_index="22" m_a="1.000000" m_b="0.000000" m_c="0.000000" m_d="1.000000" m_tx="42.609711" m_ty="-99.017853"/>
   <element name="symbol0" layername="timeline_1" frame="1" z_index="21" m_a="0.643168" m_b="0.765725" m_c="-0.765725" m_d="0.643168" m_tx="96.134201" m_ty="-105.648804"/>
   <element name="symbol0" layername="timeline_2" frame="2" z_index="20" m_a="0.816035" m_b="0.578003" m_c="-0.578003" m_d="0.816035" m_tx="84.975395" m_ty="-74.551758"/>
  </frame>
  <frame idx="825" w="483" h="796" x="42.609711" y="-105.648804">
   <element name="symbol0" layername="timeline_0" frame="0" z_index="22" m_a="1.000000" m_b="0.000000" m_c="0.000000" m_d="1.000000" m_tx="42.609711" m_ty="-99.017853"/>
   <element name="symbol0" layername="timeline_1" frame="1" z_index="21" m_a="0.643168" m_b="0.765725" m_c="-0.765725" m_d="0.643168" m_tx="96.134201" m_ty="-105.648804"/>
   <element name="symbol0" layername="timeline_2" frame="2" z_index="20" m_a="0.816035" m_b="0.578003" m_c="-0.578003" m_d="0.816035" m_tx="84.975395" m_ty="-74.551758"/>
  </frame>
  <frame idx="850" w="483" h="796" x="42.609711" y="-105.648804">
   <element name="symbol0" layername="timeline_0" frame="0" z_index="22" m_a="1.000000" m_b="0.000000" m_c="0.000000" m_d="1.000000" m_tx="42.609711" m_ty="-99.017853"/>
   <element name="symbol0" layername="timeline_1" frame="1" z_index="21" m_a="0.643168" m_b="0.765725" m_c="-0.765725" m_d="0.643168" m_tx="96.134201" m_ty="-105.648804"/>
   <element name="symbol0" layername="timeline_2" frame="2" z_index="20" m_a="0.816035" m_b="0.578003" m_c="-0.578003" m_d="0.816035" m_tx="84.975395" m_ty="-74.551758"/>
  </frame>
  <frame idx="875" w="483" h="796" x="42.609711" y="-105.648804">
   <element name="symbol0" layername="timeline_0" frame="0" z_index="22" m_a="1.000000" m_b="0.000000" m_c="0.000000" m_d="1.000000" m_tx="42.609711" m_ty="-99.017853"/>
   <element name="symbol0" layername="timeline_1" frame="1" z_index="21" m_a="0.643168" m_b="0.765725" m_c="-0.765725" m_d="0.643168" m_tx="96.134201" m_ty="-105.648804"/>
   <element name="symbol0" layername="timeline_2" frame="2" z_index="20" m_a="0.816035" m_b="0.578003" m_c="-0.578003" m_d="0.816035" m_tx="84.975395" m_ty="-74.551758"/>
  </frame>
  <frame idx="900" w="483" h="796" x="42.609711" y="-105.648804">
   <element name="symbol0" layername="timeline_0" frame="0" z_index="22" m_a="1.000000" m_b="0.000000" m_c="0.000000" m_d="1.000000" m_tx="42.609711" m_ty="-99.017853"/>
   <element name="symbol0" layername="timeline_1" frame="1" z_index="21" m_a="0.643168" m_b="0.765725" m_c="-0.765725" m_d="0.643168" m_tx="96.134201" m_ty="-105.648804"/>
   <element name="symbol0" layername="timeline_2" frame="2" z_index="20" m_a="0.816035" m_b="0.578003" m_c="-0.578003" m_d="0.816035" m_tx="84.975395" m_ty="-74.551758"/>
  </frame>
  <frame idx="925" w="483" h="796" x="42.609711" y="-105.648804">
   <element name="symbol0" layername="timeline_0" frame="0" z_index="22" m_a="1.000000" m_b="0.000000" m_c="0.000000" m_d="1.000000" m_tx="42.609711" m_ty="-99.017853"/>
   <element name="symbol0" layername="timeline_1" frame="1" z_index="21" m_a="0.643168" m_b="0.765725" m_c="-0.765725" m_d="0.643168" m_tx="96.134201" m_ty="-105.648804"/>
   <element name="symbol0" layername="timeline_2" frame="2" z_index="20" m_a="0.816035" m_b="0.578003" m_c="-0.578003" m_d="0.816035" m_tx="84.975395" m_ty="-74.551758"/>
  </frame>
  <frame idx="950" w="483" h="796" x="42.609711" y="-105.648804">
   <element name="symbol0" layername="timeline_0" frame="0" z_index="22" m_a="1.000000" m_b="0.000000" m_c="0.000000" m_d="1.000000" m_tx="42.609711" m_ty="-99.017853"/>
   <element name="symbol0" layername="timeline_1" frame="1" z_index="21" m_a="0.643168" m_b="0.765725" m_c="-0.765725" m_d="0.643168" m_tx="96.134201" m_ty="-105.648804"/>
   <element name="symbol0" layername="timeline_2" frame="2" z_index="20" m_a="0.816035" m_b="0.578003" m_c="-0.578003" m_d="0.816035" m_tx="84.975395" m_ty="-74.551758"/>
  </frame>
  <frame idx="975" w="483" h="796" x="42.609711" y="-105.648804">
   <element name="symbol0" layername="timeline_0" frame="0" z_index="22" m_a="1.000000" m_b="0.000000" m_c="0.000000" m_d="1.000000" m_tx="42.609711" m_ty="-99.017853"/>
   <element name="symbol0" layername="timeline_1" frame="1" z_index="21" m_a="0.643168" m_b="0.765725" m_c="-0.765725" m_d="0.643168" m_tx="96.134201" m_ty="-105.648804"/>
   <element name="symbol0" layername="timeline_2" frame="2" z_index="20" m_a="0.816035" m_b="0.578003" m_c="-0.578003" m_d="0.816035" m_tx="84.975395" m_ty="-74.551758"/>
  </frame>
 </anim>
 <anim name="idle_shatter" root="weather_machine" numframes="1000" framerate="40">
  <frame idx="0" w="483" h="796" x="42.609711" y="-105.648804">
   <element name="symbol0" layername="timeline_0" frame="0" z_index="22" m_a="1.000000" m_b="0.000000" m_c="0.000000" m_d="1.000000" m_tx="42.609711" m_ty="-99.017853"/>
   <element name="symbol0" layername="timeline_1" frame="1" z_index="21" m_a="0.643168" m_b="0.765725" m_c="-0.765725" m_d="0.643168" m_tx="96.134201" m_ty="-105.648804"/>
   <element name="symbol0" layername="timeline_2" frame="2" z_index="20" m_a="0.816035" m_b="0.578003" m_c="-0.578003" m_d="0.816035" m_tx="84.975395" m_ty="-74.551758"/>
  </frame>
  <frame idx="25" w="482" h="796" x="41.599609" y="-105.210205">
   <element name="symbol0" layername="timeline_0" frame="0" z_index="22" m_a="1.000000" m_b="0.000000" m_c="0.000000" m_d="1.000000" m_tx="41.599609" m_ty="-99.017853"/>
   <element name="symbol0" layername="timeline_1" frame="1" z_index="21" m_a="0.643168" m_b="0.765725" m_c="-0.765725" m_d="0.643168" m_tx="96.071541" m_ty="-105.210205"/>
   <element name="symbol0" layername="timeline_2" frame="2" z_index="20" m_a="0.817887" m_b="0.575379" m_c="-0.575379" m_d="0.817887" m_tx="88.735901" m_ty="-76.778656"/>
  </frame>
  <frame idx="50" w="482" h="795" x="40.589508" y="-104.771606">
   <element name="symbol0" layername="timeline_0" frame="0" z_index="22" m_a="1.000000" m_b="0.000000" m_c="0.000000" m_d="1.000000" m_tx="40.589508" m_ty="-99.017853"/>
   <element name="symbol0" layername="timeline_1" frame="1" z_index="21" m_a="0.643168" m_b="0.765725" m_c="-0.765725" m_d="0.643168" m_tx="96.008888" m_ty="-104.771606"/>
   <element name="symbol0" layername="timeline_2" frame="2" z_index="20" m_a="0.819731" m_b="0.572748" m_c="-0.572748" m_d="0.819731" m_tx="92.495743" m_ty="-79.008514"/>
  </frame>
  <frame idx="75" w="482" h="795" x="39.579407" y="-104.333008">
   <element name="symbol0" layername="timeline_0" frame="0" z_index="22" m_a="1.000000" m_b="0.000000" m_c="0.000000" m_d="1.000000" m_tx="39.579407" m_ty="-99.017853"/>
   <element name="symbol0" layername="timeline_1" frame="1" z_index="21" m_a="0.643168" m_b="0.765725" m_c="-0.765725" m_d="0.643168" m_tx="95.946228" m_ty="-104.333008"/>
   <element name="symbol0" layername="timeline_2" frame="2" z_index="20" m_a="0.821567" m_b="0.570112" m_c="-0.570112" m_d="0.821567" m_tx="96.255066" m_ty="-81.241486"/>
  </frame>
  <frame idx="100" w="482" h="794" x="38.675369" y="-103.894409">
   <element name="symbol0" layername="timeline_0" frame="0" z_index="22" m_a="1.000000" m_b="0.000000" m_c="0.000000" m_d="1.000000" m_tx="38.675369" m_ty="-99.017853"/>
   <element name="symbol0" layername="timeline_1" frame="1" z_index="21" m_a="0.643168" m_b="0.765725" m_c="-0.765725" m_d="0.643168" m_tx="95.883575" m_ty="-103.894409"/>
   <element name="symbol0" layername="timeline_2" frame="2" z_index="20" m_a="0.823394" m_b="0.567470" m_c="-0.567470" m_d="0.823394" m_tx="100.013390" m_ty="-83.477325"/>
  </frame>
  <frame idx="125" w="482" h="794" x="40.316971" y="-103.455811">
   <element name="symbol0" layername="timeline_0" frame="0" z_index="22" m_a="1.000000" m_b="0.000000" m_c="0.000000" m_d="1.000000" m_tx="40.316971" m_ty="-99.017853"/>
   <element name="symbol0" layername="timeline_1" frame="1" z_index="21" m_a="0.643168" m_b="0.765725" m_c="-0.765725" m_d="0.643168" m_tx="95.820915" m_ty="-103.455811"/>
   <element name="symbol0" layername="timeline_2" frame="2" z_index="20" m_a="0.825213" m_b="0.564822" m_c="-0.564822" m_d="0.825213" m_tx="103.771164" m_ty="-85.716156"/>
  </frame>
  <frame idx="150" w="482" h="793" x="41.958572" y="-103.017212">
   <element name="symbol0" layername="timeline_0" frame="0" z_index="22" m_a="1.000000" m_b="0.000000" m_c="0.000000" m_d="1.000000" m_tx="41.958572" m_ty="-99.017853"/>
   <element name="symbol0" layername="timeline_1" frame="1" z_index="21" m_a="0.643168" m_b="0.765725" m_c="-0.765725" m_d="0.643168" m_tx="95.758263" m_ty="-103.017212"/>
   <element name="symbol0" layername="timeline_2" frame="2" z_index="20" m_a="0.827023" m_b="0.562168" m_c="-0.562168" m_d="0.827023" m_tx="107.528107" m_ty="-87.957977"/>
  </frame>
  <frame idx="175" w="482" h="793" x="43.600174" y="-102.578613">
   <element name="symbol0" layername="timeline_0" frame="0" z_index="22" m_a="1.000000" m_b="0.000000" m_c="0.000000" m_d="1.000000" m_tx="43.600174" m_ty="-99.017853"/>
   <element name="symbol0" layername="timeline_1" frame="1" z_index="21" m_a="0.643168" m_b="0.765725" m_c="-0.765725" m_d="0.643168" m_tx="95.695602" m_ty="-102.578613"/>
   <element name="symbol0" layername="timeline_2" frame="2" z_index="20" m_a="0.828825" m_b="0.559508" m_c="-0.559508" m_d="0.828825" m_tx="111.284729" m_ty="-90.202881"/>
  </frame>
  <frame idx="200" w="482" h="795" x="44.910690" y="-102.140045">
   <element name="symbol0" layername="timeline_0" frame="0" z_index="22" m_a="1.000000" m_b="0.000000" m_c="0.000000" m_d="1.000000" m_tx="44.910690" m_ty="-99.017853"/>
   <element name="symbol0" layername="timeline_1" frame="1" z_index="21" m_a="0.643168" m_b="0.765725" m_c="-0.765725" m_d="0.643168" m_tx="95.632950" m_ty="-102.140045"/>
   <element name="symbol0" layername="timeline_2" frame="2" z_index="20" m_a="0.830618" m_b="0.556843" m_c="-0.556843" m_d="0.830618" m_tx="115.040085" m_ty="-92.450623"/>
  </frame>
  <frame idx="225" w="482" h="793" x="43.793213" y="-101.701447">
   <element name="symbol0" layername="timeline_0" frame="0" z_index="22" m_a="1.000000" m_b="0.000000" m_c="0.000000" m_d="1.000000" m_tx="43.793213" m_ty="-99.017853"/>
   <element name="symbol0" layername="timeline_1" frame="1" z_index="21" m_a="0.643168" m_b="0.765725" m_c="-0.765725" m_d="0.643168" m_tx="95.570290" m_ty="-101.701447"/>
   <element name="symbol0" layername="timeline_2" frame="2" z_index="20" m_a="0.832402" m_b="0.554172" m_c="-0.554172" m_d="0.832402" m_tx="114.496475" m_ty="-91.631012"/>
  </frame>
  <frame idx="250" w="482" h="791" x="42.675720" y="-101.262848">
   <element name="symbol0" layername="timeline_0" frame="0" z_index="22" m_a="1.000000" m_b="0.000000" m_c="0.000000" m_d="1.000000" m_tx="42.675720" m_ty="-99.017853"/>
   <element name="symbol0" layername="timeline_1" frame="1" z_index="21" m_a="0.643168" m_b="0.765725" m_c="-0.765725" m_d="0.643168" m_tx="95.507637" m_ty="-101.262848"/>
   <element name="symbol0" layername="timeline_2" frame="2" z_index="20" m_a="0.833896" m_b="0.551921" m_c="-0.551921" m_d="0.833896" m_tx="94.121262" m_ty="-76.717407"/>
  </frame>
  <frame idx="275" w="482" h="791" x="41.558243" y="-100.824249">
   <element name="symbol0" layername="timeline_0" frame="0" z_index="22" m_a="1.000000" m_b="0.000000" m_c="0.000000" m_d="1.000000" m_tx="41.558243" m_ty="-99.017853"/>
   <element name="symbol0" layername="timeline_1" frame="1" z_index="21" m_a="0.643168" m_b="0.765725" m_c="-0.765725" m_d="0.643168" m_tx="95.444977" m_ty="-100.824249"/>
  </frame>
  <frame idx="300" w="568" h="790" x="41.129181" y="-100.385651">
   <element name="symbol0" layername="timeline_0" frame="0" z_index="22" m_a="1.000000" m_b="0.000000" m_c="0.000000" m_d="1.000000" m_tx="41.129181" m_ty="-99.017853"/>
   <element name="symbol0" layername="timeline_1" frame="1" z_index="21" m_a="0.643168" m_b="0.765725" m_c="-0.765725" m_d="0.643168" m_tx="95.382324" m_ty="-100.385651"/>
   <element name="symbol0" layername="timeline_3" frame="2" z_index="20" m_a="1.000000" m_b="0.000000" m_c="0.000000" m_d="1.000000" m_tx="168.214294" m_ty="37.500000"/>
  </frame>
  <frame idx="325" w="566" h="790" x="42.470322" y="-99.947052">
   <element name="symbol0" layername="timeline_0" frame="0" z_index="22" m_a="1.000000" m_b="0.000000" m_c="0.000000" m_d="1.000000" m_tx="42.470322" m_ty="-99.017853"/>
   <element name="symbol0" layername="timeline_1" frame="1" z_index="21" m_a="0.643168" m_b="0.765725" m_c="-0.765725" m_d="0.643168" m_tx="95.319664" m_ty="-99.947052"/>
   <element name="symbol0" layername="timeline_3" frame="2" z_index="20" m_a="1.000000" m_b="0.000000" m_c="0.000000" m_d="1.000000" m_tx="168.214294" m_ty="37.500000"/>
  </frame>
  <frame idx="350" w="565" h="789" x="43.811462" y="-99.508453">
   <element name="symbol0" layername="timeline_0" frame="0" z_index="22" m_a="1.000000" m_b="0.000000" m_c="0.000000" m_d="1.000000" m_tx="43.811462" m_ty="-99.017853"/>
   <element name="symbol0" layername="timeline_1" frame="1" z_index="21" m_a="0.643168" m_b="0.765725" m_c="-0.765725" m_d="0.643168" m_tx="95.257011" m_ty="-99.508453"/>
   <element name="symbol0" layername="timeline_3" frame="2" z_index="20" m_a="1.000000" m_b="0.000000" m_c="0.000000" m_d="1.000000" m_tx="168.214294" m_ty="37.500000"/>
  </frame>
  <frame idx="375" w="564" h="789" x="45.152603" y="-99.069855">
   <element name="symbol0" layername="timeline_0" frame="0" z_index="22" m_a="1.000000" m_b="0.000000" m_c="0.000000" m_d="1.000000" m_tx="45.152603" m_ty="-99.017853"/>
   <element name="symbol0" layername="timeline_1" frame="1" z_index="21" m_a="0.643168" m_b="0.765725" m_c="-0.765725" m_d="0.643168" m_tx="95.194351" m_ty="-99.069855"/>
   <element name="symbol0" layername="timeline_3" frame="2" z_index="20" m_a="1.000000" m_b="0.000000" m_c="0.000000" m_d="1.000000" m_tx="168.214294" m_ty="37.500000"/>
  </frame>
  <frame idx="400" w="563" h="789" x="45.597046" y="-99.017853">
   <element name="symbol0" layername="timeline_0" frame="0" z_index="22" m_a="1.000000" m_b="0.000000" m_c="0.000000" m_d="1.000000" m_tx="45.597046" m_ty="-99.017853"/>
   <element name="symbol0" layername="timeline_1" frame="1" z_index="21" m_a="0.643168" m_b="0.765725" m_c="-0.765725" m_d="0.643168" m_tx="95.135864" m_ty="-98.660461"/>
   <element name="symbol0" layername="timeline_3" frame="2" z_index="20" m_a="1.000000" m_b="0.000000" m_c="0.000000" m_d="1.000000" m_tx="168.214294" m_ty="37.500000"/>
  </frame>
  <frame idx="425" w="564" h="789" x="44.447311" y="-99.017853">
   <element name="symbol0" layername="timeline_0" frame="0" z_index="22" m_a="1.000000" m_b="0.000000" m_c="0.000000" m_d="1.000000" m_tx="44.447311" m_ty="-99.017853"/>
   <element name="symbol0" layername="timeline_1" frame="1" z_index="21" m_a="0.643168" m_b="0.765725" m_c="-0.765725" m_d="0.643168" m_tx="95.177460" m_ty="-98.951630"/>
   <element name="symbol0" layername="timeline_3" frame="2" z_index="20" m_a="1.000000" m_b="0.000000" m_c="0.000000" m_d="1.000000" m_tx="168.214294" m_ty="37.500000"/>
  </frame>
  <frame idx="450" w="565" h="789" x="43.297592" y="-99.242828">
   <element name="symbol0" layername="timeline_0" frame="0" z_index="22" m_a="1.000000" m_b="0.000000" m_c="0.000000" m_d="1.000000" m_tx="43.297592" m_ty="-99.017853"/>
   <element name="symbol0" layername="timeline_1" frame="1" z_index="21" m_a="0.643168" m_b="0.765725" m_c="-0.765725" m_d="0.643168" m_tx="95.219063" m_ty="-99.242828"/>
   <element name="symbol0" layername="timeline_3" frame="2" z_index="20" m_a="1.000000" m_b="0.000000" m_c="0.000000" m_d="1.000000" m_tx="168.214294" m_ty="37.500000"/>
  </frame>
  <frame idx="475" w="567" h="789" x="42.147873" y="-99.533997">
   <element name="symbol0" layername="timeline_0" frame="0" z_index="22" m_a="1.000000" m_b="0.000000" m_c="0.000000" m_d="1.000000" m_tx="42.147873" m_ty="-99.017853"/>
   <element name="symbol0" layername="timeline_1" frame="1" z_index="21" m_a="0.643168" m_b="0.765725" m_c="-0.765725" m_d="0.643168" m_tx="95.260658" m_ty="-99.533997"/>
   <element name="symbol0" layername="timeline_3" frame="2" z_index="20" m_a="1.000000" m_b="0.000000" m_c="0.000000" m_d="1.000000" m_tx="168.214294" m_ty="37.500000"/>
  </frame>
  <frame idx="500" w="567" h="790" x="41.892990" y="-99.825165">
   <element name="symbol0" layername="timeline_0" frame="0" z_index="22" m_a="1.000000" m_b="0.000000" m_c="0.000000" m_d="1.000000" m_tx="41.892990" m_ty="-99.017853"/>
   <element name="symbol0" layername="timeline_1" frame="1" z_index="21" m_a="0.643168" m_b="0.765725" m_c="-0.765725" m_d="0.643168" m_tx="95.302254" m_ty="-99.825165"/>
   <element name="symbol0" layername="timeline_3" frame="2" z_index="20" m_a="1.000000" m_b="0.000000" m_c="0.000000" m_d="1.000000" m_tx="168.214294" m_ty="37.500000"/>
  </frame>
  <frame idx="525" w="566" h="790" x="42.980377" y="-100.116364">
   <element name="symbol0" layername="timeline_0" frame="0" z_index="22" m_a="1.000000" m_b="0.000000" m_c="0.000000" m_d="1.000000" m_tx="42.980377" m_ty="-99.017853"/>
   <element name="symbol0" layername="timeline_1" frame="1" z_index="21" m_a="0.643168" m_b="0.765725" m_c="-0.765725" m_d="0.643168" m_tx="95.343849" m_ty="-100.116364"/>
   <element name="symbol0" layername="timeline_3" frame="2" z_index="20" m_a="1.000000" m_b="0.000000" m_c="0.000000" m_d="1.000000" m_tx="168.214294" m_ty="37.500000"/>
  </frame>
  <frame idx="550" w="565" h="790" x="44.067749" y="-100.407532">
   <element name="symbol0" layername="timeline_0" frame="0" z_index="22" m_a="1.000000" m_b="0.000000" m_c="0.000000" m_d="1.000000" m_tx="44.067749" m_ty="-99.017853"/>
   <element name="symbol0" layername="timeline_1" frame="1" z_index="21" m_a="0.643168" m_b="0.765725" m_c="-0.765725" m_d="0.643168" m_tx="95.385452" m_ty="-100.407532"/>
   <element name="symbol0" layername="timeline_3" frame="2" z_index="20" m_a="1.000000" m_b="0.000000" m_c="0.000000" m_d="1.000000" m_tx="168.214294" m_ty="37.500000"/>
   <element name="symbol0" layername="timeline_4" frame="2" z_index="20" m_a="1.000000" m_b="0.000000" m_c="0.000000" m_d="1.000000" m_tx="157.500000" m_ty="62.500000"/>
  </frame>
  <frame idx="575" w="564" h="791" x="45.155136" y="-100.698730">
   <element name="symbol0" layername="timeline_0" frame="0" z_index="22" m_a="1.000000" m_b="0.000000" m_c="0.000000" m_d="1.000000" m_tx="45.155136" m_ty="-99.017853"/>
   <element name="symbol0" layername="timeline_1" frame="1" z_index="21" m_a="0.643168" m_b="0.765725" m_c="-0.765725" m_d="0.643168" m_tx="95.427048" m_ty="-100.698730"/>
   <element name="symbol0" layername="timeline_3" frame="2" z_index="20" m_a="1.000000" m_b="0.000000" m_c="0.000000" m_d="1.000000" m_tx="168.214294" m_ty="37.500000"/>
  </frame>
  <frame idx="600" w="564" h="791" x="45.055267" y="-100.989899">
   <element name="symbol0" layername="timeline_0" frame="0" z_index="22" m_a="1.000000" m_b="0.000000" m_c="0.000000" m_d="1.000000" m_tx="45.055267" m_ty="-99.017853"/>
   <element name="symbol0" layername="timeline_1" frame="1" z_index="21" m_a="0.643168" m_b="0.765725" m_c="-0.765725" m_d="0.643168" m_tx="95.468643" m_ty="-100.989899"/>
   <element name="symbol0" layername="timeline_3" frame="2" z_index="20" m_a="1.000000" m_b="0.000000" m_c="0.000000" m_d="1.000000" m_tx="168.214294" m_ty="37.500000"/>
  </frame>
  <frame idx="625" w="565" h="791" x="43.859497" y="-101.281097">
   <element name="symbol0" layername="timeline_0" frame="0" z_index="22" m_a="1.000000" m_b="0.000000" m_c="0.000000" m_d="1.000000" m_tx="43.859497" m_ty="-99.017853"/>
   <element name="symbol0" layername="timeline_1" frame="1" z_index="21" m_a="0.643168" m_b="0.765725" m_c="-0.765725" m_d="0.643168" m_tx="95.510239" m_ty="-101.281097"/>
   <element name="symbol0" layername="timeline_3" frame="2" z_index="20" m_a="1.000000" m_b="0.000000" m_c="0.000000" m_d="1.000000" m_tx="168.214294" m_ty="37.500000"/>
  </frame>
  <frame idx="650" w="566" h="792" x="42.663727" y="-101.572266">
   <element name="symbol0" layername="timeline_0" frame="0" z_index="22" m_a="1.000000" m_b="0.000000" m_c="0.000000" m_d="1.000000" m_tx="42.663727" m_ty="-99.017853"/>
   <element name="symbol0" layername="timeline_1" frame="1" z_index="21" m_a="0.643168" m_b="0.765725" m_c="-0.765725" m_d="0.643168" m_tx="95.551842" m_ty="-101.572266"/>
   <element name="symbol0" layername="timeline_3" frame="2" z_index="20" m_a="1.000000" m_b="0.000000" m_c="0.000000" m_d="1.000000" m_tx="168.214294" m_ty="37.500000"/>
  </frame>
  <frame idx="675" w="567" h="792" x="41.467941" y="-101.863434">
   <element name="symbol0" layername="timeline_0" frame="0" z_index="22" m_a="1.000000" m_b="0.000000" m_c="0.000000" m_d="1.000000" m_tx="41.467941" m_ty="-99.017853"/>
   <element name="symbol0" layername="timeline_1" frame="1" z_index="21" m_a="0.643168" m_b="0.765725" m_c="-0.765725" m_d="0.643168" m_tx="95.593437" m_ty="-101.863434"/>
   <element name="symbol0" layername="timeline_3" frame="2" z_index="20" m_a="1.000000" m_b="0.000000" m_c="0.000000" m_d="1.000000" m_tx="168.214294" m_ty="37.500000"/>
  </frame>
  <frame idx="700" w="567" h="792" x="41.587601" y="-102.154633">
   <element name="symbol0" layername="timeline_0" frame="0" z_index="22" m_a="1.000000" m_b="0.000000" m_c="0.000000" m_d="1.000000" m_tx="41.587601" m_ty="-99.017853"/>
   <element name="symbol0" layername="timeline_1" frame="1" z_index="21" m_a="0.643168" m_b="0.765725" m_c="-0.765725" m_d="0.643168" m_tx="95.635033" m_ty="-102.154633"/>
   <element name="symbol0" layername="timeline_3" frame="2" z_index="20" m_a="1.000000" m_b="0.000000" m_c="0.000000" m_d="1.000000" m_tx="168.214294" m_ty="37.500000"/>
  </frame>
  <frame idx="725" w="566" h="793" x="42.740799" y="-102.445801">
   <element name="symbol0" layername="timeline_0" frame="0" z_index="22" m_a="1.000000" m_b="0.000000" m_c="0.000000" m_d="1.000000" m_tx="42.740799" m_ty="-99.017853"/>
   <element name="symbol0" layername="timeline_1" frame="1" z_index="21" m_a="0.643168" m_b="0.765725" m_c="-0.765725" m_d="0.643168" m_tx="95.676628" m_ty="-102.445801"/>
   <element name="symbol0" layername="timeline_3" frame="2" z_index="20" m_a="1.000000" m_b="0.000000" m_c="0.000000" m_d="1.000000" m_tx="168.214294" m_ty="37.500000"/>
  </frame>
  <frame idx="750" w="565" h="793" x="43.893997" y="-102.737000">
   <element name="symbol0" layername="timeline_0" frame="0" z_index="22" m_a="1.000000" m_b="0.000000" m_c="0.000000" m_d="1.000000" m_tx="43.893997" m_ty="-99.017853"/>
   <element name="symbol0" layername="timeline_1" frame="1" z_index="21" m_a="0.643168" m_b="0.765725" m_c="-0.765725" m_d="0.643168" m_tx="95.718231" m_ty="-102.737000"/>
   <element name="symbol0" layername="timeline_3" frame="2" z_index="20" m_a="1.000000" m_b="0.000000" m_c="0.000000" m_d="1.000000" m_tx="168.214294" m_ty="37.500000"/>
  </frame>
  <frame idx="775" w="564" h="793" x="45.047211" y="-103.028168">
   <element name="symbol0" layername="timeline_0" frame="0" z_index="22" m_a="1.000000" m_b="0.000000" m_c="0.000000" m_d="1.000000" m_tx="45.047211" m_ty="-99.017853"/>
   <element name="symbol0" layername="timeline_1" frame="1" z_index="21" m_a="0.643168" m_b="0.765725" m_c="-0.765725" m_d="0.643168" m_tx="95.759827" m_ty="-103.028168"/>
   <element name="symbol0" layername="timeline_3" frame="2" z_index="20" m_a="1.000000" m_b="0.000000" m_c="0.000000" m_d="1.000000" m_tx="168.214294" m_ty="37.500000"/>
  </frame>
  <frame idx="800" w="564" h="794" x="44.577362" y="-103.319366">
   <element name="symbol0" layername="timeline_0" frame="0" z_index="22" m_a="1.000000" m_b="0.000000" m_c="0.000000" m_d="1.000000" m_tx="44.577362" m_ty="-99.017853"/>
   <element name="symbol0" layername="timeline_1" frame="1" z_index="21" m_a="0.643168" m_b="0.765725" m_c="-0.765725" m_d="0.643168" m_tx="95.801422" m_ty="-103.319366"/>
   <element name="symbol0" layername="timeline_3" frame="2" z_index="20" m_a="1.000000" m_b="0.000000" m_c="0.000000" m_d="1.000000" m_tx="168.214294" m_ty="37.500000"/>
  </frame>
  <frame idx="825" w="566" h="794" x="43.194565" y="-103.610535">
   <element name="symbol0" layername="timeline_0" frame="0" z_index="22" m_a="1.000000" m_b="0.000000" m_c="0.000000" m_d="1.000000" m_tx="43.194565" m_ty="-99.017853"/>
   <element name="symbol0" layername="timeline_1" frame="1" z_index="21" m_a="0.643168" m_b="0.765725" m_c="-0.765725" m_d="0.643168" m_tx="95.843018" m_ty="-103.610535"/>
   <element name="symbol0" layername="timeline_3" frame="2" z_index="20" m_a="1.000000" m_b="0.000000" m_c="0.000000" m_d="1.000000" m_tx="168.214294" m_ty="37.500000"/>
  </frame>
  <frame idx="850" w="567" h="794" x="41.811768" y="-103.901703">
   <element name="symbol0" layername="timeline_0" frame="0" z_index="22" m_a="1.000000" m_b="0.000000" m_c="0.000000" m_d="1.000000" m_tx="41.811768" m_ty="-99.017853"/>
   <element name="symbol0" layername="timeline_1" frame="1" z_index="21" m_a="0.643168" m_b="0.765725" m_c="-0.765725" m_d="0.643168" m_tx="95.884621" m_ty="-103.901703"/>
   <element name="symbol0" layername="timeline_3" frame="2" z_index="20" m_a="1.000000" m_b="0.000000" m_c="0.000000" m_d="1.000000" m_tx="168.214294" m_ty="37.500000"/>
  </frame>
  <frame idx="875" w="568" h="795" x="40.428970" y="-104.192902">
   <element name="symbol0" layername="timeline_0" frame="0" z_index="22" m_a="1.000000" m_b="0.000000" m_c="0.000000" m_d="1.000000" m_tx="40.428970" m_ty="-99.017853"/>
   <element name="symbol0" layername="timeline_1" frame="1" z_index="21" m_a="0.643168" m_b="0.765725" m_c="-0.765725" m_d="0.643168" m_tx="95.926216" m_ty="-104.192902"/>
   <element name="symbol0" layername="timeline_3" frame="2" z_index="20" m_a="1.000000" m_b="0.000000" m_c="0.000000" m_d="1.000000" m_tx="168.214294" m_ty="37.500000"/>
  </frame>
  <frame idx="900" w="567" h="795" x="41.661636" y="-104.484070">
   <element name="symbol0" layername="timeline_0" frame="0" z_index="22" m_a="1.000000" m_b="0.000000" m_c="0.000000" m_d="1.000000" m_tx="41.661636" m_ty="-99.017853"/>
   <element name="symbol0" layername="timeline_1" frame="1" z_index="21" m_a="0.643168" m_b="0.765725" m_c="-0.765725" m_d="0.643168" m_tx="95.967812" m_ty="-104.484070"/>
   <element name="symbol0" layername="timeline_3" frame="2" z_index="20" m_a="1.000000" m_b="0.000000" m_c="0.000000" m_d="1.000000" m_tx="168.214294" m_ty="37.500000"/>
  </frame>
  <frame idx="925" w="565" h="795" x="43.392487" y="-104.775269">
   <element name="symbol0" layername="timeline_0" frame="0" z_index="22" m_a="1.000000" m_b="0.000000" m_c="0.000000" m_d="1.000000" m_tx="43.392487" m_ty="-99.017853"/>
   <element name="symbol0" layername="timeline_1" frame="1" z_index="21" m_a="0.643168" m_b="0.765725" m_c="-0.765725" m_d="0.643168" m_tx="96.009407" m_ty="-104.775269"/>
   <element name="symbol0" layername="timeline_3" frame="2" z_index="20" m_a="1.000000" m_b="0.000000" m_c="0.000000" m_d="1.000000" m_tx="168.214294" m_ty="37.500000"/>
  </frame>
  <frame idx="950" w="564" h="796" x="45.123337" y="-105.066437">
   <element name="symbol0" layername="timeline_0" frame="0" z_index="22" m_a="1.000000" m_b="0.000000" m_c="0.000000" m_d="1.000000" m_tx="45.123337" m_ty="-99.017853"/>
   <element name="symbol0" layername="timeline_1" frame="1" z_index="21" m_a="0.643168" m_b="0.765725" m_c="-0.765725" m_d="0.643168" m_tx="96.051010" m_ty="-105.066437"/>
   <element name="symbol0" layername="timeline_3" frame="2" z_index="20" m_a="1.000000" m_b="0.000000" m_c="0.000000" m_d="1.000000" m_tx="168.214294" m_ty="37.500000"/>
  </frame>
  <frame idx="975" w="564" h="796" x="44.613434" y="-105.357635">
   <element name="symbol0" layername="timeline_0" frame="0" z_index="22" m_a="1.000000" m_b="0.000000" m_c="0.000000" m_d="1.000000" m_tx="44.613434" m_ty="-99.017853"/>
   <element name="symbol0" layername="timeline_1" frame="1" z_index="21" m_a="0.643168" m_b="0.765725" m_c="-0.765725" m_d="0.643168" m_tx="96.092606" m_ty="-105.357635"/>
   <element name="symbol0" layername="timeline_3" frame="2" z_index="20" m_a="1.000000" m_b="0.000000" m_c="0.000000" m_d="1.000000" m_tx="168.214294" m_ty="37.500000"/>
  </frame>
 </anim>
</Anims>
