<Anims>
 <anim name="idle_off" root="weather_machine" numframes="1000" framerate="40">
  <frame idx="0" w="483" h="588" x="42.609711" y="-99.017853">
   <element name="symbol0" layername="timeline_0" frame="0" z_index="6" m_a="1.000000" m_b="0.000000" m_c="0.000000" m_d="1.000000" m_tx="42.609711" m_ty="-99.017853"/>
   <element name="symbol0" layername="timeline_1" frame="1" z_index="5" m_a="1.000000" m_b="0.000000" m_c="0.000000" m_d="1.000000" m_tx="48.750000" m_ty="-85.000000"/>
   <element name="symbol0" layername="timeline_2" frame="2" z_index="4" m_a="1.000000" m_b="0.000000" m_c="0.000000" m_d="1.000000" m_tx="47.500000" m_ty="-87.500000"/>
  </frame>
  <frame idx="25" w="483" h="588" x="42.609711" y="-99.017853">
   <element name="symbol0" layername="timeline_0" frame="0" z_index="6" m_a="1.000000" m_b="0.000000" m_c="0.000000" m_d="1.000000" m_tx="42.609711" m_ty="-99.017853"/>
   <element name="symbol0" layername="timeline_1" frame="1" z_index="5" m_a="1.000000" m_b="0.000000" m_c="0.000000" m_d="1.000000" m_tx="48.750000" m_ty="-85.000000"/>
   <element name="symbol0" layername="timeline_2" frame="2" z_index="4" m_a="1.000000" m_b="0.000000" m_c="0.000000" m_d="1.000000" m_tx="47.500000" m_ty="-87.500000"/>
  </frame>
  <frame idx="50" w="483" h="588" x="42.609711" y="-99.017853"/>
  <frame idx="75" w="483" h="588" x="42.609711" y="-99.017853"/>
  <frame idx="100" w="483" h="588" x="42.609711" y="-99.017853"/>
  <frame idx="125" w="483" h="588" x="42.609711" y="-99.017853"/>
  <frame idx="150" w="483" h="588" x="42.609711" y="-99.017853"/>
  <frame idx="175" w="483" h="588" x="42.609711" y="-99.017853"/>
  <frame idx="200" w="483" h="588" x="42.609711" y="-99.017853"/>
  <frame idx="225" w="483" h="588" x="42.609711" y="-99.017853"/>
  <frame idx="250" w="483" h="588" x="42.609711" y="-99.017853"/>
  <frame idx="275" w="483" h="588" x="42.609711" y="-99.017853"/>
  <frame idx="300" w="483" h="588" x="42.609711" y="-99.017853"/>
  <frame idx="325" w="483" h="588" x="42.609711" y="-99.017853"/>
  <frame idx="350" w="483" h="588" x="42.609711" y="-99.017853"/>
  <frame idx="375" w="483" h="588" x="42.609711" y="-99.017853"/>
  <frame idx="400" w="483" h="588" x="42.609711" y="-99.017853"/>
  <frame idx="425" w="483" h="588" x="42.609711" y="-99.017853"/>
  <frame idx="450" w="483" h="588" x="42.609711" y="-99.017853"/>
  <frame idx="475" w="483" h="588" x="42.609711" y="-99.017853"/>
  <frame idx="500" w="483" h="588" x="42.609711" y="-99.017853"/>
  <frame idx="525" w="483" h="588" x="42.609711" y="-99.017853"/>
  <frame idx="550" w="483" h="588" x="42.609711" y="-99.017853"/>
  <frame idx="575" w="483" h="588" x="42.609711" y="-99.017853"/>
  <frame idx="600" w="483" h="588" x="42.609711" y="-99.017853"/>
  <frame idx="625" w="483" h="588" x="42.609711" y="-99.017853"/>
  <frame idx="650" w="483" h="588" x="42.609711" y="-99.017853"/>
  <frame idx="675" w="483" h="588" x="42.609711" y="-99.017853"/>
  <frame idx="700" w="483" h="588" x="42.609711" y="-99.017853"/>
  <frame idx="725" w="483" h="588" x="42.609711" y="-99.017853"/>
  <frame idx="750" w="483" h="588" x="42.609711" y="-99.017853"/>
  <frame idx="775" w="483" h="588" x="42.609711" y="-99.017853"/>
  <frame idx="800" w="483" h="588" x="42.609711" y="-99.017853"/>
  <frame idx="825" w="483" h="588" x="42.609711" y="-99.017853"/>
  <frame idx="850" w="483" h="588" x="42.609711" y="-99.017853"/>
  <frame idx="875" w="483" h="588" x="42.609711" y="-99.017853"/>
  <frame idx="900" w="483" h="588" x="42.609711" y="-99.017853"/>
  <frame idx="925" w="483" h="588" x="42.609711" y="-99.017853"/>
  <frame idx="950" w="483" h="588" x="42.609711" y="-99.017853"/>
  <frame idx="975" w="483" h="588" x="42.609711" y="-99.017853"/>
 </anim>
 <anim name="idle_on" root="weather_machine" numframes="1000" framerate="40">
  <frame idx="0" w="483" h="796" x="42.609711" y="-105.648804">
   <element name="symbol0" layername="timeline_0" frame="0" z_index="6" m_a="1.000000" m_b="0.000000" m_c="0.000000" m_d="1.000000" m_tx="42.609711" m_ty="-99.017853"/>
   <element name="symbol0" layername="timeline_1" frame="1" z_index="5" m_a="0.643168" m_b="0.765725" m_c="-0.765725" m_d="0.643168" m_tx="96.134201" m_ty="-105.648804"/>
   <element name="symbol0" layername="timeline_2" frame="2" z_index="4" m_a="0.816035" m_b="0.578003" m_c="-0.578003" m_d="0.816035" m_tx="84.975395" m_ty="-74.551758"/>
  </frame>
  <frame idx="25" w="483" h="796" x="42.609711" y="-105.648804">
   <element name="symbol0" layername="timeline_0" frame="0" z_index="6" m_a="1.000000" m_b="0.000000" m_c="0.000000" m_d="1.000000" m_tx="42.609711" m_ty="-99.017853"/>
   <element name="symbol0" layername="timeline_1" frame="1" z_index="5" m_a="0.643168" m_b="0.765725" m_c="-0.765725" m_d="0.643168" m_tx="96.134201" m_ty="-105.648804"/>
   <element name="symbol0" layername="timeline_2" frame="2" z_index="4" m_a="0.816035" m_b="0.578003" m_c="-0.578003" m_d="0.816035" m_tx="84.975395" m_ty="-74.551758"/>
  </frame>
  <frame idx="50" w="483" h="796" x="42.609711" y="-105.648804"/>
  <frame idx="75" w="483" h="796" x="42.609711" y="-105.648804"/>
  <frame idx="100" w="483" h="796" x="42.609711" y="-105.648804"/>
  <frame idx="125" w="483" h="796" x="42.609711" y="-105.648804"/>
  <frame idx="150" w="483" h="796" x="42.609711" y="-105.648804"/>
  <frame idx="175" w="483" h="796" x="42.609711" y="-105.648804"/>
  <frame idx="200" w="483" h="796" x="42.609711" y="-105.648804"/>
  <frame idx="225" w="483" h="796" x="42.609711" y="-105.648804"/>
  <frame idx="250" w="483" h="796" x="42.609711" y="-105.648804"/>
  <frame idx="275" w="483" h="796" x="42.609711" y="-105.648804"/>
  <frame idx="300" w="483" h="796" x="42.609711" y="-105.648804"/>
  <frame idx="325" w="483" h="796" x="42.609711" y="-105.648804"/>
  <frame idx="350" w="483" h="796" x="42.609711" y="-105.648804"/>
  <frame idx="375" w="483" h="796" x="42.609711" y="-105.648804"/>
  <frame idx="400" w="483" h="796" x="42.609711" y="-105.648804"/>
  <frame idx="425" w="483" h="796" x="42.609711" y="-105.648804"/>
  <frame idx="450" w="483" h="796" x="42.609711" y="-105.648804"/>
  <frame idx="475" w="483" h="796" x="42.609711" y="-105.648804"/>
  <frame idx="500" w="483" h="796" x="42.609711" y="-105.648804"/>
  <frame idx="525" w="483" h="796" x="42.609711" y="-105.648804"/>
  <frame idx="550" w="483" h="796" x="42.609711" y="-105.648804"/>
  <frame idx="575" w="483" h="796" x="42.609711" y="-105.648804"/>
  <frame idx="600" w="483" h="796" x="42.609711" y="-105.648804"/>
  <frame idx="625" w="483" h="796" x="42.609711" y="-105.648804"/>
  <frame idx="650" w="483" h="796" x="42.609711" y="-105.648804"/>
  <frame idx="675" w="483" h="796" x="42.609711" y="-105.648804"/>
  <frame idx="700" w="483" h="796" x="42.609711" y="-105.648804"/>
  <frame idx="725" w="483" h="796" x="42.609711" y="-105.648804"/>
  <frame idx="750" w="483" h="796" x="42.609711" y="-105.648804"/>
  <frame idx="775" w="483" h="796" x="42.609711" y="-105.648804"/>
  <frame idx="800" w="483" h="796" x="42.609711" y="-105.648804"/>
  <frame idx="825" w="483" h="796" x="42.609711" y="-105.648804"/>
  <frame idx="850" w="483" h="796" x="42.609711" y="-105.648804"/>
  <frame idx="875" w="483" h="796" x="42.609711" y="-105.648804"/>
  <frame idx="900" w="483" h="796" x="42.609711" y="-105.648804"/>
  <frame idx="925" w="483" h="796" x="42.609711" y="-105.648804"/>
  <frame idx="950" w="483" h="796" x="42.609711" y="-105.648804"/>
  <frame idx="975" w="483" h="796" x="42.609711" y="-105.648804"/>
 </anim>
</Anims>
