<Anims>
 <anim name="nod" root="lionblob" numframes="1000" framerate="40">
  <frame idx="0" w="223" h="299" x="-10.500000" y="-110.500000">
   <element name="symbol0" layername="timeline_0" frame="0" z_index="7" m_a="1.000000" m_b="0.000000" m_c="0.000000" m_d="1.000000" m_tx="-10.500000" m_ty="2.000000"/>
   <element name="symbol0" layername="timeline_1" frame="1" z_index="6" m_a="1.000000" m_b="0.000000" m_c="0.000000" m_d="1.000000" m_tx="77.500000" m_ty="-14.500000"/>
   <element name="symbol0" layername="timeline_2" frame="2" z_index="5" m_a="0.614583" m_b="0.000000" m_c="0.000000" m_d="0.595238" m_tx="91.249992" m_ty="-1.250004"/>
   <element name="symbol0" layername="timeline_3" frame="3" z_index="6" m_a="1.000000" m_b="0.000000" m_c="0.000000" m_d="1.000000" m_tx="81.500000" m_ty="-110.500000"/>
   <element name="symbol0" layername="timeline_4" frame="5" z_index="5" m_a="1.000000" m_b="0.000000" m_c="0.000000" m_d="1.000000" m_tx="87.500000" m_ty="-14.000000"/>
   <element name="symbol0" layername="timeline_5" frame="1" z_index="6" m_a="1.000000" m_b="0.000000" m_c="0.000000" m_d="1.000000" m_tx="87.500000" m_ty="-96.500000"/>
   <element name="symbol0" layername="timeline_6" frame="6" z_index="5" m_a="1.000000" m_b="0.000000" m_c="0.000000" m_d="1.000000" m_tx="104.000000" m_ty="-15.500000"/>
  </frame>
  <frame idx="25" w="223" h="299" x="-10.500000" y="-110.500000">
   <element name="symbol0" layername="timeline_0" frame="0" z_index="7" m_a="1.000000" m_b="0.000000" m_c="0.000000" m_d="1.000000" m_tx="-10.500000" m_ty="2.000000"/>
   <element name="symbol0" layername="timeline_1" frame="1" z_index="6" m_a="1.000000" m_b="0.000000" m_c="0.000000" m_d="1.000000" m_tx="77.500000" m_ty="-17.850517"/>
   <element name="symbol0" layername="timeline_2" frame="2" z_index="5" m_a="0.614583" m_b="0.000000" m_c="0.000000" m_d="0.595238" m_tx="91.249992" m_ty="-4.600519"/>
   <element name="symbol0" layername="timeline_3" frame="3" z_index="6" m_a="1.000000" m_b="0.000000" m_c="0.000000" m_d="1.000000" m_tx="81.500000" m_ty="-110.500000"/>
   <element name="symbol0" layername="timeline_4" frame="5" z_index="5" m_a="1.000000" m_b="0.000000" m_c="0.000000" m_d="1.000000" m_tx="87.500000" m_ty="-14.000000"/>
   <element name="symbol0" layername="timeline_5" frame="1" z_index="6" m_a="1.000000" m_b="0.000000" m_c="0.000000" m_d="1.000000" m_tx="87.500000" m_ty="-96.500000"/>
   <element name="symbol0" layername="timeline_6" frame="6" z_index="5" m_a="1.000000" m_b="0.000000" m_c="0.000000" m_d="1.000000" m_tx="104.000000" m_ty="-15.500000"/>
  </frame>
  <frame idx="50" w="223" h="299" x="-10.500000" y="-110.500000">
   <element name="symbol0" layername="timeline_0" frame="0" z_index="7" m_a="1.000000" m_b="0.000000" m_c="0.000000" m_d="1.000000" m_tx="-10.500000" m_ty="2.000000"/>
   <element name="symbol0" layername="timeline_1" frame="1" z_index="6" m_a="1.000000" m_b="0.000000" m_c="0.000000" m_d="1.000000" m_tx="77.500000" m_ty="-21.201035"/>
   <element name="symbol0" layername="timeline_2" frame="2" z_index="5" m_a="0.614583" m_b="0.000000" m_c="0.000000" m_d="0.595238" m_tx="91.249992" m_ty="-7.951035"/>
   <element name="symbol0" layername="timeline_3" frame="3" z_index="6" m_a="1.000000" m_b="0.000000" m_c="0.000000" m_d="1.000000" m_tx="81.500000" m_ty="-110.500000"/>
   <element name="symbol0" layername="timeline_4" frame="5" z_index="5" m_a="1.000000" m_b="0.000000" m_c="0.000000" m_d="1.000000" m_tx="87.500000" m_ty="-14.000000"/>
   <element name="symbol0" layername="timeline_5" frame="1" z_index="6" m_a="1.000000" m_b="0.000000" m_c="0.000000" m_d="1.000000" m_tx="87.500000" m_ty="-96.500000"/>
   <element name="symbol0" layername="timeline_6" frame="6" z_index="5" m_a="1.000000" m_b="0.000000" m_c="0.000000" m_d="1.000000" m_tx="104.000000" m_ty="-15.500000"/>
  </frame>
  <frame idx="75" w="223" h="299" x="-10.500000" y="-110.500000">
   <element name="symbol0" layername="timeline_0" frame="0" z_index="7" m_a="1.000000" m_b="0.000000" m_c="0.000000" m_d="1.000000" m_tx="-10.500000" m_ty="2.000000"/>
   <element name="symbol0" layername="timeline_1" frame="1" z_index="6" m_a="1.000000" m_b="0.000000" m_c="0.000000" m_d="1.000000" m_tx="77.500000" m_ty="-24.551544"/>
   <element name="symbol0" layername="timeline_2" frame="2" z_index="5" m_a="0.614583" m_b="0.000000" m_c="0.000000" m_d="0.595238" m_tx="91.249992" m_ty="-11.301550"/>
   <element name="symbol0" layername="timeline_3" frame="3" z_index="6" m_a="1.000000" m_b="0.000000" m_c="0.000000" m_d="1.000000" m_tx="81.500000" m_ty="-110.500000"/>
   <element name="symbol0" layername="timeline_4" frame="5" z_index="5" m_a="1.000000" m_b="0.000000" m_c="0.000000" m_d="1.000000" m_tx="87.500000" m_ty="-14.000000"/>
   <element name="symbol0" layername="timeline_5" frame="1" z_index="6" m_a="1.000000" m_b="0.000000" m_c="0.000000" m_d="1.000000" m_tx="87.500000" m_ty="-96.500000"/>
   <element name="symbol0" layername="timeline_6" frame="6" z_index="5" m_a="1.000000" m_b="0.000000" m_c="0.000000" m_d="1.000000" m_tx="104.000000" m_ty="-15.500000"/>
  </frame>
  <frame idx="100" w="223" h="299" x="-10.500000" y="-110.500000">
   <element name="symbol0" layername="timeline_0" frame="0" z_index="7" m_a="1.000000" m_b="0.000000" m_c="0.000000" m_d="1.000000" m_tx="-10.500000" m_ty="2.000000"/>
   <element name="symbol0" layername="timeline_1" frame="1" z_index="6" m_a="1.000000" m_b="0.000000" m_c="0.000000" m_d="1.000000" m_tx="77.376289" m_ty="-27.920731"/>
   <element name="symbol0" layername="timeline_2" frame="2" z_index="5" m_a="0.614583" m_b="0.000000" m_c="0.000000" m_d="0.595238" m_tx="91.126282" m_ty="-14.670731"/>
   <element name="symbol0" layername="timeline_3" frame="3" z_index="6" m_a="1.000000" m_b="0.000000" m_c="0.000000" m_d="1.000000" m_tx="81.500000" m_ty="-110.500000"/>
   <element name="symbol0" layername="timeline_4" frame="5" z_index="5" m_a="1.000000" m_b="0.000000" m_c="0.000000" m_d="1.000000" m_tx="87.500000" m_ty="-14.000000"/>
   <element name="symbol0" layername="timeline_5" frame="1" z_index="6" m_a="1.000000" m_b="0.000000" m_c="0.000000" m_d="1.000000" m_tx="87.500000" m_ty="-96.500000"/>
   <element name="symbol0" layername="timeline_6" frame="6" z_index="5" m_a="1.000000" m_b="0.000000" m_c="0.000000" m_d="1.000000" m_tx="104.000000" m_ty="-15.500000"/>
  </frame>
  <frame idx="125" w="223" h="299" x="-10.500000" y="-110.500000">
   <element name="symbol0" layername="timeline_0" frame="0" z_index="7" m_a="1.000000" m_b="0.000000" m_c="0.000000" m_d="1.000000" m_tx="-10.500000" m_ty="2.000000"/>
   <element name="symbol0" layername="timeline_1" frame="1" z_index="6" m_a="1.000000" m_b="0.000000" m_c="0.000000" m_d="1.000000" m_tx="76.345360" m_ty="-31.426796"/>
   <element name="symbol0" layername="timeline_2" frame="2" z_index="5" m_a="0.614583" m_b="0.000000" m_c="0.000000" m_d="0.595238" m_tx="90.095352" m_ty="-18.176800"/>
   <element name="symbol0" layername="timeline_3" frame="3" z_index="6" m_a="1.000000" m_b="0.000000" m_c="0.000000" m_d="1.000000" m_tx="81.500000" m_ty="-110.500000"/>
   <element name="symbol0" layername="timeline_4" frame="5" z_index="5" m_a="1.000000" m_b="0.000000" m_c="0.000000" m_d="1.000000" m_tx="87.500000" m_ty="-14.000000"/>
   <element name="symbol0" layername="timeline_5" frame="1" z_index="6" m_a="1.000000" m_b="0.000000" m_c="0.000000" m_d="1.000000" m_tx="87.500000" m_ty="-96.500000"/>
   <element name="symbol0" layername="timeline_6" frame="6" z_index="5" m_a="1.000000" m_b="0.000000" m_c="0.000000" m_d="1.000000" m_tx="104.000000" m_ty="-15.500000"/>
  </frame>
  <frame idx="150" w="223" h="299" x="-10.500000" y="-110.500000">
   <element name="symbol0" layername="timeline_0" frame="0" z_index="7" m_a="1.000000" m_b="0.000000" m_c="0.000000" m_d="1.000000" m_tx="-10.500000" m_ty="2.000000"/>
   <element name="symbol0" layername="timeline_1" frame="1" z_index="6" m_a="1.000000" m_b="0.000000" m_c="0.000000" m_d="1.000000" m_tx="75.314438" m_ty="-34.932861"/>
   <element name="symbol0" layername="timeline_2" frame="2" z_index="5" m_a="0.614583" m_b="0.000000" m_c="0.000000" m_d="0.595238" m_tx="89.064423" m_ty="-21.682865"/>
   <element name="symbol0" layername="timeline_3" frame="3" z_index="6" m_a="1.000000" m_b="0.000000" m_c="0.000000" m_d="1.000000" m_tx="81.500000" m_ty="-110.500000"/>
   <element name="symbol0" layername="timeline_4" frame="5" z_index="5" m_a="1.000000" m_b="0.000000" m_c="0.000000" m_d="1.000000" m_tx="87.500000" m_ty="-14.000000"/>
   <element name="symbol0" layername="timeline_5" frame="1" z_index="6" m_a="1.000000" m_b="0.000000" m_c="0.000000" m_d="1.000000" m_tx="87.500000" m_ty="-96.500000"/>
   <element name="symbol0" layername="timeline_6" frame="6" z_index="5" m_a="1.000000" m_b="0.000000" m_c="0.000000" m_d="1.000000" m_tx="104.000000" m_ty="-15.500000"/>
  </frame>
  <frame idx="175" w="223" h="299" x="-10.500000" y="-110.500000">
   <element name="symbol0" layername="timeline_0" frame="0" z_index="7" m_a="1.000000" m_b="0.000000" m_c="0.000000" m_d="1.000000" m_tx="-10.500000" m_ty="2.000000"/>
   <element name="symbol0" layername="timeline_1" frame="1" z_index="6" m_a="1.000000" m_b="0.000000" m_c="0.000000" m_d="1.000000" m_tx="74.283508" m_ty="-38.438934"/>
   <element name="symbol0" layername="timeline_2" frame="2" z_index="5" m_a="0.614583" m_b="0.000000" m_c="0.000000" m_d="0.595238" m_tx="88.033501" m_ty="-25.188934"/>
   <element name="symbol0" layername="timeline_3" frame="3" z_index="6" m_a="1.000000" m_b="0.000000" m_c="0.000000" m_d="1.000000" m_tx="81.500000" m_ty="-110.500000"/>
   <element name="symbol0" layername="timeline_4" frame="5" z_index="5" m_a="1.000000" m_b="0.000000" m_c="0.000000" m_d="1.000000" m_tx="87.500000" m_ty="-14.000000"/>
   <element name="symbol0" layername="timeline_5" frame="1" z_index="6" m_a="1.000000" m_b="0.000000" m_c="0.000000" m_d="1.000000" m_tx="87.500000" m_ty="-96.500000"/>
   <element name="symbol0" layername="timeline_6" frame="6" z_index="5" m_a="1.000000" m_b="0.000000" m_c="0.000000" m_d="1.000000" m_tx="104.000000" m_ty="-15.500000"/>
  </frame>
  <frame idx="200" w="223" h="299" x="-10.500000" y="-110.500000">
   <element name="symbol0" layername="timeline_0" frame="0" z_index="7" m_a="1.000000" m_b="0.000000" m_c="0.000000" m_d="1.000000" m_tx="-10.500000" m_ty="2.000000"/>
   <element name="symbol0" layername="timeline_1" frame="1" z_index="6" m_a="1.000000" m_b="0.000000" m_c="0.000000" m_d="1.000000" m_tx="73.949776" m_ty="-40.245506"/>
   <element name="symbol0" layername="timeline_2" frame="2" z_index="5" m_a="0.614583" m_b="0.000000" m_c="0.000000" m_d="0.595238" m_tx="87.699768" m_ty="-26.995506"/>
   <element name="symbol0" layername="timeline_3" frame="3" z_index="6" m_a="1.000000" m_b="0.000000" m_c="0.000000" m_d="1.000000" m_tx="81.500000" m_ty="-110.500000"/>
   <element name="symbol0" layername="timeline_4" frame="5" z_index="5" m_a="1.000000" m_b="0.000000" m_c="0.000000" m_d="1.000000" m_tx="87.500000" m_ty="-14.000000"/>
   <element name="symbol0" layername="timeline_5" frame="1" z_index="6" m_a="1.000000" m_b="0.000000" m_c="0.000000" m_d="1.000000" m_tx="87.500000" m_ty="-96.500000"/>
   <element name="symbol0" layername="timeline_6" frame="6" z_index="5" m_a="1.000000" m_b="0.000000" m_c="0.000000" m_d="1.000000" m_tx="104.000000" m_ty="-15.500000"/>
  </frame>
  <frame idx="225" w="223" h="299" x="-10.500000" y="-110.500000">
   <element name="symbol0" layername="timeline_0" frame="0" z_index="7" m_a="1.000000" m_b="0.000000" m_c="0.000000" m_d="1.000000" m_tx="-10.500000" m_ty="2.000000"/>
   <element name="symbol0" layername="timeline_1" frame="1" z_index="6" m_a="1.000000" m_b="0.000000" m_c="0.000000" m_d="1.000000" m_tx="75.823845" m_ty="-36.670334"/>
   <element name="symbol0" layername="timeline_2" frame="2" z_index="5" m_a="0.614583" m_b="0.000000" m_c="0.000000" m_d="0.595238" m_tx="89.573837" m_ty="-23.420334"/>
   <element name="symbol0" layername="timeline_3" frame="3" z_index="6" m_a="1.000000" m_b="0.000000" m_c="0.000000" m_d="1.000000" m_tx="81.500000" m_ty="-110.500000"/>
   <element name="symbol0" layername="timeline_4" frame="5" z_index="5" m_a="1.000000" m_b="0.000000" m_c="0.000000" m_d="1.000000" m_tx="87.500000" m_ty="-14.000000"/>
   <element name="symbol0" layername="timeline_5" frame="1" z_index="6" m_a="1.000000" m_b="0.000000" m_c="0.000000" m_d="1.000000" m_tx="87.500000" m_ty="-96.500000"/>
   <element name="symbol0" layername="timeline_6" frame="6" z_index="5" m_a="1.000000" m_b="0.000000" m_c="0.000000" m_d="1.000000" m_tx="104.000000" m_ty="-15.500000"/>
  </frame>
  <frame idx="250" w="223" h="299" x="-10.500000" y="-110.500000">
   <element name="symbol0" layername="timeline_0" frame="0" z_index="7" m_a="1.000000" m_b="0.000000" m_c="0.000000" m_d="1.000000" m_tx="-10.500000" m_ty="2.000000"/>
   <element name="symbol0" layername="timeline_1" frame="1" z_index="6" m_a="1.000000" m_b="0.000000" m_c="0.000000" m_d="1.000000" m_tx="77.697914" m_ty="-33.095161"/>
   <element name="symbol0" layername="timeline_2" frame="2" z_index="5" m_a="0.614583" m_b="0.000000" m_c="0.000000" m_d="0.595238" m_tx="91.447914" m_ty="-19.845161"/>
   <element name="symbol0" layername="timeline_3" frame="3" z_index="6" m_a="1.000000" m_b="0.000000" m_c="0.000000" m_d="1.000000" m_tx="81.500000" m_ty="-110.500000"/>
   <element name="symbol0" layername="timeline_4" frame="5" z_index="5" m_a="1.000000" m_b="0.000000" m_c="0.000000" m_d="1.000000" m_tx="87.500000" m_ty="-14.000000"/>
   <element name="symbol0" layername="timeline_5" frame="1" z_index="6" m_a="1.000000" m_b="0.000000" m_c="0.000000" m_d="1.000000" m_tx="87.500000" m_ty="-96.500000"/>
   <element name="symbol0" layername="timeline_6" frame="6" z_index="5" m_a="1.000000" m_b="0.000000" m_c="0.000000" m_d="1.000000" m_tx="104.000000" m_ty="-15.500000"/>
  </frame>
  <frame idx="275" w="223" h="299" x="-10.500000" y="-110.500000">
   <element name="symbol0" layername="timeline_0" frame="0" z_index="7" m_a="1.000000" m_b="0.000000" m_c="0.000000" m_d="1.000000" m_tx="-10.500000" m_ty="2.000000"/>
   <element name="symbol0" layername="timeline_1" frame="1" z_index="6" m_a="1.000000" m_b="0.000000" m_c="0.000000" m_d="1.000000" m_tx="79.571983" m_ty="-29.519989"/>
   <element name="symbol0" layername="timeline_2" frame="2" z_index="5" m_a="0.614583" m_b="0.000000" m_c="0.000000" m_d="0.595238" m_tx="93.321983" m_ty="-16.269989"/>
   <element name="symbol0" layername="timeline_3" frame="3" z_index="6" m_a="1.000000" m_b="0.000000" m_c="0.000000" m_d="1.000000" m_tx="81.500000" m_ty="-110.500000"/>
   <element name="symbol0" layername="timeline_4" frame="5" z_index="5" m_a="1.000000" m_b="0.000000" m_c="0.000000" m_d="1.000000" m_tx="87.500000" m_ty="-14.000000"/>
   <element name="symbol0" layername="timeline_5" frame="1" z_index="6" m_a="1.000000" m_b="0.000000" m_c="0.000000" m_d="1.000000" m_tx="87.500000" m_ty="-96.500000"/>
   <element name="symbol0" layername="timeline_6" frame="6" z_index="5" m_a="1.000000" m_b="0.000000" m_c="0.000000" m_d="1.000000" m_tx="104.000000" m_ty="-15.500000"/>
  </frame>
  <frame idx="300" w="223" h="299" x="-10.500000" y="-110.500000">
   <element name="symbol0" layername="timeline_0" frame="0" z_index="7" m_a="1.000000" m_b="0.000000" m_c="0.000000" m_d="1.000000" m_tx="-10.500000" m_ty="2.000000"/>
   <element name="symbol0" layername="timeline_1" frame="1" z_index="6" m_a="1.000000" m_b="0.000000" m_c="0.000000" m_d="1.000000" m_tx="81.028419" m_ty="-26.203453"/>
   <element name="symbol0" layername="timeline_2" frame="2" z_index="5" m_a="0.614583" m_b="0.000000" m_c="0.000000" m_d="0.595238" m_tx="94.778419" m_ty="-12.953459"/>
   <element name="symbol0" layername="timeline_3" frame="3" z_index="6" m_a="1.000000" m_b="0.000000" m_c="0.000000" m_d="1.000000" m_tx="81.500000" m_ty="-110.500000"/>
   <element name="symbol0" layername="timeline_4" frame="5" z_index="5" m_a="1.000000" m_b="0.000000" m_c="0.000000" m_d="1.000000" m_tx="87.500000" m_ty="-14.000000"/>
   <element name="symbol0" layername="timeline_5" frame="1" z_index="6" m_a="1.000000" m_b="0.000000" m_c="0.000000" m_d="1.000000" m_tx="87.500000" m_ty="-96.500000"/>
   <element name="symbol0" layername="timeline_6" frame="6" z_index="5" m_a="1.000000" m_b="0.000000" m_c="0.000000" m_d="1.000000" m_tx="104.000000" m_ty="-15.500000"/>
  </frame>
  <frame idx="325" w="223" h="299" x="-10.500000" y="-110.500000">
   <element name="symbol0" layername="timeline_0" frame="0" z_index="7" m_a="1.000000" m_b="0.000000" m_c="0.000000" m_d="1.000000" m_tx="-10.500000" m_ty="2.000000"/>
   <element name="symbol0" layername="timeline_1" frame="1" z_index="6" m_a="1.000000" m_b="0.000000" m_c="0.000000" m_d="1.000000" m_tx="81.162346" m_ty="-23.705948"/>
   <element name="symbol0" layername="timeline_2" frame="2" z_index="5" m_a="0.614583" m_b="0.000000" m_c="0.000000" m_d="0.595238" m_tx="94.912346" m_ty="-10.455948"/>
   <element name="symbol0" layername="timeline_3" frame="3" z_index="6" m_a="1.000000" m_b="0.000000" m_c="0.000000" m_d="1.000000" m_tx="81.500000" m_ty="-110.500000"/>
   <element name="symbol0" layername="timeline_4" frame="5" z_index="5" m_a="1.000000" m_b="0.000000" m_c="0.000000" m_d="1.000000" m_tx="87.500000" m_ty="-14.000000"/>
   <element name="symbol0" layername="timeline_5" frame="1" z_index="6" m_a="1.000000" m_b="0.000000" m_c="0.000000" m_d="1.000000" m_tx="87.500000" m_ty="-96.500000"/>
   <element name="symbol0" layername="timeline_6" frame="6" z_index="5" m_a="1.000000" m_b="0.000000" m_c="0.000000" m_d="1.000000" m_tx="104.000000" m_ty="-15.500000"/>
  </frame>
  <frame idx="350" w="223" h="299" x="-10.500000" y="-110.500000">
   <element name="symbol0" layername="timeline_0" frame="0" z_index="7" m_a="1.000000" m_b="0.000000" m_c="0.000000" m_d="1.000000" m_tx="-10.500000" m_ty="2.000000"/>
   <element name="symbol0" layername="timeline_1" frame="1" z_index="6" m_a="1.000000" m_b="0.000000" m_c="0.000000" m_d="1.000000" m_tx="81.296272" m_ty="-21.208435"/>
   <element name="symbol0" layername="timeline_2" frame="2" z_index="5" m_a="0.614583" m_b="0.000000" m_c="0.000000" m_d="0.595238" m_tx="95.046272" m_ty="-7.958439"/>
   <element name="symbol0" layername="timeline_3" frame="3" z_index="6" m_a="1.000000" m_b="0.000000" m_c="0.000000" m_d="1.000000" m_tx="81.500000" m_ty="-110.500000"/>
   <element name="symbol0" layername="timeline_4" frame="5" z_index="5" m_a="1.000000" m_b="0.000000" m_c="0.000000" m_d="1.000000" m_tx="87.500000" m_ty="-14.000000"/>
   <element name="symbol0" layername="timeline_5" frame="1" z_index="6" m_a="1.000000" m_b="0.000000" m_c="0.000000" m_d="1.000000" m_tx="87.500000" m_ty="-96.500000"/>
   <element name="symbol0" layername="timeline_6" frame="6" z_index="5" m_a="1.000000" m_b="0.000000" m_c="0.000000" m_d="1.000000" m_tx="104.000000" m_ty="-15.500000"/>
  </frame>
  <frame idx="375" w="223" h="299" x="-10.500000" y="-110.500000">
   <element name="symbol0" layername="timeline_0" frame="0" z_index="7" m_a="1.000000" m_b="0.000000" m_c="0.000000" m_d="1.000000" m_tx="-10.500000" m_ty="2.000000"/>
   <element name="symbol0" layername="timeline_1" frame="1" z_index="6" m_a="1.000000" m_b="0.000000" m_c="0.000000" m_d="1.000000" m_tx="81.430199" m_ty="-18.710922"/>
   <element name="symbol0" layername="timeline_2" frame="2" z_index="5" m_a="0.614583" m_b="0.000000" m_c="0.000000" m_d="0.595238" m_tx="95.180199" m_ty="-5.460930"/>
   <element name="symbol0" layername="timeline_3" frame="3" z_index="6" m_a="1.000000" m_b="0.000000" m_c="0.000000" m_d="1.000000" m_tx="81.500000" m_ty="-110.500000"/>
   <element name="symbol0" layername="timeline_4" frame="5" z_index="5" m_a="1.000000" m_b="0.000000" m_c="0.000000" m_d="1.000000" m_tx="87.500000" m_ty="-14.000000"/>
   <element name="symbol0" layername="timeline_5" frame="1" z_index="6" m_a="1.000000" m_b="0.000000" m_c="0.000000" m_d="1.000000" m_tx="87.500000" m_ty="-96.500000"/>
   <element name="symbol0" layername="timeline_6" frame="6" z_index="5" m_a="1.000000" m_b="0.000000" m_c="0.000000" m_d="1.000000" m_tx="104.000000" m_ty="-15.500000"/>
  </frame>
  <frame idx="400" w="223" h="299" x="-10.500000" y="-110.500000">
   <element name="symbol0" layername="timeline_0" frame="0" z_index="7" m_a="1.000000" m_b="0.000000" m_c="0.000000" m_d="1.000000" m_tx="-10.500000" m_ty="2.000000"/>
   <element name="symbol0" layername="timeline_1" frame="1" z_index="6" m_a="1.000000" m_b="0.000000" m_c="0.000000" m_d="1.000000" m_tx="81.515915" m_ty="-17.112518"/>
   <element name="symbol0" layername="timeline_2" frame="2" z_index="5" m_a="0.614583" m_b="0.000000" m_c="0.000000" m_d="0.595238" m_tx="95.265907" m_ty="-3.862524"/>
   <element name="symbol0" layername="timeline_3" frame="3" z_index="6" m_a="1.000000" m_b="0.000000" m_c="0.000000" m_d="1.000000" m_tx="81.500000" m_ty="-110.500000"/>
   <element name="symbol0" layername="timeline_4" frame="5" z_index="5" m_a="1.000000" m_b="0.000000" m_c="0.000000" m_d="1.000000" m_tx="87.500000" m_ty="-14.000000"/>
   <element name="symbol0" layername="timeline_5" frame="1" z_index="6" m_a="1.000000" m_b="0.000000" m_c="0.000000" m_d="1.000000" m_tx="87.500000" m_ty="-96.500000"/>
   <element name="symbol0" layername="timeline_6" frame="6" z_index="5" m_a="1.000000" m_b="0.000000" m_c="0.000000" m_d="1.000000" m_tx="104.000000" m_ty="-15.500000"/>
  </frame>
  <frame idx="425" w="223" h="299" x="-10.500000" y="-110.500000">
   <element name="symbol0" layername="timeline_0" frame="0" z_index="7" m_a="1.000000" m_b="0.000000" m_c="0.000000" m_d="1.000000" m_tx="-10.500000" m_ty="2.000000"/>
   <element name="symbol0" layername="timeline_1" frame="1" z_index="6" m_a="1.000000" m_b="0.000000" m_c="0.000000" m_d="1.000000" m_tx="81.515915" m_ty="-17.112518"/>
   <element name="symbol0" layername="timeline_2" frame="2" z_index="5" m_a="0.614583" m_b="0.000000" m_c="0.000000" m_d="0.595238" m_tx="95.265907" m_ty="-3.862524"/>
   <element name="symbol0" layername="timeline_3" frame="3" z_index="6" m_a="1.000000" m_b="0.000000" m_c="0.000000" m_d="1.000000" m_tx="81.500000" m_ty="-110.500000"/>
   <element name="symbol0" layername="timeline_4" frame="5" z_index="5" m_a="1.000000" m_b="0.000000" m_c="0.000000" m_d="1.000000" m_tx="87.500000" m_ty="-14.000000"/>
   <element name="symbol0" layername="timeline_5" frame="1" z_index="6" m_a="1.000000" m_b="0.000000" m_c="0.000000" m_d="1.000000" m_tx="87.500000" m_ty="-96.500000"/>
   <element name="symbol0" layername="timeline_6" frame="6" z_index="5" m_a="1.000000" m_b="0.000000" m_c="0.000000" m_d="1.000000" m_tx="104.000000" m_ty="-15.500000"/>
  </frame>
  <frame idx="450" w="223" h="299" x="-10.500000" y="-110.500000">
   <element name="symbol0" layername="timeline_0" frame="0" z_index="7" m_a="1.000000" m_b="0.000000" m_c="0.000000" m_d="1.000000" m_tx="-10.500000" m_ty="2.000000"/>
   <element name="symbol0" layername="timeline_1" frame="1" z_index="6" m_a="1.000000" m_b="0.000000" m_c="0.000000" m_d="1.000000" m_tx="81.515915" m_ty="-17.112518"/>
   <element name="symbol0" layername="timeline_2" frame="2" z_index="5" m_a="0.614583" m_b="0.000000" m_c="0.000000" m_d="0.595238" m_tx="95.265907" m_ty="-3.862524"/>
   <element name="symbol0" layername="timeline_3" frame="3" z_index="6" m_a="1.000000" m_b="0.000000" m_c="0.000000" m_d="1.000000" m_tx="81.500000" m_ty="-110.500000"/>
   <element name="symbol0" layername="timeline_4" frame="5" z_index="5" m_a="1.000000" m_b="0.000000" m_c="0.000000" m_d="1.000000" m_tx="87.500000" m_ty="-14.000000"/>
   <element name="symbol0" layername="timeline_5" frame="1" z_index="6" m_a="1.000000" m_b="0.000000" m_c="0.000000" m_d="1.000000" m_tx="87.500000" m_ty="-96.500000"/>
   <element name="symbol0" layername="timeline_6" frame="6" z_index="5" m_a="1.000000" m_b="0.000000" m_c="0.000000" m_d="1.000000" m_tx="104.000000" m_ty="-15.500000"/>
  </frame>
  <frame idx="475" w="223" h="299" x="-10.500000" y="-110.500000">
   <element name="symbol0" layername="timeline_0" frame="0" z_index="7" m_a="1.000000" m_b="0.000000" m_c="0.000000" m_d="1.000000" m_tx="-10.500000" m_ty="2.000000"/>
   <element name="symbol0" layername="timeline_1" frame="1" z_index="6" m_a="1.000000" m_b="0.000000" m_c="0.000000" m_d="1.000000" m_tx="81.515915" m_ty="-17.112518"/>
   <element name="symbol0" layername="timeline_2" frame="2" z_index="5" m_a="0.614583" m_b="0.000000" m_c="0.000000" m_d="0.595238" m_tx="95.265907" m_ty="-3.862524"/>
   <element name="symbol0" layername="timeline_3" frame="3" z_index="6" m_a="1.000000" m_b="0.000000" m_c="0.000000" m_d="1.000000" m_tx="81.500000" m_ty="-110.500000"/>
   <element name="symbol0" layername="timeline_4" frame="5" z_index="5" m_a="1.000000" m_b="0.000000" m_c="0.000000" m_d="1.000000" m_tx="87.500000" m_ty="-14.000000"/>
   <element name="symbol0" layername="timeline_5" frame="1" z_index="6" m_a="1.000000" m_b="0.000000" m_c="0.000000" m_d="1.000000" m_tx="87.500000" m_ty="-96.500000"/>
   <element name="symbol0" layername="timeline_6" frame="6" z_index="5" m_a="1.000000" m_b="0.000000" m_c="0.000000" m_d="1.000000" m_tx="104.000000" m_ty="-15.500000"/>
  </frame>
  <frame idx="500" w="223" h="299" x="-10.500000" y="-110.500000">
   <element name="symbol0" layername="timeline_0" frame="0" z_index="7" m_a="1.000000" m_b="0.000000" m_c="0.000000" m_d="1.000000" m_tx="-10.500000" m_ty="2.000000"/>
   <element name="symbol0" layername="timeline_1" frame="1" z_index="6" m_a="1.000000" m_b="0.000000" m_c="0.000000" m_d="1.000000" m_tx="81.452667" m_ty="-17.071373"/>
   <element name="symbol0" layername="timeline_2" frame="2" z_index="5" m_a="0.614583" m_b="0.000000" m_c="0.000000" m_d="0.595238" m_tx="95.202667" m_ty="-3.821383"/>
   <element name="symbol0" layername="timeline_3" frame="3" z_index="6" m_a="1.000000" m_b="0.000000" m_c="0.000000" m_d="1.000000" m_tx="81.500000" m_ty="-110.500000"/>
   <element name="symbol0" layername="timeline_4" frame="5" z_index="5" m_a="1.000000" m_b="0.000000" m_c="0.000000" m_d="1.000000" m_tx="87.500000" m_ty="-14.000000"/>
   <element name="symbol0" layername="timeline_5" frame="1" z_index="6" m_a="1.000000" m_b="0.000000" m_c="0.000000" m_d="1.000000" m_tx="87.500000" m_ty="-96.500000"/>
   <element name="symbol0" layername="timeline_6" frame="6" z_index="5" m_a="1.000000" m_b="0.000000" m_c="0.000000" m_d="1.000000" m_tx="104.000000" m_ty="-15.500000"/>
  </frame>
  <frame idx="525" w="223" h="299" x="-10.500000" y="-110.500000">
   <element name="symbol0" layername="timeline_0" frame="0" z_index="7" m_a="1.000000" m_b="0.000000" m_c="0.000000" m_d="1.000000" m_tx="-10.500000" m_ty="2.000000"/>
   <element name="symbol0" layername="timeline_1" frame="1" z_index="6" m_a="1.000000" m_b="0.000000" m_c="0.000000" m_d="1.000000" m_tx="81.255035" m_ty="-16.942810"/>
   <element name="symbol0" layername="timeline_2" frame="2" z_index="5" m_a="0.614583" m_b="0.000000" m_c="0.000000" m_d="0.595238" m_tx="95.005028" m_ty="-3.692814"/>
   <element name="symbol0" layername="timeline_3" frame="3" z_index="6" m_a="1.000000" m_b="0.000000" m_c="0.000000" m_d="1.000000" m_tx="81.500000" m_ty="-110.500000"/>
   <element name="symbol0" layername="timeline_4" frame="5" z_index="5" m_a="1.000000" m_b="0.000000" m_c="0.000000" m_d="1.000000" m_tx="87.500000" m_ty="-14.000000"/>
   <element name="symbol0" layername="timeline_5" frame="1" z_index="6" m_a="1.000000" m_b="0.000000" m_c="0.000000" m_d="1.000000" m_tx="87.500000" m_ty="-96.500000"/>
   <element name="symbol0" layername="timeline_6" frame="6" z_index="5" m_a="1.000000" m_b="0.000000" m_c="0.000000" m_d="1.000000" m_tx="104.000000" m_ty="-15.500000"/>
  </frame>
  <frame idx="550" w="223" h="299" x="-10.500000" y="-110.500000">
   <element name="symbol0" layername="timeline_0" frame="0" z_index="7" m_a="1.000000" m_b="0.000000" m_c="0.000000" m_d="1.000000" m_tx="-10.500000" m_ty="2.000000"/>
   <element name="symbol0" layername="timeline_1" frame="1" z_index="6" m_a="1.000000" m_b="0.000000" m_c="0.000000" m_d="1.000000" m_tx="81.057404" m_ty="-16.814240"/>
   <element name="symbol0" layername="timeline_2" frame="2" z_index="5" m_a="0.614583" m_b="0.000000" m_c="0.000000" m_d="0.595238" m_tx="94.807396" m_ty="-3.564243"/>
   <element name="symbol0" layername="timeline_3" frame="3" z_index="6" m_a="1.000000" m_b="0.000000" m_c="0.000000" m_d="1.000000" m_tx="81.500000" m_ty="-110.500000"/>
   <element name="symbol0" layername="timeline_4" frame="5" z_index="5" m_a="1.000000" m_b="0.000000" m_c="0.000000" m_d="1.000000" m_tx="87.500000" m_ty="-14.000000"/>
   <element name="symbol0" layername="timeline_5" frame="1" z_index="6" m_a="1.000000" m_b="0.000000" m_c="0.000000" m_d="1.000000" m_tx="87.500000" m_ty="-96.500000"/>
   <element name="symbol0" layername="timeline_6" frame="6" z_index="5" m_a="1.000000" m_b="0.000000" m_c="0.000000" m_d="1.000000" m_tx="104.000000" m_ty="-15.500000"/>
  </frame>
  <frame idx="575" w="223" h="299" x="-10.500000" y="-110.500000">
   <element name="symbol0" layername="timeline_0" frame="0" z_index="7" m_a="1.000000" m_b="0.000000" m_c="0.000000" m_d="1.000000" m_tx="-10.500000" m_ty="2.000000"/>
   <element name="symbol0" layername="timeline_1" frame="1" z_index="6" m_a="1.000000" m_b="0.000000" m_c="0.000000" m_d="1.000000" m_tx="80.859772" m_ty="-16.685669"/>
   <element name="symbol0" layername="timeline_2" frame="2" z_index="5" m_a="0.614583" m_b="0.000000" m_c="0.000000" m_d="0.595238" m_tx="94.609764" m_ty="-3.435675"/>
   <element name="symbol0" layername="timeline_3" frame="3" z_index="6" m_a="1.000000" m_b="0.000000" m_c="0.000000" m_d="1.000000" m_tx="81.500000" m_ty="-110.500000"/>
   <element name="symbol0" layername="timeline_4" frame="5" z_index="5" m_a="1.000000" m_b="0.000000" m_c="0.000000" m_d="1.000000" m_tx="87.500000" m_ty="-14.000000"/>
   <element name="symbol0" layername="timeline_5" frame="1" z_index="6" m_a="1.000000" m_b="0.000000" m_c="0.000000" m_d="1.000000" m_tx="87.500000" m_ty="-96.500000"/>
   <element name="symbol0" layername="timeline_6" frame="6" z_index="5" m_a="1.000000" m_b="0.000000" m_c="0.000000" m_d="1.000000" m_tx="104.000000" m_ty="-15.500000"/>
  </frame>
  <frame idx="600" w="223" h="299" x="-10.500000" y="-110.500000">
   <element name="symbol0" layername="timeline_0" frame="0" z_index="7" m_a="1.000000" m_b="0.000000" m_c="0.000000" m_d="1.000000" m_tx="-10.500000" m_ty="2.000000"/>
   <element name="symbol0" layername="timeline_1" frame="1" z_index="6" m_a="1.000000" m_b="0.000000" m_c="0.000000" m_d="1.000000" m_tx="80.662140" m_ty="-16.557098"/>
   <element name="symbol0" layername="timeline_2" frame="2" z_index="5" m_a="0.614583" m_b="0.000000" m_c="0.000000" m_d="0.595238" m_tx="94.412132" m_ty="-3.307106"/>
   <element name="symbol0" layername="timeline_3" frame="3" z_index="6" m_a="1.000000" m_b="0.000000" m_c="0.000000" m_d="1.000000" m_tx="81.500000" m_ty="-110.500000"/>
   <element name="symbol0" layername="timeline_4" frame="5" z_index="5" m_a="1.000000" m_b="0.000000" m_c="0.000000" m_d="1.000000" m_tx="87.500000" m_ty="-14.000000"/>
   <element name="symbol0" layername="timeline_5" frame="1" z_index="6" m_a="1.000000" m_b="0.000000" m_c="0.000000" m_d="1.000000" m_tx="87.500000" m_ty="-96.500000"/>
   <element name="symbol0" layername="timeline_6" frame="6" z_index="5" m_a="1.000000" m_b="0.000000" m_c="0.000000" m_d="1.000000" m_tx="104.000000" m_ty="-15.500000"/>
  </frame>
  <frame idx="625" w="223" h="299" x="-10.500000" y="-110.500000">
   <element name="symbol0" layername="timeline_0" frame="0" z_index="7" m_a="1.000000" m_b="0.000000" m_c="0.000000" m_d="1.000000" m_tx="-10.500000" m_ty="2.000000"/>
   <element name="symbol0" layername="timeline_1" frame="1" z_index="6" m_a="1.000000" m_b="0.000000" m_c="0.000000" m_d="1.000000" m_tx="80.464500" m_ty="-16.428535"/>
   <element name="symbol0" layername="timeline_2" frame="2" z_index="5" m_a="0.614583" m_b="0.000000" m_c="0.000000" m_d="0.595238" m_tx="94.214493" m_ty="-3.178537"/>
   <element name="symbol0" layername="timeline_3" frame="3" z_index="6" m_a="1.000000" m_b="0.000000" m_c="0.000000" m_d="1.000000" m_tx="81.500000" m_ty="-110.500000"/>
   <element name="symbol0" layername="timeline_4" frame="5" z_index="5" m_a="1.000000" m_b="0.000000" m_c="0.000000" m_d="1.000000" m_tx="87.500000" m_ty="-14.000000"/>
   <element name="symbol0" layername="timeline_5" frame="1" z_index="6" m_a="1.000000" m_b="0.000000" m_c="0.000000" m_d="1.000000" m_tx="87.500000" m_ty="-96.500000"/>
   <element name="symbol0" layername="timeline_6" frame="6" z_index="5" m_a="1.000000" m_b="0.000000" m_c="0.000000" m_d="1.000000" m_tx="104.000000" m_ty="-15.500000"/>
  </frame>
  <frame idx="650" w="223" h="299" x="-10.500000" y="-110.500000">
   <element name="symbol0" layername="timeline_0" frame="0" z_index="7" m_a="1.000000" m_b="0.000000" m_c="0.000000" m_d="1.000000" m_tx="-10.500000" m_ty="2.000000"/>
   <element name="symbol0" layername="timeline_1" frame="1" z_index="6" m_a="1.000000" m_b="0.000000" m_c="0.000000" m_d="1.000000" m_tx="80.266869" m_ty="-16.299965"/>
   <element name="symbol0" layername="timeline_2" frame="2" z_index="5" m_a="0.614583" m_b="0.000000" m_c="0.000000" m_d="0.595238" m_tx="94.016861" m_ty="-3.049969"/>
   <element name="symbol0" layername="timeline_3" frame="3" z_index="6" m_a="1.000000" m_b="0.000000" m_c="0.000000" m_d="1.000000" m_tx="81.500000" m_ty="-110.500000"/>
   <element name="symbol0" layername="timeline_4" frame="5" z_index="5" m_a="1.000000" m_b="0.000000" m_c="0.000000" m_d="1.000000" m_tx="87.500000" m_ty="-14.000000"/>
   <element name="symbol0" layername="timeline_5" frame="1" z_index="6" m_a="1.000000" m_b="0.000000" m_c="0.000000" m_d="1.000000" m_tx="87.500000" m_ty="-96.500000"/>
   <element name="symbol0" layername="timeline_6" frame="6" z_index="5" m_a="1.000000" m_b="0.000000" m_c="0.000000" m_d="1.000000" m_tx="104.000000" m_ty="-15.500000"/>
  </frame>
  <frame idx="675" w="223" h="299" x="-10.500000" y="-110.500000">
   <element name="symbol0" layername="timeline_0" frame="0" z_index="7" m_a="1.000000" m_b="0.000000" m_c="0.000000" m_d="1.000000" m_tx="-10.500000" m_ty="2.000000"/>
   <element name="symbol0" layername="timeline_1" frame="1" z_index="6" m_a="1.000000" m_b="0.000000" m_c="0.000000" m_d="1.000000" m_tx="80.069229" m_ty="-16.171394"/>
   <element name="symbol0" layername="timeline_2" frame="2" z_index="5" m_a="0.614583" m_b="0.000000" m_c="0.000000" m_d="0.595238" m_tx="93.819229" m_ty="-2.921400"/>
   <element name="symbol0" layername="timeline_3" frame="3" z_index="6" m_a="1.000000" m_b="0.000000" m_c="0.000000" m_d="1.000000" m_tx="81.500000" m_ty="-110.500000"/>
   <element name="symbol0" layername="timeline_4" frame="5" z_index="5" m_a="1.000000" m_b="0.000000" m_c="0.000000" m_d="1.000000" m_tx="87.500000" m_ty="-14.000000"/>
   <element name="symbol0" layername="timeline_5" frame="1" z_index="6" m_a="1.000000" m_b="0.000000" m_c="0.000000" m_d="1.000000" m_tx="87.500000" m_ty="-96.500000"/>
   <element name="symbol0" layername="timeline_6" frame="6" z_index="5" m_a="1.000000" m_b="0.000000" m_c="0.000000" m_d="1.000000" m_tx="104.000000" m_ty="-15.500000"/>
  </frame>
  <frame idx="700" w="223" h="299" x="-10.500000" y="-110.500000">
   <element name="symbol0" layername="timeline_0" frame="0" z_index="7" m_a="1.000000" m_b="0.000000" m_c="0.000000" m_d="1.000000" m_tx="-10.500000" m_ty="2.000000"/>
   <element name="symbol0" layername="timeline_1" frame="1" z_index="6" m_a="1.000000" m_b="0.000000" m_c="0.000000" m_d="1.000000" m_tx="79.871597" m_ty="-16.042824"/>
   <element name="symbol0" layername="timeline_2" frame="2" z_index="5" m_a="0.614583" m_b="0.000000" m_c="0.000000" m_d="0.595238" m_tx="93.621597" m_ty="-2.792831"/>
   <element name="symbol0" layername="timeline_3" frame="3" z_index="6" m_a="1.000000" m_b="0.000000" m_c="0.000000" m_d="1.000000" m_tx="81.500000" m_ty="-110.500000"/>
   <element name="symbol0" layername="timeline_4" frame="5" z_index="5" m_a="1.000000" m_b="0.000000" m_c="0.000000" m_d="1.000000" m_tx="87.500000" m_ty="-14.000000"/>
   <element name="symbol0" layername="timeline_5" frame="1" z_index="6" m_a="1.000000" m_b="0.000000" m_c="0.000000" m_d="1.000000" m_tx="87.500000" m_ty="-96.500000"/>
   <element name="symbol0" layername="timeline_6" frame="6" z_index="5" m_a="1.000000" m_b="0.000000" m_c="0.000000" m_d="1.000000" m_tx="104.000000" m_ty="-15.500000"/>
  </frame>
  <frame idx="725" w="223" h="299" x="-10.500000" y="-110.500000">
   <element name="symbol0" layername="timeline_0" frame="0" z_index="7" m_a="1.000000" m_b="0.000000" m_c="0.000000" m_d="1.000000" m_tx="-10.500000" m_ty="2.000000"/>
   <element name="symbol0" layername="timeline_1" frame="1" z_index="6" m_a="1.000000" m_b="0.000000" m_c="0.000000" m_d="1.000000" m_tx="79.673965" m_ty="-15.914253"/>
   <element name="symbol0" layername="timeline_2" frame="2" z_index="5" m_a="0.614583" m_b="0.000000" m_c="0.000000" m_d="0.595238" m_tx="93.423965" m_ty="-2.664261"/>
   <element name="symbol0" layername="timeline_3" frame="3" z_index="6" m_a="1.000000" m_b="0.000000" m_c="0.000000" m_d="1.000000" m_tx="81.500000" m_ty="-110.500000"/>
   <element name="symbol0" layername="timeline_4" frame="5" z_index="5" m_a="1.000000" m_b="0.000000" m_c="0.000000" m_d="1.000000" m_tx="87.500000" m_ty="-14.000000"/>
   <element name="symbol0" layername="timeline_5" frame="1" z_index="6" m_a="1.000000" m_b="0.000000" m_c="0.000000" m_d="1.000000" m_tx="87.500000" m_ty="-96.500000"/>
   <element name="symbol0" layername="timeline_6" frame="6" z_index="5" m_a="1.000000" m_b="0.000000" m_c="0.000000" m_d="1.000000" m_tx="104.000000" m_ty="-15.500000"/>
  </frame>
  <frame idx="750" w="223" h="299" x="-10.500000" y="-110.500000">
   <element name="symbol0" layername="timeline_0" frame="0" z_index="7" m_a="1.000000" m_b="0.000000" m_c="0.000000" m_d="1.000000" m_tx="-10.500000" m_ty="2.000000"/>
   <element name="symbol0" layername="timeline_1" frame="1" z_index="6" m_a="1.000000" m_b="0.000000" m_c="0.000000" m_d="1.000000" m_tx="79.476334" m_ty="-15.785690"/>
   <element name="symbol0" layername="timeline_2" frame="2" z_index="5" m_a="0.614583" m_b="0.000000" m_c="0.000000" m_d="0.595238" m_tx="93.226326" m_ty="-2.535692"/>
   <element name="symbol0" layername="timeline_3" frame="3" z_index="6" m_a="1.000000" m_b="0.000000" m_c="0.000000" m_d="1.000000" m_tx="81.500000" m_ty="-110.500000"/>
   <element name="symbol0" layername="timeline_4" frame="5" z_index="5" m_a="1.000000" m_b="0.000000" m_c="0.000000" m_d="1.000000" m_tx="87.500000" m_ty="-14.000000"/>
   <element name="symbol0" layername="timeline_5" frame="1" z_index="6" m_a="1.000000" m_b="0.000000" m_c="0.000000" m_d="1.000000" m_tx="87.500000" m_ty="-96.500000"/>
   <element name="symbol0" layername="timeline_6" frame="6" z_index="5" m_a="1.000000" m_b="0.000000" m_c="0.000000" m_d="1.000000" m_tx="104.000000" m_ty="-15.500000"/>
  </frame>
  <frame idx="775" w="223" h="299" x="-10.500000" y="-110.500000">
   <element name="symbol0" layername="timeline_0" frame="0" z_index="7" m_a="1.000000" m_b="0.000000" m_c="0.000000" m_d="1.000000" m_tx="-10.500000" m_ty="2.000000"/>
   <element name="symbol0" layername="timeline_1" frame="1" z_index="6" m_a="1.000000" m_b="0.000000" m_c="0.000000" m_d="1.000000" m_tx="79.278702" m_ty="-15.657120"/>
   <element name="symbol0" layername="timeline_2" frame="2" z_index="5" m_a="0.614583" m_b="0.000000" m_c="0.000000" m_d="0.595238" m_tx="93.028694" m_ty="-2.407124"/>
   <element name="symbol0" layername="timeline_3" frame="3" z_index="6" m_a="1.000000" m_b="0.000000" m_c="0.000000" m_d="1.000000" m_tx="81.500000" m_ty="-110.500000"/>
   <element name="symbol0" layername="timeline_4" frame="5" z_index="5" m_a="1.000000" m_b="0.000000" m_c="0.000000" m_d="1.000000" m_tx="87.500000" m_ty="-14.000000"/>
   <element name="symbol0" layername="timeline_5" frame="1" z_index="6" m_a="1.000000" m_b="0.000000" m_c="0.000000" m_d="1.000000" m_tx="87.500000" m_ty="-96.500000"/>
   <element name="symbol0" layername="timeline_6" frame="6" z_index="5" m_a="1.000000" m_b="0.000000" m_c="0.000000" m_d="1.000000" m_tx="104.000000" m_ty="-15.500000"/>
  </frame>
  <frame idx="800" w="223" h="299" x="-10.500000" y="-110.500000">
   <element name="symbol0" layername="timeline_0" frame="0" z_index="7" m_a="1.000000" m_b="0.000000" m_c="0.000000" m_d="1.000000" m_tx="-10.500000" m_ty="2.000000"/>
   <element name="symbol0" layername="timeline_1" frame="1" z_index="6" m_a="1.000000" m_b="0.000000" m_c="0.000000" m_d="1.000000" m_tx="79.081070" m_ty="-15.528549"/>
   <element name="symbol0" layername="timeline_2" frame="2" z_index="5" m_a="0.614583" m_b="0.000000" m_c="0.000000" m_d="0.595238" m_tx="92.831062" m_ty="-2.278555"/>
   <element name="symbol0" layername="timeline_3" frame="3" z_index="6" m_a="1.000000" m_b="0.000000" m_c="0.000000" m_d="1.000000" m_tx="81.500000" m_ty="-110.500000"/>
   <element name="symbol0" layername="timeline_4" frame="5" z_index="5" m_a="1.000000" m_b="0.000000" m_c="0.000000" m_d="1.000000" m_tx="87.500000" m_ty="-14.000000"/>
   <element name="symbol0" layername="timeline_5" frame="1" z_index="6" m_a="1.000000" m_b="0.000000" m_c="0.000000" m_d="1.000000" m_tx="87.500000" m_ty="-96.500000"/>
   <element name="symbol0" layername="timeline_6" frame="6" z_index="5" m_a="1.000000" m_b="0.000000" m_c="0.000000" m_d="1.000000" m_tx="104.000000" m_ty="-15.500000"/>
  </frame>
  <frame idx="825" w="223" h="299" x="-10.500000" y="-110.500000">
   <element name="symbol0" layername="timeline_0" frame="0" z_index="7" m_a="1.000000" m_b="0.000000" m_c="0.000000" m_d="1.000000" m_tx="-10.500000" m_ty="2.000000"/>
   <element name="symbol0" layername="timeline_1" frame="1" z_index="6" m_a="1.000000" m_b="0.000000" m_c="0.000000" m_d="1.000000" m_tx="78.883438" m_ty="-15.399979"/>
   <element name="symbol0" layername="timeline_2" frame="2" z_index="5" m_a="0.614583" m_b="0.000000" m_c="0.000000" m_d="0.595238" m_tx="92.633430" m_ty="-2.149986"/>
   <element name="symbol0" layername="timeline_3" frame="3" z_index="6" m_a="1.000000" m_b="0.000000" m_c="0.000000" m_d="1.000000" m_tx="81.500000" m_ty="-110.500000"/>
   <element name="symbol0" layername="timeline_4" frame="5" z_index="5" m_a="1.000000" m_b="0.000000" m_c="0.000000" m_d="1.000000" m_tx="87.500000" m_ty="-14.000000"/>
   <element name="symbol0" layername="timeline_5" frame="1" z_index="6" m_a="1.000000" m_b="0.000000" m_c="0.000000" m_d="1.000000" m_tx="87.500000" m_ty="-96.500000"/>
   <element name="symbol0" layername="timeline_6" frame="6" z_index="5" m_a="1.000000" m_b="0.000000" m_c="0.000000" m_d="1.000000" m_tx="104.000000" m_ty="-15.500000"/>
  </frame>
  <frame idx="850" w="223" h="299" x="-10.500000" y="-110.500000">
   <element name="symbol0" layername="timeline_0" frame="0" z_index="7" m_a="1.000000" m_b="0.000000" m_c="0.000000" m_d="1.000000" m_tx="-10.500000" m_ty="2.000000"/>
   <element name="symbol0" layername="timeline_1" frame="1" z_index="6" m_a="1.000000" m_b="0.000000" m_c="0.000000" m_d="1.000000" m_tx="78.685799" m_ty="-15.271416"/>
   <element name="symbol0" layername="timeline_2" frame="2" z_index="5" m_a="0.614583" m_b="0.000000" m_c="0.000000" m_d="0.595238" m_tx="92.435791" m_ty="-2.021418"/>
   <element name="symbol0" layername="timeline_3" frame="3" z_index="6" m_a="1.000000" m_b="0.000000" m_c="0.000000" m_d="1.000000" m_tx="81.500000" m_ty="-110.500000"/>
   <element name="symbol0" layername="timeline_4" frame="5" z_index="5" m_a="1.000000" m_b="0.000000" m_c="0.000000" m_d="1.000000" m_tx="87.500000" m_ty="-14.000000"/>
   <element name="symbol0" layername="timeline_5" frame="1" z_index="6" m_a="1.000000" m_b="0.000000" m_c="0.000000" m_d="1.000000" m_tx="87.500000" m_ty="-96.500000"/>
   <element name="symbol0" layername="timeline_6" frame="6" z_index="5" m_a="1.000000" m_b="0.000000" m_c="0.000000" m_d="1.000000" m_tx="104.000000" m_ty="-15.500000"/>
  </frame>
  <frame idx="875" w="223" h="299" x="-10.500000" y="-110.500000">
   <element name="symbol0" layername="timeline_0" frame="0" z_index="7" m_a="1.000000" m_b="0.000000" m_c="0.000000" m_d="1.000000" m_tx="-10.500000" m_ty="2.000000"/>
   <element name="symbol0" layername="timeline_1" frame="1" z_index="6" m_a="1.000000" m_b="0.000000" m_c="0.000000" m_d="1.000000" m_tx="78.488167" m_ty="-15.142845"/>
   <element name="symbol0" layername="timeline_2" frame="2" z_index="5" m_a="0.614583" m_b="0.000000" m_c="0.000000" m_d="0.595238" m_tx="92.238159" m_ty="-1.892849"/>
   <element name="symbol0" layername="timeline_3" frame="3" z_index="6" m_a="1.000000" m_b="0.000000" m_c="0.000000" m_d="1.000000" m_tx="81.500000" m_ty="-110.500000"/>
   <element name="symbol0" layername="timeline_4" frame="5" z_index="5" m_a="1.000000" m_b="0.000000" m_c="0.000000" m_d="1.000000" m_tx="87.500000" m_ty="-14.000000"/>
   <element name="symbol0" layername="timeline_5" frame="1" z_index="6" m_a="1.000000" m_b="0.000000" m_c="0.000000" m_d="1.000000" m_tx="87.500000" m_ty="-96.500000"/>
   <element name="symbol0" layername="timeline_6" frame="6" z_index="5" m_a="1.000000" m_b="0.000000" m_c="0.000000" m_d="1.000000" m_tx="104.000000" m_ty="-15.500000"/>
  </frame>
  <frame idx="900" w="223" h="299" x="-10.500000" y="-110.500000">
   <element name="symbol0" layername="timeline_0" frame="0" z_index="7" m_a="1.000000" m_b="0.000000" m_c="0.000000" m_d="1.000000" m_tx="-10.500000" m_ty="2.000000"/>
   <element name="symbol0" layername="timeline_1" frame="1" z_index="6" m_a="1.000000" m_b="0.000000" m_c="0.000000" m_d="1.000000" m_tx="78.290535" m_ty="-15.014275"/>
   <element name="symbol0" layername="timeline_2" frame="2" z_index="5" m_a="0.614583" m_b="0.000000" m_c="0.000000" m_d="0.595238" m_tx="92.040527" m_ty="-1.764280"/>
   <element name="symbol0" layername="timeline_3" frame="3" z_index="6" m_a="1.000000" m_b="0.000000" m_c="0.000000" m_d="1.000000" m_tx="81.500000" m_ty="-110.500000"/>
   <element name="symbol0" layername="timeline_4" frame="5" z_index="5" m_a="1.000000" m_b="0.000000" m_c="0.000000" m_d="1.000000" m_tx="87.500000" m_ty="-14.000000"/>
   <element name="symbol0" layername="timeline_5" frame="1" z_index="6" m_a="1.000000" m_b="0.000000" m_c="0.000000" m_d="1.000000" m_tx="87.500000" m_ty="-96.500000"/>
   <element name="symbol0" layername="timeline_6" frame="6" z_index="5" m_a="1.000000" m_b="0.000000" m_c="0.000000" m_d="1.000000" m_tx="104.000000" m_ty="-15.500000"/>
  </frame>
  <frame idx="925" w="223" h="299" x="-10.500000" y="-110.500000">
   <element name="symbol0" layername="timeline_0" frame="0" z_index="7" m_a="1.000000" m_b="0.000000" m_c="0.000000" m_d="1.000000" m_tx="-10.500000" m_ty="2.000000"/>
   <element name="symbol0" layername="timeline_1" frame="1" z_index="6" m_a="1.000000" m_b="0.000000" m_c="0.000000" m_d="1.000000" m_tx="78.092896" m_ty="-14.885704"/>
   <element name="symbol0" layername="timeline_2" frame="2" z_index="5" m_a="0.614583" m_b="0.000000" m_c="0.000000" m_d="0.595238" m_tx="91.842896" m_ty="-1.635710"/>
   <element name="symbol0" layername="timeline_3" frame="3" z_index="6" m_a="1.000000" m_b="0.000000" m_c="0.000000" m_d="1.000000" m_tx="81.500000" m_ty="-110.500000"/>
   <element name="symbol0" layername="timeline_4" frame="5" z_index="5" m_a="1.000000" m_b="0.000000" m_c="0.000000" m_d="1.000000" m_tx="87.500000" m_ty="-14.000000"/>
   <element name="symbol0" layername="timeline_5" frame="1" z_index="6" m_a="1.000000" m_b="0.000000" m_c="0.000000" m_d="1.000000" m_tx="87.500000" m_ty="-96.500000"/>
   <element name="symbol0" layername="timeline_6" frame="6" z_index="5" m_a="1.000000" m_b="0.000000" m_c="0.000000" m_d="1.000000" m_tx="104.000000" m_ty="-15.500000"/>
  </frame>
  <frame idx="950" w="223" h="299" x="-10.500000" y="-110.500000">
   <element name="symbol0" layername="timeline_0" frame="0" z_index="7" m_a="1.000000" m_b="0.000000" m_c="0.000000" m_d="1.000000" m_tx="-10.500000" m_ty="2.000000"/>
   <element name="symbol0" layername="timeline_1" frame="1" z_index="6" m_a="1.000000" m_b="0.000000" m_c="0.000000" m_d="1.000000" m_tx="77.895264" m_ty="-14.757141"/>
   <element name="symbol0" layername="timeline_2" frame="2" z_index="5" m_a="0.614583" m_b="0.000000" m_c="0.000000" m_d="0.595238" m_tx="91.645256" m_ty="-1.507141"/>
   <element name="symbol0" layername="timeline_3" frame="3" z_index="6" m_a="1.000000" m_b="0.000000" m_c="0.000000" m_d="1.000000" m_tx="81.500000" m_ty="-110.500000"/>
   <element name="symbol0" layername="timeline_4" frame="5" z_index="5" m_a="1.000000" m_b="0.000000" m_c="0.000000" m_d="1.000000" m_tx="87.500000" m_ty="-14.000000"/>
   <element name="symbol0" layername="timeline_5" frame="1" z_index="6" m_a="1.000000" m_b="0.000000" m_c="0.000000" m_d="1.000000" m_tx="87.500000" m_ty="-96.500000"/>
   <element name="symbol0" layername="timeline_6" frame="6" z_index="5" m_a="1.000000" m_b="0.000000" m_c="0.000000" m_d="1.000000" m_tx="104.000000" m_ty="-15.500000"/>
  </frame>
  <frame idx="975" w="223" h="299" x="-10.500000" y="-110.500000">
   <element name="symbol0" layername="timeline_0" frame="0" z_index="7" m_a="1.000000" m_b="0.000000" m_c="0.000000" m_d="1.000000" m_tx="-10.500000" m_ty="2.000000"/>
   <element name="symbol0" layername="timeline_1" frame="1" z_index="6" m_a="1.000000" m_b="0.000000" m_c="0.000000" m_d="1.000000" m_tx="77.697632" m_ty="-14.628571"/>
   <element name="symbol0" layername="timeline_2" frame="2" z_index="5" m_a="0.614583" m_b="0.000000" m_c="0.000000" m_d="0.595238" m_tx="91.447624" m_ty="-1.378572"/>
   <element name="symbol0" layername="timeline_3" frame="3" z_index="6" m_a="1.000000" m_b="0.000000" m_c="0.000000" m_d="1.000000" m_tx="81.500000" m_ty="-110.500000"/>
   <element name="symbol0" layername="timeline_4" frame="5" z_index="5" m_a="1.000000" m_b="0.000000" m_c="0.000000" m_d="1.000000" m_tx="87.500000" m_ty="-14.000000"/>
   <element name="symbol0" layername="timeline_5" frame="1" z_index="6" m_a="1.000000" m_b="0.000000" m_c="0.000000" m_d="1.000000" m_tx="87.500000" m_ty="-96.500000"/>
   <element name="symbol0" layername="timeline_6" frame="6" z_index="5" m_a="1.000000" m_b="0.000000" m_c="0.000000" m_d="1.000000" m_tx="104.000000" m_ty="-15.500000"/>
  </frame>
 </anim>
</Anims>
