<Anims>
 <anim name="idle" root="golden_sunflower" numframes="1000" framerate="40">
  <frame idx="0" w="103" h="181" x="-4.049656" y="-56.499207">
   <element name="symbol0" layername="timeline_0" frame="0" z_index="1" m_a="1.000000" m_b="0.000000" m_c="0.000000" m_d="1.000000" m_tx="-4.049656" m_ty="-56.499207"/>
  </frame>
  <frame idx="25" w="103" h="181" x="-4.049656" y="-56.499207">
   <element name="symbol0" layername="timeline_0" frame="0" z_index="1" m_a="1.000000" m_b="0.000000" m_c="0.000000" m_d="1.000000" m_tx="-4.049656" m_ty="-56.499207"/>
  </frame>
  <frame idx="50" w="103" h="181" x="-4.049656" y="-56.499207"/>
  <frame idx="75" w="103" h="181" x="-4.049656" y="-56.499207"/>
  <frame idx="100" w="103" h="181" x="-4.049656" y="-56.499207"/>
  <frame idx="125" w="103" h="181" x="-4.049656" y="-56.499207"/>
  <frame idx="150" w="103" h="181" x="-4.049656" y="-56.499207"/>
  <frame idx="175" w="103" h="181" x="-4.049656" y="-56.499207"/>
  <frame idx="200" w="103" h="181" x="-4.049656" y="-56.499207"/>
  <frame idx="225" w="103" h="181" x="-4.049656" y="-56.499207"/>
  <frame idx="250" w="103" h="181" x="-4.049656" y="-56.499207"/>
  <frame idx="275" w="103" h="181" x="-4.049656" y="-56.499207"/>
  <frame idx="300" w="103" h="181" x="-4.049656" y="-56.499207"/>
  <frame idx="325" w="103" h="181" x="-4.049656" y="-56.499207"/>
  <frame idx="350" w="103" h="181" x="-4.049656" y="-56.499207"/>
  <frame idx="375" w="103" h="181" x="-4.049656" y="-56.499207"/>
  <frame idx="400" w="103" h="181" x="-4.049656" y="-56.499207"/>
  <frame idx="425" w="103" h="181" x="-4.049656" y="-56.499207"/>
  <frame idx="450" w="103" h="181" x="-4.049656" y="-56.499207"/>
  <frame idx="475" w="103" h="181" x="-4.049656" y="-56.499207"/>
  <frame idx="500" w="103" h="181" x="-4.049656" y="-56.499207"/>
  <frame idx="525" w="103" h="181" x="-4.049656" y="-56.499207"/>
  <frame idx="550" w="103" h="181" x="-4.049656" y="-56.499207"/>
  <frame idx="575" w="103" h="181" x="-4.049656" y="-56.499207"/>
  <frame idx="600" w="103" h="181" x="-4.049656" y="-56.499207"/>
  <frame idx="625" w="103" h="181" x="-4.049656" y="-56.499207"/>
  <frame idx="650" w="103" h="181" x="-4.049656" y="-56.499207"/>
  <frame idx="675" w="103" h="181" x="-4.049656" y="-56.499207"/>
  <frame idx="700" w="103" h="181" x="-4.049656" y="-56.499207"/>
  <frame idx="725" w="103" h="181" x="-4.049656" y="-56.499207"/>
  <frame idx="750" w="103" h="181" x="-4.049656" y="-56.499207"/>
  <frame idx="775" w="103" h="181" x="-4.049656" y="-56.499207"/>
  <frame idx="800" w="103" h="181" x="-4.049656" y="-56.499207"/>
  <frame idx="825" w="103" h="181" x="-4.049656" y="-56.499207"/>
  <frame idx="850" w="103" h="181" x="-4.049656" y="-56.499207"/>
  <frame idx="875" w="103" h="181" x="-4.049656" y="-56.499207"/>
  <frame idx="900" w="103" h="181" x="-4.049656" y="-56.499207"/>
  <frame idx="925" w="103" h="181" x="-4.049656" y="-56.499207"/>
  <frame idx="950" w="103" h="181" x="-4.049656" y="-56.499207"/>
  <frame idx="975" w="103" h="181" x="-4.049656" y="-56.499207"/>
 </anim>
</Anims>
