<Anims>
 <anim name="idle" root="ball_lightning" numframes="1000" framerate="40">
  <frame idx="0" w="104" h="230" x="0.871407" y="-123.811928">
   <element name="symbol0" layername="timeline_0" frame="0" z_index="6" m_a="1.000000" m_b="0.000000" m_c="0.000000" m_d="1.000000" m_tx="0.871407" m_ty="-21.376251"/>
   <element name="symbol0" layername="timeline_1" frame="1" z_index="5" m_a="1.000000" m_b="0.000000" m_c="0.000000" m_d="1.000000" m_tx="2.061226" m_ty="-29.411568"/>
   <element name="symbol0" layername="timeline_2" frame="2" z_index="4" m_a="1.000000" m_b="0.000000" m_c="0.000000" m_d="1.000000" m_tx="3.166668" m_ty="-123.250000"/>
   <element name="symbol0" layername="timeline_3" frame="3" z_index="3" m_a="1.000000" m_b="0.000000" m_c="0.000000" m_d="1.000000" m_tx="2.333332" m_ty="-119.083336"/>
   <element name="symbol0" layername="timeline_4" frame="3" z_index="4" m_a="1.000000" m_b="0.000000" m_c="0.000000" m_d="1.000000" m_tx="6.798164" m_ty="-122.894493"/>
   <element name="symbol0" layername="timeline_5" frame="2" z_index="3" m_a="1.000000" m_b="0.000000" m_c="0.000000" m_d="1.000000" m_tx="4.045872" m_ty="-123.811928"/>
  </frame>
  <frame idx="25" w="104" h="230" x="0.871407" y="-123.811928">
   <element name="symbol0" layername="timeline_0" frame="0" z_index="6" m_a="1.000000" m_b="0.000000" m_c="0.000000" m_d="1.000000" m_tx="0.871407" m_ty="-21.376251"/>
   <element name="symbol0" layername="timeline_1" frame="1" z_index="5" m_a="1.000000" m_b="0.000000" m_c="0.000000" m_d="1.000000" m_tx="2.061226" m_ty="-29.411568"/>
   <element name="symbol0" layername="timeline_2" frame="2" z_index="4" m_a="1.000000" m_b="0.000000" m_c="0.000000" m_d="1.000000" m_tx="3.166668" m_ty="-123.250000"/>
   <element name="symbol0" layername="timeline_3" frame="3" z_index="3" m_a="1.000000" m_b="0.000000" m_c="0.000000" m_d="1.000000" m_tx="2.333332" m_ty="-119.083336"/>
   <element name="symbol0" layername="timeline_4" frame="3" z_index="4" m_a="1.000000" m_b="0.000000" m_c="0.000000" m_d="1.000000" m_tx="6.798164" m_ty="-122.894493"/>
   <element name="symbol0" layername="timeline_5" frame="2" z_index="3" m_a="1.000000" m_b="0.000000" m_c="0.000000" m_d="1.000000" m_tx="4.045872" m_ty="-123.811928"/>
  </frame>
  <frame idx="50" w="104" h="230" x="0.871407" y="-123.811928">
   <element name="symbol0" layername="timeline_0" frame="0" z_index="6" m_a="1.000000" m_b="0.000000" m_c="0.000000" m_d="1.000000" m_tx="0.871407" m_ty="-21.376251"/>
   <element name="symbol0" layername="timeline_1" frame="1" z_index="5" m_a="1.000000" m_b="0.000000" m_c="0.000000" m_d="1.000000" m_tx="2.061226" m_ty="-29.411568"/>
   <element name="symbol0" layername="timeline_2" frame="2" z_index="4" m_a="1.000000" m_b="0.000000" m_c="0.000000" m_d="1.000000" m_tx="3.166668" m_ty="-123.250000"/>
   <element name="symbol0" layername="timeline_3" frame="3" z_index="3" m_a="1.000000" m_b="0.000000" m_c="0.000000" m_d="1.000000" m_tx="2.333332" m_ty="-119.083336"/>
   <element name="symbol0" layername="timeline_4" frame="3" z_index="4" m_a="1.000000" m_b="0.000000" m_c="0.000000" m_d="1.000000" m_tx="6.798164" m_ty="-122.894493"/>
   <element name="symbol0" layername="timeline_5" frame="2" z_index="3" m_a="1.000000" m_b="0.000000" m_c="0.000000" m_d="1.000000" m_tx="4.045872" m_ty="-123.811928"/>
  </frame>
  <frame idx="75" w="104" h="230" x="0.871407" y="-123.811928">
   <element name="symbol0" layername="timeline_0" frame="0" z_index="6" m_a="1.000000" m_b="0.000000" m_c="0.000000" m_d="1.000000" m_tx="0.871407" m_ty="-21.376251"/>
   <element name="symbol0" layername="timeline_1" frame="1" z_index="5" m_a="1.000000" m_b="0.000000" m_c="0.000000" m_d="1.000000" m_tx="2.061226" m_ty="-29.411568"/>
   <element name="symbol0" layername="timeline_2" frame="2" z_index="4" m_a="1.000000" m_b="0.000000" m_c="0.000000" m_d="1.000000" m_tx="3.166668" m_ty="-123.250000"/>
   <element name="symbol0" layername="timeline_3" frame="3" z_index="3" m_a="1.000000" m_b="0.000000" m_c="0.000000" m_d="1.000000" m_tx="2.333332" m_ty="-119.083336"/>
   <element name="symbol0" layername="timeline_4" frame="3" z_index="4" m_a="1.000000" m_b="0.000000" m_c="0.000000" m_d="1.000000" m_tx="6.798164" m_ty="-122.894493"/>
   <element name="symbol0" layername="timeline_5" frame="2" z_index="3" m_a="1.000000" m_b="0.000000" m_c="0.000000" m_d="1.000000" m_tx="4.045872" m_ty="-123.811928"/>
  </frame>
  <frame idx="100" w="104" h="230" x="0.871407" y="-123.811928">
   <element name="symbol0" layername="timeline_0" frame="0" z_index="6" m_a="1.000000" m_b="0.000000" m_c="0.000000" m_d="1.000000" m_tx="0.871407" m_ty="-21.376251"/>
   <element name="symbol0" layername="timeline_1" frame="1" z_index="5" m_a="1.000000" m_b="0.000000" m_c="0.000000" m_d="1.000000" m_tx="2.061226" m_ty="-29.411568"/>
   <element name="symbol0" layername="timeline_2" frame="2" z_index="4" m_a="1.000000" m_b="0.000000" m_c="0.000000" m_d="1.000000" m_tx="3.166668" m_ty="-123.250000"/>
   <element name="symbol0" layername="timeline_3" frame="3" z_index="3" m_a="1.000000" m_b="0.000000" m_c="0.000000" m_d="1.000000" m_tx="2.333332" m_ty="-119.083336"/>
   <element name="symbol0" layername="timeline_4" frame="3" z_index="4" m_a="1.000000" m_b="0.000000" m_c="0.000000" m_d="1.000000" m_tx="6.798164" m_ty="-122.894493"/>
   <element name="symbol0" layername="timeline_5" frame="2" z_index="3" m_a="1.000000" m_b="0.000000" m_c="0.000000" m_d="1.000000" m_tx="4.045872" m_ty="-123.811928"/>
  </frame>
  <frame idx="125" w="104" h="230" x="0.871407" y="-123.811928">
   <element name="symbol0" layername="timeline_0" frame="0" z_index="6" m_a="1.000000" m_b="0.000000" m_c="0.000000" m_d="1.000000" m_tx="0.871407" m_ty="-21.376251"/>
   <element name="symbol0" layername="timeline_1" frame="1" z_index="5" m_a="1.000000" m_b="0.000000" m_c="0.000000" m_d="1.000000" m_tx="2.061226" m_ty="-29.411568"/>
   <element name="symbol0" layername="timeline_2" frame="2" z_index="4" m_a="1.000000" m_b="0.000000" m_c="0.000000" m_d="1.000000" m_tx="3.166668" m_ty="-123.250000"/>
   <element name="symbol0" layername="timeline_3" frame="3" z_index="3" m_a="1.000000" m_b="0.000000" m_c="0.000000" m_d="1.000000" m_tx="2.333332" m_ty="-119.083336"/>
   <element name="symbol0" layername="timeline_4" frame="3" z_index="4" m_a="1.000000" m_b="0.000000" m_c="0.000000" m_d="1.000000" m_tx="6.798164" m_ty="-122.894493"/>
   <element name="symbol0" layername="timeline_5" frame="2" z_index="3" m_a="1.000000" m_b="0.000000" m_c="0.000000" m_d="1.000000" m_tx="4.045872" m_ty="-123.811928"/>
  </frame>
  <frame idx="150" w="104" h="230" x="0.871407" y="-123.811928">
   <element name="symbol0" layername="timeline_0" frame="0" z_index="6" m_a="1.000000" m_b="0.000000" m_c="0.000000" m_d="1.000000" m_tx="0.871407" m_ty="-21.376251"/>
   <element name="symbol0" layername="timeline_1" frame="1" z_index="5" m_a="1.000000" m_b="0.000000" m_c="0.000000" m_d="1.000000" m_tx="2.061226" m_ty="-29.411568"/>
   <element name="symbol0" layername="timeline_2" frame="2" z_index="4" m_a="1.000000" m_b="0.000000" m_c="0.000000" m_d="1.000000" m_tx="3.166668" m_ty="-123.250000"/>
   <element name="symbol0" layername="timeline_3" frame="3" z_index="3" m_a="1.000000" m_b="0.000000" m_c="0.000000" m_d="1.000000" m_tx="2.333332" m_ty="-119.083336"/>
   <element name="symbol0" layername="timeline_4" frame="3" z_index="4" m_a="1.000000" m_b="0.000000" m_c="0.000000" m_d="1.000000" m_tx="6.798164" m_ty="-122.894493"/>
   <element name="symbol0" layername="timeline_5" frame="2" z_index="3" m_a="1.000000" m_b="0.000000" m_c="0.000000" m_d="1.000000" m_tx="4.045872" m_ty="-123.811928"/>
  </frame>
  <frame idx="175" w="104" h="230" x="0.871407" y="-123.811928">
   <element name="symbol0" layername="timeline_0" frame="0" z_index="6" m_a="1.000000" m_b="0.000000" m_c="0.000000" m_d="1.000000" m_tx="0.871407" m_ty="-21.376251"/>
   <element name="symbol0" layername="timeline_1" frame="1" z_index="5" m_a="1.000000" m_b="0.000000" m_c="0.000000" m_d="1.000000" m_tx="2.061226" m_ty="-29.411568"/>
   <element name="symbol0" layername="timeline_2" frame="2" z_index="4" m_a="1.000000" m_b="0.000000" m_c="0.000000" m_d="1.000000" m_tx="3.166668" m_ty="-123.250000"/>
   <element name="symbol0" layername="timeline_3" frame="3" z_index="3" m_a="1.000000" m_b="0.000000" m_c="0.000000" m_d="1.000000" m_tx="2.333332" m_ty="-119.083336"/>
   <element name="symbol0" layername="timeline_4" frame="3" z_index="4" m_a="1.000000" m_b="0.000000" m_c="0.000000" m_d="1.000000" m_tx="6.798164" m_ty="-122.894493"/>
   <element name="symbol0" layername="timeline_5" frame="2" z_index="3" m_a="1.000000" m_b="0.000000" m_c="0.000000" m_d="1.000000" m_tx="4.045872" m_ty="-123.811928"/>
  </frame>
  <frame idx="200" w="104" h="230" x="0.871407" y="-123.811928">
   <element name="symbol0" layername="timeline_0" frame="0" z_index="6" m_a="1.000000" m_b="0.000000" m_c="0.000000" m_d="1.000000" m_tx="0.871407" m_ty="-21.376251"/>
   <element name="symbol0" layername="timeline_1" frame="1" z_index="5" m_a="1.000000" m_b="0.000000" m_c="0.000000" m_d="1.000000" m_tx="2.061226" m_ty="-29.411568"/>
   <element name="symbol0" layername="timeline_2" frame="2" z_index="4" m_a="1.000000" m_b="0.000000" m_c="0.000000" m_d="1.000000" m_tx="3.166668" m_ty="-123.250000"/>
   <element name="symbol0" layername="timeline_3" frame="3" z_index="3" m_a="1.000000" m_b="0.000000" m_c="0.000000" m_d="1.000000" m_tx="2.333332" m_ty="-119.083336"/>
   <element name="symbol0" layername="timeline_4" frame="3" z_index="4" m_a="1.000000" m_b="0.000000" m_c="0.000000" m_d="1.000000" m_tx="6.798164" m_ty="-122.894493"/>
   <element name="symbol0" layername="timeline_5" frame="2" z_index="3" m_a="1.000000" m_b="0.000000" m_c="0.000000" m_d="1.000000" m_tx="4.045872" m_ty="-123.811928"/>
  </frame>
  <frame idx="225" w="104" h="230" x="0.871407" y="-123.811928">
   <element name="symbol0" layername="timeline_0" frame="0" z_index="6" m_a="1.000000" m_b="0.000000" m_c="0.000000" m_d="1.000000" m_tx="0.871407" m_ty="-21.376251"/>
   <element name="symbol0" layername="timeline_1" frame="1" z_index="5" m_a="1.000000" m_b="0.000000" m_c="0.000000" m_d="1.000000" m_tx="2.061226" m_ty="-29.411568"/>
   <element name="symbol0" layername="timeline_2" frame="2" z_index="4" m_a="1.000000" m_b="0.000000" m_c="0.000000" m_d="1.000000" m_tx="3.166668" m_ty="-123.250000"/>
   <element name="symbol0" layername="timeline_3" frame="3" z_index="3" m_a="1.000000" m_b="0.000000" m_c="0.000000" m_d="1.000000" m_tx="2.333332" m_ty="-119.083336"/>
   <element name="symbol0" layername="timeline_4" frame="3" z_index="4" m_a="1.000000" m_b="0.000000" m_c="0.000000" m_d="1.000000" m_tx="6.798164" m_ty="-122.894493"/>
   <element name="symbol0" layername="timeline_5" frame="2" z_index="3" m_a="1.000000" m_b="0.000000" m_c="0.000000" m_d="1.000000" m_tx="4.045872" m_ty="-123.811928"/>
  </frame>
  <frame idx="250" w="104" h="230" x="0.871407" y="-123.811928">
   <element name="symbol0" layername="timeline_0" frame="0" z_index="6" m_a="1.000000" m_b="0.000000" m_c="0.000000" m_d="1.000000" m_tx="0.871407" m_ty="-21.376251"/>
   <element name="symbol0" layername="timeline_1" frame="1" z_index="5" m_a="1.000000" m_b="0.000000" m_c="0.000000" m_d="1.000000" m_tx="2.061226" m_ty="-29.411568"/>
   <element name="symbol0" layername="timeline_2" frame="2" z_index="4" m_a="1.000000" m_b="0.000000" m_c="0.000000" m_d="1.000000" m_tx="3.166668" m_ty="-123.250000"/>
   <element name="symbol0" layername="timeline_3" frame="3" z_index="3" m_a="1.000000" m_b="0.000000" m_c="0.000000" m_d="1.000000" m_tx="2.333332" m_ty="-119.083336"/>
   <element name="symbol0" layername="timeline_4" frame="3" z_index="4" m_a="1.000000" m_b="0.000000" m_c="0.000000" m_d="1.000000" m_tx="6.798164" m_ty="-122.894493"/>
   <element name="symbol0" layername="timeline_5" frame="2" z_index="3" m_a="1.000000" m_b="0.000000" m_c="0.000000" m_d="1.000000" m_tx="4.045872" m_ty="-123.811928"/>
  </frame>
  <frame idx="275" w="104" h="230" x="0.871407" y="-123.811928">
   <element name="symbol0" layername="timeline_0" frame="0" z_index="6" m_a="1.000000" m_b="0.000000" m_c="0.000000" m_d="1.000000" m_tx="0.871407" m_ty="-21.376251"/>
   <element name="symbol0" layername="timeline_1" frame="1" z_index="5" m_a="1.000000" m_b="0.000000" m_c="0.000000" m_d="1.000000" m_tx="2.061226" m_ty="-29.411568"/>
   <element name="symbol0" layername="timeline_2" frame="2" z_index="4" m_a="1.000000" m_b="0.000000" m_c="0.000000" m_d="1.000000" m_tx="3.166668" m_ty="-123.250000"/>
   <element name="symbol0" layername="timeline_3" frame="3" z_index="3" m_a="1.000000" m_b="0.000000" m_c="0.000000" m_d="1.000000" m_tx="2.333332" m_ty="-119.083336"/>
   <element name="symbol0" layername="timeline_4" frame="3" z_index="4" m_a="1.000000" m_b="0.000000" m_c="0.000000" m_d="1.000000" m_tx="6.798164" m_ty="-122.894493"/>
   <element name="symbol0" layername="timeline_5" frame="2" z_index="3" m_a="1.000000" m_b="0.000000" m_c="0.000000" m_d="1.000000" m_tx="4.045872" m_ty="-123.811928"/>
  </frame>
  <frame idx="300" w="104" h="230" x="0.871407" y="-123.811928">
   <element name="symbol0" layername="timeline_0" frame="0" z_index="6" m_a="1.000000" m_b="0.000000" m_c="0.000000" m_d="1.000000" m_tx="0.871407" m_ty="-21.376251"/>
   <element name="symbol0" layername="timeline_1" frame="1" z_index="5" m_a="1.000000" m_b="0.000000" m_c="0.000000" m_d="1.000000" m_tx="2.061226" m_ty="-29.411568"/>
   <element name="symbol0" layername="timeline_2" frame="2" z_index="4" m_a="1.000000" m_b="0.000000" m_c="0.000000" m_d="1.000000" m_tx="3.166668" m_ty="-123.250000"/>
   <element name="symbol0" layername="timeline_3" frame="3" z_index="3" m_a="1.000000" m_b="0.000000" m_c="0.000000" m_d="1.000000" m_tx="2.333332" m_ty="-119.083336"/>
   <element name="symbol0" layername="timeline_4" frame="3" z_index="4" m_a="1.000000" m_b="0.000000" m_c="0.000000" m_d="1.000000" m_tx="6.798164" m_ty="-122.894493"/>
   <element name="symbol0" layername="timeline_5" frame="2" z_index="3" m_a="1.000000" m_b="0.000000" m_c="0.000000" m_d="1.000000" m_tx="4.045872" m_ty="-123.811928"/>
  </frame>
  <frame idx="325" w="104" h="230" x="0.871407" y="-123.811928">
   <element name="symbol0" layername="timeline_0" frame="0" z_index="6" m_a="1.000000" m_b="0.000000" m_c="0.000000" m_d="1.000000" m_tx="0.871407" m_ty="-21.376251"/>
   <element name="symbol0" layername="timeline_1" frame="1" z_index="5" m_a="1.000000" m_b="0.000000" m_c="0.000000" m_d="1.000000" m_tx="2.061226" m_ty="-29.411568"/>
   <element name="symbol0" layername="timeline_2" frame="2" z_index="4" m_a="1.000000" m_b="0.000000" m_c="0.000000" m_d="1.000000" m_tx="3.166668" m_ty="-123.250000"/>
   <element name="symbol0" layername="timeline_3" frame="3" z_index="3" m_a="1.000000" m_b="0.000000" m_c="0.000000" m_d="1.000000" m_tx="2.333332" m_ty="-119.083336"/>
   <element name="symbol0" layername="timeline_4" frame="3" z_index="4" m_a="1.000000" m_b="0.000000" m_c="0.000000" m_d="1.000000" m_tx="6.798164" m_ty="-122.894493"/>
   <element name="symbol0" layername="timeline_5" frame="2" z_index="3" m_a="1.000000" m_b="0.000000" m_c="0.000000" m_d="1.000000" m_tx="4.045872" m_ty="-123.811928"/>
  </frame>
  <frame idx="350" w="104" h="230" x="0.871407" y="-123.811928">
   <element name="symbol0" layername="timeline_0" frame="0" z_index="6" m_a="1.000000" m_b="0.000000" m_c="0.000000" m_d="1.000000" m_tx="0.871407" m_ty="-21.376251"/>
   <element name="symbol0" layername="timeline_1" frame="1" z_index="5" m_a="1.000000" m_b="0.000000" m_c="0.000000" m_d="1.000000" m_tx="2.061226" m_ty="-29.411568"/>
   <element name="symbol0" layername="timeline_2" frame="2" z_index="4" m_a="1.000000" m_b="0.000000" m_c="0.000000" m_d="1.000000" m_tx="3.166668" m_ty="-123.250000"/>
   <element name="symbol0" layername="timeline_3" frame="3" z_index="3" m_a="1.000000" m_b="0.000000" m_c="0.000000" m_d="1.000000" m_tx="2.333332" m_ty="-119.083336"/>
   <element name="symbol0" layername="timeline_4" frame="3" z_index="4" m_a="1.000000" m_b="0.000000" m_c="0.000000" m_d="1.000000" m_tx="6.798164" m_ty="-122.894493"/>
   <element name="symbol0" layername="timeline_5" frame="2" z_index="3" m_a="1.000000" m_b="0.000000" m_c="0.000000" m_d="1.000000" m_tx="4.045872" m_ty="-123.811928"/>
  </frame>
  <frame idx="375" w="104" h="230" x="0.871407" y="-123.811928">
   <element name="symbol0" layername="timeline_0" frame="0" z_index="6" m_a="1.000000" m_b="0.000000" m_c="0.000000" m_d="1.000000" m_tx="0.871407" m_ty="-21.376251"/>
   <element name="symbol0" layername="timeline_1" frame="1" z_index="5" m_a="1.000000" m_b="0.000000" m_c="0.000000" m_d="1.000000" m_tx="2.061226" m_ty="-29.411568"/>
   <element name="symbol0" layername="timeline_2" frame="2" z_index="4" m_a="1.000000" m_b="0.000000" m_c="0.000000" m_d="1.000000" m_tx="3.166668" m_ty="-123.250000"/>
   <element name="symbol0" layername="timeline_3" frame="3" z_index="3" m_a="1.000000" m_b="0.000000" m_c="0.000000" m_d="1.000000" m_tx="2.333332" m_ty="-119.083336"/>
   <element name="symbol0" layername="timeline_4" frame="3" z_index="4" m_a="1.000000" m_b="0.000000" m_c="0.000000" m_d="1.000000" m_tx="6.798164" m_ty="-122.894493"/>
   <element name="symbol0" layername="timeline_5" frame="2" z_index="3" m_a="1.000000" m_b="0.000000" m_c="0.000000" m_d="1.000000" m_tx="4.045872" m_ty="-123.811928"/>
  </frame>
  <frame idx="400" w="104" h="230" x="0.871407" y="-123.811928">
   <element name="symbol0" layername="timeline_0" frame="0" z_index="6" m_a="1.000000" m_b="0.000000" m_c="0.000000" m_d="1.000000" m_tx="0.871407" m_ty="-21.376251"/>
   <element name="symbol0" layername="timeline_1" frame="1" z_index="5" m_a="1.000000" m_b="0.000000" m_c="0.000000" m_d="1.000000" m_tx="2.061226" m_ty="-29.411568"/>
   <element name="symbol0" layername="timeline_2" frame="2" z_index="4" m_a="1.000000" m_b="0.000000" m_c="0.000000" m_d="1.000000" m_tx="3.166668" m_ty="-123.250000"/>
   <element name="symbol0" layername="timeline_3" frame="3" z_index="3" m_a="1.000000" m_b="0.000000" m_c="0.000000" m_d="1.000000" m_tx="2.333332" m_ty="-119.083336"/>
   <element name="symbol0" layername="timeline_4" frame="3" z_index="4" m_a="1.000000" m_b="0.000000" m_c="0.000000" m_d="1.000000" m_tx="6.798164" m_ty="-122.894493"/>
   <element name="symbol0" layername="timeline_5" frame="2" z_index="3" m_a="1.000000" m_b="0.000000" m_c="0.000000" m_d="1.000000" m_tx="4.045872" m_ty="-123.811928"/>
  </frame>
  <frame idx="425" w="104" h="230" x="0.871407" y="-123.811928">
   <element name="symbol0" layername="timeline_0" frame="0" z_index="6" m_a="1.000000" m_b="0.000000" m_c="0.000000" m_d="1.000000" m_tx="0.871407" m_ty="-21.376251"/>
   <element name="symbol0" layername="timeline_1" frame="1" z_index="5" m_a="1.000000" m_b="0.000000" m_c="0.000000" m_d="1.000000" m_tx="2.061226" m_ty="-29.411568"/>
   <element name="symbol0" layername="timeline_2" frame="2" z_index="4" m_a="1.000000" m_b="0.000000" m_c="0.000000" m_d="1.000000" m_tx="3.166668" m_ty="-123.250000"/>
   <element name="symbol0" layername="timeline_3" frame="3" z_index="3" m_a="1.000000" m_b="0.000000" m_c="0.000000" m_d="1.000000" m_tx="2.333332" m_ty="-119.083336"/>
   <element name="symbol0" layername="timeline_4" frame="3" z_index="4" m_a="1.000000" m_b="0.000000" m_c="0.000000" m_d="1.000000" m_tx="6.798164" m_ty="-122.894493"/>
   <element name="symbol0" layername="timeline_5" frame="2" z_index="3" m_a="1.000000" m_b="0.000000" m_c="0.000000" m_d="1.000000" m_tx="4.045872" m_ty="-123.811928"/>
  </frame>
  <frame idx="450" w="104" h="230" x="0.871407" y="-123.811928">
   <element name="symbol0" layername="timeline_0" frame="0" z_index="6" m_a="1.000000" m_b="0.000000" m_c="0.000000" m_d="1.000000" m_tx="0.871407" m_ty="-21.376251"/>
   <element name="symbol0" layername="timeline_1" frame="1" z_index="5" m_a="1.000000" m_b="0.000000" m_c="0.000000" m_d="1.000000" m_tx="2.061226" m_ty="-29.411568"/>
   <element name="symbol0" layername="timeline_2" frame="2" z_index="4" m_a="1.000000" m_b="0.000000" m_c="0.000000" m_d="1.000000" m_tx="3.166668" m_ty="-123.250000"/>
   <element name="symbol0" layername="timeline_3" frame="3" z_index="3" m_a="1.000000" m_b="0.000000" m_c="0.000000" m_d="1.000000" m_tx="2.333332" m_ty="-119.083336"/>
   <element name="symbol0" layername="timeline_4" frame="3" z_index="4" m_a="1.000000" m_b="0.000000" m_c="0.000000" m_d="1.000000" m_tx="6.798164" m_ty="-122.894493"/>
   <element name="symbol0" layername="timeline_5" frame="2" z_index="3" m_a="1.000000" m_b="0.000000" m_c="0.000000" m_d="1.000000" m_tx="4.045872" m_ty="-123.811928"/>
  </frame>
  <frame idx="475" w="104" h="230" x="0.871407" y="-123.811928">
   <element name="symbol0" layername="timeline_0" frame="0" z_index="6" m_a="1.000000" m_b="0.000000" m_c="0.000000" m_d="1.000000" m_tx="0.871407" m_ty="-21.376251"/>
   <element name="symbol0" layername="timeline_1" frame="1" z_index="5" m_a="1.000000" m_b="0.000000" m_c="0.000000" m_d="1.000000" m_tx="2.061226" m_ty="-29.411568"/>
   <element name="symbol0" layername="timeline_2" frame="2" z_index="4" m_a="1.000000" m_b="0.000000" m_c="0.000000" m_d="1.000000" m_tx="3.166668" m_ty="-123.250000"/>
   <element name="symbol0" layername="timeline_3" frame="3" z_index="3" m_a="1.000000" m_b="0.000000" m_c="0.000000" m_d="1.000000" m_tx="2.333332" m_ty="-119.083336"/>
   <element name="symbol0" layername="timeline_4" frame="3" z_index="4" m_a="1.000000" m_b="0.000000" m_c="0.000000" m_d="1.000000" m_tx="6.798164" m_ty="-122.894493"/>
   <element name="symbol0" layername="timeline_5" frame="2" z_index="3" m_a="1.000000" m_b="0.000000" m_c="0.000000" m_d="1.000000" m_tx="4.045872" m_ty="-123.811928"/>
  </frame>
  <frame idx="500" w="104" h="230" x="0.871407" y="-123.811928">
   <element name="symbol0" layername="timeline_0" frame="0" z_index="6" m_a="1.000000" m_b="0.000000" m_c="0.000000" m_d="1.000000" m_tx="0.871407" m_ty="-21.376251"/>
   <element name="symbol0" layername="timeline_1" frame="1" z_index="5" m_a="1.000000" m_b="0.000000" m_c="0.000000" m_d="1.000000" m_tx="2.061226" m_ty="-29.411568"/>
   <element name="symbol0" layername="timeline_2" frame="2" z_index="4" m_a="1.000000" m_b="0.000000" m_c="0.000000" m_d="1.000000" m_tx="3.166668" m_ty="-123.250000"/>
   <element name="symbol0" layername="timeline_3" frame="3" z_index="3" m_a="1.000000" m_b="0.000000" m_c="0.000000" m_d="1.000000" m_tx="2.333332" m_ty="-119.083336"/>
   <element name="symbol0" layername="timeline_4" frame="3" z_index="4" m_a="1.000000" m_b="0.000000" m_c="0.000000" m_d="1.000000" m_tx="6.798164" m_ty="-122.894493"/>
   <element name="symbol0" layername="timeline_5" frame="2" z_index="3" m_a="1.000000" m_b="0.000000" m_c="0.000000" m_d="1.000000" m_tx="4.045872" m_ty="-123.811928"/>
  </frame>
  <frame idx="525" w="104" h="230" x="0.871407" y="-123.811928">
   <element name="symbol0" layername="timeline_0" frame="0" z_index="6" m_a="1.000000" m_b="0.000000" m_c="0.000000" m_d="1.000000" m_tx="0.871407" m_ty="-21.376251"/>
   <element name="symbol0" layername="timeline_1" frame="1" z_index="5" m_a="1.000000" m_b="0.000000" m_c="0.000000" m_d="1.000000" m_tx="2.061226" m_ty="-29.411568"/>
   <element name="symbol0" layername="timeline_2" frame="2" z_index="4" m_a="1.000000" m_b="0.000000" m_c="0.000000" m_d="1.000000" m_tx="3.166668" m_ty="-123.250000"/>
   <element name="symbol0" layername="timeline_3" frame="3" z_index="3" m_a="1.000000" m_b="0.000000" m_c="0.000000" m_d="1.000000" m_tx="2.333332" m_ty="-119.083336"/>
   <element name="symbol0" layername="timeline_4" frame="3" z_index="4" m_a="1.000000" m_b="0.000000" m_c="0.000000" m_d="1.000000" m_tx="6.798164" m_ty="-122.894493"/>
   <element name="symbol0" layername="timeline_5" frame="2" z_index="3" m_a="1.000000" m_b="0.000000" m_c="0.000000" m_d="1.000000" m_tx="4.045872" m_ty="-123.811928"/>
  </frame>
  <frame idx="550" w="104" h="230" x="0.871407" y="-123.811928">
   <element name="symbol0" layername="timeline_0" frame="0" z_index="6" m_a="1.000000" m_b="0.000000" m_c="0.000000" m_d="1.000000" m_tx="0.871407" m_ty="-21.376251"/>
   <element name="symbol0" layername="timeline_1" frame="1" z_index="5" m_a="1.000000" m_b="0.000000" m_c="0.000000" m_d="1.000000" m_tx="2.061226" m_ty="-29.411568"/>
   <element name="symbol0" layername="timeline_2" frame="2" z_index="4" m_a="1.000000" m_b="0.000000" m_c="0.000000" m_d="1.000000" m_tx="3.166668" m_ty="-123.250000"/>
   <element name="symbol0" layername="timeline_3" frame="3" z_index="3" m_a="1.000000" m_b="0.000000" m_c="0.000000" m_d="1.000000" m_tx="2.333332" m_ty="-119.083336"/>
   <element name="symbol0" layername="timeline_4" frame="3" z_index="4" m_a="1.000000" m_b="0.000000" m_c="0.000000" m_d="1.000000" m_tx="6.798164" m_ty="-122.894493"/>
   <element name="symbol0" layername="timeline_5" frame="2" z_index="3" m_a="1.000000" m_b="0.000000" m_c="0.000000" m_d="1.000000" m_tx="4.045872" m_ty="-123.811928"/>
  </frame>
  <frame idx="575" w="104" h="230" x="0.871407" y="-123.811928">
   <element name="symbol0" layername="timeline_0" frame="0" z_index="6" m_a="1.000000" m_b="0.000000" m_c="0.000000" m_d="1.000000" m_tx="0.871407" m_ty="-21.376251"/>
   <element name="symbol0" layername="timeline_1" frame="1" z_index="5" m_a="1.000000" m_b="0.000000" m_c="0.000000" m_d="1.000000" m_tx="2.061226" m_ty="-29.411568"/>
   <element name="symbol0" layername="timeline_2" frame="2" z_index="4" m_a="1.000000" m_b="0.000000" m_c="0.000000" m_d="1.000000" m_tx="3.166668" m_ty="-123.250000"/>
   <element name="symbol0" layername="timeline_3" frame="3" z_index="3" m_a="1.000000" m_b="0.000000" m_c="0.000000" m_d="1.000000" m_tx="2.333332" m_ty="-119.083336"/>
   <element name="symbol0" layername="timeline_4" frame="3" z_index="4" m_a="1.000000" m_b="0.000000" m_c="0.000000" m_d="1.000000" m_tx="6.798164" m_ty="-122.894493"/>
   <element name="symbol0" layername="timeline_5" frame="2" z_index="3" m_a="1.000000" m_b="0.000000" m_c="0.000000" m_d="1.000000" m_tx="4.045872" m_ty="-123.811928"/>
  </frame>
  <frame idx="600" w="104" h="230" x="0.871407" y="-123.811928">
   <element name="symbol0" layername="timeline_0" frame="0" z_index="6" m_a="1.000000" m_b="0.000000" m_c="0.000000" m_d="1.000000" m_tx="0.871407" m_ty="-21.376251"/>
   <element name="symbol0" layername="timeline_1" frame="1" z_index="5" m_a="1.000000" m_b="0.000000" m_c="0.000000" m_d="1.000000" m_tx="2.061226" m_ty="-29.411568"/>
   <element name="symbol0" layername="timeline_2" frame="2" z_index="4" m_a="1.000000" m_b="0.000000" m_c="0.000000" m_d="1.000000" m_tx="3.166668" m_ty="-123.250000"/>
   <element name="symbol0" layername="timeline_3" frame="3" z_index="3" m_a="1.000000" m_b="0.000000" m_c="0.000000" m_d="1.000000" m_tx="2.333332" m_ty="-119.083336"/>
   <element name="symbol0" layername="timeline_4" frame="3" z_index="4" m_a="1.000000" m_b="0.000000" m_c="0.000000" m_d="1.000000" m_tx="6.798164" m_ty="-122.894493"/>
   <element name="symbol0" layername="timeline_5" frame="2" z_index="3" m_a="1.000000" m_b="0.000000" m_c="0.000000" m_d="1.000000" m_tx="4.045872" m_ty="-123.811928"/>
  </frame>
  <frame idx="625" w="104" h="230" x="0.871407" y="-123.811928">
   <element name="symbol0" layername="timeline_0" frame="0" z_index="6" m_a="1.000000" m_b="0.000000" m_c="0.000000" m_d="1.000000" m_tx="0.871407" m_ty="-21.376251"/>
   <element name="symbol0" layername="timeline_1" frame="1" z_index="5" m_a="1.000000" m_b="0.000000" m_c="0.000000" m_d="1.000000" m_tx="2.061226" m_ty="-29.411568"/>
   <element name="symbol0" layername="timeline_2" frame="2" z_index="4" m_a="1.000000" m_b="0.000000" m_c="0.000000" m_d="1.000000" m_tx="3.166668" m_ty="-123.250000"/>
   <element name="symbol0" layername="timeline_3" frame="3" z_index="3" m_a="1.000000" m_b="0.000000" m_c="0.000000" m_d="1.000000" m_tx="2.333332" m_ty="-119.083336"/>
   <element name="symbol0" layername="timeline_4" frame="3" z_index="4" m_a="1.000000" m_b="0.000000" m_c="0.000000" m_d="1.000000" m_tx="6.798164" m_ty="-122.894493"/>
   <element name="symbol0" layername="timeline_5" frame="2" z_index="3" m_a="1.000000" m_b="0.000000" m_c="0.000000" m_d="1.000000" m_tx="4.045872" m_ty="-123.811928"/>
  </frame>
  <frame idx="650" w="104" h="230" x="0.871407" y="-123.811928">
   <element name="symbol0" layername="timeline_0" frame="0" z_index="6" m_a="1.000000" m_b="0.000000" m_c="0.000000" m_d="1.000000" m_tx="0.871407" m_ty="-21.376251"/>
   <element name="symbol0" layername="timeline_1" frame="1" z_index="5" m_a="1.000000" m_b="0.000000" m_c="0.000000" m_d="1.000000" m_tx="2.061226" m_ty="-29.411568"/>
   <element name="symbol0" layername="timeline_2" frame="2" z_index="4" m_a="1.000000" m_b="0.000000" m_c="0.000000" m_d="1.000000" m_tx="3.166668" m_ty="-123.250000"/>
   <element name="symbol0" layername="timeline_3" frame="3" z_index="3" m_a="1.000000" m_b="0.000000" m_c="0.000000" m_d="1.000000" m_tx="2.333332" m_ty="-119.083336"/>
   <element name="symbol0" layername="timeline_4" frame="3" z_index="4" m_a="1.000000" m_b="0.000000" m_c="0.000000" m_d="1.000000" m_tx="6.798164" m_ty="-122.894493"/>
   <element name="symbol0" layername="timeline_5" frame="2" z_index="3" m_a="1.000000" m_b="0.000000" m_c="0.000000" m_d="1.000000" m_tx="4.045872" m_ty="-123.811928"/>
  </frame>
  <frame idx="675" w="104" h="230" x="0.871407" y="-123.811928">
   <element name="symbol0" layername="timeline_0" frame="0" z_index="6" m_a="1.000000" m_b="0.000000" m_c="0.000000" m_d="1.000000" m_tx="0.871407" m_ty="-21.376251"/>
   <element name="symbol0" layername="timeline_1" frame="1" z_index="5" m_a="1.000000" m_b="0.000000" m_c="0.000000" m_d="1.000000" m_tx="2.061226" m_ty="-29.411568"/>
   <element name="symbol0" layername="timeline_2" frame="2" z_index="4" m_a="1.000000" m_b="0.000000" m_c="0.000000" m_d="1.000000" m_tx="3.166668" m_ty="-123.250000"/>
   <element name="symbol0" layername="timeline_3" frame="3" z_index="3" m_a="1.000000" m_b="0.000000" m_c="0.000000" m_d="1.000000" m_tx="2.333332" m_ty="-119.083336"/>
   <element name="symbol0" layername="timeline_4" frame="3" z_index="4" m_a="1.000000" m_b="0.000000" m_c="0.000000" m_d="1.000000" m_tx="6.798164" m_ty="-122.894493"/>
   <element name="symbol0" layername="timeline_5" frame="2" z_index="3" m_a="1.000000" m_b="0.000000" m_c="0.000000" m_d="1.000000" m_tx="4.045872" m_ty="-123.811928"/>
  </frame>
  <frame idx="700" w="104" h="230" x="0.871407" y="-123.811928">
   <element name="symbol0" layername="timeline_0" frame="0" z_index="6" m_a="1.000000" m_b="0.000000" m_c="0.000000" m_d="1.000000" m_tx="0.871407" m_ty="-21.376251"/>
   <element name="symbol0" layername="timeline_1" frame="1" z_index="5" m_a="1.000000" m_b="0.000000" m_c="0.000000" m_d="1.000000" m_tx="2.061226" m_ty="-29.411568"/>
   <element name="symbol0" layername="timeline_2" frame="2" z_index="4" m_a="1.000000" m_b="0.000000" m_c="0.000000" m_d="1.000000" m_tx="3.166668" m_ty="-123.250000"/>
   <element name="symbol0" layername="timeline_3" frame="3" z_index="3" m_a="1.000000" m_b="0.000000" m_c="0.000000" m_d="1.000000" m_tx="2.333332" m_ty="-119.083336"/>
   <element name="symbol0" layername="timeline_4" frame="3" z_index="6" m_a="1.000000" m_b="0.000000" m_c="0.000000" m_d="1.000000" m_tx="6.798164" m_ty="-122.894493"/>
   <element name="symbol0" layername="timeline_5" frame="2" z_index="6" m_a="1.000000" m_b="0.000000" m_c="0.000000" m_d="1.000000" m_tx="4.045872" m_ty="-123.811928"/>
  </frame>
  <frame idx="725" w="104" h="230" x="0.871407" y="-123.811928">
   <element name="symbol0" layername="timeline_0" frame="0" z_index="6" m_a="1.000000" m_b="0.000000" m_c="0.000000" m_d="1.000000" m_tx="0.871407" m_ty="-21.376251"/>
   <element name="symbol0" layername="timeline_1" frame="1" z_index="5" m_a="1.000000" m_b="0.000000" m_c="0.000000" m_d="1.000000" m_tx="2.061226" m_ty="-29.411568"/>
   <element name="symbol0" layername="timeline_2" frame="2" z_index="4" m_a="1.000000" m_b="0.000000" m_c="0.000000" m_d="1.000000" m_tx="3.166668" m_ty="-123.250000"/>
   <element name="symbol0" layername="timeline_3" frame="3" z_index="3" m_a="1.000000" m_b="0.000000" m_c="0.000000" m_d="1.000000" m_tx="2.333332" m_ty="-119.083336"/>
   <element name="symbol0" layername="timeline_4" frame="3" z_index="6" m_a="1.000000" m_b="0.000000" m_c="0.000000" m_d="1.000000" m_tx="6.798164" m_ty="-122.894493"/>
   <element name="symbol0" layername="timeline_5" frame="2" z_index="6" m_a="1.000000" m_b="0.000000" m_c="0.000000" m_d="1.000000" m_tx="4.045872" m_ty="-123.811928"/>
  </frame>
  <frame idx="750" w="104" h="230" x="0.871407" y="-123.811928">
   <element name="symbol0" layername="timeline_0" frame="0" z_index="6" m_a="1.000000" m_b="0.000000" m_c="0.000000" m_d="1.000000" m_tx="0.871407" m_ty="-21.376251"/>
   <element name="symbol0" layername="timeline_1" frame="1" z_index="5" m_a="1.000000" m_b="0.000000" m_c="0.000000" m_d="1.000000" m_tx="2.061226" m_ty="-29.411568"/>
   <element name="symbol0" layername="timeline_2" frame="2" z_index="4" m_a="1.000000" m_b="0.000000" m_c="0.000000" m_d="1.000000" m_tx="3.166668" m_ty="-123.250000"/>
   <element name="symbol0" layername="timeline_3" frame="3" z_index="3" m_a="1.000000" m_b="0.000000" m_c="0.000000" m_d="1.000000" m_tx="2.333332" m_ty="-119.083336"/>
   <element name="symbol0" layername="timeline_4" frame="3" z_index="6" m_a="1.000000" m_b="0.000000" m_c="0.000000" m_d="1.000000" m_tx="6.798164" m_ty="-122.894493"/>
   <element name="symbol0" layername="timeline_5" frame="2" z_index="6" m_a="1.000000" m_b="0.000000" m_c="0.000000" m_d="1.000000" m_tx="4.045872" m_ty="-123.811928"/>
  </frame>
  <frame idx="775" w="104" h="230" x="0.871407" y="-123.811928">
   <element name="symbol0" layername="timeline_0" frame="0" z_index="6" m_a="1.000000" m_b="0.000000" m_c="0.000000" m_d="1.000000" m_tx="0.871407" m_ty="-21.376251"/>
   <element name="symbol0" layername="timeline_1" frame="1" z_index="5" m_a="1.000000" m_b="0.000000" m_c="0.000000" m_d="1.000000" m_tx="2.061226" m_ty="-29.411568"/>
   <element name="symbol0" layername="timeline_2" frame="2" z_index="4" m_a="1.000000" m_b="0.000000" m_c="0.000000" m_d="1.000000" m_tx="3.166668" m_ty="-123.250000"/>
   <element name="symbol0" layername="timeline_3" frame="3" z_index="3" m_a="1.000000" m_b="0.000000" m_c="0.000000" m_d="1.000000" m_tx="2.333332" m_ty="-119.083336"/>
   <element name="symbol0" layername="timeline_4" frame="3" z_index="6" m_a="1.000000" m_b="0.000000" m_c="0.000000" m_d="1.000000" m_tx="6.798164" m_ty="-122.894493"/>
   <element name="symbol0" layername="timeline_5" frame="2" z_index="6" m_a="1.000000" m_b="0.000000" m_c="0.000000" m_d="1.000000" m_tx="4.045872" m_ty="-123.811928"/>
  </frame>
  <frame idx="800" w="104" h="230" x="0.871407" y="-123.811928">
   <element name="symbol0" layername="timeline_0" frame="0" z_index="6" m_a="1.000000" m_b="0.000000" m_c="0.000000" m_d="1.000000" m_tx="0.871407" m_ty="-21.376251"/>
   <element name="symbol0" layername="timeline_1" frame="1" z_index="5" m_a="1.000000" m_b="0.000000" m_c="0.000000" m_d="1.000000" m_tx="2.061226" m_ty="-29.411568"/>
   <element name="symbol0" layername="timeline_2" frame="2" z_index="4" m_a="1.000000" m_b="0.000000" m_c="0.000000" m_d="1.000000" m_tx="3.166668" m_ty="-123.250000"/>
   <element name="symbol0" layername="timeline_3" frame="3" z_index="3" m_a="1.000000" m_b="0.000000" m_c="0.000000" m_d="1.000000" m_tx="2.333332" m_ty="-119.083336"/>
   <element name="symbol0" layername="timeline_4" frame="3" z_index="6" m_a="1.000000" m_b="0.000000" m_c="0.000000" m_d="1.000000" m_tx="6.798164" m_ty="-122.894493"/>
   <element name="symbol0" layername="timeline_5" frame="2" z_index="6" m_a="1.000000" m_b="0.000000" m_c="0.000000" m_d="1.000000" m_tx="4.045872" m_ty="-123.811928"/>
  </frame>
  <frame idx="825" w="104" h="230" x="0.871407" y="-123.811928">
   <element name="symbol0" layername="timeline_0" frame="0" z_index="6" m_a="1.000000" m_b="0.000000" m_c="0.000000" m_d="1.000000" m_tx="0.871407" m_ty="-21.376251"/>
   <element name="symbol0" layername="timeline_1" frame="1" z_index="5" m_a="1.000000" m_b="0.000000" m_c="0.000000" m_d="1.000000" m_tx="2.061226" m_ty="-29.411568"/>
   <element name="symbol0" layername="timeline_2" frame="2" z_index="4" m_a="1.000000" m_b="0.000000" m_c="0.000000" m_d="1.000000" m_tx="3.166668" m_ty="-123.250000"/>
   <element name="symbol0" layername="timeline_3" frame="3" z_index="3" m_a="1.000000" m_b="0.000000" m_c="0.000000" m_d="1.000000" m_tx="2.333332" m_ty="-119.083336"/>
   <element name="symbol0" layername="timeline_4" frame="3" z_index="6" m_a="1.000000" m_b="0.000000" m_c="0.000000" m_d="1.000000" m_tx="6.798164" m_ty="-122.894493"/>
   <element name="symbol0" layername="timeline_5" frame="2" z_index="6" m_a="1.000000" m_b="0.000000" m_c="0.000000" m_d="1.000000" m_tx="4.045872" m_ty="-123.811928"/>
  </frame>
  <frame idx="850" w="104" h="230" x="0.871407" y="-123.811928">
   <element name="symbol0" layername="timeline_0" frame="0" z_index="6" m_a="1.000000" m_b="0.000000" m_c="0.000000" m_d="1.000000" m_tx="0.871407" m_ty="-21.376251"/>
   <element name="symbol0" layername="timeline_1" frame="1" z_index="5" m_a="1.000000" m_b="0.000000" m_c="0.000000" m_d="1.000000" m_tx="2.061226" m_ty="-29.411568"/>
   <element name="symbol0" layername="timeline_2" frame="2" z_index="4" m_a="1.000000" m_b="0.000000" m_c="0.000000" m_d="1.000000" m_tx="3.166668" m_ty="-123.250000"/>
   <element name="symbol0" layername="timeline_3" frame="3" z_index="3" m_a="1.000000" m_b="0.000000" m_c="0.000000" m_d="1.000000" m_tx="2.333332" m_ty="-119.083336"/>
   <element name="symbol0" layername="timeline_4" frame="3" z_index="6" m_a="1.000000" m_b="0.000000" m_c="0.000000" m_d="1.000000" m_tx="6.798164" m_ty="-122.894493"/>
   <element name="symbol0" layername="timeline_5" frame="2" z_index="6" m_a="1.000000" m_b="0.000000" m_c="0.000000" m_d="1.000000" m_tx="4.045872" m_ty="-123.811928"/>
  </frame>
  <frame idx="875" w="104" h="230" x="0.871407" y="-123.811928">
   <element name="symbol0" layername="timeline_0" frame="0" z_index="6" m_a="1.000000" m_b="0.000000" m_c="0.000000" m_d="1.000000" m_tx="0.871407" m_ty="-21.376251"/>
   <element name="symbol0" layername="timeline_1" frame="1" z_index="5" m_a="1.000000" m_b="0.000000" m_c="0.000000" m_d="1.000000" m_tx="2.061226" m_ty="-29.411568"/>
   <element name="symbol0" layername="timeline_2" frame="2" z_index="4" m_a="1.000000" m_b="0.000000" m_c="0.000000" m_d="1.000000" m_tx="3.166668" m_ty="-123.250000"/>
   <element name="symbol0" layername="timeline_3" frame="3" z_index="3" m_a="1.000000" m_b="0.000000" m_c="0.000000" m_d="1.000000" m_tx="2.333332" m_ty="-119.083336"/>
   <element name="symbol0" layername="timeline_4" frame="3" z_index="6" m_a="1.000000" m_b="0.000000" m_c="0.000000" m_d="1.000000" m_tx="6.798164" m_ty="-122.894493"/>
   <element name="symbol0" layername="timeline_5" frame="2" z_index="6" m_a="1.000000" m_b="0.000000" m_c="0.000000" m_d="1.000000" m_tx="4.045872" m_ty="-123.811928"/>
  </frame>
  <frame idx="900" w="104" h="230" x="0.871407" y="-123.811928">
   <element name="symbol0" layername="timeline_0" frame="0" z_index="6" m_a="1.000000" m_b="0.000000" m_c="0.000000" m_d="1.000000" m_tx="0.871407" m_ty="-21.376251"/>
   <element name="symbol0" layername="timeline_1" frame="1" z_index="5" m_a="1.000000" m_b="0.000000" m_c="0.000000" m_d="1.000000" m_tx="2.061226" m_ty="-29.411568"/>
   <element name="symbol0" layername="timeline_2" frame="2" z_index="4" m_a="1.000000" m_b="0.000000" m_c="0.000000" m_d="1.000000" m_tx="3.166668" m_ty="-123.250000"/>
   <element name="symbol0" layername="timeline_3" frame="3" z_index="3" m_a="1.000000" m_b="0.000000" m_c="0.000000" m_d="1.000000" m_tx="2.333332" m_ty="-119.083336"/>
   <element name="symbol0" layername="timeline_4" frame="3" z_index="6" m_a="1.000000" m_b="0.000000" m_c="0.000000" m_d="1.000000" m_tx="6.798164" m_ty="-122.894493"/>
   <element name="symbol0" layername="timeline_5" frame="2" z_index="6" m_a="1.000000" m_b="0.000000" m_c="0.000000" m_d="1.000000" m_tx="4.045872" m_ty="-123.811928"/>
  </frame>
  <frame idx="925" w="104" h="230" x="0.871407" y="-123.811928">
   <element name="symbol0" layername="timeline_0" frame="0" z_index="6" m_a="1.000000" m_b="0.000000" m_c="0.000000" m_d="1.000000" m_tx="0.871407" m_ty="-21.376251"/>
   <element name="symbol0" layername="timeline_1" frame="1" z_index="5" m_a="1.000000" m_b="0.000000" m_c="0.000000" m_d="1.000000" m_tx="2.061226" m_ty="-29.411568"/>
   <element name="symbol0" layername="timeline_2" frame="2" z_index="4" m_a="1.000000" m_b="0.000000" m_c="0.000000" m_d="1.000000" m_tx="3.166668" m_ty="-123.250000"/>
   <element name="symbol0" layername="timeline_3" frame="3" z_index="3" m_a="1.000000" m_b="0.000000" m_c="0.000000" m_d="1.000000" m_tx="2.333332" m_ty="-119.083336"/>
   <element name="symbol0" layername="timeline_4" frame="3" z_index="6" m_a="1.000000" m_b="0.000000" m_c="0.000000" m_d="1.000000" m_tx="6.798164" m_ty="-122.894493"/>
   <element name="symbol0" layername="timeline_5" frame="2" z_index="6" m_a="1.000000" m_b="0.000000" m_c="0.000000" m_d="1.000000" m_tx="4.045872" m_ty="-123.811928"/>
  </frame>
  <frame idx="950" w="104" h="230" x="0.871407" y="-123.811928">
   <element name="symbol0" layername="timeline_0" frame="0" z_index="6" m_a="1.000000" m_b="0.000000" m_c="0.000000" m_d="1.000000" m_tx="0.871407" m_ty="-21.376251"/>
   <element name="symbol0" layername="timeline_1" frame="1" z_index="5" m_a="1.000000" m_b="0.000000" m_c="0.000000" m_d="1.000000" m_tx="2.061226" m_ty="-29.411568"/>
   <element name="symbol0" layername="timeline_2" frame="2" z_index="4" m_a="1.000000" m_b="0.000000" m_c="0.000000" m_d="1.000000" m_tx="3.166668" m_ty="-123.250000"/>
   <element name="symbol0" layername="timeline_3" frame="3" z_index="3" m_a="1.000000" m_b="0.000000" m_c="0.000000" m_d="1.000000" m_tx="2.333332" m_ty="-119.083336"/>
   <element name="symbol0" layername="timeline_4" frame="3" z_index="6" m_a="1.000000" m_b="0.000000" m_c="0.000000" m_d="1.000000" m_tx="6.798164" m_ty="-122.894493"/>
   <element name="symbol0" layername="timeline_5" frame="2" z_index="6" m_a="1.000000" m_b="0.000000" m_c="0.000000" m_d="1.000000" m_tx="4.045872" m_ty="-123.811928"/>
  </frame>
  <frame idx="975" w="104" h="230" x="0.871407" y="-123.811928">
   <element name="symbol0" layername="timeline_0" frame="0" z_index="6" m_a="1.000000" m_b="0.000000" m_c="0.000000" m_d="1.000000" m_tx="0.871407" m_ty="-21.376251"/>
   <element name="symbol0" layername="timeline_1" frame="1" z_index="5" m_a="1.000000" m_b="0.000000" m_c="0.000000" m_d="1.000000" m_tx="2.061226" m_ty="-29.411568"/>
   <element name="symbol0" layername="timeline_2" frame="2" z_index="4" m_a="1.000000" m_b="0.000000" m_c="0.000000" m_d="1.000000" m_tx="3.166668" m_ty="-123.250000"/>
   <element name="symbol0" layername="timeline_3" frame="3" z_index="3" m_a="1.000000" m_b="0.000000" m_c="0.000000" m_d="1.000000" m_tx="2.333332" m_ty="-119.083336"/>
   <element name="symbol0" layername="timeline_4" frame="3" z_index="6" m_a="1.000000" m_b="0.000000" m_c="0.000000" m_d="1.000000" m_tx="6.798164" m_ty="-122.894493"/>
   <element name="symbol0" layername="timeline_5" frame="2" z_index="6" m_a="1.000000" m_b="0.000000" m_c="0.000000" m_d="1.000000" m_tx="4.045872" m_ty="-123.811928"/>
  </frame>
 </anim>
</Anims>
