<Anims>
 <anim name="idle" root="beanlet_hut" numframes="1000" framerate="40">
  <frame idx="0" w="228" h="423" x="6.086334" y="-130.661865">
   <element name="symbol0" layername="timeline_0" frame="0" z_index="8" m_a="1.000000" m_b="0.000000" m_c="0.000000" m_d="1.000000" m_tx="6.086334" m_ty="5.219424"/>
   <element name="symbol0" layername="timeline_1" frame="1" z_index="7" m_a="1.000000" m_b="0.000000" m_c="0.000000" m_d="1.000000" m_tx="7.877701" m_ty="-130.661865"/>
  </frame>
  <frame idx="25" w="228" h="423" x="6.086334" y="-130.661865">
   <element name="symbol0" layername="timeline_0" frame="0" z_index="8" m_a="1.000000" m_b="0.000000" m_c="0.000000" m_d="1.000000" m_tx="6.086334" m_ty="5.219424"/>
   <element name="symbol0" layername="timeline_1" frame="1" z_index="7" m_a="1.000000" m_b="0.000000" m_c="0.000000" m_d="1.000000" m_tx="7.877701" m_ty="-130.661865"/>
  </frame>
  <frame idx="50" w="228" h="423" x="6.086334" y="-130.661865">
   <element name="symbol0" layername="timeline_0" frame="0" z_index="8" m_a="1.000000" m_b="0.000000" m_c="0.000000" m_d="1.000000" m_tx="6.086334" m_ty="5.219424"/>
   <element name="symbol0" layername="timeline_1" frame="1" z_index="7" m_a="1.000000" m_b="0.000000" m_c="0.000000" m_d="1.000000" m_tx="7.877701" m_ty="-130.661865"/>
  </frame>
  <frame idx="75" w="228" h="423" x="6.086334" y="-130.661865">
   <element name="symbol0" layername="timeline_0" frame="0" z_index="8" m_a="1.000000" m_b="0.000000" m_c="0.000000" m_d="1.000000" m_tx="6.086334" m_ty="5.219424"/>
   <element name="symbol0" layername="timeline_1" frame="1" z_index="7" m_a="1.000000" m_b="0.000000" m_c="0.000000" m_d="1.000000" m_tx="7.877701" m_ty="-130.661865"/>
  </frame>
  <frame idx="100" w="228" h="423" x="6.086334" y="-130.661865">
   <element name="symbol0" layername="timeline_0" frame="0" z_index="8" m_a="1.000000" m_b="0.000000" m_c="0.000000" m_d="1.000000" m_tx="6.086334" m_ty="5.219424"/>
   <element name="symbol0" layername="timeline_1" frame="1" z_index="7" m_a="1.000000" m_b="0.000000" m_c="0.000000" m_d="1.000000" m_tx="7.877701" m_ty="-130.661865"/>
  </frame>
  <frame idx="125" w="228" h="423" x="6.086334" y="-130.661865">
   <element name="symbol0" layername="timeline_0" frame="0" z_index="8" m_a="1.000000" m_b="0.000000" m_c="0.000000" m_d="1.000000" m_tx="6.086334" m_ty="5.219424"/>
   <element name="symbol0" layername="timeline_1" frame="1" z_index="7" m_a="1.000000" m_b="0.000000" m_c="0.000000" m_d="1.000000" m_tx="7.877701" m_ty="-130.661865"/>
  </frame>
  <frame idx="150" w="228" h="423" x="6.086334" y="-130.661865">
   <element name="symbol0" layername="timeline_0" frame="0" z_index="8" m_a="1.000000" m_b="0.000000" m_c="0.000000" m_d="1.000000" m_tx="6.086334" m_ty="5.219424"/>
   <element name="symbol0" layername="timeline_1" frame="1" z_index="7" m_a="1.000000" m_b="0.000000" m_c="0.000000" m_d="1.000000" m_tx="7.877701" m_ty="-130.661865"/>
  </frame>
  <frame idx="175" w="228" h="423" x="6.086334" y="-130.661865">
   <element name="symbol0" layername="timeline_0" frame="0" z_index="8" m_a="1.000000" m_b="0.000000" m_c="0.000000" m_d="1.000000" m_tx="6.086334" m_ty="5.219424"/>
   <element name="symbol0" layername="timeline_1" frame="1" z_index="7" m_a="1.000000" m_b="0.000000" m_c="0.000000" m_d="1.000000" m_tx="7.877701" m_ty="-130.661865"/>
  </frame>
  <frame idx="200" w="228" h="423" x="6.086334" y="-130.661865">
   <element name="symbol0" layername="timeline_0" frame="0" z_index="8" m_a="1.000000" m_b="0.000000" m_c="0.000000" m_d="1.000000" m_tx="6.086334" m_ty="5.219424"/>
   <element name="symbol0" layername="timeline_1" frame="1" z_index="7" m_a="1.000000" m_b="0.000000" m_c="0.000000" m_d="1.000000" m_tx="7.877701" m_ty="-130.661865"/>
  </frame>
  <frame idx="225" w="228" h="423" x="6.086334" y="-130.661865">
   <element name="symbol0" layername="timeline_0" frame="0" z_index="8" m_a="1.000000" m_b="0.000000" m_c="0.000000" m_d="1.000000" m_tx="6.086334" m_ty="5.219424"/>
   <element name="symbol0" layername="timeline_1" frame="1" z_index="7" m_a="1.000000" m_b="0.000000" m_c="0.000000" m_d="1.000000" m_tx="7.877701" m_ty="-130.661865"/>
  </frame>
  <frame idx="250" w="228" h="423" x="6.086334" y="-130.661865">
   <element name="symbol0" layername="timeline_0" frame="0" z_index="8" m_a="1.000000" m_b="0.000000" m_c="0.000000" m_d="1.000000" m_tx="6.086334" m_ty="5.219424"/>
   <element name="symbol0" layername="timeline_1" frame="1" z_index="7" m_a="1.000000" m_b="0.000000" m_c="0.000000" m_d="1.000000" m_tx="7.877701" m_ty="-130.661865"/>
  </frame>
  <frame idx="275" w="228" h="423" x="6.086334" y="-130.661865">
   <element name="symbol0" layername="timeline_0" frame="0" z_index="8" m_a="1.000000" m_b="0.000000" m_c="0.000000" m_d="1.000000" m_tx="6.086334" m_ty="5.219424"/>
   <element name="symbol0" layername="timeline_1" frame="1" z_index="7" m_a="1.000000" m_b="0.000000" m_c="0.000000" m_d="1.000000" m_tx="7.877701" m_ty="-130.661865"/>
  </frame>
  <frame idx="300" w="228" h="423" x="6.086334" y="-130.661865">
   <element name="symbol0" layername="timeline_0" frame="0" z_index="8" m_a="1.000000" m_b="0.000000" m_c="0.000000" m_d="1.000000" m_tx="6.086334" m_ty="5.219424"/>
   <element name="symbol0" layername="timeline_1" frame="1" z_index="7" m_a="1.000000" m_b="0.000000" m_c="0.000000" m_d="1.000000" m_tx="7.877701" m_ty="-130.661865"/>
  </frame>
  <frame idx="325" w="228" h="423" x="6.086334" y="-130.661865">
   <element name="symbol0" layername="timeline_0" frame="0" z_index="8" m_a="1.000000" m_b="0.000000" m_c="0.000000" m_d="1.000000" m_tx="6.086334" m_ty="5.219424"/>
   <element name="symbol0" layername="timeline_1" frame="1" z_index="7" m_a="1.000000" m_b="0.000000" m_c="0.000000" m_d="1.000000" m_tx="7.877701" m_ty="-130.661865"/>
  </frame>
  <frame idx="350" w="228" h="423" x="6.086334" y="-130.661865">
   <element name="symbol0" layername="timeline_0" frame="0" z_index="8" m_a="1.000000" m_b="0.000000" m_c="0.000000" m_d="1.000000" m_tx="6.086334" m_ty="5.219424"/>
   <element name="symbol0" layername="timeline_1" frame="1" z_index="7" m_a="1.000000" m_b="0.000000" m_c="0.000000" m_d="1.000000" m_tx="7.877701" m_ty="-130.661865"/>
  </frame>
  <frame idx="375" w="228" h="423" x="6.086334" y="-130.661865">
   <element name="symbol0" layername="timeline_0" frame="0" z_index="8" m_a="1.000000" m_b="0.000000" m_c="0.000000" m_d="1.000000" m_tx="6.086334" m_ty="5.219424"/>
   <element name="symbol0" layername="timeline_1" frame="1" z_index="7" m_a="1.000000" m_b="0.000000" m_c="0.000000" m_d="1.000000" m_tx="7.877701" m_ty="-130.661865"/>
  </frame>
  <frame idx="400" w="228" h="423" x="6.086334" y="-130.661865">
   <element name="symbol0" layername="timeline_0" frame="0" z_index="8" m_a="1.000000" m_b="0.000000" m_c="0.000000" m_d="1.000000" m_tx="6.086334" m_ty="5.219424"/>
   <element name="symbol0" layername="timeline_1" frame="1" z_index="7" m_a="1.000000" m_b="0.000000" m_c="0.000000" m_d="1.000000" m_tx="7.877701" m_ty="-130.661865"/>
  </frame>
  <frame idx="425" w="228" h="423" x="6.086334" y="-130.661865">
   <element name="symbol0" layername="timeline_0" frame="0" z_index="8" m_a="1.000000" m_b="0.000000" m_c="0.000000" m_d="1.000000" m_tx="6.086334" m_ty="5.219424"/>
   <element name="symbol0" layername="timeline_1" frame="1" z_index="7" m_a="1.000000" m_b="0.000000" m_c="0.000000" m_d="1.000000" m_tx="7.877701" m_ty="-130.661865"/>
  </frame>
  <frame idx="450" w="228" h="423" x="6.086334" y="-130.661865">
   <element name="symbol0" layername="timeline_0" frame="0" z_index="8" m_a="1.000000" m_b="0.000000" m_c="0.000000" m_d="1.000000" m_tx="6.086334" m_ty="5.219424"/>
   <element name="symbol0" layername="timeline_1" frame="1" z_index="7" m_a="1.000000" m_b="0.000000" m_c="0.000000" m_d="1.000000" m_tx="7.877701" m_ty="-130.661865"/>
  </frame>
  <frame idx="475" w="228" h="423" x="6.086334" y="-130.661865">
   <element name="symbol0" layername="timeline_0" frame="0" z_index="8" m_a="1.000000" m_b="0.000000" m_c="0.000000" m_d="1.000000" m_tx="6.086334" m_ty="5.219424"/>
   <element name="symbol0" layername="timeline_1" frame="1" z_index="7" m_a="1.000000" m_b="0.000000" m_c="0.000000" m_d="1.000000" m_tx="7.877701" m_ty="-130.661865"/>
  </frame>
  <frame idx="500" w="228" h="423" x="6.086334" y="-130.661865">
   <element name="symbol0" layername="timeline_0" frame="0" z_index="8" m_a="1.000000" m_b="0.000000" m_c="0.000000" m_d="1.000000" m_tx="6.086334" m_ty="5.219424"/>
   <element name="symbol0" layername="timeline_1" frame="1" z_index="7" m_a="1.000000" m_b="0.000000" m_c="0.000000" m_d="1.000000" m_tx="7.877701" m_ty="-130.661865"/>
  </frame>
  <frame idx="525" w="228" h="423" x="6.086334" y="-130.661865">
   <element name="symbol0" layername="timeline_0" frame="0" z_index="8" m_a="1.000000" m_b="0.000000" m_c="0.000000" m_d="1.000000" m_tx="6.086334" m_ty="5.219424"/>
   <element name="symbol0" layername="timeline_1" frame="1" z_index="7" m_a="1.000000" m_b="0.000000" m_c="0.000000" m_d="1.000000" m_tx="7.877701" m_ty="-130.661865"/>
  </frame>
  <frame idx="550" w="228" h="423" x="6.086334" y="-130.661865">
   <element name="symbol0" layername="timeline_0" frame="0" z_index="8" m_a="1.000000" m_b="0.000000" m_c="0.000000" m_d="1.000000" m_tx="6.086334" m_ty="5.219424"/>
   <element name="symbol0" layername="timeline_1" frame="1" z_index="7" m_a="1.000000" m_b="0.000000" m_c="0.000000" m_d="1.000000" m_tx="7.877701" m_ty="-130.661865"/>
  </frame>
  <frame idx="575" w="228" h="423" x="6.086334" y="-130.661865">
   <element name="symbol0" layername="timeline_0" frame="0" z_index="8" m_a="1.000000" m_b="0.000000" m_c="0.000000" m_d="1.000000" m_tx="6.086334" m_ty="5.219424"/>
   <element name="symbol0" layername="timeline_1" frame="1" z_index="7" m_a="1.000000" m_b="0.000000" m_c="0.000000" m_d="1.000000" m_tx="7.877701" m_ty="-130.661865"/>
  </frame>
  <frame idx="600" w="228" h="423" x="6.086334" y="-130.661865">
   <element name="symbol0" layername="timeline_0" frame="0" z_index="8" m_a="1.000000" m_b="0.000000" m_c="0.000000" m_d="1.000000" m_tx="6.086334" m_ty="5.219424"/>
   <element name="symbol0" layername="timeline_1" frame="1" z_index="7" m_a="1.000000" m_b="0.000000" m_c="0.000000" m_d="1.000000" m_tx="7.877701" m_ty="-130.661865"/>
  </frame>
  <frame idx="625" w="228" h="423" x="6.086334" y="-130.661865">
   <element name="symbol0" layername="timeline_0" frame="0" z_index="8" m_a="1.000000" m_b="0.000000" m_c="0.000000" m_d="1.000000" m_tx="6.086334" m_ty="5.219424"/>
   <element name="symbol0" layername="timeline_1" frame="1" z_index="7" m_a="1.000000" m_b="0.000000" m_c="0.000000" m_d="1.000000" m_tx="7.877701" m_ty="-130.661865"/>
  </frame>
  <frame idx="650" w="228" h="423" x="6.086334" y="-130.661865">
   <element name="symbol0" layername="timeline_0" frame="0" z_index="8" m_a="1.000000" m_b="0.000000" m_c="0.000000" m_d="1.000000" m_tx="6.086334" m_ty="5.219424"/>
   <element name="symbol0" layername="timeline_1" frame="1" z_index="7" m_a="1.000000" m_b="0.000000" m_c="0.000000" m_d="1.000000" m_tx="7.877701" m_ty="-130.661865"/>
  </frame>
  <frame idx="675" w="228" h="423" x="6.086334" y="-130.661865">
   <element name="symbol0" layername="timeline_0" frame="0" z_index="8" m_a="1.000000" m_b="0.000000" m_c="0.000000" m_d="1.000000" m_tx="6.086334" m_ty="5.219424"/>
   <element name="symbol0" layername="timeline_1" frame="1" z_index="7" m_a="1.000000" m_b="0.000000" m_c="0.000000" m_d="1.000000" m_tx="7.877701" m_ty="-130.661865"/>
  </frame>
  <frame idx="700" w="228" h="423" x="6.086334" y="-130.661865">
   <element name="symbol0" layername="timeline_0" frame="0" z_index="8" m_a="1.000000" m_b="0.000000" m_c="0.000000" m_d="1.000000" m_tx="6.086334" m_ty="5.219424"/>
   <element name="symbol0" layername="timeline_1" frame="1" z_index="7" m_a="1.000000" m_b="0.000000" m_c="0.000000" m_d="1.000000" m_tx="7.877701" m_ty="-130.661865"/>
  </frame>
  <frame idx="725" w="228" h="423" x="6.086334" y="-130.661865">
   <element name="symbol0" layername="timeline_0" frame="0" z_index="8" m_a="1.000000" m_b="0.000000" m_c="0.000000" m_d="1.000000" m_tx="6.086334" m_ty="5.219424"/>
   <element name="symbol0" layername="timeline_1" frame="1" z_index="7" m_a="1.000000" m_b="0.000000" m_c="0.000000" m_d="1.000000" m_tx="7.877701" m_ty="-130.661865"/>
  </frame>
  <frame idx="750" w="228" h="423" x="6.086334" y="-130.661865">
   <element name="symbol0" layername="timeline_0" frame="0" z_index="8" m_a="1.000000" m_b="0.000000" m_c="0.000000" m_d="1.000000" m_tx="6.086334" m_ty="5.219424"/>
   <element name="symbol0" layername="timeline_1" frame="1" z_index="7" m_a="1.000000" m_b="0.000000" m_c="0.000000" m_d="1.000000" m_tx="7.877701" m_ty="-130.661865"/>
  </frame>
  <frame idx="775" w="228" h="423" x="6.086334" y="-130.661865">
   <element name="symbol0" layername="timeline_0" frame="0" z_index="8" m_a="1.000000" m_b="0.000000" m_c="0.000000" m_d="1.000000" m_tx="6.086334" m_ty="5.219424"/>
   <element name="symbol0" layername="timeline_1" frame="1" z_index="7" m_a="1.000000" m_b="0.000000" m_c="0.000000" m_d="1.000000" m_tx="7.877701" m_ty="-130.661865"/>
  </frame>
  <frame idx="800" w="228" h="423" x="6.086334" y="-130.661865">
   <element name="symbol0" layername="timeline_0" frame="0" z_index="8" m_a="1.000000" m_b="0.000000" m_c="0.000000" m_d="1.000000" m_tx="6.086334" m_ty="5.219424"/>
   <element name="symbol0" layername="timeline_1" frame="1" z_index="7" m_a="1.000000" m_b="0.000000" m_c="0.000000" m_d="1.000000" m_tx="7.877701" m_ty="-130.661865"/>
  </frame>
  <frame idx="825" w="228" h="423" x="6.086334" y="-130.661865">
   <element name="symbol0" layername="timeline_0" frame="0" z_index="8" m_a="1.000000" m_b="0.000000" m_c="0.000000" m_d="1.000000" m_tx="6.086334" m_ty="5.219424"/>
   <element name="symbol0" layername="timeline_1" frame="1" z_index="7" m_a="1.000000" m_b="0.000000" m_c="0.000000" m_d="1.000000" m_tx="7.877701" m_ty="-130.661865"/>
  </frame>
  <frame idx="850" w="228" h="423" x="6.086334" y="-130.661865">
   <element name="symbol0" layername="timeline_0" frame="0" z_index="8" m_a="1.000000" m_b="0.000000" m_c="0.000000" m_d="1.000000" m_tx="6.086334" m_ty="5.219424"/>
   <element name="symbol0" layername="timeline_1" frame="1" z_index="7" m_a="1.000000" m_b="0.000000" m_c="0.000000" m_d="1.000000" m_tx="7.877701" m_ty="-130.661865"/>
  </frame>
  <frame idx="875" w="228" h="423" x="6.086334" y="-130.661865">
   <element name="symbol0" layername="timeline_0" frame="0" z_index="8" m_a="1.000000" m_b="0.000000" m_c="0.000000" m_d="1.000000" m_tx="6.086334" m_ty="5.219424"/>
   <element name="symbol0" layername="timeline_1" frame="1" z_index="7" m_a="1.000000" m_b="0.000000" m_c="0.000000" m_d="1.000000" m_tx="7.877701" m_ty="-130.661865"/>
  </frame>
  <frame idx="900" w="228" h="423" x="6.086334" y="-130.661865">
   <element name="symbol0" layername="timeline_0" frame="0" z_index="8" m_a="1.000000" m_b="0.000000" m_c="0.000000" m_d="1.000000" m_tx="6.086334" m_ty="5.219424"/>
   <element name="symbol0" layername="timeline_1" frame="1" z_index="7" m_a="1.000000" m_b="0.000000" m_c="0.000000" m_d="1.000000" m_tx="7.877701" m_ty="-130.661865"/>
  </frame>
  <frame idx="925" w="228" h="423" x="6.086334" y="-130.661865">
   <element name="symbol0" layername="timeline_0" frame="0" z_index="8" m_a="1.000000" m_b="0.000000" m_c="0.000000" m_d="1.000000" m_tx="6.086334" m_ty="5.219424"/>
   <element name="symbol0" layername="timeline_1" frame="1" z_index="7" m_a="1.000000" m_b="0.000000" m_c="0.000000" m_d="1.000000" m_tx="7.877701" m_ty="-130.661865"/>
  </frame>
  <frame idx="950" w="228" h="423" x="6.086334" y="-130.661865">
   <element name="symbol0" layername="timeline_0" frame="0" z_index="8" m_a="1.000000" m_b="0.000000" m_c="0.000000" m_d="1.000000" m_tx="6.086334" m_ty="5.219424"/>
   <element name="symbol0" layername="timeline_1" frame="1" z_index="7" m_a="1.000000" m_b="0.000000" m_c="0.000000" m_d="1.000000" m_tx="7.877701" m_ty="-130.661865"/>
  </frame>
  <frame idx="975" w="228" h="423" x="6.086334" y="-130.661865">
   <element name="symbol0" layername="timeline_0" frame="0" z_index="8" m_a="1.000000" m_b="0.000000" m_c="0.000000" m_d="1.000000" m_tx="6.086334" m_ty="5.219424"/>
   <element name="symbol0" layername="timeline_1" frame="1" z_index="7" m_a="1.000000" m_b="0.000000" m_c="0.000000" m_d="1.000000" m_tx="7.877701" m_ty="-130.661865"/>
  </frame>
 </anim>
 <anim name="lit" root="beanlet_hut" numframes="1000" framerate="40">
  <frame idx="0" w="262" h="439" x="-2.097504" y="-139.343689">
   <element name="symbol0" layername="timeline_0" frame="0" z_index="8" m_a="1.000000" m_b="0.000000" m_c="0.000000" m_d="1.000000" m_tx="6.086334" m_ty="5.219424"/>
   <element name="symbol0" layername="timeline_1" frame="4" z_index="7" m_a="1.000000" m_b="0.000000" m_c="0.000000" m_d="1.000000" m_tx="-2.097504" m_ty="-139.343689"/>
  </frame>
  <frame idx="25" w="262" h="439" x="-2.097504" y="-139.343689">
   <element name="symbol0" layername="timeline_0" frame="0" z_index="8" m_a="1.000000" m_b="0.000000" m_c="0.000000" m_d="1.000000" m_tx="6.086334" m_ty="5.219424"/>
   <element name="symbol0" layername="timeline_1" frame="4" z_index="7" m_a="1.000000" m_b="0.000000" m_c="0.000000" m_d="1.000000" m_tx="-2.097504" m_ty="-139.343689"/>
  </frame>
  <frame idx="50" w="262" h="439" x="-2.097504" y="-139.343689">
   <element name="symbol0" layername="timeline_0" frame="0" z_index="8" m_a="1.000000" m_b="0.000000" m_c="0.000000" m_d="1.000000" m_tx="6.086334" m_ty="5.219424"/>
   <element name="symbol0" layername="timeline_1" frame="4" z_index="7" m_a="1.000000" m_b="0.000000" m_c="0.000000" m_d="1.000000" m_tx="-2.097504" m_ty="-139.343689"/>
  </frame>
  <frame idx="75" w="262" h="439" x="-2.097504" y="-139.343689">
   <element name="symbol0" layername="timeline_0" frame="0" z_index="8" m_a="1.000000" m_b="0.000000" m_c="0.000000" m_d="1.000000" m_tx="6.086334" m_ty="5.219424"/>
   <element name="symbol0" layername="timeline_1" frame="4" z_index="7" m_a="1.000000" m_b="0.000000" m_c="0.000000" m_d="1.000000" m_tx="-2.097504" m_ty="-139.343689"/>
  </frame>
  <frame idx="100" w="262" h="439" x="-2.097504" y="-139.343689">
   <element name="symbol0" layername="timeline_0" frame="0" z_index="8" m_a="1.000000" m_b="0.000000" m_c="0.000000" m_d="1.000000" m_tx="6.086334" m_ty="5.219424"/>
   <element name="symbol0" layername="timeline_1" frame="4" z_index="7" m_a="1.000000" m_b="0.000000" m_c="0.000000" m_d="1.000000" m_tx="-2.097504" m_ty="-139.343689"/>
  </frame>
  <frame idx="125" w="262" h="439" x="-2.097504" y="-139.343689">
   <element name="symbol0" layername="timeline_0" frame="0" z_index="8" m_a="1.000000" m_b="0.000000" m_c="0.000000" m_d="1.000000" m_tx="6.086334" m_ty="5.219424"/>
   <element name="symbol0" layername="timeline_1" frame="4" z_index="7" m_a="1.000000" m_b="0.000000" m_c="0.000000" m_d="1.000000" m_tx="-2.097504" m_ty="-139.343689"/>
  </frame>
  <frame idx="150" w="262" h="439" x="-2.097504" y="-139.343689">
   <element name="symbol0" layername="timeline_0" frame="0" z_index="8" m_a="1.000000" m_b="0.000000" m_c="0.000000" m_d="1.000000" m_tx="6.086334" m_ty="5.219424"/>
   <element name="symbol0" layername="timeline_1" frame="4" z_index="7" m_a="1.000000" m_b="0.000000" m_c="0.000000" m_d="1.000000" m_tx="-2.097504" m_ty="-139.343689"/>
  </frame>
  <frame idx="175" w="262" h="439" x="-2.097504" y="-139.343689">
   <element name="symbol0" layername="timeline_0" frame="0" z_index="8" m_a="1.000000" m_b="0.000000" m_c="0.000000" m_d="1.000000" m_tx="6.086334" m_ty="5.219424"/>
   <element name="symbol0" layername="timeline_1" frame="4" z_index="7" m_a="1.000000" m_b="0.000000" m_c="0.000000" m_d="1.000000" m_tx="-2.097504" m_ty="-139.343689"/>
  </frame>
  <frame idx="200" w="262" h="439" x="-2.097504" y="-139.343689">
   <element name="symbol0" layername="timeline_0" frame="0" z_index="8" m_a="1.000000" m_b="0.000000" m_c="0.000000" m_d="1.000000" m_tx="6.086334" m_ty="5.219424"/>
   <element name="symbol0" layername="timeline_1" frame="4" z_index="7" m_a="1.000000" m_b="0.000000" m_c="0.000000" m_d="1.000000" m_tx="-2.097504" m_ty="-139.343689"/>
  </frame>
  <frame idx="225" w="262" h="439" x="-2.097504" y="-139.343689">
   <element name="symbol0" layername="timeline_0" frame="0" z_index="8" m_a="1.000000" m_b="0.000000" m_c="0.000000" m_d="1.000000" m_tx="6.086334" m_ty="5.219424"/>
   <element name="symbol0" layername="timeline_1" frame="4" z_index="7" m_a="1.000000" m_b="0.000000" m_c="0.000000" m_d="1.000000" m_tx="-2.097504" m_ty="-139.343689"/>
  </frame>
  <frame idx="250" w="262" h="439" x="-2.097504" y="-139.343689">
   <element name="symbol0" layername="timeline_0" frame="0" z_index="8" m_a="1.000000" m_b="0.000000" m_c="0.000000" m_d="1.000000" m_tx="6.086334" m_ty="5.219424"/>
   <element name="symbol0" layername="timeline_1" frame="4" z_index="7" m_a="1.000000" m_b="0.000000" m_c="0.000000" m_d="1.000000" m_tx="-2.097504" m_ty="-139.343689"/>
  </frame>
  <frame idx="275" w="262" h="439" x="-2.097504" y="-139.343689">
   <element name="symbol0" layername="timeline_0" frame="0" z_index="8" m_a="1.000000" m_b="0.000000" m_c="0.000000" m_d="1.000000" m_tx="6.086334" m_ty="5.219424"/>
   <element name="symbol0" layername="timeline_1" frame="4" z_index="7" m_a="1.000000" m_b="0.000000" m_c="0.000000" m_d="1.000000" m_tx="-2.097504" m_ty="-139.343689"/>
  </frame>
  <frame idx="300" w="262" h="439" x="-2.097504" y="-139.343689">
   <element name="symbol0" layername="timeline_0" frame="0" z_index="8" m_a="1.000000" m_b="0.000000" m_c="0.000000" m_d="1.000000" m_tx="6.086334" m_ty="5.219424"/>
   <element name="symbol0" layername="timeline_1" frame="4" z_index="7" m_a="1.000000" m_b="0.000000" m_c="0.000000" m_d="1.000000" m_tx="-2.097504" m_ty="-139.343689"/>
  </frame>
  <frame idx="325" w="262" h="439" x="-2.097504" y="-139.343689">
   <element name="symbol0" layername="timeline_0" frame="0" z_index="8" m_a="1.000000" m_b="0.000000" m_c="0.000000" m_d="1.000000" m_tx="6.086334" m_ty="5.219424"/>
   <element name="symbol0" layername="timeline_1" frame="4" z_index="7" m_a="1.000000" m_b="0.000000" m_c="0.000000" m_d="1.000000" m_tx="-2.097504" m_ty="-139.343689"/>
  </frame>
  <frame idx="350" w="262" h="439" x="-2.097504" y="-139.343689">
   <element name="symbol0" layername="timeline_0" frame="0" z_index="8" m_a="1.000000" m_b="0.000000" m_c="0.000000" m_d="1.000000" m_tx="6.086334" m_ty="5.219424"/>
   <element name="symbol0" layername="timeline_1" frame="4" z_index="7" m_a="1.000000" m_b="0.000000" m_c="0.000000" m_d="1.000000" m_tx="-2.097504" m_ty="-139.343689"/>
  </frame>
  <frame idx="375" w="262" h="439" x="-2.097504" y="-139.343689">
   <element name="symbol0" layername="timeline_0" frame="0" z_index="8" m_a="1.000000" m_b="0.000000" m_c="0.000000" m_d="1.000000" m_tx="6.086334" m_ty="5.219424"/>
   <element name="symbol0" layername="timeline_1" frame="4" z_index="7" m_a="1.000000" m_b="0.000000" m_c="0.000000" m_d="1.000000" m_tx="-2.097504" m_ty="-139.343689"/>
  </frame>
  <frame idx="400" w="262" h="439" x="-2.097504" y="-139.343689">
   <element name="symbol0" layername="timeline_0" frame="0" z_index="8" m_a="1.000000" m_b="0.000000" m_c="0.000000" m_d="1.000000" m_tx="6.086334" m_ty="5.219424"/>
   <element name="symbol0" layername="timeline_1" frame="4" z_index="7" m_a="1.000000" m_b="0.000000" m_c="0.000000" m_d="1.000000" m_tx="-2.097504" m_ty="-139.343689"/>
  </frame>
  <frame idx="425" w="262" h="439" x="-2.097504" y="-139.343689">
   <element name="symbol0" layername="timeline_0" frame="0" z_index="8" m_a="1.000000" m_b="0.000000" m_c="0.000000" m_d="1.000000" m_tx="6.086334" m_ty="5.219424"/>
   <element name="symbol0" layername="timeline_1" frame="4" z_index="7" m_a="1.000000" m_b="0.000000" m_c="0.000000" m_d="1.000000" m_tx="-2.097504" m_ty="-139.343689"/>
  </frame>
  <frame idx="450" w="262" h="439" x="-2.097504" y="-139.343689">
   <element name="symbol0" layername="timeline_0" frame="0" z_index="8" m_a="1.000000" m_b="0.000000" m_c="0.000000" m_d="1.000000" m_tx="6.086334" m_ty="5.219424"/>
   <element name="symbol0" layername="timeline_1" frame="4" z_index="7" m_a="1.000000" m_b="0.000000" m_c="0.000000" m_d="1.000000" m_tx="-2.097504" m_ty="-139.343689"/>
  </frame>
  <frame idx="475" w="262" h="439" x="-2.097504" y="-139.343689">
   <element name="symbol0" layername="timeline_0" frame="0" z_index="8" m_a="1.000000" m_b="0.000000" m_c="0.000000" m_d="1.000000" m_tx="6.086334" m_ty="5.219424"/>
   <element name="symbol0" layername="timeline_1" frame="4" z_index="7" m_a="1.000000" m_b="0.000000" m_c="0.000000" m_d="1.000000" m_tx="-2.097504" m_ty="-139.343689"/>
  </frame>
  <frame idx="500" w="262" h="439" x="-2.097504" y="-139.343689">
   <element name="symbol0" layername="timeline_0" frame="0" z_index="8" m_a="1.000000" m_b="0.000000" m_c="0.000000" m_d="1.000000" m_tx="6.086334" m_ty="5.219424"/>
   <element name="symbol0" layername="timeline_1" frame="4" z_index="7" m_a="1.000000" m_b="0.000000" m_c="0.000000" m_d="1.000000" m_tx="-2.097504" m_ty="-139.343689"/>
  </frame>
  <frame idx="525" w="262" h="439" x="-2.097504" y="-139.343689">
   <element name="symbol0" layername="timeline_0" frame="0" z_index="8" m_a="1.000000" m_b="0.000000" m_c="0.000000" m_d="1.000000" m_tx="6.086334" m_ty="5.219424"/>
   <element name="symbol0" layername="timeline_1" frame="4" z_index="7" m_a="1.000000" m_b="0.000000" m_c="0.000000" m_d="1.000000" m_tx="-2.097504" m_ty="-139.343689"/>
  </frame>
  <frame idx="550" w="262" h="439" x="-2.097504" y="-139.343689">
   <element name="symbol0" layername="timeline_0" frame="0" z_index="8" m_a="1.000000" m_b="0.000000" m_c="0.000000" m_d="1.000000" m_tx="6.086334" m_ty="5.219424"/>
   <element name="symbol0" layername="timeline_1" frame="4" z_index="7" m_a="1.000000" m_b="0.000000" m_c="0.000000" m_d="1.000000" m_tx="-2.097504" m_ty="-139.343689"/>
  </frame>
  <frame idx="575" w="262" h="439" x="-2.097504" y="-139.343689">
   <element name="symbol0" layername="timeline_0" frame="0" z_index="8" m_a="1.000000" m_b="0.000000" m_c="0.000000" m_d="1.000000" m_tx="6.086334" m_ty="5.219424"/>
   <element name="symbol0" layername="timeline_1" frame="4" z_index="7" m_a="1.000000" m_b="0.000000" m_c="0.000000" m_d="1.000000" m_tx="-2.097504" m_ty="-139.343689"/>
  </frame>
  <frame idx="600" w="262" h="439" x="-2.097504" y="-139.343689">
   <element name="symbol0" layername="timeline_0" frame="0" z_index="8" m_a="1.000000" m_b="0.000000" m_c="0.000000" m_d="1.000000" m_tx="6.086334" m_ty="5.219424"/>
   <element name="symbol0" layername="timeline_1" frame="4" z_index="7" m_a="1.000000" m_b="0.000000" m_c="0.000000" m_d="1.000000" m_tx="-2.097504" m_ty="-139.343689"/>
  </frame>
  <frame idx="625" w="262" h="439" x="-2.097504" y="-139.343689">
   <element name="symbol0" layername="timeline_0" frame="0" z_index="8" m_a="1.000000" m_b="0.000000" m_c="0.000000" m_d="1.000000" m_tx="6.086334" m_ty="5.219424"/>
   <element name="symbol0" layername="timeline_1" frame="4" z_index="7" m_a="1.000000" m_b="0.000000" m_c="0.000000" m_d="1.000000" m_tx="-2.097504" m_ty="-139.343689"/>
  </frame>
  <frame idx="650" w="262" h="439" x="-2.097504" y="-139.343689">
   <element name="symbol0" layername="timeline_0" frame="0" z_index="8" m_a="1.000000" m_b="0.000000" m_c="0.000000" m_d="1.000000" m_tx="6.086334" m_ty="5.219424"/>
   <element name="symbol0" layername="timeline_1" frame="4" z_index="7" m_a="1.000000" m_b="0.000000" m_c="0.000000" m_d="1.000000" m_tx="-2.097504" m_ty="-139.343689"/>
  </frame>
  <frame idx="675" w="262" h="439" x="-2.097504" y="-139.343689">
   <element name="symbol0" layername="timeline_0" frame="0" z_index="8" m_a="1.000000" m_b="0.000000" m_c="0.000000" m_d="1.000000" m_tx="6.086334" m_ty="5.219424"/>
   <element name="symbol0" layername="timeline_1" frame="4" z_index="7" m_a="1.000000" m_b="0.000000" m_c="0.000000" m_d="1.000000" m_tx="-2.097504" m_ty="-139.343689"/>
  </frame>
  <frame idx="700" w="262" h="439" x="-2.097504" y="-139.343689">
   <element name="symbol0" layername="timeline_0" frame="0" z_index="8" m_a="1.000000" m_b="0.000000" m_c="0.000000" m_d="1.000000" m_tx="6.086334" m_ty="5.219424"/>
   <element name="symbol0" layername="timeline_1" frame="4" z_index="7" m_a="1.000000" m_b="0.000000" m_c="0.000000" m_d="1.000000" m_tx="-2.097504" m_ty="-139.343689"/>
  </frame>
  <frame idx="725" w="262" h="439" x="-2.097504" y="-139.343689">
   <element name="symbol0" layername="timeline_0" frame="0" z_index="8" m_a="1.000000" m_b="0.000000" m_c="0.000000" m_d="1.000000" m_tx="6.086334" m_ty="5.219424"/>
   <element name="symbol0" layername="timeline_1" frame="4" z_index="7" m_a="1.000000" m_b="0.000000" m_c="0.000000" m_d="1.000000" m_tx="-2.097504" m_ty="-139.343689"/>
  </frame>
  <frame idx="750" w="262" h="439" x="-2.097504" y="-139.343689">
   <element name="symbol0" layername="timeline_0" frame="0" z_index="8" m_a="1.000000" m_b="0.000000" m_c="0.000000" m_d="1.000000" m_tx="6.086334" m_ty="5.219424"/>
   <element name="symbol0" layername="timeline_1" frame="4" z_index="7" m_a="1.000000" m_b="0.000000" m_c="0.000000" m_d="1.000000" m_tx="-2.097504" m_ty="-139.343689"/>
  </frame>
  <frame idx="775" w="262" h="439" x="-2.097504" y="-139.343689">
   <element name="symbol0" layername="timeline_0" frame="0" z_index="8" m_a="1.000000" m_b="0.000000" m_c="0.000000" m_d="1.000000" m_tx="6.086334" m_ty="5.219424"/>
   <element name="symbol0" layername="timeline_1" frame="4" z_index="7" m_a="1.000000" m_b="0.000000" m_c="0.000000" m_d="1.000000" m_tx="-2.097504" m_ty="-139.343689"/>
  </frame>
  <frame idx="800" w="262" h="439" x="-2.097504" y="-139.343689">
   <element name="symbol0" layername="timeline_0" frame="0" z_index="8" m_a="1.000000" m_b="0.000000" m_c="0.000000" m_d="1.000000" m_tx="6.086334" m_ty="5.219424"/>
   <element name="symbol0" layername="timeline_1" frame="4" z_index="7" m_a="1.000000" m_b="0.000000" m_c="0.000000" m_d="1.000000" m_tx="-2.097504" m_ty="-139.343689"/>
  </frame>
  <frame idx="825" w="262" h="439" x="-2.097504" y="-139.343689">
   <element name="symbol0" layername="timeline_0" frame="0" z_index="8" m_a="1.000000" m_b="0.000000" m_c="0.000000" m_d="1.000000" m_tx="6.086334" m_ty="5.219424"/>
   <element name="symbol0" layername="timeline_1" frame="4" z_index="7" m_a="1.000000" m_b="0.000000" m_c="0.000000" m_d="1.000000" m_tx="-2.097504" m_ty="-139.343689"/>
  </frame>
  <frame idx="850" w="262" h="439" x="-2.097504" y="-139.343689">
   <element name="symbol0" layername="timeline_0" frame="0" z_index="8" m_a="1.000000" m_b="0.000000" m_c="0.000000" m_d="1.000000" m_tx="6.086334" m_ty="5.219424"/>
   <element name="symbol0" layername="timeline_1" frame="4" z_index="7" m_a="1.000000" m_b="0.000000" m_c="0.000000" m_d="1.000000" m_tx="-2.097504" m_ty="-139.343689"/>
  </frame>
  <frame idx="875" w="262" h="439" x="-2.097504" y="-139.343689">
   <element name="symbol0" layername="timeline_0" frame="0" z_index="8" m_a="1.000000" m_b="0.000000" m_c="0.000000" m_d="1.000000" m_tx="6.086334" m_ty="5.219424"/>
   <element name="symbol0" layername="timeline_1" frame="4" z_index="7" m_a="1.000000" m_b="0.000000" m_c="0.000000" m_d="1.000000" m_tx="-2.097504" m_ty="-139.343689"/>
  </frame>
  <frame idx="900" w="262" h="439" x="-2.097504" y="-139.343689">
   <element name="symbol0" layername="timeline_0" frame="0" z_index="8" m_a="1.000000" m_b="0.000000" m_c="0.000000" m_d="1.000000" m_tx="6.086334" m_ty="5.219424"/>
   <element name="symbol0" layername="timeline_1" frame="4" z_index="7" m_a="1.000000" m_b="0.000000" m_c="0.000000" m_d="1.000000" m_tx="-2.097504" m_ty="-139.343689"/>
  </frame>
  <frame idx="925" w="262" h="439" x="-2.097504" y="-139.343689">
   <element name="symbol0" layername="timeline_0" frame="0" z_index="8" m_a="1.000000" m_b="0.000000" m_c="0.000000" m_d="1.000000" m_tx="6.086334" m_ty="5.219424"/>
   <element name="symbol0" layername="timeline_1" frame="4" z_index="7" m_a="1.000000" m_b="0.000000" m_c="0.000000" m_d="1.000000" m_tx="-2.097504" m_ty="-139.343689"/>
  </frame>
  <frame idx="950" w="262" h="439" x="-2.097504" y="-139.343689">
   <element name="symbol0" layername="timeline_0" frame="0" z_index="8" m_a="1.000000" m_b="0.000000" m_c="0.000000" m_d="1.000000" m_tx="6.086334" m_ty="5.219424"/>
   <element name="symbol0" layername="timeline_1" frame="4" z_index="7" m_a="1.000000" m_b="0.000000" m_c="0.000000" m_d="1.000000" m_tx="-2.097504" m_ty="-139.343689"/>
  </frame>
  <frame idx="975" w="262" h="439" x="-2.097504" y="-139.343689">
   <element name="symbol0" layername="timeline_0" frame="0" z_index="8" m_a="1.000000" m_b="0.000000" m_c="0.000000" m_d="1.000000" m_tx="6.086334" m_ty="5.219424"/>
   <element name="symbol0" layername="timeline_1" frame="4" z_index="7" m_a="1.000000" m_b="0.000000" m_c="0.000000" m_d="1.000000" m_tx="-2.097504" m_ty="-139.343689"/>
  </frame>
 </anim>
 <anim name="burnt" root="beanlet_hut" numframes="1000" framerate="40">
  <frame idx="0" w="234" h="387" x="0.277695" y="-120.961868">
   <element name="symbol0" layername="timeline_0" frame="0" z_index="8" m_a="1.000000" m_b="0.000000" m_c="0.000000" m_d="1.000000" m_tx="6.086334" m_ty="5.219424"/>
   <element name="symbol0" layername="timeline_1" frame="2" z_index="7" m_a="1.000000" m_b="0.000000" m_c="0.000000" m_d="1.000000" m_tx="0.277695" m_ty="-120.961868"/>
  </frame>
  <frame idx="25" w="234" h="387" x="0.277695" y="-120.961868">
   <element name="symbol0" layername="timeline_0" frame="0" z_index="8" m_a="1.000000" m_b="0.000000" m_c="0.000000" m_d="1.000000" m_tx="6.086334" m_ty="5.219424"/>
   <element name="symbol0" layername="timeline_1" frame="2" z_index="7" m_a="1.000000" m_b="0.000000" m_c="0.000000" m_d="1.000000" m_tx="0.277695" m_ty="-120.961868"/>
  </frame>
  <frame idx="50" w="234" h="387" x="0.277695" y="-120.961868">
   <element name="symbol0" layername="timeline_0" frame="0" z_index="8" m_a="1.000000" m_b="0.000000" m_c="0.000000" m_d="1.000000" m_tx="6.086334" m_ty="5.219424"/>
   <element name="symbol0" layername="timeline_1" frame="2" z_index="7" m_a="1.000000" m_b="0.000000" m_c="0.000000" m_d="1.000000" m_tx="0.277695" m_ty="-120.961868"/>
  </frame>
  <frame idx="75" w="234" h="387" x="0.277695" y="-120.961868">
   <element name="symbol0" layername="timeline_0" frame="0" z_index="8" m_a="1.000000" m_b="0.000000" m_c="0.000000" m_d="1.000000" m_tx="6.086334" m_ty="5.219424"/>
   <element name="symbol0" layername="timeline_1" frame="2" z_index="7" m_a="1.000000" m_b="0.000000" m_c="0.000000" m_d="1.000000" m_tx="0.277695" m_ty="-120.961868"/>
  </frame>
  <frame idx="100" w="234" h="387" x="0.277695" y="-120.961868">
   <element name="symbol0" layername="timeline_0" frame="0" z_index="8" m_a="1.000000" m_b="0.000000" m_c="0.000000" m_d="1.000000" m_tx="6.086334" m_ty="5.219424"/>
   <element name="symbol0" layername="timeline_1" frame="2" z_index="7" m_a="1.000000" m_b="0.000000" m_c="0.000000" m_d="1.000000" m_tx="0.277695" m_ty="-120.961868"/>
  </frame>
  <frame idx="125" w="234" h="387" x="0.277695" y="-120.961868">
   <element name="symbol0" layername="timeline_0" frame="0" z_index="8" m_a="1.000000" m_b="0.000000" m_c="0.000000" m_d="1.000000" m_tx="6.086334" m_ty="5.219424"/>
   <element name="symbol0" layername="timeline_1" frame="2" z_index="7" m_a="1.000000" m_b="0.000000" m_c="0.000000" m_d="1.000000" m_tx="0.277695" m_ty="-120.961868"/>
  </frame>
  <frame idx="150" w="234" h="387" x="0.277695" y="-120.961868">
   <element name="symbol0" layername="timeline_0" frame="0" z_index="8" m_a="1.000000" m_b="0.000000" m_c="0.000000" m_d="1.000000" m_tx="6.086334" m_ty="5.219424"/>
   <element name="symbol0" layername="timeline_1" frame="2" z_index="7" m_a="1.000000" m_b="0.000000" m_c="0.000000" m_d="1.000000" m_tx="0.277695" m_ty="-120.961868"/>
  </frame>
  <frame idx="175" w="234" h="387" x="0.277695" y="-120.961868">
   <element name="symbol0" layername="timeline_0" frame="0" z_index="8" m_a="1.000000" m_b="0.000000" m_c="0.000000" m_d="1.000000" m_tx="6.086334" m_ty="5.219424"/>
   <element name="symbol0" layername="timeline_1" frame="2" z_index="7" m_a="1.000000" m_b="0.000000" m_c="0.000000" m_d="1.000000" m_tx="0.277695" m_ty="-120.961868"/>
  </frame>
  <frame idx="200" w="234" h="387" x="0.277695" y="-120.961868">
   <element name="symbol0" layername="timeline_0" frame="0" z_index="8" m_a="1.000000" m_b="0.000000" m_c="0.000000" m_d="1.000000" m_tx="6.086334" m_ty="5.219424"/>
   <element name="symbol0" layername="timeline_1" frame="2" z_index="7" m_a="1.000000" m_b="0.000000" m_c="0.000000" m_d="1.000000" m_tx="0.277695" m_ty="-120.961868"/>
  </frame>
  <frame idx="225" w="234" h="387" x="0.277695" y="-120.961868">
   <element name="symbol0" layername="timeline_0" frame="0" z_index="8" m_a="1.000000" m_b="0.000000" m_c="0.000000" m_d="1.000000" m_tx="6.086334" m_ty="5.219424"/>
   <element name="symbol0" layername="timeline_1" frame="2" z_index="7" m_a="1.000000" m_b="0.000000" m_c="0.000000" m_d="1.000000" m_tx="0.277695" m_ty="-120.961868"/>
  </frame>
  <frame idx="250" w="234" h="387" x="0.277695" y="-120.961868">
   <element name="symbol0" layername="timeline_0" frame="0" z_index="8" m_a="1.000000" m_b="0.000000" m_c="0.000000" m_d="1.000000" m_tx="6.086334" m_ty="5.219424"/>
   <element name="symbol0" layername="timeline_1" frame="2" z_index="7" m_a="1.000000" m_b="0.000000" m_c="0.000000" m_d="1.000000" m_tx="0.277695" m_ty="-120.961868"/>
  </frame>
  <frame idx="275" w="234" h="387" x="0.277695" y="-120.961868">
   <element name="symbol0" layername="timeline_0" frame="0" z_index="8" m_a="1.000000" m_b="0.000000" m_c="0.000000" m_d="1.000000" m_tx="6.086334" m_ty="5.219424"/>
   <element name="symbol0" layername="timeline_1" frame="2" z_index="7" m_a="1.000000" m_b="0.000000" m_c="0.000000" m_d="1.000000" m_tx="0.277695" m_ty="-120.961868"/>
  </frame>
  <frame idx="300" w="234" h="387" x="0.277695" y="-120.961868">
   <element name="symbol0" layername="timeline_0" frame="0" z_index="8" m_a="1.000000" m_b="0.000000" m_c="0.000000" m_d="1.000000" m_tx="6.086334" m_ty="5.219424"/>
   <element name="symbol0" layername="timeline_1" frame="2" z_index="7" m_a="1.000000" m_b="0.000000" m_c="0.000000" m_d="1.000000" m_tx="0.277695" m_ty="-120.961868"/>
  </frame>
  <frame idx="325" w="234" h="387" x="0.277695" y="-120.961868">
   <element name="symbol0" layername="timeline_0" frame="0" z_index="8" m_a="1.000000" m_b="0.000000" m_c="0.000000" m_d="1.000000" m_tx="6.086334" m_ty="5.219424"/>
   <element name="symbol0" layername="timeline_1" frame="2" z_index="7" m_a="1.000000" m_b="0.000000" m_c="0.000000" m_d="1.000000" m_tx="0.277695" m_ty="-120.961868"/>
  </frame>
  <frame idx="350" w="234" h="387" x="0.277695" y="-120.961868">
   <element name="symbol0" layername="timeline_0" frame="0" z_index="8" m_a="1.000000" m_b="0.000000" m_c="0.000000" m_d="1.000000" m_tx="6.086334" m_ty="5.219424"/>
   <element name="symbol0" layername="timeline_1" frame="2" z_index="7" m_a="1.000000" m_b="0.000000" m_c="0.000000" m_d="1.000000" m_tx="0.277695" m_ty="-120.961868"/>
  </frame>
  <frame idx="375" w="234" h="387" x="0.277695" y="-120.961868">
   <element name="symbol0" layername="timeline_0" frame="0" z_index="8" m_a="1.000000" m_b="0.000000" m_c="0.000000" m_d="1.000000" m_tx="6.086334" m_ty="5.219424"/>
   <element name="symbol0" layername="timeline_1" frame="2" z_index="7" m_a="1.000000" m_b="0.000000" m_c="0.000000" m_d="1.000000" m_tx="0.277695" m_ty="-120.961868"/>
  </frame>
  <frame idx="400" w="234" h="387" x="0.277695" y="-120.961868">
   <element name="symbol0" layername="timeline_0" frame="0" z_index="8" m_a="1.000000" m_b="0.000000" m_c="0.000000" m_d="1.000000" m_tx="6.086334" m_ty="5.219424"/>
   <element name="symbol0" layername="timeline_1" frame="2" z_index="7" m_a="1.000000" m_b="0.000000" m_c="0.000000" m_d="1.000000" m_tx="0.277695" m_ty="-120.961868"/>
  </frame>
  <frame idx="425" w="234" h="387" x="0.277695" y="-120.961868">
   <element name="symbol0" layername="timeline_0" frame="0" z_index="8" m_a="1.000000" m_b="0.000000" m_c="0.000000" m_d="1.000000" m_tx="6.086334" m_ty="5.219424"/>
   <element name="symbol0" layername="timeline_1" frame="2" z_index="7" m_a="1.000000" m_b="0.000000" m_c="0.000000" m_d="1.000000" m_tx="0.277695" m_ty="-120.961868"/>
  </frame>
  <frame idx="450" w="234" h="387" x="0.277695" y="-120.961868">
   <element name="symbol0" layername="timeline_0" frame="0" z_index="8" m_a="1.000000" m_b="0.000000" m_c="0.000000" m_d="1.000000" m_tx="6.086334" m_ty="5.219424"/>
   <element name="symbol0" layername="timeline_1" frame="2" z_index="7" m_a="1.000000" m_b="0.000000" m_c="0.000000" m_d="1.000000" m_tx="0.277695" m_ty="-120.961868"/>
  </frame>
  <frame idx="475" w="234" h="387" x="0.277695" y="-120.961868">
   <element name="symbol0" layername="timeline_0" frame="0" z_index="8" m_a="1.000000" m_b="0.000000" m_c="0.000000" m_d="1.000000" m_tx="6.086334" m_ty="5.219424"/>
   <element name="symbol0" layername="timeline_1" frame="2" z_index="7" m_a="1.000000" m_b="0.000000" m_c="0.000000" m_d="1.000000" m_tx="0.277695" m_ty="-120.961868"/>
  </frame>
  <frame idx="500" w="234" h="387" x="0.277695" y="-120.961868">
   <element name="symbol0" layername="timeline_0" frame="0" z_index="8" m_a="1.000000" m_b="0.000000" m_c="0.000000" m_d="1.000000" m_tx="6.086334" m_ty="5.219424"/>
   <element name="symbol0" layername="timeline_1" frame="2" z_index="7" m_a="1.000000" m_b="0.000000" m_c="0.000000" m_d="1.000000" m_tx="0.277695" m_ty="-120.961868"/>
  </frame>
  <frame idx="525" w="234" h="387" x="0.277695" y="-120.961868">
   <element name="symbol0" layername="timeline_0" frame="0" z_index="8" m_a="1.000000" m_b="0.000000" m_c="0.000000" m_d="1.000000" m_tx="6.086334" m_ty="5.219424"/>
   <element name="symbol0" layername="timeline_1" frame="2" z_index="7" m_a="1.000000" m_b="0.000000" m_c="0.000000" m_d="1.000000" m_tx="0.277695" m_ty="-120.961868"/>
  </frame>
  <frame idx="550" w="234" h="387" x="0.277695" y="-120.961868">
   <element name="symbol0" layername="timeline_0" frame="0" z_index="8" m_a="1.000000" m_b="0.000000" m_c="0.000000" m_d="1.000000" m_tx="6.086334" m_ty="5.219424"/>
   <element name="symbol0" layername="timeline_1" frame="2" z_index="7" m_a="1.000000" m_b="0.000000" m_c="0.000000" m_d="1.000000" m_tx="0.277695" m_ty="-120.961868"/>
  </frame>
  <frame idx="575" w="234" h="387" x="0.277695" y="-120.961868">
   <element name="symbol0" layername="timeline_0" frame="0" z_index="8" m_a="1.000000" m_b="0.000000" m_c="0.000000" m_d="1.000000" m_tx="6.086334" m_ty="5.219424"/>
   <element name="symbol0" layername="timeline_1" frame="2" z_index="7" m_a="1.000000" m_b="0.000000" m_c="0.000000" m_d="1.000000" m_tx="0.277695" m_ty="-120.961868"/>
  </frame>
  <frame idx="600" w="234" h="387" x="0.277695" y="-120.961868">
   <element name="symbol0" layername="timeline_0" frame="0" z_index="8" m_a="1.000000" m_b="0.000000" m_c="0.000000" m_d="1.000000" m_tx="6.086334" m_ty="5.219424"/>
   <element name="symbol0" layername="timeline_1" frame="2" z_index="7" m_a="1.000000" m_b="0.000000" m_c="0.000000" m_d="1.000000" m_tx="0.277695" m_ty="-120.961868"/>
  </frame>
  <frame idx="625" w="234" h="387" x="0.277695" y="-120.961868">
   <element name="symbol0" layername="timeline_0" frame="0" z_index="8" m_a="1.000000" m_b="0.000000" m_c="0.000000" m_d="1.000000" m_tx="6.086334" m_ty="5.219424"/>
   <element name="symbol0" layername="timeline_1" frame="2" z_index="7" m_a="1.000000" m_b="0.000000" m_c="0.000000" m_d="1.000000" m_tx="0.277695" m_ty="-120.961868"/>
  </frame>
  <frame idx="650" w="234" h="387" x="0.277695" y="-120.961868">
   <element name="symbol0" layername="timeline_0" frame="0" z_index="8" m_a="1.000000" m_b="0.000000" m_c="0.000000" m_d="1.000000" m_tx="6.086334" m_ty="5.219424"/>
   <element name="symbol0" layername="timeline_1" frame="2" z_index="7" m_a="1.000000" m_b="0.000000" m_c="0.000000" m_d="1.000000" m_tx="0.277695" m_ty="-120.961868"/>
  </frame>
  <frame idx="675" w="234" h="387" x="0.277695" y="-120.961868">
   <element name="symbol0" layername="timeline_0" frame="0" z_index="8" m_a="1.000000" m_b="0.000000" m_c="0.000000" m_d="1.000000" m_tx="6.086334" m_ty="5.219424"/>
   <element name="symbol0" layername="timeline_1" frame="2" z_index="7" m_a="1.000000" m_b="0.000000" m_c="0.000000" m_d="1.000000" m_tx="0.277695" m_ty="-120.961868"/>
  </frame>
  <frame idx="700" w="234" h="387" x="0.277695" y="-120.961868">
   <element name="symbol0" layername="timeline_0" frame="0" z_index="8" m_a="1.000000" m_b="0.000000" m_c="0.000000" m_d="1.000000" m_tx="6.086334" m_ty="5.219424"/>
   <element name="symbol0" layername="timeline_1" frame="2" z_index="7" m_a="1.000000" m_b="0.000000" m_c="0.000000" m_d="1.000000" m_tx="0.277695" m_ty="-120.961868"/>
  </frame>
  <frame idx="725" w="234" h="387" x="0.277695" y="-120.961868">
   <element name="symbol0" layername="timeline_0" frame="0" z_index="8" m_a="1.000000" m_b="0.000000" m_c="0.000000" m_d="1.000000" m_tx="6.086334" m_ty="5.219424"/>
   <element name="symbol0" layername="timeline_1" frame="2" z_index="7" m_a="1.000000" m_b="0.000000" m_c="0.000000" m_d="1.000000" m_tx="0.277695" m_ty="-120.961868"/>
  </frame>
  <frame idx="750" w="234" h="387" x="0.277695" y="-120.961868">
   <element name="symbol0" layername="timeline_0" frame="0" z_index="8" m_a="1.000000" m_b="0.000000" m_c="0.000000" m_d="1.000000" m_tx="6.086334" m_ty="5.219424"/>
   <element name="symbol0" layername="timeline_1" frame="2" z_index="7" m_a="1.000000" m_b="0.000000" m_c="0.000000" m_d="1.000000" m_tx="0.277695" m_ty="-120.961868"/>
  </frame>
  <frame idx="775" w="234" h="387" x="0.277695" y="-120.961868">
   <element name="symbol0" layername="timeline_0" frame="0" z_index="8" m_a="1.000000" m_b="0.000000" m_c="0.000000" m_d="1.000000" m_tx="6.086334" m_ty="5.219424"/>
   <element name="symbol0" layername="timeline_1" frame="2" z_index="7" m_a="1.000000" m_b="0.000000" m_c="0.000000" m_d="1.000000" m_tx="0.277695" m_ty="-120.961868"/>
  </frame>
  <frame idx="800" w="234" h="387" x="0.277695" y="-120.961868">
   <element name="symbol0" layername="timeline_0" frame="0" z_index="8" m_a="1.000000" m_b="0.000000" m_c="0.000000" m_d="1.000000" m_tx="6.086334" m_ty="5.219424"/>
   <element name="symbol0" layername="timeline_1" frame="2" z_index="7" m_a="1.000000" m_b="0.000000" m_c="0.000000" m_d="1.000000" m_tx="0.277695" m_ty="-120.961868"/>
  </frame>
  <frame idx="825" w="234" h="387" x="0.277695" y="-120.961868">
   <element name="symbol0" layername="timeline_0" frame="0" z_index="8" m_a="1.000000" m_b="0.000000" m_c="0.000000" m_d="1.000000" m_tx="6.086334" m_ty="5.219424"/>
   <element name="symbol0" layername="timeline_1" frame="2" z_index="7" m_a="1.000000" m_b="0.000000" m_c="0.000000" m_d="1.000000" m_tx="0.277695" m_ty="-120.961868"/>
  </frame>
  <frame idx="850" w="234" h="387" x="0.277695" y="-120.961868">
   <element name="symbol0" layername="timeline_0" frame="0" z_index="8" m_a="1.000000" m_b="0.000000" m_c="0.000000" m_d="1.000000" m_tx="6.086334" m_ty="5.219424"/>
   <element name="symbol0" layername="timeline_1" frame="2" z_index="7" m_a="1.000000" m_b="0.000000" m_c="0.000000" m_d="1.000000" m_tx="0.277695" m_ty="-120.961868"/>
  </frame>
  <frame idx="875" w="234" h="387" x="0.277695" y="-120.961868">
   <element name="symbol0" layername="timeline_0" frame="0" z_index="8" m_a="1.000000" m_b="0.000000" m_c="0.000000" m_d="1.000000" m_tx="6.086334" m_ty="5.219424"/>
   <element name="symbol0" layername="timeline_1" frame="2" z_index="7" m_a="1.000000" m_b="0.000000" m_c="0.000000" m_d="1.000000" m_tx="0.277695" m_ty="-120.961868"/>
  </frame>
  <frame idx="900" w="234" h="387" x="0.277695" y="-120.961868">
   <element name="symbol0" layername="timeline_0" frame="0" z_index="8" m_a="1.000000" m_b="0.000000" m_c="0.000000" m_d="1.000000" m_tx="6.086334" m_ty="5.219424"/>
   <element name="symbol0" layername="timeline_1" frame="2" z_index="7" m_a="1.000000" m_b="0.000000" m_c="0.000000" m_d="1.000000" m_tx="0.277695" m_ty="-120.961868"/>
  </frame>
  <frame idx="925" w="234" h="387" x="0.277695" y="-120.961868">
   <element name="symbol0" layername="timeline_0" frame="0" z_index="8" m_a="1.000000" m_b="0.000000" m_c="0.000000" m_d="1.000000" m_tx="6.086334" m_ty="5.219424"/>
   <element name="symbol0" layername="timeline_1" frame="2" z_index="7" m_a="1.000000" m_b="0.000000" m_c="0.000000" m_d="1.000000" m_tx="0.277695" m_ty="-120.961868"/>
  </frame>
  <frame idx="950" w="234" h="387" x="0.277695" y="-120.961868">
   <element name="symbol0" layername="timeline_0" frame="0" z_index="8" m_a="1.000000" m_b="0.000000" m_c="0.000000" m_d="1.000000" m_tx="6.086334" m_ty="5.219424"/>
   <element name="symbol0" layername="timeline_1" frame="2" z_index="7" m_a="1.000000" m_b="0.000000" m_c="0.000000" m_d="1.000000" m_tx="0.277695" m_ty="-120.961868"/>
  </frame>
  <frame idx="975" w="234" h="387" x="0.277695" y="-120.961868">
   <element name="symbol0" layername="timeline_0" frame="0" z_index="8" m_a="1.000000" m_b="0.000000" m_c="0.000000" m_d="1.000000" m_tx="6.086334" m_ty="5.219424"/>
   <element name="symbol0" layername="timeline_1" frame="2" z_index="7" m_a="1.000000" m_b="0.000000" m_c="0.000000" m_d="1.000000" m_tx="0.277695" m_ty="-120.961868"/>
  </frame>
 </anim>
 <anim name="rundown" root="beanlet_hut" numframes="1000" framerate="40">
  <frame idx="0" w="232" h="408" x="2.777695" y="-108.461884">
   <element name="symbol0" layername="timeline_0" frame="0" z_index="8" m_a="1.000000" m_b="0.000000" m_c="0.000000" m_d="1.000000" m_tx="6.086334" m_ty="5.219424"/>
   <element name="symbol0" layername="timeline_1" frame="3" z_index="7" m_a="1.000000" m_b="0.000000" m_c="0.000000" m_d="1.000000" m_tx="2.777695" m_ty="-108.461884"/>
  </frame>
  <frame idx="25" w="232" h="408" x="2.777695" y="-108.461884">
   <element name="symbol0" layername="timeline_0" frame="0" z_index="8" m_a="1.000000" m_b="0.000000" m_c="0.000000" m_d="1.000000" m_tx="6.086334" m_ty="5.219424"/>
   <element name="symbol0" layername="timeline_1" frame="3" z_index="7" m_a="1.000000" m_b="0.000000" m_c="0.000000" m_d="1.000000" m_tx="2.777695" m_ty="-108.461884"/>
  </frame>
  <frame idx="50" w="232" h="408" x="2.777695" y="-108.461884">
   <element name="symbol0" layername="timeline_0" frame="0" z_index="8" m_a="1.000000" m_b="0.000000" m_c="0.000000" m_d="1.000000" m_tx="6.086334" m_ty="5.219424"/>
   <element name="symbol0" layername="timeline_1" frame="3" z_index="7" m_a="1.000000" m_b="0.000000" m_c="0.000000" m_d="1.000000" m_tx="2.777695" m_ty="-108.461884"/>
  </frame>
  <frame idx="75" w="232" h="408" x="2.777695" y="-108.461884">
   <element name="symbol0" layername="timeline_0" frame="0" z_index="8" m_a="1.000000" m_b="0.000000" m_c="0.000000" m_d="1.000000" m_tx="6.086334" m_ty="5.219424"/>
   <element name="symbol0" layername="timeline_1" frame="3" z_index="7" m_a="1.000000" m_b="0.000000" m_c="0.000000" m_d="1.000000" m_tx="2.777695" m_ty="-108.461884"/>
  </frame>
  <frame idx="100" w="232" h="408" x="2.777695" y="-108.461884">
   <element name="symbol0" layername="timeline_0" frame="0" z_index="8" m_a="1.000000" m_b="0.000000" m_c="0.000000" m_d="1.000000" m_tx="6.086334" m_ty="5.219424"/>
   <element name="symbol0" layername="timeline_1" frame="3" z_index="7" m_a="1.000000" m_b="0.000000" m_c="0.000000" m_d="1.000000" m_tx="2.777695" m_ty="-108.461884"/>
  </frame>
  <frame idx="125" w="232" h="408" x="2.777695" y="-108.461884">
   <element name="symbol0" layername="timeline_0" frame="0" z_index="8" m_a="1.000000" m_b="0.000000" m_c="0.000000" m_d="1.000000" m_tx="6.086334" m_ty="5.219424"/>
   <element name="symbol0" layername="timeline_1" frame="3" z_index="7" m_a="1.000000" m_b="0.000000" m_c="0.000000" m_d="1.000000" m_tx="2.777695" m_ty="-108.461884"/>
  </frame>
  <frame idx="150" w="232" h="408" x="2.777695" y="-108.461884">
   <element name="symbol0" layername="timeline_0" frame="0" z_index="8" m_a="1.000000" m_b="0.000000" m_c="0.000000" m_d="1.000000" m_tx="6.086334" m_ty="5.219424"/>
   <element name="symbol0" layername="timeline_1" frame="3" z_index="7" m_a="1.000000" m_b="0.000000" m_c="0.000000" m_d="1.000000" m_tx="2.777695" m_ty="-108.461884"/>
  </frame>
  <frame idx="175" w="232" h="408" x="2.777695" y="-108.461884">
   <element name="symbol0" layername="timeline_0" frame="0" z_index="8" m_a="1.000000" m_b="0.000000" m_c="0.000000" m_d="1.000000" m_tx="6.086334" m_ty="5.219424"/>
   <element name="symbol0" layername="timeline_1" frame="3" z_index="7" m_a="1.000000" m_b="0.000000" m_c="0.000000" m_d="1.000000" m_tx="2.777695" m_ty="-108.461884"/>
  </frame>
  <frame idx="200" w="232" h="408" x="2.777695" y="-108.461884">
   <element name="symbol0" layername="timeline_0" frame="0" z_index="8" m_a="1.000000" m_b="0.000000" m_c="0.000000" m_d="1.000000" m_tx="6.086334" m_ty="5.219424"/>
   <element name="symbol0" layername="timeline_1" frame="3" z_index="7" m_a="1.000000" m_b="0.000000" m_c="0.000000" m_d="1.000000" m_tx="2.777695" m_ty="-108.461884"/>
  </frame>
  <frame idx="225" w="232" h="408" x="2.777695" y="-108.461884">
   <element name="symbol0" layername="timeline_0" frame="0" z_index="8" m_a="1.000000" m_b="0.000000" m_c="0.000000" m_d="1.000000" m_tx="6.086334" m_ty="5.219424"/>
   <element name="symbol0" layername="timeline_1" frame="3" z_index="7" m_a="1.000000" m_b="0.000000" m_c="0.000000" m_d="1.000000" m_tx="2.777695" m_ty="-108.461884"/>
  </frame>
  <frame idx="250" w="232" h="408" x="2.777695" y="-108.461884">
   <element name="symbol0" layername="timeline_0" frame="0" z_index="8" m_a="1.000000" m_b="0.000000" m_c="0.000000" m_d="1.000000" m_tx="6.086334" m_ty="5.219424"/>
   <element name="symbol0" layername="timeline_1" frame="3" z_index="7" m_a="1.000000" m_b="0.000000" m_c="0.000000" m_d="1.000000" m_tx="2.777695" m_ty="-108.461884"/>
  </frame>
  <frame idx="275" w="232" h="408" x="2.777695" y="-108.461884">
   <element name="symbol0" layername="timeline_0" frame="0" z_index="8" m_a="1.000000" m_b="0.000000" m_c="0.000000" m_d="1.000000" m_tx="6.086334" m_ty="5.219424"/>
   <element name="symbol0" layername="timeline_1" frame="3" z_index="7" m_a="1.000000" m_b="0.000000" m_c="0.000000" m_d="1.000000" m_tx="2.777695" m_ty="-108.461884"/>
  </frame>
  <frame idx="300" w="232" h="408" x="2.777695" y="-108.461884">
   <element name="symbol0" layername="timeline_0" frame="0" z_index="8" m_a="1.000000" m_b="0.000000" m_c="0.000000" m_d="1.000000" m_tx="6.086334" m_ty="5.219424"/>
   <element name="symbol0" layername="timeline_1" frame="3" z_index="7" m_a="1.000000" m_b="0.000000" m_c="0.000000" m_d="1.000000" m_tx="2.777695" m_ty="-108.461884"/>
  </frame>
  <frame idx="325" w="232" h="408" x="2.777695" y="-108.461884">
   <element name="symbol0" layername="timeline_0" frame="0" z_index="8" m_a="1.000000" m_b="0.000000" m_c="0.000000" m_d="1.000000" m_tx="6.086334" m_ty="5.219424"/>
   <element name="symbol0" layername="timeline_1" frame="3" z_index="7" m_a="1.000000" m_b="0.000000" m_c="0.000000" m_d="1.000000" m_tx="2.777695" m_ty="-108.461884"/>
  </frame>
  <frame idx="350" w="232" h="408" x="2.777695" y="-108.461884">
   <element name="symbol0" layername="timeline_0" frame="0" z_index="8" m_a="1.000000" m_b="0.000000" m_c="0.000000" m_d="1.000000" m_tx="6.086334" m_ty="5.219424"/>
   <element name="symbol0" layername="timeline_1" frame="3" z_index="7" m_a="1.000000" m_b="0.000000" m_c="0.000000" m_d="1.000000" m_tx="2.777695" m_ty="-108.461884"/>
  </frame>
  <frame idx="375" w="232" h="408" x="2.777695" y="-108.461884">
   <element name="symbol0" layername="timeline_0" frame="0" z_index="8" m_a="1.000000" m_b="0.000000" m_c="0.000000" m_d="1.000000" m_tx="6.086334" m_ty="5.219424"/>
   <element name="symbol0" layername="timeline_1" frame="3" z_index="7" m_a="1.000000" m_b="0.000000" m_c="0.000000" m_d="1.000000" m_tx="2.777695" m_ty="-108.461884"/>
  </frame>
  <frame idx="400" w="232" h="408" x="2.777695" y="-108.461884">
   <element name="symbol0" layername="timeline_0" frame="0" z_index="8" m_a="1.000000" m_b="0.000000" m_c="0.000000" m_d="1.000000" m_tx="6.086334" m_ty="5.219424"/>
   <element name="symbol0" layername="timeline_1" frame="3" z_index="7" m_a="1.000000" m_b="0.000000" m_c="0.000000" m_d="1.000000" m_tx="2.777695" m_ty="-108.461884"/>
  </frame>
  <frame idx="425" w="232" h="408" x="2.777695" y="-108.461884">
   <element name="symbol0" layername="timeline_0" frame="0" z_index="8" m_a="1.000000" m_b="0.000000" m_c="0.000000" m_d="1.000000" m_tx="6.086334" m_ty="5.219424"/>
   <element name="symbol0" layername="timeline_1" frame="3" z_index="7" m_a="1.000000" m_b="0.000000" m_c="0.000000" m_d="1.000000" m_tx="2.777695" m_ty="-108.461884"/>
  </frame>
  <frame idx="450" w="232" h="408" x="2.777695" y="-108.461884">
   <element name="symbol0" layername="timeline_0" frame="0" z_index="8" m_a="1.000000" m_b="0.000000" m_c="0.000000" m_d="1.000000" m_tx="6.086334" m_ty="5.219424"/>
   <element name="symbol0" layername="timeline_1" frame="3" z_index="7" m_a="1.000000" m_b="0.000000" m_c="0.000000" m_d="1.000000" m_tx="2.777695" m_ty="-108.461884"/>
  </frame>
  <frame idx="475" w="232" h="408" x="2.777695" y="-108.461884">
   <element name="symbol0" layername="timeline_0" frame="0" z_index="8" m_a="1.000000" m_b="0.000000" m_c="0.000000" m_d="1.000000" m_tx="6.086334" m_ty="5.219424"/>
   <element name="symbol0" layername="timeline_1" frame="3" z_index="7" m_a="1.000000" m_b="0.000000" m_c="0.000000" m_d="1.000000" m_tx="2.777695" m_ty="-108.461884"/>
  </frame>
  <frame idx="500" w="232" h="408" x="2.777695" y="-108.461884">
   <element name="symbol0" layername="timeline_0" frame="0" z_index="8" m_a="1.000000" m_b="0.000000" m_c="0.000000" m_d="1.000000" m_tx="6.086334" m_ty="5.219424"/>
   <element name="symbol0" layername="timeline_1" frame="3" z_index="7" m_a="1.000000" m_b="0.000000" m_c="0.000000" m_d="1.000000" m_tx="2.777695" m_ty="-108.461884"/>
  </frame>
  <frame idx="525" w="232" h="408" x="2.777695" y="-108.461884">
   <element name="symbol0" layername="timeline_0" frame="0" z_index="8" m_a="1.000000" m_b="0.000000" m_c="0.000000" m_d="1.000000" m_tx="6.086334" m_ty="5.219424"/>
   <element name="symbol0" layername="timeline_1" frame="3" z_index="7" m_a="1.000000" m_b="0.000000" m_c="0.000000" m_d="1.000000" m_tx="2.777695" m_ty="-108.461884"/>
  </frame>
  <frame idx="550" w="232" h="408" x="2.777695" y="-108.461884">
   <element name="symbol0" layername="timeline_0" frame="0" z_index="8" m_a="1.000000" m_b="0.000000" m_c="0.000000" m_d="1.000000" m_tx="6.086334" m_ty="5.219424"/>
   <element name="symbol0" layername="timeline_1" frame="3" z_index="7" m_a="1.000000" m_b="0.000000" m_c="0.000000" m_d="1.000000" m_tx="2.777695" m_ty="-108.461884"/>
  </frame>
  <frame idx="575" w="232" h="408" x="2.777695" y="-108.461884">
   <element name="symbol0" layername="timeline_0" frame="0" z_index="8" m_a="1.000000" m_b="0.000000" m_c="0.000000" m_d="1.000000" m_tx="6.086334" m_ty="5.219424"/>
   <element name="symbol0" layername="timeline_1" frame="3" z_index="7" m_a="1.000000" m_b="0.000000" m_c="0.000000" m_d="1.000000" m_tx="2.777695" m_ty="-108.461884"/>
  </frame>
  <frame idx="600" w="232" h="408" x="2.777695" y="-108.461884">
   <element name="symbol0" layername="timeline_0" frame="0" z_index="8" m_a="1.000000" m_b="0.000000" m_c="0.000000" m_d="1.000000" m_tx="6.086334" m_ty="5.219424"/>
   <element name="symbol0" layername="timeline_1" frame="3" z_index="7" m_a="1.000000" m_b="0.000000" m_c="0.000000" m_d="1.000000" m_tx="2.777695" m_ty="-108.461884"/>
  </frame>
  <frame idx="625" w="232" h="408" x="2.777695" y="-108.461884">
   <element name="symbol0" layername="timeline_0" frame="0" z_index="8" m_a="1.000000" m_b="0.000000" m_c="0.000000" m_d="1.000000" m_tx="6.086334" m_ty="5.219424"/>
   <element name="symbol0" layername="timeline_1" frame="3" z_index="7" m_a="1.000000" m_b="0.000000" m_c="0.000000" m_d="1.000000" m_tx="2.777695" m_ty="-108.461884"/>
  </frame>
  <frame idx="650" w="232" h="408" x="2.777695" y="-108.461884">
   <element name="symbol0" layername="timeline_0" frame="0" z_index="8" m_a="1.000000" m_b="0.000000" m_c="0.000000" m_d="1.000000" m_tx="6.086334" m_ty="5.219424"/>
   <element name="symbol0" layername="timeline_1" frame="3" z_index="7" m_a="1.000000" m_b="0.000000" m_c="0.000000" m_d="1.000000" m_tx="2.777695" m_ty="-108.461884"/>
  </frame>
  <frame idx="675" w="232" h="408" x="2.777695" y="-108.461884">
   <element name="symbol0" layername="timeline_0" frame="0" z_index="8" m_a="1.000000" m_b="0.000000" m_c="0.000000" m_d="1.000000" m_tx="6.086334" m_ty="5.219424"/>
   <element name="symbol0" layername="timeline_1" frame="3" z_index="7" m_a="1.000000" m_b="0.000000" m_c="0.000000" m_d="1.000000" m_tx="2.777695" m_ty="-108.461884"/>
  </frame>
  <frame idx="700" w="232" h="408" x="2.777695" y="-108.461884">
   <element name="symbol0" layername="timeline_0" frame="0" z_index="8" m_a="1.000000" m_b="0.000000" m_c="0.000000" m_d="1.000000" m_tx="6.086334" m_ty="5.219424"/>
   <element name="symbol0" layername="timeline_1" frame="3" z_index="7" m_a="1.000000" m_b="0.000000" m_c="0.000000" m_d="1.000000" m_tx="2.777695" m_ty="-108.461884"/>
  </frame>
  <frame idx="725" w="232" h="408" x="2.777695" y="-108.461884">
   <element name="symbol0" layername="timeline_0" frame="0" z_index="8" m_a="1.000000" m_b="0.000000" m_c="0.000000" m_d="1.000000" m_tx="6.086334" m_ty="5.219424"/>
   <element name="symbol0" layername="timeline_1" frame="3" z_index="7" m_a="1.000000" m_b="0.000000" m_c="0.000000" m_d="1.000000" m_tx="2.777695" m_ty="-108.461884"/>
  </frame>
  <frame idx="750" w="232" h="408" x="2.777695" y="-108.461884">
   <element name="symbol0" layername="timeline_0" frame="0" z_index="8" m_a="1.000000" m_b="0.000000" m_c="0.000000" m_d="1.000000" m_tx="6.086334" m_ty="5.219424"/>
   <element name="symbol0" layername="timeline_1" frame="3" z_index="7" m_a="1.000000" m_b="0.000000" m_c="0.000000" m_d="1.000000" m_tx="2.777695" m_ty="-108.461884"/>
  </frame>
  <frame idx="775" w="232" h="408" x="2.777695" y="-108.461884">
   <element name="symbol0" layername="timeline_0" frame="0" z_index="8" m_a="1.000000" m_b="0.000000" m_c="0.000000" m_d="1.000000" m_tx="6.086334" m_ty="5.219424"/>
   <element name="symbol0" layername="timeline_1" frame="3" z_index="7" m_a="1.000000" m_b="0.000000" m_c="0.000000" m_d="1.000000" m_tx="2.777695" m_ty="-108.461884"/>
  </frame>
  <frame idx="800" w="232" h="408" x="2.777695" y="-108.461884">
   <element name="symbol0" layername="timeline_0" frame="0" z_index="8" m_a="1.000000" m_b="0.000000" m_c="0.000000" m_d="1.000000" m_tx="6.086334" m_ty="5.219424"/>
   <element name="symbol0" layername="timeline_1" frame="3" z_index="7" m_a="1.000000" m_b="0.000000" m_c="0.000000" m_d="1.000000" m_tx="2.777695" m_ty="-108.461884"/>
  </frame>
  <frame idx="825" w="232" h="408" x="2.777695" y="-108.461884">
   <element name="symbol0" layername="timeline_0" frame="0" z_index="8" m_a="1.000000" m_b="0.000000" m_c="0.000000" m_d="1.000000" m_tx="6.086334" m_ty="5.219424"/>
   <element name="symbol0" layername="timeline_1" frame="3" z_index="7" m_a="1.000000" m_b="0.000000" m_c="0.000000" m_d="1.000000" m_tx="2.777695" m_ty="-108.461884"/>
  </frame>
  <frame idx="850" w="232" h="408" x="2.777695" y="-108.461884">
   <element name="symbol0" layername="timeline_0" frame="0" z_index="8" m_a="1.000000" m_b="0.000000" m_c="0.000000" m_d="1.000000" m_tx="6.086334" m_ty="5.219424"/>
   <element name="symbol0" layername="timeline_1" frame="3" z_index="7" m_a="1.000000" m_b="0.000000" m_c="0.000000" m_d="1.000000" m_tx="2.777695" m_ty="-108.461884"/>
  </frame>
  <frame idx="875" w="232" h="408" x="2.777695" y="-108.461884">
   <element name="symbol0" layername="timeline_0" frame="0" z_index="8" m_a="1.000000" m_b="0.000000" m_c="0.000000" m_d="1.000000" m_tx="6.086334" m_ty="5.219424"/>
   <element name="symbol0" layername="timeline_1" frame="3" z_index="7" m_a="1.000000" m_b="0.000000" m_c="0.000000" m_d="1.000000" m_tx="2.777695" m_ty="-108.461884"/>
  </frame>
  <frame idx="900" w="232" h="408" x="2.777695" y="-108.461884">
   <element name="symbol0" layername="timeline_0" frame="0" z_index="8" m_a="1.000000" m_b="0.000000" m_c="0.000000" m_d="1.000000" m_tx="6.086334" m_ty="5.219424"/>
   <element name="symbol0" layername="timeline_1" frame="3" z_index="7" m_a="1.000000" m_b="0.000000" m_c="0.000000" m_d="1.000000" m_tx="2.777695" m_ty="-108.461884"/>
  </frame>
  <frame idx="925" w="232" h="408" x="2.777695" y="-108.461884">
   <element name="symbol0" layername="timeline_0" frame="0" z_index="8" m_a="1.000000" m_b="0.000000" m_c="0.000000" m_d="1.000000" m_tx="6.086334" m_ty="5.219424"/>
   <element name="symbol0" layername="timeline_1" frame="3" z_index="7" m_a="1.000000" m_b="0.000000" m_c="0.000000" m_d="1.000000" m_tx="2.777695" m_ty="-108.461884"/>
  </frame>
  <frame idx="950" w="232" h="408" x="2.777695" y="-108.461884">
   <element name="symbol0" layername="timeline_0" frame="0" z_index="8" m_a="1.000000" m_b="0.000000" m_c="0.000000" m_d="1.000000" m_tx="6.086334" m_ty="5.219424"/>
   <element name="symbol0" layername="timeline_1" frame="3" z_index="7" m_a="1.000000" m_b="0.000000" m_c="0.000000" m_d="1.000000" m_tx="2.777695" m_ty="-108.461884"/>
  </frame>
  <frame idx="975" w="232" h="408" x="2.777695" y="-108.461884">
   <element name="symbol0" layername="timeline_0" frame="0" z_index="8" m_a="1.000000" m_b="0.000000" m_c="0.000000" m_d="1.000000" m_tx="6.086334" m_ty="5.219424"/>
   <element name="symbol0" layername="timeline_1" frame="3" z_index="7" m_a="1.000000" m_b="0.000000" m_c="0.000000" m_d="1.000000" m_tx="2.777695" m_ty="-108.461884"/>
  </frame>
 </anim>
</Anims>
